Wavelength	I1	I1 dark	R1	R1dark	XCorrect	I1c	R1c	I1c/R1c	Abs	Percent T
nm	uA	uA	uA	uA		uA	uA	uA/uA	OD	T*100
	Abs Detector Raw	Dark Offset for Abs Detector	Ref Detector Raw	Dark Offset for Ref Detector	Linear interp	Dark subtracted Abs Detector	Corrected Ref Detector	Corrected Intensity 	-Log(T)	% Transmittance
240	0.744841019436717	0.00172365564806387	1.11590021480806	0.00189311615470797	0.0546492653526366	0.0556064104610123	1.16424798816442	0.50399132501334	0.000930924725253135	99.8620630888268
241	0.70588788005989	0.00103342977399006	1.13553826378193	0.00123840543325059	0.031722908616066	0.0369905139617622	1.19817285970785	0.508031346881762	0.000992674813605845	99.9391877299175
242	0.765672456030734	0.00216249251272529	1.10432356155943	0.00136571865808219	0.0180355708673596	0.0162793050999753	1.14051839180756	0.596553127327934	0.000672874257201329	99.8024952874519
243	0.740534084662795	0.00130938098626211	1.17505184379406	0.00139708657586016	0.0568830442102626	0.00713421288086101	1.11325281467289	0.593108210084028	0.00028164839441888	99.9119360443205
244	0.71020748433657	0.00242903001373634	1.1929404735798	0.00107518201251514	0.0614844935946167	0.0491647624773905	1.16120951031335	0.551260469551198	0.000205688619986177	99.9300508966204
245	0.79312238546554	0.00144719698000699	1.14605246803258	0.00182772110821679	0.0525821526488289	0.047763529444579	1.16635491771158	0.500677419058047	0.000469391394639388	99.994267124217
246	0.781381957349367	0.00141894615860656	1.15626678185072	0.0014197443369776	0.0357336319750175	0.0141399869285524	1.19607492794748	0.585603302856907	0.000170621477300301	99.9929775889963
247	0.706156063452363	0.00203145669074729	1.16875866821501	0.00127362735243514	0.0394287951476872	0.0364930310812779	1.10870442579035	0.510749016911723	0.000701527514029294	99.8000002751127
248	0.789997610077262	0.00152098441496491	1.14607240192126	0.00128621287434362	0.0645517707196996	0.04038769871369	1.17134053830523	0.522921034204774	7.49039121437818e-05	99.916317564575
249	0.745729158632457	0.00166500265290961	1.13111167212483	0.00199527679942548	0.0620882931398228	0.0593434007903561	1.11473135952838	0.515669044689275	5.44976876117289e-05	99.8033897695597
250	0.798461352102458	0.00261920043313876	1.12207283396274	0.00145546908420511	0.0503149079252034	0.0194044063347392	1.15102046697866	0.556109754461795	0.000416553729446605	99.9212936501484
251	0.769844800140709	0.00293567697191611	1.12443646003958	0.00143069193535484	0.0544675933290273	0.0379841517275199	1.10700174565427	0.556316649331711	0.000256157934432849	99.9814478644635
252	0.799086054554209	0.00250259757973254	1.19898348585702	0.00104581633163616	0.0105801224010065	0.0535507193631493	1.12050844186451	0.583322960697114	0.000206862221937627	99.935069924267
253	0.749122014129534	0.001176448315382	1.19783874051645	0.00196505905641243	0.015428079883568	0.0513130989186466	1.1867712689098	0.589739495282993	0.00010060861101374	99.8020351341926
254	0.78875943175517	0.00137532099895179	1.16356508203316	0.0010819629477337	0.0544847762724385	0.0257597982608713	1.18059468327556	0.542455068533309	0.000651914067799226	99.8246357962489
255	0.763571089948528	0.0015530275432393	1.13076707068831	0.00125536554562859	0.059443755694665	0.00665290790749714	1.16700111376122	0.518795440718532	0.000400621203472838	99.981354972301
256	0.794486641162075	0.00189922132063657	1.19777311976068	0.00195527558657341	0.0180733893858269	0.00962200824078172	1.16403964960482	0.51638009545859	0.000972283494425938	99.9816099140793
257	0.796682796138339	0.00285191403701901	1.19908014109824	0.00101736019225791	0.0210417150845751	0.0293451833976433	1.1785357512068	0.554355887533165	0.00021408733073622	99.8508534771856
258	0.739565602550283	0.00124985148757696	1.14240699841175	0.00183025982137769	0.0430938077205792	0.0160909221069887	1.11156119557563	0.587763321888633	0.00059449609182775	99.9826965578832
259	0.705959254596382	0.00174751654267311	1.12914737032261	0.00109225730993785	0.0623674370022491	0.037447626776062	1.10690573386382	0.521809601970017	0.000840713438345119	99.8100675276015
260	0.76399813531898	0.00280002625379711	1.18002514999826	0.00180302382702939	0.0515623917849734	0.0279481001235545	1.10560118723661	0.591655414877459	3.93835424911231e-05	99.8157753905747
261	0.794166088011116	0.00220666519040242	1.19617898936849	0.00130419489950873	0.0143232126394287	0.0535467261364684	1.17177102216519	0.54315863691736	0.000116112412652001	99.9774976921733
262	0.780798020842485	0.00229225511476398	1.19140859202016	0.00106410428904928	0.0607443886995316	0.0162185921673663	1.14278040183708	0.535131816309877	0.000139808572130278	99.9242370473221
263	0.788678483432159	0.00169593613734469	1.11694561366458	0.00186371784680523	0.059519043317996	0.03052803461859	1.1456508183619	0.532151963026263	0.000951586526352912	99.8521270559635
264	0.774738279916346	0.00296077192295343	1.19564489941113	0.00156186551367864	0.060573942810297	0.0460506395450793	1.17866543224081	0.537614484783262	0.000360119776800275	99.8478539469186
265	0.757493020151742	0.00237526195542887	1.12929288009182	0.00136227867635898	0.0287885191477835	0.00616090456629172	1.1899898956297	0.552574238390662	0.00085132281598635	99.8200688994024
266	0.704187372466549	0.0017363634891808	1.18395539291669	0.00167066775774583	0.0130822032270953	0.0541755190948024	1.13020131979138	0.522152688610367	0.000139208014355972	99.821910712216
267	0.728852229006588	0.00159370133886114	1.18685990232043	0.00197374414047226	0.0487491592345759	0.0330796297984198	1.15705985012464	0.559090828476474	0.000701889738906175	99.8629655568395
268	0.795608857506886	0.00219003268238157	1.12339214112144	0.00114542035711929	0.0122447855537757	0.0361716925129294	1.18431670076679	0.547169191506691	0.000754448917461559	99.8601471786853
269	0.751529591181315	0.00289571564085782	1.13071214822121	0.00192799254180863	0.062082598907873	0.0164099546251819	1.14865511588287	0.58757266420871	0.00097119667683728	99.9141943583265
270	0.798580084205605	0.00250910492520779	1.13021303117275	0.0015354686982464	0.0371653896849602	0.0081275225202553	1.1804527314147	0.587712520034984	0.00063182126567699	99.9115129746497
271	0.709436630108394	0.00232974839163944	1.10265814610757	0.00136468466743827	0.042127813664265	0.0467011754829437	1.14800768031273	0.544548359024338	0.000263338044984266	99.830997750489
272	0.753135346760973	0.00281841995567083	1.19577912630048	0.00153509416943416	0.0161845936393365	0.0293954480993561	1.11980361184105	0.52061165436171	0.000321118872845545	99.9032774317078
273	0.794967428455129	0.00127403239859268	1.14663146187086	0.00114324864489026	0.020263955690898	0.0502709645340219	1.12167437658645	0.515507211862132	0.000106829651165754	99.9935484143905
274	0.793623124435544	0.00126679028850049	1.15426919893362	0.00174201262672432	0.0670574235497043	0.050444623041898	1.15608834752347	0.507884232071228	0.000411091143498197	99.822816551663
275	0.757998878066428	0.0014401438976638	1.18699161957484	0.00135312981344759	0.0353732952987775	0.00726050674170256	1.12206733624917	0.513302619219758	7.22452774643898e-05	99.9956059684046
276	0.798655435070395	0.0010257459487766	1.12322788641322	0.00155997787253	0.028357693082653	0.0584150299080648	1.17015380575322	0.598890302726068	0.000680043237516656	99.8573745012283
277	0.7142147236038	0.00258914869697765	1.18386318008415	0.00175065653468482	0.0178833867562935	0.0589497278477065	1.11008175669704	0.559060498443432	0.000830373750766739	99.8436493556947
278	0.716440076683648	0.00279518023785204	1.19515011727344	0.00144119686703198	0.0424483929341659	0.0361893519046716	1.1113541567931	0.577579430630431	0.0004813074672129	99.9154684696346
279	0.783990012062714	0.00109712381428108	1.10066289736424	0.00103128417884	0.0470580373890698	0.0394548506755382	1.17005577757955	0.596484369877726	0.00089594739372842	99.8086525492836
280	0.756519844033755	0.00245889090746641	1.19447602180298	0.00106901576183736	0.0414511069841683	0.0574478357727639	1.16939153573476	0.585251919645816	0.000785622028168291	99.9487875794526
281	0.791647988231853	0.00259585595689714	1.16289024550933	0.00183426374103874	0.0326691573811695	0.0398666212870739	1.16122138611972	0.53185177363921	0.000637571529485285	99.8610036285128
282	0.748924697330221	0.00117691995203495	1.13021698789671	0.00124761437554844	0.0551585314329714	0.0412121641798876	1.16948033540975	0.573172855447046	0.000419650983531028	99.9953095077537
283	0.731780070369132	0.00205837780050933	1.14015413350426	0.00165427208109759	0.0409426661022008	0.00955379533628002	1.12501489138231	0.560495970817283	0.000653269261587411	99.833858881006
284	0.788512507616542	0.0021310898042284	1.17608501927461	0.00148672540253028	0.0153266612440348	0.0192120916466229	1.1985627734568	0.517542027379386	0.000106750999577343	99.98966332376
285	0.788504832750186	0.00223143498878926	1.18027337084059	0.00124863587669097	0.0574776491429657	0.0468218545205891	1.18265927508473	0.54765879327897	0.000111117691500112	99.8346065646503
286	0.721561837056652	0.001698191748932	1.1458151275292	0.00146873087622225	0.0563095899205655	0.0293876988328993	1.16279690193478	0.514891941077076	0.000867655319627374	99.939725714922
287	0.722059176512994	0.00249212898174301	1.1025469943881	0.00140683535113931	0.0553788324911147	0.043901245651301	1.12733729707543	0.50383764936123	0.000351387167349458	99.978459760407
288	0.753551225317642	0.0011824450478889	1.17634870675392	0.00183410556265153	0.0135342440009117	0.0536742677022703	1.13534774887376	0.550035274168476	0.000606458462774754	99.9039071556181
289	0.767788419430144	0.00248626455618069	1.11050558537245	0.00106724371877499	0.0451288652885705	0.0591467755744234	1.18454624989536	0.505055296118371	0.000289025795646012	99.8946799662895
290	0.736598344775848	0.00176743733882904	1.13867660337128	0.00138267875346355	0.0401099891774356	0.0258669452858157	1.10418750089593	0.53817974855192	0.000722120623802766	99.9098130498082
291	0.70677531673573	0.00208842016384006	1.14573089517653	0.00179557101987302	0.0511056812293828	0.0137453969595954	1.1172172922641	0.578347972827032	0.000144396290648729	99.8462408313993
292	0.755333531345241	0.00201148805813864	1.14648511579726	0.00174920929898508	0.0554499566694722	0.0172069023745134	1.19743124733213	0.535018850769848	0.000221649600425735	99.9369113388471
293	0.744953370280564	0.00193878685915843	1.16398090654984	0.00108400355209596	0.0378337431838736	0.049991342546884	1.19067033776082	0.516563365724869	0.000451322151813656	99.950001817802
294	0.728830672148615	0.00108491824334487	1.13444380119909	0.00175281882612035	0.0473543739737943	0.0220183487422764	1.18575476452243	0.50498847658746	8.43643599655479e-05	99.9653016101569
295	0.758094764105044	0.00291978129604831	1.157009050739	0.00115865656593814	0.0159424661332741	0.0112620807169005	1.19716898964252	0.550404371204786	0.00024973580497317	99.8925138170831
296	0.738298894744366	0.00179262772295624	1.19238830856048	0.00198679771320894	0.0205599042633548	0.0258074336643331	1.16923543848097	0.597873706906103	0.000487275974359363	99.8276021677535
297	0.769568207883276	0.00116483974037692	1.18535249396227	0.00175072033633478	0.0263154148263857	0.00891019922448322	1.18166873971932	0.528234927495941	0.000541354915359989	99.8186557797249
298	0.721652256837115	0.0027672999612987	1.14175561696757	0.00144991846964695	0.0592520986869931	0.0533532825442962	1.10944526721723	0.503742048656568	0.000207684769527987	99.997821883345
299	0.705739249591716	0.00246549111837521	1.10474491780624	0.00126324692042544	0.0554292208049446	0.0364613648881204	1.16006888488773	0.568152569583617	0.0001768191116862	99.8687853788491
300	0.782555491966195	0.00193241396639496	1.16815221046563	0.00178634242527187	0.0603595767123625	0.0459286819738336	1.15584997443948	0.57951109232381	0.00044948592572473	99.9789279726334
301	0.749050639406778	0.0029451122675091	1.11919664237648	0.00193618321348913	0.0163083716621622	0.0474279574993998	1.11443645220716	0.574454807746224	9.4302020734176e-05	99.8238453228958
302	0.766903248755261	0.00162978695426136	1.12660418159794	0.00172965291468427	0.067693386496976	0.0421532566663809	1.18151979751419	0.529381467471831	0.00016061091166921	99.8862555045635
303	0.730160080874339	0.00251957066170871	1.17374646896496	0.00146451388299465	0.0441741692274809	0.0519227715823799	1.12332277072128	0.502078409632668	0.000229177955072373	99.9921231869608
304	0.768012108653784	0.00250008705677465	1.18611913211644	0.0019991883225739	0.0285626523941755	0.0543562022829428	1.17024635223206	0.54314088972751	0.00019125891267322	99.8854727196973
305	0.776627777703106	0.00137888019531965	1.1401029155124	0.00132695798948407	0.0124243567511439	0.0261714468528517	1.15479768032674	0.585125770140439	0.000870825472753495	99.9892504110467
306	0.758534912089817	0.00268232526257634	1.15863814172335	0.0010583554469049	0.0521732284128666	0.0345839028703049	1.16278191409074	0.534536743699573	0.000488627806771547	99.9276651600376
307	0.705050242342986	0.00157131969043985	1.19797591939569	0.0019841618956998	0.0238729767175391	0.0243128331787884	1.171271365555	0.504413974005729	0.000300633046776056	99.8028779295739
308	0.797133534657769	0.00207300031557679	1.14312299736775	0.00170786077273078	0.0189103559311479	0.0237781129097566	1.17278675774578	0.572510268422775	0.00097184572275728	99.8959095733706
309	0.768667609570548	0.00273231059359387	1.10317656276748	0.0018001329691615	0.0692502769688144	0.00832343288138509	1.19321690758225	0.531151118618436	0.00049546989845112	99.8063820516225
310	0.7714022109285	0.00175093944603577	1.16622149636969	0.00108011558535509	0.0365676466654986	0.00780676231579855	1.19208294821437	0.509007587120868	0.000502229721751064	99.8806058710441
311	0.704788642772473	0.00266932446230203	1.1938596542459	0.00125213037943468	0.0133260832633823	0.042819020179566	1.11791458902881	0.527249761275016	0.000117682544514537	99.8024121541996
312	0.720026346296072	0.00134751412970945	1.17504765770864	0.00153445358132012	0.0313913573231548	0.0249332514465787	1.15064961120952	0.545818190509453	0.000544529486447573	99.8345274561085
313	0.762815937004052	0.00256385989207774	1.18057418745011	0.00108224796876311	0.0494152260944247	0.0186387056121603	1.16920667497907	0.599345279391855	0.00072361280489713	99.8841251779348
314	0.787868590001017	0.00141501715639606	1.15664069487248	0.00177115281717852	0.0448961247317493	0.0542637960249558	1.15228862550575	0.504716750653461	0.00016964525426738	99.8194399954285
315	0.738589474186301	0.00267915794719011	1.15708480093163	0.00165100549836643	0.025535289067775	0.0361989145288244	1.11074898943771	0.590410836180672	0.000583973026601598	99.9615138122812
316	0.759511221316643	0.00259027010528371	1.19557301846799	0.00157040530536324	0.0146392527595162	0.0110719742495567	1.1962569139665	0.501688569551334	0.000327754055382684	99.8625358383637
317	0.734698419529013	0.00224138257512823	1.1424497281434	0.001249416757375	0.0287863975623623	0.0344602588894777	1.17528337836266	0.530370989511721	0.000794280385132879	99.8275462895632
318	0.78959309940692	0.00174015586357564	1.18212362395134	0.00112466492736712	0.0480298142740503	0.0425714606442489	1.11127874432132	0.51818214461673	0.000979100457159802	99.8911957921926
319	0.769344260217622	0.00139329681312665	1.1362854873063	0.00154487518966198	0.0282678310759366	0.0216443587546237	1.1861913315719	0.593862489843741	0.000941573437768966	99.9427800445352
320	0.790368292829953	0.00180138224270195	1.11088078869507	0.00121269310591742	0.0697677951864898	0.0450012364913709	1.10046167967375	0.594417876470834	0.000465995238395408	99.9633322243579
321	0.778452179650776	0.00154792717145756	1.16876019414049	0.00143492822372355	0.05959925878793	0.0521092909011059	1.1037244213745	0.522237698873505	0.000926532895071432	99.9136299683712
322	0.771605812339112	0.00177874176576734	1.13536890652031	0.00119276575488038	0.0214183828514069	0.0423388855503872	1.17049909646157	0.573421525629237	0.000824829809833318	99.9990237967111
323	0.744938880205154	0.0025768156289123	1.15202452752274	0.00121093344758265	0.0317229253659025	0.0465083469673991	1.10849672541954	0.500710891373455	0.000805111069930717	99.840081637213
324	0.738077087281272	0.00147591012855992	1.14207674239296	0.00174341398337856	0.0452341672917828	0.0483935956181958	1.10403562723659	0.594184008287266	0.000972640974912793	99.923049236834
325	0.783164979261346	0.00128054563142359	1.12354249705095	0.00117227373411879	0.0472993464861065	0.0438833045144565	1.17414062719326	0.591699801548384	0.000417939156992361	99.8006819285452
326	0.733296296186745	0.00264798336848617	1.10217571738176	0.00156104165036231	0.0190898875379935	0.0339086355865002	1.11288242111914	0.510884753800929	0.000414897379232571	99.8372661690693
327	0.773674174631015	0.00136915695481002	1.14903413818683	0.00196628318238072	0.0306371749239042	0.0571897328677587	1.18354962507728	0.52681984116789	0.000173966374248266	99.9185369281098
328	0.735974655440077	0.00223652563383803	1.12639979354572	0.0010964901924599	0.0402104505198076	0.0460943065406755	1.15352547802031	0.57603615866974	0.000851277853595093	99.9937138485257
329	0.786250226479024	0.0027297574984841	1.18084685050417	0.00115208175638691	0.0392122192727402	0.0474713889299892	1.17257494509686	0.546012195735239	0.000894598382757977	99.8063914458733
330	0.762661795015447	0.00231018919032067	1.15068523474038	0.00178918207366951	0.0174519047373906	0.0388847008561716	1.10502129965462	0.579399862512946	0.000323376308428124	99.9618581385352
331	0.787163133127615	0.00128310232143849	1.16500403094105	0.00138310653227381	0.0533190585486591	0.041827860774938	1.10733712883666	0.585977882170118	0.000711132966447622	99.8820584446192
332	0.739453611336648	0.00189077232824638	1.17419203687459	0.00197833530651405	0.0403571691131219	0.0116352149583399	1.17362979762256	0.528810985339806	0.000622455676319078	99.8862598505802
333	0.758716682298109	0.00200846092775464	1.17775361491367	0.00121404885081574	0.0118138758093119	0.0332809031610377	1.11497316455934	0.573695931490511	0.000176871243165806	99.8391026101075
334	0.725261258566752	0.00229740387201309	1.12498364336789	0.00116412882553414	0.0588056383188814	0.0233436612202786	1.10940258859191	0.584229697589763	0.000300281445728615	99.9994185578078
335	0.79265740623232	0.00282574570318684	1.14460359329823	0.0014906591179315	0.0653857346437871	0.0287008847272955	1.17455050451681	0.583546890434809	0.000834001724841073	99.8241368710529
336	0.744979500211775	0.0012917412230745	1.13200432236772	0.00154774590674788	0.0646747296769172	0.0250498250573874	1.13144617199432	0.509551282506436	0.000272871667519212	99.8814140490722
337	0.789218662655912	0.00119106692820787	1.13609613480512	0.00129119348106906	0.0309141908725724	0.0500492962156422	1.16676485794596	0.553761080931872	0.000958828783826902	99.9363115353976
338	0.76674304138869	0.00218018786096945	1.1576198694529	0.0018602475465741	0.0541025853483006	0.0371533072851598	1.108856776217	0.592441573622636	0.00065579737839289	99.9283850108739
339	0.741829140926711	0.00267021956434473	1.16684185098857	0.00173712169192731	0.0193126747105271	0.058022540749982	1.13379135308787	0.516925274184905	0.000663611580850556	99.9460765301716
340	0.752167005185038	0.00280313487490639	1.19137336174026	0.00118132599792443	0.0459130414621905	0.0445666987029836	1.19299560552463	0.599795378162526	0.000267846380127594	99.8782121483237
341	0.718032729323022	0.00207860489096493	1.19049386519473	0.00132371138990857	0.0675453587900847	0.0285875259954482	1.13863287346903	0.547956067789346	0.000266625564545393	99.9309631392825
342	0.757061993610114	0.00283332765568048	1.13829134821426	0.00164664644305594	0.0444830792397261	0.0382521271272562	1.13484952321742	0.518877547048032	0.000638152659172192	99.8815175213385
343	0.753431726130657	0.00140808547986671	1.12651675452944	0.00173184174485505	0.0380170719185844	0.0199988617454655	1.1299230437493	0.561908819898963	0.00047659582295455	99.8944867749698
344	0.776533258962445	0.00253038168745115	1.11068566341419	0.00116683291108347	0.0199379759747535	0.00966538452683017	1.15376038055401	0.50566710375715	7.70483440719545e-05	99.8483667937573
345	0.702523032808676	0.00161481927102432	1.1173574033659	0.00105062967375852	0.0207973418012261	0.0520205275900662	1.12593558966182	0.581707283249125	0.000658564602024853	99.8149694600143
346	0.750320119853132	0.00211605032812804	1.13333037344273	0.00144993341993541	0.0407819087989628	0.00936645893286914	1.19419954349287	0.583544349903241	0.000573540496174246	99.9282579582185
347	0.709692565095611	0.00147423933306709	1.10553068898153	0.00119812248274684	0.0277717111865059	0.0250862758881412	1.18048184334766	0.531167167192325	0.000637263063108549	99.9655825607479
348	0.713449858734384	0.00246474828012288	1.16809909010772	0.00137913055811077	0.0432827779231593	0.0582898138049059	1.15380292600021	0.59170485609211	0.000490665146149695	99.9715831917245
349	0.743583286367357	0.00108330794703215	1.15710050030611	0.00106427424331196	0.0115095622232184	0.035687455134932	1.17182023827918	0.550799031811766	0.000881363461492583	99.8842358781025
350	0.786357159190811	0.00140268805902451	1.19767151875421	0.00127109810337424	0.0213427566410974	0.0223520531533286	1.18618042687885	0.531639360496774	4.88366128411144e-05	99.8952515373472
351	0.76190209784545	0.00259926872421056	1.15055122759659	0.00123109789355658	0.0230094752600417	0.0586184554416686	1.1237697967561	0.551629924424924	0.000997013054555282	99.9591752044857
352	0.793445273884572	0.00275679976213723	1.13774524724577	0.00145814091875218	0.0640423005260527	0.0318560479846783	1.19430000537541	0.558581665134989	0.000260187468025833	99.898258443037
353	0.776125359884463	0.00115430354140699	1.1556653333595	0.00179234223579988	0.0418660804536194	0.0467412631628104	1.15173520001117	0.515025040949695	0.000472874529194087	99.8689902957994
354	0.759601933532394	0.00168091396661475	1.18352078280877	0.00189016382792033	0.0453079165425152	0.0413951485524885	1.14783202884719	0.588830012036487	0.000366653837962076	99.9028711807448
355	0.797935403441079	0.00109275198262185	1.12067682207562	0.00100311390915886	0.0217371586291119	0.0250175023851916	1.18054035259411	0.531552220880985	0.000824014913290739	99.9897659457754
356	0.771209512860514	0.00234185446426272	1.12313633894082	0.00138952091988176	0.0373229245794937	0.0484949337830767	1.14288036390208	0.564318155613728	0.00066286583407782	99.950713566225
357	0.729497189167887	0.00168963575176895	1.12236189621035	0.00180663785315119	0.0434884833078831	0.0158158809011802	1.13747807287145	0.594042076147161	0.000950227806344628	99.8718953259289
358	0.7253004970029	0.00139895256794989	1.13617692284752	0.0018121584719047	0.0556132049346343	0.0471557878581807	1.13428404971492	0.55744884875603	0.000771381348604336	99.9750731822103
359	0.710430783731863	0.0010624616863206	1.16374296967406	0.00162318348139524	0.0147873664088547	0.0321635225918144	1.12239419957623	0.535155399586074	0.000886239332379773	99.9737047901377
360	0.746372165088542	0.00285206688335165	1.15062184059061	0.00149986329814419	0.0679582705488428	0.0476693321079947	1.19366198172793	0.518429637770168	0.000580188240623102	99.8799486923963
361	0.72383570484817	0.00268431080970913	1.1043818982318	0.00182903586211614	0.0264929136401042	0.015256006674841	1.19680016732309	0.535218977695331	0.000971516100689769	99.8775202925317
362	0.791295970184729	0.00248038673773408	1.1399840321159	0.00139641443430446	0.0458030885225162	0.0408182381205261	1.19967247496825	0.588011578517035	0.000133459740085527	99.8292399313301
363	0.740688139689155	0.00262510213581845	1.18511352282949	0.0017382500518579	0.0371487351087853	0.0570993575910106	1.10316033121198	0.563978151720948	0.000545977955684066	99.8284533154685
364	0.726530239870772	0.00251692006830126	1.16734862879384	0.00125584892486222	0.0371333208028227	0.00720854633906856	1.10510986424051	0.50684782282915	0.000673991835908964	99.959794651391
365	0.742062192107551	0.00255707558058202	1.12659741803072	0.00194662785716355	0.0250868445076048	0.0438690834464505	1.17828513788991	0.57851282749325	0.000906764252344146	99.9497466984671
366	0.785622526193038	0.00179233429813758	1.10197002030909	0.00191299865790643	0.0201646346226335	0.00630726525653154	1.19743768516928	0.506853254046291	0.000872752937022597	99.9031674875412
367	0.758943950710818	0.002324776773341	1.12485168566927	0.00122397034917958	0.0610640605026856	0.0201435273759998	1.13492679595947	0.590948856435716	0.000967499409336597	99.9598840042483
368	0.780458791553974	0.00279375351266935	1.1317267406499	0.0010272986877244	0.0196939687989652	0.0408980059060268	1.15166122796945	0.549587381142192	0.000968473192304373	99.8471820799634
369	0.796925617218949	0.00102437580935657	1.11232165570837	0.0018652505222708	0.0656252129515633	0.0401253266329877	1.1563454490155	0.571666110516526	0.0007607441986911	99.945349599747
370	0.788698794855736	0.00118909933743998	1.19406411121599	0.00136347934789956	0.0166280605224892	0.0420131316091865	1.16020411953796	0.528771887766197	0.000558428124757484	99.8552701578941
371	0.715139634627849	0.00126006511459127	1.11197814692277	0.00129612238076515	0.0695116240810603	0.0284786827163771	1.17196315308101	0.58881822002586	0.000619093943620101	99.8808236490004
372	0.77556629057508	0.00254873731685802	1.14174914583564	0.00152142600761727	0.0161860707122833	0.0335192118538544	1.18667607577518	0.506582452077419	0.000817276149755344	99.9808334158733
373	0.745267204311676	0.00113436941523105	1.11582457369659	0.00150000097462907	0.0385421065241098	0.0109493104862049	1.12575359104667	0.560541982832365	0.000762886041775346	99.9369637471158
374	0.769331683404744	0.00299889351241291	1.13423515160102	0.00130076304939575	0.0129288789816201	0.0587881954936311	1.14360173095483	0.592306624865159	0.000369503524154425	99.8366444500629
375	0.704279016121291	0.00259170717000961	1.10872627978679	0.00160338876442984	0.0680643882928416	0.0544538582358509	1.11611626436934	0.599898624443449	0.000336635529063642	99.9467431622557
376	0.700009157904424	0.00143879656121135	1.18205884990748	0.00111877052392811	0.065494549991563	0.0488849361436442	1.17064637509175	0.524233790463768	0.000106766843469813	99.8794540350791
377	0.791396374930628	0.0021655625239946	1.10033008046448	0.00109658837248571	0.0277109321625903	0.0535337095228024	1.11463793325238	0.533972297725268	0.000114806772908196	99.8795343234204
378	0.710824824310839	0.00179738094611093	1.14679502947256	0.00171583229466341	0.0626116292923689	0.0135778729990125	1.11161035834812	0.51799485210795	0.00069629944069311	99.8263621982187
379	0.756298622163013	0.00187265831511468	1.17589107505046	0.00168960278504528	0.0137613382423297	0.0516938451058231	1.12898984979838	0.546956293145195	0.00051827379106544	99.8372767342255
380	0.750532772880979	0.00135485324077308	1.1412990301149	0.00173961110319942	0.0622862847987562	0.0295686153355055	1.12327020703815	0.508400446758606	0.000498920738231391	99.9604959770106
381	0.765595287573524	0.00183232805505395	1.17283006720245	0.00182338692923076	0.012157791890204	0.0417845724737272	1.11159519359935	0.552156312903389	0.000309564808849245	99.8205935874023
382	0.748541200114414	0.00214514396479353	1.19654668294825	0.00195189654128626	0.0640999404154718	0.0213934158012271	1.19604080340359	0.576629641233012	0.000358049819711596	99.8849250985309
383	0.787056235899217	0.00292907346086577	1.18096717589069	0.00102159080514684	0.0265172749012709	0.0149011179087684	1.10251648605336	0.505396177619696	2.09094320889562e-05	99.8215609150473
384	0.714701851666905	0.00140656581986696	1.17462031133473	0.00102857579803094	0.0374485178710893	0.0522856233282946	1.1512961645145	0.597706131031737	0.000500302509171888	99.8836620574351
385	0.734851681627333	0.00265629471605644	1.15408729331102	0.00124022476864047	0.0397164113959298	0.0271305930535309	1.19618953273166	0.587390153994784	0.000298905283212662	99.866327605024
386	0.79649926663842	0.00146875707851723	1.12535172183998	0.00129489491553977	0.0193916229205206	0.0592434377688915	1.14632597288582	0.538944841502234	0.000588741378160194	99.9022519682534
387	0.733408392244019	0.00256876938603818	1.18104313190561	0.00109189395513386	0.0361191381374374	0.0190158647513017	1.1572138993768	0.544606911018491	0.00060691450862214	99.8604229994584
388	0.718956639873795	0.00282583831064403	1.16612870506942	0.00147885836614296	0.0384565084753558	0.0470615983293392	1.19936283871066	0.525793297868222	0.000402995018521324	99.8113912665285
389	0.738964233407751	0.00282803294947371	1.18426583681721	0.00194125220971182	0.0424570402922109	0.0438947206288576	1.18562307229731	0.504575819661841	0.000711191477486864	99.8188762701582
390	0.755092302546836	0.00290854056738317	1.18480060338043	0.00192829131870531	0.0361168737243861	0.0152759413635358	1.15395405865274	0.565421479102224	0.000538594429614022	99.8710168579593
391	0.742749661463313	0.00146244731685147	1.18473498919047	0.00155656563863158	0.0228895074687898	0.0534265726567246	1.10771984502207	0.543669745582156	0.000594153284328058	99.9062264186796
392	0.781985724158585	0.00115945539297536	1.12391664306633	0.00143825018987991	0.0306578690325841	0.0440863545848988	1.11443630685098	0.541397176962346	0.000304608331527561	99.8226693817414
393	0.773762139794417	0.00240774777065963	1.10565056579653	0.00171575230266899	0.016151330685243	0.0368959506293759	1.14270991734229	0.559261541278101	0.000217028034618124	99.8311215239577
394	0.720847243489698	0.00250810479000211	1.13591044389177	0.00109008116973564	0.0461401177383959	0.0408439933368936	1.11618506335653	0.524511548853479	1.46151948720217e-05	99.9238383250777
395	0.700865756883286	0.00244255305314437	1.11915724205319	0.00182344720815308	0.0634146758541465	0.0310541486302391	1.17808066529687	0.531812910921872	0.000674399198731408	99.9378232537769
396	0.741620085341856	0.00147414165409282	1.15264303653967	0.00182013373053633	0.0204016976570711	0.0590180383804254	1.16081153326668	0.578345514647663	0.0002276230675634	99.9888636572752
397	0.703281567455269	0.00115393263241276	1.16389720491134	0.00183944908715785	0.0639770572725683	0.0516473999493755	1.11770354560576	0.589387696050107	0.000292651140596718	99.9936207100283
398	0.708584065642208	0.0023493506857194	1.12759329541586	0.00123664863198064	0.0583923408668488	0.048355414360296	1.19645778716076	0.541188876261003	0.000652752230875194	99.9288082196377
399	0.741917064180598	0.0016629278822802	1.19096259030048	0.00109908450208604	0.0613369416305795	0.0367538077295758	1.18085902843159	0.543336924468167	0.000496046690968797	99.9428813349921
400	0.745531623298302	0.00205975285591558	1.13283114212099	0.00177450523199514	0.0431473343586549	0.0509900703071617	1.1328322308138	0.522712272056378	0.00066098982677795	99.8246456603054
401	0.735592152550817	0.0026197705809027	1.16290588928387	0.00199954861332662	0.0650510791689158	0.0324460770087317	1.19646737694275	0.555173237319104	0.000827376999426633	99.9799517546315
402	0.761560715176165	0.00212182695278898	1.15858732175548	0.00183430022373796	0.0451594777032733	0.0360184900900349	1.16683497789782	0.559990616887808	0.000679317840375006	99.9419040315784
403	0.78299986794591	0.0010985371703282	1.13035454466008	0.00179094639443792	0.0577550681494176	0.023742709221784	1.19875977009069	0.564626066363417	0.000129789944039658	99.8903141506947
404	0.73076126081869	0.00229276970215142	1.15721151961479	0.00142785793123767	0.0337793346028775	0.0438981076302007	1.17036441038363	0.555288788140751	0.000337133347988129	99.9976451436523
405	0.700998664321378	0.0026427972917445	1.14300159469713	0.00163010082044639	0.0529808813752607	0.0586658009025268	1.16078191634733	0.506777161429636	0.000889432847499847	99.9067179265898
406	0.765336671983823	0.00231469296803698	1.18955691580195	0.0011728668876458	0.0405797536252067	0.0134024825301021	1.18941829991527	0.593312419671565	9.42184638697654e-05	99.8031723361462
407	0.732025743788108	0.00235890565812588	1.17279174143914	0.0012363059381023	0.0569267034204677	0.0422969747688621	1.17425096845254	0.555364712863229	0.000153914679773152	99.8752620528452
408	0.732752219727263	0.00222601194353774	1.18273775235284	0.00103851851681247	0.0275553868245333	0.04474936049385	1.18911729077809	0.537947876192629	0.000406172380549833	99.9881647450384
409	0.708512195176445	0.00142393222870305	1.19397491812706	0.00192864388693124	0.0348778302455321	0.015761993243359	1.1849463445833	0.579508268646896	0.000421139710349962	99.8354085029569
410	0.739724012603983	0.00210761327389628	1.16858807711396	0.00176285532140173	0.0326169883459806	0.0491897142129019	1.16286191190593	0.531886374601163	0.00010464426339604	99.8081326604355
411	0.703900424111634	0.00124408970586956	1.11469971397892	0.00131922239507549	0.033850804772228	0.0224482217752375	1.14499301628675	0.563003094727173	0.000313749527325854	99.8176440510899
412	0.79252175022848	0.00194087815051898	1.19702967717312	0.00174079347332008	0.0656554012419656	0.0199460797570646	1.11461569163948	0.563831437635235	0.00064784178766422	99.8487361593172
413	0.736551250098273	0.00293759891251102	1.16778421548661	0.00162439917866141	0.0393762455740944	0.0236940319058485	1.13081394438632	0.517346882866696	0.00048197793145664	99.9850994376
414	0.700587588082999	0.00163611694006249	1.19604043927975	0.00184078007447533	0.0642811130033806	0.0187266884758137	1.17027969839983	0.581239226832986	0.000184159907512367	99.9219393295702
415	0.749062635120936	0.00268978591822088	1.19978560826275	0.00175489233667031	0.0382972207292914	0.0143467910271138	1.16994603797793	0.567673320695758	0.000388429548824206	99.9241679561324
416	0.702063501370139	0.00258902404922992	1.15720769073814	0.00189546322124079	0.0688403816893697	0.0134215497295372	1.1283721528016	0.547752641909756	6.52038280386478e-05	99.9756387213711
417	0.719084371277131	0.0024975713910535	1.17206473583356	0.0013521046852693	0.0517953562224284	0.0365116878398694	1.18998371360358	0.504989928542636	4.83727790415287e-05	99.9228331044316
418	0.732038691244088	0.00178756301710382	1.1248672560323	0.0018568050544709	0.0270907013071701	0.0176809109682217	1.17698860275559	0.545112599525601	0.00090473553375341	99.8879775090609
419	0.733248192584142	0.00260719827469438	1.10359521587379	0.00174017473612912	0.0185186295164749	0.00920839588204399	1.14042292833328	0.569213391584344	0.000293490752577782	99.9910055667162
420	0.716670137713663	0.0016019104141742	1.19512851631735	0.0015512861229945	0.0330202611675486	0.0501325211464427	1.15575745804235	0.5485482924385	0.000605143720284104	99.9918954325374
421	0.756249113497324	0.00139901409251615	1.17090241846163	0.00147316883224994	0.0151193304825574	0.0526203357554041	1.14880672313739	0.544493645778857	0.000522834439994767	99.9257226385642
422	0.715398657810874	0.00182138011557981	1.13698574595619	0.0010102414181456	0.0497832257300615	0.0422792571396567	1.12012073248625	0.543718266743235	0.00039775438606739	99.9325990228914
423	0.764036799524911	0.00213076125597581	1.19733801130205	0.0016874542243313	0.0180853336816654	0.0340303036551923	1.1515668684151	0.505326753575355	4.39586287830025e-05	99.9050257081632
424	0.787719080713578	0.00217584637133405	1.12921098105144	0.0014774764997419	0.0446225772006437	0.0515915157599375	1.12839678856544	0.589664668799378	0.000665302745997906	99.8021458530333
425	0.767820052686147	0.00279953987058252	1.18193198521622	0.00158970208675601	0.0176523010805249	0.0571339647886343	1.17438330464065	0.58077350272797	0.000676102518104017	99.8712084033992
426	0.729684189963154	0.00210649269632995	1.13459238943178	0.00109325353079475	0.0670746502745897	0.0487656146977097	1.12667475717608	0.589011158142239	0.00080358623387292	99.9940396129154
427	0.762499134778045	0.00112064819922671	1.14793590900954	0.00189404853130691	0.057486762967892	0.0122716045863926	1.12050181799568	0.509679289348423	0.00058933993964456	99.8934991790913
428	0.719795449986123	0.00246657831035554	1.14043527860194	0.00134022555779666	0.0678766309656203	0.0540444849031046	1.14290075385943	0.552837370359339	0.000624008741695434	99.8770163223613
429	0.74336042443756	0.0024962474340573	1.18719567041844	0.00153621909627691	0.0583593644900247	0.033664775211364	1.12265976478811	0.513652673596516	0.00060439739888534	99.8499728443101
430	0.746082476782613	0.00156509805098176	1.13564956595656	0.00189308022055775	0.0536515502212569	0.0496081020939164	1.15458395732567	0.573164354683831	0.000362850201083347	99.9366349318065
431	0.770071268873289	0.00299269535485655	1.1269704324659	0.00180305126099847	0.021850451072678	0.0310437677772716	1.17459648041986	0.525072275684215	0.000327707817777991	99.8799890532158
432	0.70055465658661	0.00219643005775288	1.11498804839794	0.00198705390980467	0.0192747009452432	0.0423628609534353	1.19746962664649	0.556723887915723	0.00093418465135619	99.976438261522
433	0.774882439570502	0.00159615209838375	1.10359522900544	0.00128566559986211	0.0284729031240568	0.0265300471507944	1.11776011921465	0.538483863277361	0.000339274879544973	99.9596766266506
434	0.747495296294801	0.00134642272163182	1.19328832058236	0.00161517718038522	0.0153321392508224	0.0401907344455831	1.16099236614536	0.547786455089226	0.000734147704206407	99.8865000335034
435	0.799363430310041	0.00278829559125006	1.18172695545945	0.00118292035139166	0.0592773315124214	0.0219406803091988	1.17584978209343	0.553598620556295	0.000856584154535085	99.9739460535347
436	0.754666001838632	0.00124899463122711	1.11392846531235	0.00131441184622236	0.0667241710796952	0.0591231618421152	1.15304496702738	0.59161307530012	0.000289513629162684	99.8652141163126
437	0.708442780561745	0.0020296829380095	1.11236608293839	0.00192222276562825	0.0166839187406003	0.0411357429740019	1.11238397271372	0.527760459529236	0.000621294345008209	99.9671834262554
438	0.72033263896592	0.00157057541981339	1.12105492367409	0.0013272638830822	0.0113663397775963	0.0443093151161447	1.12083303520922	0.539582136296667	0.000148370440118015	99.9418799384497
439	0.733596297120675	0.00162311738682911	1.15314236774575	0.001769207643345	0.0672676904778928	0.0227942823353223	1.17072092995513	0.55906038810499	0.000116575909545645	99.959920013044
440	0.794965298310854	0.00250109682651237	1.16124621194322	0.00151519292686135	0.0100346024380997	0.00973825981048867	1.11628973777406	0.560138664906844	8.54703420773149e-05	99.877957643522
441	0.753865797491744	0.00155002828268334	1.11374235339463	0.00136866444023326	0.025024644988589	0.0264098045169376	1.12741222667973	0.505534282862209	0.000555836556246504	99.9101073659956
442	0.737533211731352	0.00282487174682319	1.13322124623228	0.00139520855247974	0.0407281970605254	0.0202230481929146	1.17381698703393	0.561712377611548	0.000126893452601507	99.9434799003415
443	0.738959362311289	0.00149827121896669	1.18608856848441	0.00189262988371775	0.0372506388789043	0.0318362689227797	1.17410559214186	0.507029217947274	0.000404522246913984	99.9696209045593
444	0.744195154262707	0.00254786826809868	1.17824720141944	0.00173687516991049	0.0590042711375281	0.0469005216155201	1.16946080927737	0.529032884794287	0.000390137844486162	99.8540466136765
445	0.798272141185589	0.00220612733438611	1.13851386155002	0.00123789415741339	0.0643275150936097	0.0486040772139095	1.14443634757772	0.595446206396446	5.08788409642875e-05	99.8170580438804
446	0.787016445049085	0.00211426126444712	1.15278237641323	0.00136739917332307	0.0210700845858082	0.043384050282184	1.1922566142166	0.565273633110337	0.000149922526208684	99.9849943624344
447	0.704047852684744	0.00164046925958246	1.15993450363167	0.00185005839564838	0.0696406550006941	0.0544932226119563	1.18200638426933	0.547194905998185	0.00074279022635892	99.8117771498393
448	0.741534413211048	0.00262594868754968	1.13658308428712	0.00100336950854398	0.0486930002458394	0.0417808108138852	1.16110156176146	0.56259488563519	0.000427063070004806	99.8411551107187
449	0.797415590146556	0.00226367177721113	1.13520100852475	0.00142035590671003	0.0503989562159404	0.0256852645296603	1.11053655641153	0.534287832351401	0.000817152423784137	99.9684929139446
450	0.75540412676055	0.00128013827744871	1.18916332602967	0.00175253291195259	0.037441809498705	0.0216900666891597	1.18192338391673	0.553388451226056	5.48052517697215e-05	99.9539471521508
451	0.74505413339939	0.00100635461462662	1.19540851106867	0.00147435413626954	0.0149245288642123	0.0537234076741152	1.15864408400375	0.520359164313413	0.000549667224986479	99.9094975160435
452	0.760948502738029	0.00201059879781678	1.15155785193201	0.0015620739152655	0.0496791960438713	0.0482363177798688	1.1871870898176	0.549948189221322	0.000891868947306648	99.847069597058
453	0.749454175098799	0.00104725289111957	1.17853171371389	0.00168109662178904	0.0487367238570005	0.0397620225660503	1.13565069022588	0.50403351506684	0.000510067661991343	99.8177512048744
454	0.789756635809317	0.0024273231588304	1.1039537939243	0.0018074433368165	0.0693345566559583	0.0115873075914569	1.10718472034205	0.516977699985728	3.37261718232185e-05	99.9677914571017
455	0.732191617763601	0.00149279480334371	1.177092117141	0.00145706449286081	0.0552931529702619	0.0329610662441701	1.16042971746065	0.502631067996845	0.000373032758012414	99.8342370486353
456	0.743625987973064	0.00217213122313842	1.15662224204279	0.00145788339758292	0.0162237430224195	0.0225825561401434	1.19587970431894	0.522379355179146	0.000348987104138359	99.8597061601467
457	0.780270223366097	0.00230451062787324	1.100723566534	0.00165129829524085	0.0343341577379033	0.0383206110773608	1.16153652258217	0.571697357762605	0.000713702998589724	99.9834833269008
458	0.742514160485007	0.00261638864642009	1.17433347553015	0.00166568546229973	0.0306355445319787	0.0355175968478434	1.14156164405867	0.554984034015797	8.66626594215631e-05	99.8679448954295
459	0.717824230552651	0.0010211426531896	1.12323875299189	0.00161474632006139	0.0310261451452971	0.00997664722194895	1.19956643676851	0.598136181174777	0.000881427485262975	99.9778053167276
460	0.744014143105596	0.00292535469261929	1.17175387279131	0.00118044776748866	0.0516787512926385	0.0534382982016541	1.18048181149643	0.558250924851745	0.000603666185168549	99.9585948691238
461	0.772041252325289	0.00163301177788526	1.18505509546958	0.00108586940448731	0.0337215789034963	0.05596801896533	1.1905071236426	0.590079150092788	0.000510364359943196	99.8971250457689
462	0.737648206576705	0.00296994039462879	1.18779374442529	0.00146149374474771	0.0488929221453145	0.0172197326458991	1.13114424466621	0.50918226451613	0.000765329482033849	99.9155540611595
463	0.733885502186604	0.00145501912152395	1.1206003646832	0.00162512930994853	0.052304535843432	0.0352487494703382	1.1078911584802	0.585371184442192	0.000982200121274218	99.8363244891167
464	0.718180673872121	0.00197762381471694	1.10365396575071	0.00116924963355996	0.0541016838885844	0.0165542357652448	1.16173896666151	0.503731474396773	0.000628314942354336	99.8612644524779
465	0.747836343990639	0.00234532440453768	1.18242789625656	0.00120979385939427	0.0186976442951709	0.0280352532416582	1.19440635510255	0.554521999834105	0.000952811111928895	99.9414968660567
466	0.767912767152302	0.00228080753050745	1.10476784529164	0.00150030106538907	0.024728981051594	0.0596916029853746	1.15922971647233	0.580580853135325	0.000836119630606845	99.9201241846662
467	0.700477859354578	0.00134198820916936	1.13166776902508	0.00193255560612306	0.0319869606662542	0.0116914466866292	1.1077834602911	0.502562334341928	0.000247760705184191	99.8775345034897
468	0.716200833092444	0.00173194674495608	1.17464887085371	0.0013579291056376	0.0184478949848562	0.0304838474588469	1.13017744268291	0.502899455628358	0.000673188839107752	99.8448540309444
469	0.7715744467685	0.00243904288345948	1.14568537147716	0.00165946357976645	0.0423770148539916	0.0559131986531429	1.11642083043698	0.523443134804256	0.000811148419277743	99.8263371264562
470	0.728793002991006	0.00258898374764249	1.18480109232478	0.00115133057720959	0.0595578027050942	0.0560700581045821	1.1494154433487	0.587780541670509	0.000815224359044805	99.8415017150342
471	0.77446851383429	0.00164172240626067	1.16247420245782	0.0016424901986029	0.0359159832680598	0.0502918271874078	1.14718662651721	0.591010406566784	0.000769850865704939	99.9614851248916
472	0.759053189842962	0.00193019979307428	1.16031526965089	0.00118578372127377	0.0642173146922141	0.0593965520435013	1.17439072080888	0.590801389282569	0.000868335518054664	99.9437686298508
473	0.705269900383428	0.00290784380258992	1.13390859491192	0.00121158216148615	0.0496395759610459	0.0186299705081619	1.1737013803795	0.528153702174313	0.000801382679259405	99.9249437456485
474	0.717047887342051	0.00138153916923329	1.10711591532454	0.00135492078959942	0.0376515307230875	0.0292680684844963	1.12391235290561	0.530192017788067	0.000403033894486725	99.8070049538743
475	0.71225796341896	0.00292343524238095	1.1220197533723	0.00151889140647836	0.0391242158971727	0.0277096124687232	1.18951339153573	0.556135602132417	0.000933695054380223	99.9472143433522
476	0.702895125537179	0.00297218641964719	1.16062961642165	0.00196707503614016	0.0379311834089458	0.0172945635491051	1.11449345252477	0.541526168375276	0.000741719126701355	99.95489156642
477	0.779177102493122	0.00172630095900968	1.13803970923182	0.00118363819643855	0.0616534637939185	0.0165692087528296	1.10288086319342	0.5909326269757	0.000390553968958557	99.9150859539863
478	0.708981818263419	0.00222757000429556	1.16579036912881	0.00164560935157351	0.065451793721877	0.0190384966316633	1.19785830599722	0.573382347263396	0.000118366494541988	99.8978406459093
479	0.727901311428286	0.00244910858012736	1.1844955616165	0.00157728192931972	0.0219451845716685	0.0559271769770421	1.10065283174627	0.598369567352347	0.000584976239362732	99.9976532333996
480	0.752761564962566	0.00150980669772252	1.19784275407437	0.00172217753925361	0.0509181556059048	0.0107990385694429	1.10794213910121	0.553673762013204	0.000276196211343631	99.8746779879089
481	0.73605485802982	0.00216193675622344	1.18510102694854	0.00196574131096713	0.0688768630567938	0.0376351258722134	1.13911986555904	0.530215786909685	0.000535352359525859	99.9184382662177
482	0.78490853596013	0.00294231045572087	1.11960526104085	0.00139849967346527	0.0256882857065648	0.00605534776858985	1.18843214842491	0.514897595299408	0.00042261634231545	99.9540432581678
483	0.756759929517284	0.00220018865121529	1.19811975888442	0.00144062112481333	0.0641385778877884	0.0587396929655224	1.12549954212736	0.558481214032508	0.000841288726544008	99.843177129142
484	0.783966599800624	0.0028117927601561	1.18980273217894	0.00131203688611276	0.0252730067446828	0.0269007130642422	1.15150445250329	0.599185581575148	0.000635215984657407	99.9139796221629
485	0.703630127385259	0.0020623075789772	1.11360252676532	0.00172202280769125	0.0257958702696487	0.0567449031542055	1.12322208278347	0.502891043294221	0.000288987676845863	99.9206428097095
486	0.734560941462405	0.00166559334285557	1.1497044689022	0.00156691992818378	0.0164336138917133	0.0202657868592069	1.13627282981761	0.526754893059842	0.000426020479528233	99.9475255352445
487	0.713357202033512	0.00298934068717062	1.14167388596106	0.0017557904808782	0.0225934302341193	0.0126017124443315	1.1964105056366	0.598212778754532	0.000928619102342054	99.9208007228561
488	0.771851904410869	0.0025947332023643	1.12552484460175	0.00197238248190843	0.0102042916510254	0.0132284005307592	1.19631867578719	0.570525162294507	0.000535969194956124	99.9103411618155
489	0.742531807394698	0.00261735291359946	1.1673213431146	0.00154472974850796	0.0207174500124529	0.0103482833323069	1.1598327511223	0.576308379950933	0.000705814657267183	99.9394515940454
490	0.739476402057335	0.00140214729961008	1.11068234301638	0.00139774742326699	0.037081959056668	0.0435648709167726	1.10349596408196	0.552821020688862	0.000793510235147551	99.936204554094
491	0.7798731417628	0.00200693815061823	1.17205698406324	0.00132694780011661	0.0554005202325061	0.0295923400484025	1.14958599081729	0.518781365943141	0.000230648000724614	99.9396409660112
492	0.705475314543582	0.00272187215508893	1.17140333370771	0.00127061512018554	0.0208923555631191	0.0484271478401497	1.17863442529924	0.581312725855969	0.00038083536317572	99.8157276799902
493	0.723915487644263	0.00124017028976232	1.18367034087423	0.00197277440316975	0.0593511531269178	0.0304068811819889	1.116498364578	0.509854515013285	0.000184981568250805	99.9182256942615
494	0.779237008560449	0.00292934347176924	1.17884059417993	0.00185206507076509	0.0620598284900188	0.031588357812725	1.17875684469473	0.514886023988947	0.000116594754159451	99.8675205436535
495	0.79224726324901	0.00203073336882517	1.18397015740629	0.00105844485759735	0.0656868294533342	0.0401252946350723	1.13758468972519	0.596790079795755	8.04923574905843e-05	99.8593218224589
496	0.756608475185931	0.00190690458286554	1.11166525231674	0.00178839708096348	0.0552469462621957	0.0391861513308249	1.12736748883035	0.552834477252327	0.000188876149477437	99.8791393244639
497	0.707107446691953	0.00181906371936202	1.12232296057045	0.00160066844429821	0.0207242057705298	0.0167444512518123	1.16872805675957	0.502431629248895	0.000532086415216327	99.8927536338568
498	0.774222902953625	0.00115501906117424	1.10703920887318	0.00130277969874442	0.0283919331012294	0.0193461815449409	1.18376494646072	0.550885849259794	0.000874155608937144	99.8514114709571
499	0.793183635920286	0.00251549524068832	1.1932307719253	0.00123855178058147	0.0106381459161639	0.04029729590239	1.11062361695804	0.588245845353231	1.86639013700187e-05	99.876030613482
500	0.760647433181293	0.0014348260872066	1.16786864267197	0.00101046398538165	0.03493068841286	0.0183116679573432	1.11214583909605	0.512932358821854	0.000269258030923083	99.8528211775701
501	0.738865335681476	0.00272222832962871	1.1734252898721	0.00131746319518425	0.0611790854576975	0.0347664509899914	1.10861350058112	0.524139639060013	0.00062446274003014	99.8681074523833
502	0.71379741304554	0.0018652322711423	1.14539650310762	0.00181565210060216	0.0539995496720076	0.0130938211963512	1.15562682675663	0.551437661075033	0.000632796847494319	99.8258369081188
503	0.774477720796131	0.00167494914447889	1.13986786690075	0.00148321946104988	0.0280627033300698	0.0272250469392166	1.17496531021316	0.55220556340646	0.000656991557916626	99.9884797956329
504	0.720223299739882	0.00168576480122283	1.19603837060276	0.00188214663276449	0.0124598700786009	0.0143005799646489	1.16022589011118	0.507091644802131	0.000631391332950443	99.8132962021045
505	0.735830850154161	0.00172761314176023	1.13368648362812	0.0014983679773286	0.0532306530931965	0.0318771832678467	1.14968763021752	0.574860061495565	0.000737003120826557	99.9857817794662
506	0.768586463597603	0.00146955443779007	1.16269457689486	0.00119478877773508	0.0534420753549784	0.0565545719596557	1.15334831015207	0.517724856548011	0.000359576672548428	99.814192852145
507	0.726768925995566	0.00211257076822221	1.1001200534869	0.0014001271976158	0.0602786777541041	0.0262887116060592	1.12622946829069	0.558771519851871	0.00022388896276243	99.9739728146233
508	0.754217051155865	0.00231351205520332	1.12800380829722	0.0019078692230396	0.0395787612255663	0.0378329692468978	1.11002386277542	0.520216160686687	0.000530188258970156	99.8507345312275
509	0.730645042378455	0.00121048504114151	1.15825531301089	0.00144905615155585	0.0490554963098839	0.0554878681423143	1.16323701813817	0.57141508187633	0.000899987772805616	99.9778969306499
510	0.799482372915372	0.00235816162917763	1.10245042748284	0.00174960420024581	0.030656855283305	0.0477140425625257	1.19698711659294	0.504293598257937	7.27958956267685e-05	99.8115200542845
511	0.72512598503381	0.00236752343922853	1.10827550487593	0.00195277070789598	0.0156721265939996	0.0512270930483937	1.17927685554605	0.570249877334572	0.000760906121460721	99.9334425919224
512	0.702829107409343	0.00269357153819874	1.16702692657709	0.00105921302782372	0.0619578054454178	0.019063138182275	1.16708594041411	0.563614442781545	0.00089605819969438	99.9214321469422
513	0.766555056069046	0.00110258313361555	1.18747060887981	0.00126656749122776	0.0436608001496643	0.0279595945039764	1.18719156703446	0.536383903189562	0.00074143226374872	99.8978796908166
514	0.744693798967637	0.00283839658461511	1.1368899988709	0.00121417363081127	0.0371446200553328	0.049320016136393	1.12450371931773	0.550990564934909	0.000487346221227199	99.9174023867119
515	0.767674212763086	0.00109401262551546	1.10718075656332	0.00183590414002538	0.0249649618985131	0.0363431826685555	1.14356786138378	0.503458346286789	0.000710510300239548	99.8711181645282
516	0.774247328704223	0.00261392592685297	1.16958462062757	0.00135905868350528	0.017890328578651	0.0211467157085426	1.14682400298771	0.526889745518565	0.000224617791827768	99.8472385982052
517	0.758255274663679	0.00282924062991515	1.10870452106465	0.00184301328635775	0.0346946236630902	0.055462115930859	1.13746310574934	0.548858398245648	0.000384838243247941	99.8142666701693
518	0.742253265134059	0.00107237240253016	1.17153658680618	0.00123086765571497	0.0386311289994046	0.0495207710699178	1.16458813389763	0.557857047999278	0.000471776457037777	99.8541677253786
519	0.727357282815501	0.00183801860781387	1.19662777737249	0.00110631956718862	0.0570007877796888	0.0593353905114345	1.19254947749432	0.562117880885489	0.000468799793161452	99.8835990689695
520	0.76337304385379	0.00166704156249762	1.18413085064385	0.0016601437930949	0.0324992512026802	0.02259337093262	1.10610163919628	0.517146217217669	0.000613857141230255	99.9459932310041
521	0.790132629941218	0.00115814772387967	1.15613212813623	0.00109760679979809	0.0615458717849106	0.0550860639573075	1.11875351550989	0.571776493662037	0.00064105359162204	99.8531429998111
522	0.779802393331193	0.00289479771722108	1.12676045552362	0.0017247225116007	0.0426368372282013	0.0161748001347296	1.18430479774252	0.530707828584127	0.000840741584543139	99.9570321470499
523	0.725365057820454	0.00263169505260885	1.1487437200034	0.00125347148068249	0.0603193654119968	0.0554444994376972	1.13436199990101	0.549391205026768	0.0005867494486738	99.9163616429549
524	0.704427532432601	0.00221521442336962	1.19497257047333	0.00109238698310219	0.014366624429822	0.014414201607462	1.11759182203095	0.572681346489117	2.40312865935266e-06	99.804506352637
525	0.717371073411778	0.00159085981175303	1.1262704053428	0.00153867182927206	0.0236497232876718	0.0402985288971104	1.12053900514729	0.596527033508755	0.000932255448540673	99.917466326151
526	0.737320468248799	0.00170468277251348	1.13289140926208	0.00185079916729592	0.0569459713483229	0.0245947499005124	1.16689023121726	0.558952620765194	0.000954897230491042	99.9176688103005
527	0.708740087482147	0.00135262077767402	1.17903011296876	0.00115650149201974	0.0115628904057667	0.0474404913908802	1.19737173337489	0.501958596077748	0.00092452943045646	99.8494015918113
528	0.792616139375605	0.00253289950080216	1.10912715585437	0.00119421162595972	0.0406143895071	0.024488155502826	1.16064202557318	0.597773650800809	0.000196482727304101	99.9268654972315
529	0.700961524457671	0.00199310801643878	1.18418118262198	0.0017856642359402	0.0403120882622898	0.0342758590900339	1.11829325098079	0.591762172803283	0.000753525507869199	99.8568596393336
530	0.720500477822497	0.00157845600694418	1.18236505812965	0.00106025656429119	0.0149855978460982	0.0236182618481107	1.11381155794952	0.528338547213934	0.000902622549328953	99.892966473382
531	0.731308978819288	0.00118958386546001	1.13746099546552	0.00153797552920878	0.0472198692383245	0.0259317969507538	1.10062208159361	0.542651546187699	0.000665047933347523	99.8797711768187
532	0.746811712346971	0.00153759736428037	1.16599959791638	0.0017223216786515	0.049580104444176	0.0410062011047266	1.12242632706184	0.522189920232631	7.04635183792561e-05	99.8889634745661
533	0.718610531883314	0.00263109569856897	1.12772463904694	0.00187431195168756	0.0378859036276117	0.0359890679377131	1.14935199196916	0.505407419987023	0.00014753832644783	99.8379465718288
534	0.714760607271455	0.00265235963230953	1.15167390150018	0.00109360286244191	0.0460496714012697	0.0156067858901806	1.10276294536889	0.554327096603811	0.000475342310266569	99.9689635849558
535	0.766703041060828	0.00281950530456379	1.19680456025526	0.0015760479751043	0.0378480305429548	0.00742503122147173	1.1716232938692	0.568234498263337	0.00089224149286747	99.91256300034
536	0.799744281196035	0.00110217421408743	1.14774634153582	0.00122631523571908	0.0575764451548457	0.00939707334386185	1.17142514248844	0.516876919288188	0.000833159297704697	99.9808571774513
537	0.744560462282971	0.00144172214530408	1.10895356407855	0.00127994707040489	0.0292537184618413	0.00615476814564318	1.18604117396753	0.50099251314532	0.000933262421516702	99.9279978076927
538	0.704285947303288	0.00250133669236675	1.1592469599098	0.00110939097427763	0.0357797555625439	0.0262038933048025	1.15884443065152	0.563068565051071	0.00021734834718518	99.9550213159062
539	0.783815597416833	0.00125203762482852	1.17538419961929	0.00109182609873824	0.0316654896596447	0.0167860607123002	1.14128253187519	0.57086458329577	0.000744934166548774	99.8087171784136
540	0.783876338694245	0.00167748068505898	1.18308809043374	0.00120576445548795	0.0127552735898644	0.0199100090288557	1.10374205084518	0.557767422636971	0.000319238704396412	99.8630184828769
541	0.76804163386114	0.0015765925347805	1.12453044836875	0.00107211517263204	0.0319461501436308	0.0137861108682118	1.1905811699573	0.520648564444855	7.52162204589695e-05	99.8607333627064
542	0.766224067402072	0.00254941616719589	1.19099992669653	0.00112847450771369	0.0606788020394743	0.0231425041439943	1.13067697600927	0.572793545853347	0.000587366581195965	99.829396769125
543	0.79261885015294	0.00178801547642797	1.1009969686158	0.00110976521437988	0.0167834146693349	0.0464949009153061	1.16898101349361	0.565594242350198	0.000234292556066066	99.9030481261667
544	0.732949753548019	0.00229224672541022	1.12982254289091	0.00183277056226507	0.0512681683618575	0.0124616497610696	1.11161609874107	0.524013669625856	3.35908527486026e-05	99.9443569657393
545	0.770527983200736	0.00243506177561358	1.12181786771398	0.00113794556842186	0.0377594211418182	0.0565484922928736	1.13554124578368	0.53491810017731	0.000682776852045208	99.8243403624277
546	0.715316940424964	0.00223603926831856	1.17754626958631	0.00127670627715997	0.0228019046224654	0.0423762170467526	1.15324371918105	0.5211470059352	0.000491791776381433	99.9523181352299
547	0.753639447991736	0.0024217530656606	1.13050404370297	0.00155673402152024	0.0280537684308365	0.0504839381198399	1.18670598631725	0.582496885489672	0.000983713585184887	99.8469089376274
548	0.758330298354849	0.00265066304150969	1.15552601644304	0.00126028209086508	0.0450248670764268	0.0446377510861494	1.18477181321941	0.515885189268738	0.000769910295959562	99.8093699466437
549	0.727169023756869	0.00278778462158516	1.19502729710657	0.00155575561523437	0.0162295769248158	0.0436728235976771	1.15179766835645	0.521187092224136	0.000364344334462658	99.9778626132291
550	0.761266640503891	0.00104044764162973	1.14623256388586	0.00184749347041361	0.0342405094159767	0.0519758182042278	1.17660609416198	0.50747235273011	0.000805264617316425	99.9999130052514
551	0.787270475318655	0.00263233888149261	1.16835510891397	0.00125040298514068	0.0329077889630571	0.0544367682812735	1.12762600355782	0.539766281284392	0.000204392874380574	99.9794634848833
552	0.707467285520397	0.00160084175039083	1.15643584567588	0.00127190006058663	0.0221253588609397	0.00857341862563044	1.17834055516869	0.507999421982095	0.000127134348731488	99.8459042637143
553	0.702488930127583	0.00239464758755639	1.16053597757127	0.00190297797089443	0.0697067165654153	0.021598937921226	1.13002352605108	0.507263612817042	0.00048853910388425	99.8425660925917
554	0.732223595539108	0.00177650554152206	1.108419160638	0.00131646556756459	0.0429047009348869	0.0181765253841877	1.19028446495067	0.595605130377226	0.000758441867073998	99.9027631497011
555	0.736855194438249	0.00120778822945431	1.11868117339909	0.00176025774655864	0.05647397975903	0.0522783357496373	1.12891208783258	0.587914707162417	0.000110107366228476	99.8772778401151
556	0.73971677403897	0.002267730420921	1.18266281008255	0.00182463843212463	0.0340422625280917	0.0318367993463762	1.15616743939463	0.533665693108924	0.000271910226438195	99.8750732850283
557	0.74660345078446	0.00275007961736992	1.12638482842594	0.00183427196391858	0.0229191716946661	0.0393519886052236	1.19357006605715	0.556349885207601	0.000278817243408412	99.9740515916143
558	0.775088526401669	0.00232592589268461	1.17544025022071	0.00137980197207071	0.0650689867278561	0.0136830458845943	1.19173717615195	0.539521876699291	0.00085911989887245	99.8869703850709
559	0.768617402901873	0.00250385691877455	1.19161534751765	0.00103052874817513	0.0388138280855492	0.0282993569439277	1.16667001838796	0.565631191176362	0.000904898463748395	99.8796381742228
560	0.78766949577257	0.00138073833379894	1.14634933555499	0.0017116696157027	0.0192155427578837	0.0200664816009812	1.14659249144606	0.519012596155517	0.000514785260660574	99.980580656603
561	0.747562070703134	0.00152530397940427	1.12939485188108	0.00193031973647885	0.012397414073348	0.0513823977406137	1.17550828848034	0.57103653922677	0.000771570832468569	99.8425124095753
562	0.783370940247551	0.00275963716534898	1.15165202179924	0.00130820590490475	0.0681626043049619	0.0215077862581238	1.18064004366752	0.530010248697363	0.000606371712405235	99.857316584792
563	0.705828963592648	0.00225103555247188	1.13394458394032	0.00139861492323689	0.0624541940167546	0.0335254814084619	1.14776312608738	0.530081061203964	1.24957174994051e-05	99.8701353972312
564	0.783868538332172	0.00183626154065132	1.13072102989536	0.00151109226210974	0.0533989207213745	0.0289422755800188	1.14174670048524	0.597359092324041	0.000890613690717146	99.9804152874276
565	0.776921997056343	0.00144756416836753	1.19174439932685	0.00119678130256943	0.0470572870410979	0.0576945683788508	1.10012595846783	0.550447756890208	0.000857066229451448	99.832552863285
566	0.775006904057227	0.00117474451335147	1.16417023302056	0.00188901657494716	0.0689958003209904	0.0557193659562618	1.1458788554417	0.549078836501576	0.000642055375035852	99.9698906541802
567	0.795607698103413	0.00292124701151624	1.13769484446384	0.00109727026824839	0.0540295720007271	0.0315417172615416	1.10587188715581	0.569091390981339	1.44209556747228e-05	99.8434698043391
568	0.793344247573987	0.00171703357063234	1.17068560067564	0.00128679555654526	0.0447646767366678	0.0529377919142134	1.12490282503422	0.572176938178018	0.000962500713765621	99.8846049198415
569	0.723756042937748	0.00135386826377362	1.17381947371177	0.00179351223981939	0.0384301825379953	0.0241876811091788	1.1373304055538	0.518550887517631	0.000385988149559125	99.9186267542187
570	0.733453616220504	0.0025915375649929	1.10990015310235	0.00121105082798749	0.0178934866143391	0.0440837316359393	1.13664837933611	0.553687290870585	0.000371179318055511	99.9624115065206
571	0.729084394150414	0.00269116583606228	1.13052593218163	0.00152074089716189	0.0114579136064276	0.00922047785483301	1.18376448890194	0.591000402253121	4.95692719705403e-05	99.9066836960148
572	0.788795019988902	0.00109995718067512	1.14482188671827	0.00175639075902291	0.0170205037016422	0.0305471590622328	1.18052900258917	0.540629621595144	5.55666408035904e-05	99.8138100428507
573	0.713552102656104	0.0027611944922246	1.11998384762555	0.00137680448335595	0.0353408806910738	0.0513002665350214	1.10233973581344	0.569098426168784	0.000135003653122112	99.8107571135741
574	0.781590930977836	0.00234011793835089	1.11242607315071	0.00159179148683324	0.028141375342384	0.0109798641577363	1.12361689491663	0.521674279775471	0.00034827306191437	99.9630279507954
575	0.731511131417938	0.00165928535768762	1.1082856483059	0.00122100264579058	0.0593195118894801	0.0334332297965884	1.12429677096661	0.517171769868582	0.000261520181084052	99.8177126495633
576	0.78286837618798	0.00116695682611316	1.10744154478889	0.00146308763348497	0.0445089054759592	0.0312125116190873	1.13361896614078	0.577718925988302	0.000564757774118334	99.8432718962897
577	0.798280017497018	0.00101981837116182	1.1273310874356	0.00156066630966961	0.0378785883774981	0.0406701850863174	1.16931609378662	0.506317246053368	0.000499564941972494	99.9414019975346
578	0.774240104132332	0.00138531291950494	1.1619919847697	0.00165192340244539	0.0173489351943135	0.0360091924890876	1.18283260914031	0.542491128807887	0.000618919418891892	99.8477407270111
579	0.707463121088222	0.00186394785204902	1.15999732562341	0.00157879032567143	0.0487429419858381	0.0342454598005861	1.17141691595316	0.524623657017946	0.000623027013847604	99.8051028871909
580	0.750182124762796	0.00140224453853443	1.14994210195728	0.00139596743904985	0.0470105435280129	0.0206304536224343	1.14222665082198	0.506131867109798	0.000160793848568574	99.8631678375881
581	0.757803840795532	0.00268893592711538	1.13182417557109	0.00125263335322961	0.0467120045563206	0.0569379518330097	1.17513978255447	0.532092564902268	0.0002298756421078	99.9442442909349
582	0.779589840956032	0.00200529317883775	1.13923994619399	0.00176007950375788	0.0589832736318931	0.0202102363281883	1.14539407053962	0.537055047904141	8.17923969589174e-05	99.8177174164448
583	0.733558120881207	0.00238855663733557	1.15477503016591	0.00121570519753732	0.0125876072095707	0.0336395572330803	1.16475886274129	0.542114615952596	0.000701371792471036	99.98501171479
584	0.75353134679608	0.0013427512794733	1.15310796904378	0.00142193779512309	0.0523002196382731	0.0181514279418625	1.11685526315123	0.584677389636636	0.000756666381377727	99.8605627094861
585	0.713459780532867	0.00170121396705508	1.17878832784481	0.00167965688370168	0.0269778779707849	0.0378462377954274	1.18812474529259	0.517087556957267	0.000469475822756067	99.9270961138886
586	0.74287287609186	0.00217310989741236	1.13840037812479	0.00117565776198171	0.0492367597017437	0.0436425722152926	1.1608190940693	0.502513239788823	0.000959083769703284	99.894688352989
587	0.796707207919098	0.00207842553919181	1.12632060011383	0.00198690245300531	0.0371448146970943	0.0105153985996731	1.18152602789924	0.514512689830735	0.000109033220214769	99.8204611826222
588	0.722983572841622	0.00227192286215723	1.1257648794679	0.00131216564262286	0.013404933209531	0.0495496830409393	1.1645282241283	0.57645670613274	0.000237707418389618	99.8418188669719
589	0.759846658119932	0.00178795314161107	1.12349647528026	0.00186372173693962	0.0682705155247822	0.0104356540110894	1.1838551315479	0.503847604501061	0.000953775193775073	99.9288919535931
590	0.726464460557327	0.00180365347256884	1.17047554673627	0.00119104894273914	0.0567519587185234	0.0563007770427503	1.12831753797363	0.536269841180183	0.000806147841038182	99.8125108017586
591	0.710437673074193	0.00281775125535205	1.14059487010818	0.00160864903707989	0.0347820953745395	0.0216497009354644	1.18968813163228	0.543244770448655	0.000225165542913601	99.843314016657
592	0.727772390167229	0.00112454100931063	1.15329960321542	0.00153559518302791	0.0475516377063468	0.00711375677073374	1.10716807486024	0.530723428004421	2.48234635218978e-05	99.9021816611756
593	0.797010859823786	0.0022800328717567	1.13938722896855	0.00179057297902182	0.0220379827450961	0.0412332253083587	1.16276392622385	0.566747696115635	0.000523406597785652	99.8047317832243
594	0.767341243522242	0.00149983121734112	1.14868442204315	0.00103292572125792	0.0416484202537686	0.0136978494278155	1.17489106669091	0.518255737703294	1.85078331269324e-05	99.9047777822241
595	0.798851236724295	0.00181286022812128	1.13866683878005	0.00108562470483594	0.0525165683077648	0.0294651478067972	1.13868029622827	0.575248335138895	0.000283589337719604	99.9248457342852
596	0.789174974244088	0.00289822481898591	1.17619498835411	0.00137185922567733	0.0127195252059028	0.00647271115053445	1.18922955635935	0.542726647248492	0.000538312923861667	99.819482703507
597	0.715356322727166	0.00231720878509805	1.10260468709748	0.00118148350412957	0.0158007184835151	0.0410395182897337	1.11434938574675	0.561469814227894	0.000206146195763722	99.8226449294947
598	0.752236343850382	0.00216115997545421	1.13728296286426	0.00122018712270074	0.033982101585716	0.0479773390120827	1.16454494036734	0.5920057911193	8.70268442668021e-05	99.9844036628026
599	0.782503235619515	0.00100609716866165	1.13821290438063	0.00137292995746247	0.0579148153914139	0.0176837104149163	1.19127046687063	0.583483741502278	0.000346803075401112	99.8923270044383
600	0.74925685620401	0.00268293696735054	1.14681384447031	0.00144425113336183	0.0153516344539821	0.0357988900314085	1.13735536432359	0.589462581416592	0.000324411015491933	99.8538821377791
601	0.772321231290698	0.00161566601786762	1.112820089655	0.00137689525494352	0.0445651070168242	0.0336356016998179	1.10565197141841	0.550596422632225	0.000597040883731097	99.9763876250945
602	0.738311869534664	0.00201299548894167	1.15164932145271	0.00118677256419323	0.0394077773438767	0.0337723301625811	1.15014137707185	0.582916155224666	0.000907132396008819	99.9000154195353
603	0.791527430014685	0.00145775419613346	1.18852994316258	0.00150270210159943	0.0300148772727698	0.020819749077782	1.17362647033297	0.566464408789761	0.000703710392815992	99.9185886214953
604	0.740324135730043	0.00173218544013798	1.10163664848078	0.00119396698591299	0.0154884101962671	0.0242898065107875	1.17920876878779	0.544974626041949	0.000363452725112438	99.8907584773842
605	0.78074095363263	0.00236155931605026	1.11274873227812	0.00100880659278482	0.0627331103384495	0.0356428612433374	1.15513924432453	0.592270064121112	0.000604503547307104	99.9136654626112
606	0.796386903617531	0.00102925466326997	1.10924365138635	0.00157170123956166	0.0424449421046302	0.0531268701232038	1.11395522705279	0.558782878005877	0.000501592909218743	99.8842415738851
607	0.735848758649081	0.00114380221394822	1.14136200426146	0.00106663709599525	0.0522262705210596	0.0160999713940546	1.12035831084941	0.537469709385186	0.000794863753253594	99.8957765716594
608	0.725162016809918	0.00200765435630456	1.19077019556426	0.00112255668314174	0.0624089723778889	0.0594105343152769	1.15000703835394	0.570978593081236	0.000654321279143915	99.9016005018726
609	0.733096035197377	0.00157130662444979	1.17737912165467	0.00148637592885643	0.0233045656094328	0.0351604382540099	1.18929760574829	0.547559219133109	0.000506413627415895	99.8069326051976
610	0.770159624516964	0.0027467052298598	1.16541670728475	0.00155848722765222	0.0401184217212722	0.0400096015012823	1.11112952735275	0.563680232642218	0.000772888956824318	99.9290078641381
611	0.76570717941504	0.00174755435623229	1.16948767162394	0.00113667578413151	0.048215644294396	0.0419466026625596	1.15590982702561	0.551397451828234	0.000625610759248957	99.8470254532527
612	0.791711122193374	0.00196054046740755	1.15848403212149	0.00165363872423768	0.0110419026529416	0.0568926858468913	1.16354716736823	0.582105623162351	0.000524745267117396	99.8132004079409
613	0.799285139935091	0.00187992915092036	1.10489802749362	0.00179652772168629	0.0130323440767825	0.0523398960675113	1.19495310687926	0.539803941757418	0.00021342331264168	99.9949511364102
614	0.703093643859029	0.00269896270986646	1.17309644941706	0.00115103044477291	0.0605967474961653	0.0358637353093363	1.1172848346876	0.545557945780456	9.1070125810802e-05	99.9384716974571
615	0.728370181145147	0.00175142072420567	1.14813916385174	0.00164598907553591	0.0223941329261288	0.0489184246966615	1.1514180105878	0.512916317442432	0.000334996735677123	99.8468635742553
616	0.718647233908996	0.00151882423646748	1.15301196647342	0.00130252515152097	0.0506758517026901	0.0282872194745578	1.12352872241754	0.592298502568156	0.000407833089819178	99.8418257821351
617	0.743209274183027	0.00264250870794058	1.14360118578188	0.00157028761203401	0.0678397486498579	0.037253306441009	1.14711951620411	0.517935215262696	0.000150673165917397	99.8887479163241
618	0.766523465048522	0.00183359541464597	1.18257305657025	0.0010866581662558	0.0345419665193185	0.014272579475306	1.14798636462074	0.526666224002838	0.000704640144715086	99.9513514245395
619	0.747002547583543	0.00290106336865574	1.17489497545175	0.00101381663116626	0.0334174117073417	0.0393062803940847	1.128863148042	0.590919917798601	0.00026350263459608	99.8428870026488
620	0.744893324864097	0.00217102323751897	1.15866520868149	0.0011324411300011	0.0634329499816522	0.0432405341877602	1.14576001104433	0.528620973182842	0.00076835926505737	99.9268511353992
621	0.760582562442869	0.00221765486663207	1.17434916819911	0.00141122511820868	0.0138862937130034	0.0083472843663767	1.15115063691046	0.502471103682183	0.00095344577380456	99.8299145111814
622	0.739629717567004	0.00101919951755553	1.1482268480584	0.00137698518880643	0.0416531812166795	0.0212013035109267	1.1148283845745	0.50400228658691	0.000222524534678087	99.9731746788137
623	0.752991668158211	0.0012620484996587	1.14371038228273	0.00154297121218406	0.0159305648785084	0.0140664385696873	1.18598131136969	0.5169192699017	0.000374514495022595	99.9139909529593
624	0.705917184124701	0.00200856156274676	1.19460714093875	0.00164268105383962	0.0536943256575614	0.0092822207682766	1.13651702459902	0.580088316183537	0.000107338921865448	99.8507552076597
625	0.773479281365871	0.00138749924814329	1.11333094702568	0.00131735750217922	0.0446352755045518	0.0290557901649736	1.16038528936915	0.595819686935283	0.000355873453198001	99.811358192563
626	0.73835221787449	0.00246523735392839	1.19573907095473	0.00117711237329058	0.0638245199201629	0.0199577879891731	1.15516678555869	0.562278556055389	0.000288754540262744	99.9282351821195
627	0.781258441042155	0.0013132949131541	1.10460492724087	0.00123910862579942	0.0430793827446178	0.0435956139229238	1.16328400827479	0.536488422937691	0.000668741533299908	99.8180779242422
628	0.758678617584519	0.00235351446690038	1.11674200776033	0.00174058092664927	0.0510067488159984	0.043645242086146	1.11157696393784	0.518646904127672	0.000851632136851549	99.9077380655333
629	0.745077444519848	0.00116137031884864	1.15148178008385	0.00118566830060445	0.0220210981136188	0.00678798094019294	1.19936323615257	0.505644715600647	0.000601874601095915	99.950267958967
630	0.76349986277055	0.00114845291431993	1.13084059751127	0.00157052819197997	0.0582031416567043	0.0350884978878312	1.19060038488824	0.568075366970152	0.000902361382264644	99.9415021664929
631	0.778487620293163	0.00256464409828186	1.17535625949968	0.0014406220423989	0.0502506540995091	0.0410870963986963	1.10904788789339	0.517053018370643	0.00039727586042136	99.9193372074049
632	0.732582899834961	0.00241803124453872	1.14760841464158	0.0019800009932369	0.0212171215657145	0.0502250518379733	1.11097251216415	0.585722985002212	0.000838307562517002	99.9313649984077
633	0.747905115317553	0.00140902416873723	1.15310159472283	0.00132941528176889	0.0515896247560158	0.0298123671063222	1.11261917951051	0.592407312663272	0.000798528762534261	99.9353475773241
634	0.793934498541057	0.00270577252143994	1.11058739265427	0.00166979126445949	0.0343379462743178	0.0147812457843684	1.13781090704724	0.514698437741026	0.000501752490177751	99.9798647142015
635	0.785585571965203	0.00283222267823294	1.16504432281945	0.00135363296512514	0.0538923855591565	0.0454311465136707	1.19381788647734	0.535797844524495	0.000459990891162306	99.8254564214963
636	0.773515983112156	0.00159057166893035	1.118087974214	0.00193289630999789	0.0545642014406622	0.0342000239803456	1.10950700314716	0.555315102962777	0.000174382150406018	99.8248434238136
637	0.725513721583411	0.00147238151775673	1.18795355884358	0.00125130083737895	0.0210180005989969	0.0301744575407356	1.11644343219232	0.57632838843856	0.000412518008612096	99.9712321199011
638	0.761881935573183	0.00113337691826746	1.1670516014332	0.00112757912138477	0.0492237930651754	0.0521729544815607	1.18391786869615	0.506609157496132	0.00024176869681105	99.8821447090711
639	0.765852895611897	0.00273119921935722	1.11245889496058	0.00159970509307459	0.027001937343739	0.058393768619746	1.14153276034631	0.583035606541671	0.000324344136053696	99.9645256360993
640	0.772331158304587	0.00166008647670969	1.16592617055867	0.00146746534085833	0.0344332245970145	0.0304848982854746	1.11690331925638	0.53676274116151	0.000909679494332522	99.9161189469043
641	0.784620189107955	0.00245644211629406	1.13954775778111	0.00166678477963433	0.0226535953674465	0.0139484865088016	1.18790869528893	0.564093617000617	0.000376313054934144	99.8209501225501
642	0.702055300376378	0.00195029197772965	1.13836603830569	0.00135969312791713	0.0187321597291157	0.00666597708826885	1.17331225688104	0.576019366993569	0.000460128421662375	99.8105597017333
643	0.768342635850422	0.00292362671298906	1.15976452550385	0.00108201767015271	0.021237168982625	0.0189357206099667	1.1171161491191	0.595533167151734	0.000479340331163257	99.9748887916096
644	0.701646039518528	0.00230117635708302	1.11414150784258	0.00115519994334318	0.0219157067872584	0.0431625772202387	1.14739170223475	0.539011649531312	0.000708618834381923	99.9716445095371
645	0.754123082500882	0.00240844214148819	1.10282330794726	0.00149035412492231	0.0182477640546858	0.042868624818977	1.18332485747524	0.54465844843071	0.000562569226603955	99.8546753195114
646	0.772334887413308	0.00135616620769724	1.10005584240425	0.00160891828755848	0.0694693250302225	0.0327306675491855	1.15046454961412	0.58367751322221	0.000905931227374822	99.9690320773982
647	0.761332721775398	0.00264904370438308	1.17534231275786	0.00162773032463156	0.0146068071527407	0.0510823772270232	1.1862059779698	0.546569509268738	0.000846249291207641	99.8701481212396
648	0.701078604441136	0.00215379060572013	1.1528035121737	0.00127588662039489	0.0141709486348555	0.030491410408169	1.11177683109418	0.591673784307204	0.000429627421544865	99.9568166999146
649	0.789839901262894	0.00104134892811999	1.12936336903367	0.00181010075472295	0.0696364589501172	0.0219044460458681	1.15567281777039	0.543226652848534	4.30193804204464e-05	99.8350809564814
650	0.774439669516869	0.00248781595658511	1.12740886432584	0.0010890054712072	0.0487286956002936	0.0180487479767762	1.18045759261586	0.597971384343691	0.000608954884111881	99.9198923734482
651	0.768243521614932	0.00295531679550186	1.19982298987452	0.00148469914053567	0.0380909758014604	0.0144951401269063	1.18351989490911	0.554534297971986	0.000574940739199519	99.87637260966
652	0.737039702781476	0.00129854601342231	1.12648783226032	0.00146488364855759	0.0691096513485536	0.0145147295775823	1.12072945157997	0.562427158746868	0.000316937827970833	99.9139468206558
653	0.746413292502984	0.00113048301124945	1.14401596272364	0.00126001970539801	0.0353918864298612	0.0198691891310737	1.10346995997243	0.575250928848982	0.000526486806105822	99.8827479465865
654	0.703410103009082	0.00140497541800141	1.12282579944003	0.00157493803859688	0.0463640848034993	0.0585363696618006	1.19792090374976	0.519894280890003	0.00038753772736527	99.8842993706465
655	0.783459191257134	0.00191027912078425	1.13094459995627	0.00154687537555583	0.0370114776026458	0.0345450172810815	1.12856608892325	0.582794979494065	0.000784200320951641	99.8970588975586
656	0.755495143262669	0.00294437996577471	1.14663376812823	0.00142812993424013	0.0134387427056208	0.0470335948979482	1.11534701555502	0.544007173948921	0.000686487415339798	99.9008957845625
657	0.747214918676764	0.00232936566602439	1.17307929159142	0.0019710386316292	0.0579210236156359	0.047189044680912	1.16721615612041	0.544323444948532	0.000943897106219083	99.8664077874273
658	0.73235757430084	0.00294809433026239	1.11913827913813	0.00153750794893131	0.0687150811776519	0.0183406560192816	1.13863133625127	0.522396650863811	0.000545604786835611	99.8184643748682
659	0.750851111812517	0.00162519655702636	1.15861279582605	0.00105447088554502	0.0338510017609224	0.00834345495142043	1.16214170053136	0.569019107241184	0.000967282573226839	99.8516550375149
660	0.713816010509618	0.0028587708780542	1.16951683957595	0.00123379034968093	0.0297492900909856	0.0550110543686897	1.179271104699	0.563599174772389	0.000140865941299126	99.8540370613802
661	0.75062416754663	0.00100772814452648	1.14468489643186	0.0017148049317766	0.0669188925530761	0.0322220682534389	1.15805600706954	0.562058125296608	0.000380678270710632	99.8685926758684
662	0.743578380253166	0.00167735394369811	1.10862399188336	0.00185870675067417	0.032300059995614	0.0230354306073859	1.14942606787663	0.507334148976952	0.000170755637576804	99.8703727041837
663	0.724514400260523	0.00243955853581429	1.17161160930991	0.00102897240105085	0.0265741509059444	0.0243615345591679	1.11487105125561	0.538591917627491	0.000265478446148336	99.8412867937703
664	0.798500437941402	0.00251323978230357	1.17890767243225	0.00140222472767346	0.0242358584608883	0.0597973878295161	1.14597275233828	0.554110628087074	0.000597161332610995	99.9025866234675
665	0.737348115863279	0.00195053362473845	1.16047614852432	0.00111094248341396	0.0267425485653803	0.035392611657735	1.17629826650955	0.507599641103297	0.000749237766955048	99.8948003327008
666	0.789786776900292	0.00245166619913653	1.19419089381117	0.00163197322189808	0.0577326001506299	0.0370794691094197	1.10367300757207	0.59246038661804	0.000749461935134605	99.8248454874381
667	0.717378915078007	0.00255321120284498	1.17134611271322	0.00164422477548942	0.0419302599178627	0.0577213083766401	1.19372498551384	0.57283794125542	0.000949681723024696	99.8967114752159
668	0.700688685639761	0.00191560019925237	1.14912870021071	0.00187089824979194	0.0165670452127233	0.0199547127191909	1.18374936105683	0.539575172844343	0.000992123119765893	99.8759680618532
669	0.774423312605359	0.00286190624674782	1.13283835214097	0.00192561651137657	0.0297916731005535	0.0331858340855688	1.10194629784673	0.584399357391521	0.000576121234102175	99.8959337820765
670	0.719717857916839	0.0019539807587862	1.12342865832616	0.00197672613430768	0.0259081283025444	0.0192508712466806	1.15363541790284	0.500640516914427	0.000104619682533666	99.9137349531054
671	0.777572553628124	0.00292973325587809	1.17955942780245	0.00163713317923248	0.0681842368515208	0.0470825725039467	1.18209670828655	0.583411657600664	0.000258377364836633	99.8623406548984
672	0.772548175370321	0.00199483873974532	1.10827078581788	0.0018924510658253	0.0508162108482793	0.0312518743481487	1.12113485885784	0.575869867531583	6.62509512621909e-05	99.925656355964
673	0.775637102802284	0.00184214837662876	1.19669206249528	0.00106265916442499	0.0302675638673827	0.0513666633786634	1.16971673483495	0.589615695993416	0.000929049867205322	99.8643739126157
674	0.745278307585977	0.00272733561974019	1.1669331833953	0.00148088429612108	0.0475765313720331	0.00786631725076586	1.14682985150721	0.583320345822722	0.000446435648947954	99.8559063681867
675	0.76735143493861	0.00123121687676758	1.10593127883039	0.00108246983634308	0.0114960770122707	0.0359339871914126	1.13435190848541	0.581832165899686	0.000664139857981354	99.9210268187802
676	0.769075291859917	0.00245051300432533	1.13467927710153	0.00111403040890582	0.0307091777632013	0.0404558411724865	1.17851069523022	0.596144627267495	0.000734302441356704	99.9474185584113
677	0.789211810636334	0.00220183735154569	1.11830474650487	0.00169490750320256	0.0486212460976094	0.044416434279643	1.12752859124448	0.585623459564522	0.000712633982300758	99.8373835335951
678	0.747417670767754	0.00139233637275174	1.13995323323179	0.00107415421726182	0.0623965945700184	0.0132158123874106	1.12906816927716	0.531199914310127	8.75283270142973e-05	99.8724935797509
679	0.725725802313536	0.00225044644530863	1.10530622550286	0.00199449361022562	0.0503422483243048	0.0184709426164627	1.11809451633599	0.583705978863873	0.000544988699024543	99.866351011116
680	0.743941238662228	0.00180045626778156	1.13582823169418	0.00198277453798801	0.0427559099858627	0.0270482260440476	1.12565517365001	0.536959135090001	0.000308659179601818	99.9301845614333
681	0.746306346054189	0.00101823282055557	1.19014673773199	0.0013198427259922	0.0495835095643997	0.0203059521764517	1.116520474758	0.516602596407756	0.000182523810304701	99.9121411369648
682	0.706074987584725	0.00265662747528404	1.1864678875776	0.00179156756168231	0.0206088761333376	0.0341418041065335	1.11061480103526	0.597286893706769	6.28881712909788e-05	99.9998095331248
683	0.723765273345634	0.001478505265899	1.12995818455238	0.00119079509843141	0.0473508805083111	0.0254007169129327	1.11527596563101	0.567937559611164	7.06344039645046e-05	99.9346223227214
684	0.719526573410258	0.00257772443350405	1.1566865576664	0.00125419204449281	0.0505963339842856	0.0454089021789841	1.17746903970838	0.527467555226758	0.000966709407046437	99.9108755233698
685	0.763569617783651	0.00235387864196673	1.12050704914145	0.00114713570079766	0.0604997690860182	0.0212777268919162	1.11347365863621	0.520775756146759	4.15892065502703e-05	99.8601667124312
686	0.770612699491903	0.00244794697454199	1.15456344825216	0.00173135113273747	0.0675244922796264	0.0492008656309918	1.11683184995782	0.598614853038453	0.000914835148723796	99.9181204845197
687	0.738782496144995	0.00130922405282035	1.1786364038242	0.00133329681004398	0.020450794082135	0.0239561256361194	1.13957458580844	0.569191751605831	0.000561920293373987	99.9981557580642
688	0.791076492681168	0.00248836615355685	1.14582760317717	0.00188749343343079	0.0595415082853287	0.0256595670478418	1.10762007241137	0.536213826248422	0.000256400158628821	99.9484384782612
689	0.787417420279235	0.00269625852676108	1.12842761396896	0.00120266224397346	0.0403300592582673	0.0415276584578678	1.11795034694951	0.590818172995932	0.000362089723115787	99.9547977234703
690	0.744332886231132	0.00204683238640428	1.11574684884399	0.00143546240543947	0.0111853973567486	0.0124802817134187	1.16752055014949	0.500829714583233	0.00013523023808375	99.8128434141632
691	0.737969883927144	0.00164487077854574	1.17700341541786	0.00174066147627309	0.0494061546539888	0.0326719294851646	1.19479120823089	0.529024454159662	0.000667145599145442	99.850280825235
692	0.759677503397688	0.00118647565459833	1.15830853981897	0.00178298615617678	0.0440008099842817	0.00812737414799631	1.11496879041661	0.577601651824079	0.000532337982440367	99.8978664127644
693	0.714154487103224	0.00229388845013455	1.1631279980531	0.00159265108429827	0.0227778909448534	0.0436166753028519	1.16936075401027	0.595075207739137	0.000502497683977708	99.8414435303304
694	0.760814515757374	0.00178234752127901	1.14067002197262	0.00133210143493488	0.0218643739726394	0.0362866674098186	1.1015698348172	0.595778293791227	0.000270256984280422	99.9043304879218
695	0.799608706124127	0.00125295867212117	1.16543510160409	0.00181682276073843	0.05002394344192	0.0381624505869113	1.11280463011935	0.535193830402568	0.000993579937145114	99.9896364078391
696	0.721592476731166	0.00242430286528543	1.16262736071367	0.00144199185934849	0.0647293531848118	0.0420720259915106	1.12513875709847	0.550877063069493	0.000957831739913672	99.9848625386599
697	0.736821539327502	0.00135758938547224	1.18920521617401	0.00102133684931323	0.0271380695234984	0.0101572144506499	1.13910473557189	0.586028078221716	0.000190079050837085	99.9540226940997
698	0.770459538092837	0.0011614786637947	1.17946189721115	0.00156096495082602	0.0418032779404894	0.0235811950857751	1.12129931636155	0.599780153715983	0.000257155935745686	99.8085736407433
699	0.774459101515822	0.00254585735639557	1.1486232690746	0.0019843420481775	0.0430956754740328	0.0538138861865737	1.1423221571371	0.523166745412163	6.55457540415227e-05	99.9297272580676
700	0.737140288786031	0.00238795409910381	1.11255299712066	0.00141582475649193	0.0575613106647506	0.0491051174076274	1.12486106220167	0.55870913520921	0.000383684295229614	99.9888825822156
701	0.744459353061393	0.00285100556816906	1.17156146615744	0.0014518354954198	0.0589271551277488	0.0571294834711589	1.1236940910574	0.525404494535178	0.000716414910973981	99.8497705932241
702	0.718700691382401	0.00229017292987555	1.19782918568235	0.00181901058321819	0.0286733120121062	0.0175911530312151	1.16330011340324	0.504018872207962	0.000414379083318636	99.8323614520952
703	0.749234320502728	0.00233748483238742	1.1470262010349	0.00174101797980256	0.0594555613817647	0.0257838355852291	1.12406264347956	0.577946114307269	0.000788147971732542	99.8101214769296
704	0.715760588925332	0.00248203470138833	1.12747826213017	0.00157141993241385	0.0601095413975418	0.0144814815935679	1.14244144558907	0.580241611483507	0.000463000532938167	99.861431237543
705	0.729901493224315	0.00166493631107733	1.17610679867212	0.00183917845506221	0.0597762021748349	0.0391619049827568	1.11092173061334	0.549915943853557	0.000553876720834523	99.8722883892711
706	0.738760161260143	0.00177905841823667	1.13654448075686	0.00135727500123903	0.0679787510586903	0.011577467371244	1.12956549129449	0.510493615316227	0.000559960959246382	99.9893132586963
707	0.792444268148393	0.00217948204930872	1.10719154006802	0.00189875861955807	0.0379324720846489	0.0213866290622391	1.13982434524223	0.543115630652755	0.000363092958927155	99.8882305026986
708	0.734484710614197	0.00120458795083687	1.11105073899962	0.0011766906643752	0.0266630420088768	0.0496897488171235	1.18096628780477	0.510775804426521	0.000594746284419671	99.8058585835621
709	0.783496254496276	0.00189700462622568	1.12285009967163	0.00189402538444847	0.0462815999891609	0.0280924897547811	1.11464179567993	0.510358643950894	0.000643518489087	99.932109312294
710	0.704640546045266	0.00292412964440882	1.11108112798538	0.00149011420551687	0.0327740226313472	0.00709825811209157	1.14187339376658	0.589850531588308	3.13414339907467e-05	99.8499880199786
711	0.757064281147905	0.00189121181983501	1.14953959898558	0.00193798784958199	0.0240803141985089	0.00648726054606959	1.17793681744952	0.533038091636263	0.00072197691979818	99.8096401248593
712	0.714233544049785	0.00291118223080412	1.13499863583129	0.00107354026846588	0.0644889863952994	0.0180944106867537	1.10904994346201	0.538739731837995	0.000892508653458208	99.8496896022
713	0.790845279209316	0.00271173846488819	1.18945535784587	0.0011663170948159	0.0286272809328511	0.0206752487928607	1.12384165455587	0.527333265263587	0.000388616043841466	99.9172649857123
714	0.714400902856141	0.00147860219236463	1.10467043800745	0.001796053070575	0.0317842313041911	0.0344588863989338	1.13010660260916	0.527945467736572	0.000728362137451768	99.9296863118652
715	0.73908268623054	0.00202444160077721	1.19028283187654	0.00105834480398335	0.0314393804175779	0.0365911454153247	1.11844640416093	0.568773569026962	0.000630241261795163	99.9865174897015
716	0.765139767411165	0.00264621686935425	1.15528325524647	0.00161362435948104	0.058257171320729	0.0206504255519249	1.11706778765656	0.555575046990998	1.11959152854979e-06	99.9815776726697
717	0.736304232967086	0.00139435319555923	1.18335816876497	0.00135665423213504	0.0657905530603603	0.0569751631957479	1.18217807488982	0.535991713008843	0.000460528810508549	99.8001223630272
718	0.729109829245135	0.00284013616386801	1.19153543345165	0.00109885055175982	0.043574965018779	0.0127771705552004	1.17634782893583	0.510164772160351	0.000586301778908819	99.8361858174205
719	0.786130675044842	0.0014909381326288	1.11163627339993	0.00192992080166005	0.0311960455123335	0.0180165695780888	1.19517485157121	0.569288141443394	0.000833964766003192	99.887205871148
720	0.798125094664283	0.00179297175165266	1.10243199726101	0.0016147687099874	0.043255340042524	0.0342233314882033	1.14547299090773	0.515247851796448	0.000467043242650107	99.9483368481044
721	0.763538332143799	0.0022794625996612	1.16120185377076	0.00162814515084028	0.0223001908604056	0.0421847056383267	1.1822205403354	0.54839784395881	0.00096171311265789	99.9203173551243
722	0.789793939422816	0.00196552636288106	1.16778725918848	0.00119620880065486	0.0452490652585402	0.0245830257637426	1.11909614887554	0.558247031690553	0.000753770700655878	99.9752839610446
723	0.72117962250486	0.00110664727399126	1.19546311118174	0.00121209290274419	0.039569218987599	0.0285739049543627	1.19643454570323	0.590731287701055	0.000758327507413924	99.8594327664468
724	0.735713447374292	0.00147581985360011	1.10470848898403	0.00173339004581794	0.0639000797318295	0.00848225716827437	1.13941977380309	0.588729834416881	0.000493400004925206	99.991176625248
725	0.756881294352934	0.0015605865190737	1.17800709609874	0.00186370491166599	0.06490947666578	0.0210666571506299	1.17238563438877	0.59465044834651	0.000238141109934077	99.8820868385024
726	0.746636756276712	0.00148150790343061	1.17120074846316	0.0015515566826798	0.0235736953746527	0.0523994880421087	1.17449617926031	0.502109569124877	0.000649277318501845	99.872792654857
727	0.776708577712998	0.00196347416751087	1.11429085591808	0.00170062188361771	0.0491517612803727	0.0139370907121338	1.12659785922151	0.594477481604554	0.000725763801718131	99.9006942158565
728	0.772533593629487	0.00276786806294695	1.16570570862386	0.00198177343094721	0.0588331032032147	0.0320652315714397	1.16398379944731	0.539312069886364	0.000209962590830401	99.8524922179058
729	0.721268420945853	0.00116073755221441	1.17196050749626	0.00124313060194254	0.0374003450619057	0.0341767432652414	1.17960526312236	0.550017021549866	0.000604501050664112	99.9115013093688
730	0.781559191970155	0.00262695653410628	1.14514498843346	0.00134662991156802	0.0241387728182599	0.0170310389525257	1.15829562761355	0.524042798555456	0.000252820765599608	99.9136106335558
731	0.722973282169551	0.00109387812623754	1.17246433731634	0.00188055107649416	0.0575874173734337	0.0174947664337233	1.19329468358774	0.595524641335942	0.000412596165668219	99.9290602488443
732	0.762901313812472	0.00280368051771075	1.10897846643347	0.00155929229455069	0.0116961656976491	0.0156181526184082	1.12414882231969	0.591834400896914	2.49331721570343e-05	99.9668902126607
733	0.726020980812609	0.00179986502276734	1.15387293680105	0.00160908858850598	0.0351027789292857	0.0327369098709896	1.17525037440937	0.547326123318635	0.000856834893813357	99.8036952165887
734	0.740657600271516	0.00273193952720612	1.17939410393592	0.00140546424221247	0.0183329579280689	0.0456479042898864	1.13292052599136	0.575433960254304	0.000448326712474227	99.8006396495271
735	0.727602364122868	0.00162350287893787	1.14246568153612	0.00110169352428056	0.0609163441415876	0.0287134292931296	1.16483188711572	0.598893178021535	0.000633249479578808	99.9445867672097
736	0.702754308539443	0.00150801837211475	1.16396259677131	0.00107228181185201	0.0557957293000072	0.024187825910747	1.13818297625985	0.541511961445212	0.000889381790999323	99.99124129517
737	0.769610453676432	0.00283610998280346	1.14180041530635	0.00134096359671094	0.0537327351002023	0.0298068235586397	1.18734812755138	0.560152304335497	0.000217447090428323	99.9991521988995
738	0.79726066943258	0.00144618457276374	1.12179062920623	0.00130808846419677	0.0313560040900484	0.0298941680984572	1.12875085880514	0.597807867173105	0.000586301536299288	99.835665646242
739	0.729387971991673	0.00202009487757459	1.13233336845879	0.00108403219748288	0.0169844539882615	0.031450591687113	1.15594739220105	0.568885973189026	0.000536072277929634	99.8641687510535
740	0.78466415789444	0.00100195245398208	1.14102216691244	0.00146878981241025	0.0239179794909433	0.0318971400344744	1.16753948696423	0.530418063374236	0.000104601578321308	99.8093500187155
741	0.799247056478634	0.00188535055564716	1.11787722036242	0.00188272164785303	0.0113285577623174	0.0560672564827837	1.13547975912224	0.559288872103207	0.000359615672612563	99.8042931553442
742	0.781032755691558	0.00128906838502735	1.11721557055134	0.0012704546446912	0.0697894097398967	0.0302673326907679	1.17635338997934	0.570960108400323	0.000177233458729461	99.9779670688324
743	0.724623769777827	0.0017838962120004	1.1339843908092	0.00164699644595385	0.0129067484522238	0.0161540318783373	1.14694413840771	0.503353226138279	0.000375158814247698	99.9823298031464
744	0.724012961168773	0.00294433658570051	1.1559722360922	0.00147662321012467	0.0178080398170277	0.0507187618059106	1.14032178628258	0.509091837494634	3.67602354381233e-05	99.8436331906356
745	0.790609075711109	0.00268579206615686	1.18382433052175	0.0014406950622797	0.023785283905454	0.0191541908090003	1.18114439873025	0.566730204643682	0.000978677535196766	99.9426109437831
746	0.76754446553532	0.00124701611837372	1.13163621474523	0.00142541553662159	0.0221565287001431	0.00610178777016699	1.1848337415373	0.541815189179033	0.000317671892000362	99.9432979584206
747	0.700085885287262	0.00153234821371734	1.17129963201005	0.00185124607151374	0.0393083232268691	0.0105992697752081	1.16640167476144	0.589848300628364	0.000972054851939902	99.9599657567684
748	0.717012670636177	0.00273551894072443	1.18726395659614	0.00155871618282981	0.054314590152353	0.0396299193799496	1.15369810808916	0.51162328098435	0.000196690410142764	99.8450395458843
749	0.7538588588126	0.0018831125870347	1.12903711507097	0.00133690346614458	0.0511693135928363	0.0329703260008246	1.11700194610748	0.553963589156046	2.53098662942648e-05	99.9131585816853
750	0.735784698603675	0.00251208152575418	1.17973282653838	0.00123547845799476	0.0401539803110063	0.0464351128796116	1.15802089208737	0.531027345918119	0.000394692855188623	99.9016210406087
751	0.727491876063868	0.00130608421936631	1.17280451257247	0.00128336038347334	0.0285160335199907	0.0542818526434712	1.10827962814365	0.5240678464761	0.000468042395077646	99.9492012189701
752	0.7218979280442	0.00136585386097431	1.13807464882266	0.00199826561380178	0.063219960485585	0.00755654990812764	1.16712525477633	0.510842449986376	0.000282207615673542	99.8145246620756
753	0.721984288701788	0.00117204300686717	1.1601942763431	0.00107384262466803	0.0335717928828672	0.0282870878367685	1.13839203428943	0.539406688325107	0.000867127989651635	99.9077367556747
754	0.722205718723126	0.00104440096858889	1.19162436616607	0.00136719075706787	0.0589511018618941	0.0518081537922844	1.15107825212181	0.589924648497254	0.000872983187902719	99.824639969226
755	0.759200046607293	0.00145585008338094	1.19523679299746	0.00104058467643335	0.0579953980725259	0.0207118117357604	1.14876835339237	0.574660272616893	0.00070007977890782	99.8236949298065
756	0.745635517011397	0.00185405318858102	1.1689781712601	0.00142422694060951	0.0571198599087074	0.0131542198956013	1.13089102345984	0.543901923694648	0.000926521642832086	99.9488619693089
757	0.744823104748502	0.00225415133452043	1.14251382749062	0.00160522020398639	0.0142501523392275	0.0283257770254277	1.1566716342466	0.544843769003637	3.99661087431014e-05	99.9325628912076
758	0.783279580506496	0.00259892414230853	1.1133266576333	0.001680345880799	0.0353035158710554	0.0124852044386789	1.19615228963085	0.580580120487139	0.000737271580379456	99.9768820717
759	0.717194702220149	0.00202232600050047	1.19935744027607	0.00169929781835526	0.0191851137951016	0.0281075123171322	1.14389839845244	0.562708231620491	0.000908095984021202	99.8004438105039
760	0.725359430909157	0.00144979110686108	1.1106218630448	0.00130027864896692	0.033672635294497	0.0414759159553796	1.19828740367666	0.564478886150755	0.000608871191972867	99.8524602104444
761	0.711337701859884	0.00245181886479259	1.15452362685464	0.00118774479581043	0.0200576483458281	0.0515570315751247	1.16678167949431	0.593858214328066	0.000547434608684853	99.9158646701835
762	0.749583210865967	0.00224893231317401	1.13202998761553	0.00185273764771409	0.0621799114346504	0.0154184872484766	1.13688325639814	0.584060986130498	6.07191638555378e-05	99.8878484860994
763	0.715446143457666	0.00293850470008329	1.13630563586485	0.00132925896300003	0.0106948759360239	0.0253088691537268	1.13895931385923	0.572172418190166	0.000102106199599802	99.8917696846649
764	0.791013543237932	0.00180446544010192	1.13734341717791	0.00190348251955584	0.0490855220612139	0.0274342921203934	1.1438380472362	0.502680013491772	0.000872959580272436	99.9242756290827
765	0.722472963063046	0.00157707344321534	1.16281011076644	0.00115022490546107	0.0143612837744877	0.0319690833804198	1.17867538849823	0.518704707245342	0.000542304485337809	99.9374611524865
766	0.726357624260709	0.00107462935196236	1.19254158961121	0.00120644792262465	0.0456099430983886	0.0412734999591485	1.17024429959711	0.51452208890114	0.000681913774926215	99.8595282410737
767	0.726244192407466	0.00179199752444401	1.11019690278918	0.00195102729322389	0.0355586451478302	0.042976069833152	1.18383098279592	0.581766864634119	0.000834873161977157	99.820295860013
768	0.790236596483737	0.00111244078725576	1.11839605332352	0.00119264723942615	0.0508523237332702	0.0152332460987382	1.15670741559006	0.551358338957652	0.000190050195204094	99.8841680780053
769	0.717601268948056	0.00274548599449918	1.1949258412933	0.00157598688686267	0.0234367147367448	0.0576273506786674	1.16840386339463	0.583843759144656	0.000136123991338536	99.9667673774529
770	0.742043201765046	0.0018873753901571	1.17285229312256	0.00134831417142414	0.0664974456420168	0.0176268828087486	1.18639130657539	0.549440918490291	0.000680573234101757	99.871070327051
771	0.743714748229831	0.00272796388156712	1.13077979721129	0.001370482662227	0.0423978943005204	0.0187134681441821	1.13574663065374	0.531837038532831	0.00061180212488398	99.8748275215272
772	0.77520697012078	0.00246238709846511	1.14186184026767	0.0010498510946054	0.0277397837908939	0.0363540608910844	1.13034748048522	0.571048365626484	0.000730675824685022	99.9010227298364
773	0.720634714211337	0.00142236881889403	1.1938600665424	0.00150364481774159	0.0402433344023302	0.0379003161834553	1.12879839669913	0.566406218707561	0.000861264055129141	99.9437041375786
774	0.740545715601183	0.00180541097279638	1.15402608385775	0.00121605615015142	0.0158056087372825	0.0132925707092509	1.12685472613666	0.581551880878396	0.00049878399213776	99.9770655271597
775	0.72296112452168	0.00117731085931882	1.11455004324671	0.00135165477427654	0.0235560345370322	0.0572758150049485	1.18655819077976	0.580751282558776	0.000557071563322097	99.9913633507676
776	0.77243955777958	0.00155379199841991	1.177775828843	0.00197163519170135	0.0244227130711079	0.0485758360801265	1.18237748525571	0.504369158949703	0.000507603597361594	99.9610352660529
777	0.70779710628558	0.00156468739081174	1.18754440932535	0.00102092499122955	0.0164116136170924	0.0417760284394026	1.18682821281254	0.563719713175669	0.000514225143939257	99.9792061118875
778	0.731392955826595	0.00176853862730786	1.19164198047947	0.00112838093237951	0.0612585488473997	0.0412103428384289	1.12908714534715	0.509559206617996	0.000399761913344264	99.8663462526631
779	0.725107734743506	0.00261913254950196	1.19589083534665	0.00161045130062848	0.0693002558266744	0.0139317665230483	1.14291475836653	0.534931716858409	0.00072248666244559	99.8263657508884
780	0.711675431695767	0.00253547281585634	1.10957945233677	0.00197410032525659	0.0184615300782025	0.050706809295807	1.11907971110195	0.513876010384411	0.000127893318422139	99.8793755005114
781	0.742810723464936	0.00174016717914492	1.13689295293298	0.00107862168806605	0.0499295532656834	0.0384173126248643	1.16392088136636	0.598821700387634	0.000390200259862468	99.8388739192393
782	0.77269200948067	0.00197756672371179	1.15794045680668	0.00154548073536716	0.0120832221629098	0.0471593374768272	1.11997292477172	0.587218303838745	0.00028090995666571	99.8481070234906
783	0.737836973881349	0.00287217598641291	1.16059479680844	0.00136758491909131	0.0577030890481547	0.018313819964882	1.14498961556237	0.548670251411386	0.000340410212287679	99.8288299909793
784	0.768469343776815	0.00117313045542687	1.14646102678962	0.00198912059399299	0.0489190665027127	0.00753864283114672	1.1273969510803	0.528743063239381	4.03482802212238e-05	99.9219265905675
785	0.712569205905311	0.0018811572897248	1.15930077384692	0.00159435160947032	0.050667962054722	0.0427835379741155	1.11823291534092	0.560205239290371	0.000241159040015191	99.942078664247
786	0.71142329769209	0.00215734929125756	1.12170024344232	0.00140387931023724	0.0367318519344553	0.0550338078662753	1.1319493423216	0.569365493976511	0.000866305974312127	99.8130518338177
787	0.795680717728101	0.00196787613630295	1.12563407337293	0.00129354437626898	0.0254689337173477	0.0326577811636962	1.15149751640856	0.554454983002506	0.000308045183075592	99.8984445466194
788	0.750692132790573	0.00285369151225314	1.1881346838316	0.00120207882882096	0.0678771030902863	0.026836332064122	1.15991459814832	0.534636235935613	0.00036769596952945	99.9812401555013
789	0.726514382730238	0.00109039710694924	1.18287858748808	0.00145388041576371	0.0156224131770432	0.0533590837600641	1.12259420633782	0.54669885947369	0.000768097935942933	99.8103533435613
790	0.794817586895078	0.00140407455898821	1.14201385336928	0.00143791076471098	0.0567649873532355	0.0226513123051263	1.18139842972159	0.55254944327753	0.000308279247954488	99.9926363371778
791	0.781728753796779	0.00134522205544636	1.14120429470204	0.00141373492311686	0.0345611727843061	0.0182512766886503	1.13381941916887	0.547493747365661	0.000667364812688902	99.8421820428688
792	0.782306888350286	0.00297442041290924	1.15423517257441	0.00110956280631945	0.0315257122041658	0.0268232505745254	1.1758497687988	0.524711337615736	0.000344090370927006	99.8083791616838
793	0.711923598940484	0.00249141086265445	1.16832602391951	0.00177870751242153	0.069944768245332	0.0131876758346334	1.11028129709885	0.506044191285037	0.000104648587759584	99.8192988659255
794	0.706422666809522	0.00289420844940469	1.11214083496016	0.00184092717827298	0.0144505996862426	0.0190962471356615	1.13364388945047	0.51119228026364	0.000110460684867576	99.9077510618139
795	0.720408612443134	0.00168351941369474	1.15168442174327	0.00179083700617775	0.0363443234283477	0.0406957839466631	1.1487355498597	0.557611567061394	0.000695905157132074	99.800724829454
796	0.774573581060395	0.00177418226236477	1.1999232940143	0.00198508398141712	0.0113806786574423	0.0308508188640699	1.13005015784875	0.565342988609336	7.52432907465845e-05	99.815730807418
797	0.796631143195555	0.00259794038254768	1.19081777771935	0.00166039425274357	0.0535769570246339	0.0380922124343924	1.16160867542494	0.54276650052052	0.000209477414842695	99.879489509156
798	0.719974452862516	0.00213529020734131	1.146655345615	0.00139554321509786	0.014842648874037	0.0526279308283702	1.19753990576137	0.511917087924667	0.000256476853974164	99.9744278276339
799	0.730850012530573	0.00132658240338787	1.17774612298235	0.00125739642581902	0.0397846668260172	0.0593698881869204	1.14847586115357	0.531301320111379	0.000553970772540197	99.9318890758324
800	0.787265490926802	0.00202574875159189	1.10412855725735	0.00125679515511729	0.0181682942807674	0.00892586469976231	1.11446615371387	0.586762782302685	0.000633108469191939	99.91908300207
