Sample - Blank	700	698	696	694	692	690	688	686	684	682	680	678	676	674	672	670	668	666	664	662	660	658	656	654	652	650	648	646	644	642	640	638	636	634	632	630	628	626	624	622	620	618	616	614	612	610	608	606	604	602	600	598	596	594	592	590	588	586	584	582	580	578	576	574	572	570	568	566	564	562	560	558	556	554	552	550	548	546	544	542	540	538	536	534	532	530	528	526	524	522	520	518	516	514	512	510	508	506	504	502	500	498	496	494	492	490	488	486	484	482	480	478	476	474	472	470	468	466	464	462	460	458	456	454	452	450	448	446	444	442	440	438	436	434	432	430	428	426	424	422	420	418	416	414	412	410	408	406	404	402	400	398	396	394	392	390	388	386	384	382	380	378	376	374	372	370	368	366	364	362	360	358	356	354	352	350	348	346	344	342	340	338	336	334	332	330	328	326	324	322	320	318	316	314	312	310	308	306	304	302	300	298	296	294	292	290	288	286	284	282	280	278	276	274	272	270	268	266	264	262	260	258	256	254	252	250	248	246	244	242	240	238	236	234	232	230
nm																																																																																																																																																																																																																																												
Normalized by 10307.053																																																																																																																																																																																																																																												
245.154	0	0	0	0	0	0	0	0	0	0	0	0	0	0	0	0	0	0	0	0	0	0	0	0	0	0	0	0	0	0	0	0	0	0	0	0	0	0	0	0	0	0	0	0	0	0	0	0	0	0	0	0	0	0	0	0	0	0	0	0	0	0	0	0	0	0	0	0	0	0	0	0	0	0	0	0	0	0	0	0	0	0	0	0	0	0	0	0	0	0	0	0	0	0	0	0	0	0	0	0	0	0	0	0	0	0	0	0	0	0	0	0	0	0	0	0	0	0	0	0	0	0	0	0	0	0	0	0	0	0	0	0	0	0	0	0	0	0	0	0	0	0	0	0	0	0	0	0	0	0	0	0	0	0	0	0	0	0	0	0	0	0	0	0	0	0	0	0	0	0	0	0	0	0	0	0	0	0	0	0	0	0	0	0	0	0	0	0	0	0	0	0	0	0	0	0	0	0	0	0	0	0	0	0	0	0	0	0	0	0	0	0	0	0	0	0	0	0	0	0	0	0	0	0	0	0	0	0	0	0	0	0	0	0.0169887110205962	0.00322670040728548	0.0385463174555807
249.632	0	0	0	0	0	0	0	0	0	0	0	0	0	0	0	0	0	0	0	0	0	0	0	0	0	0	0	0	0	0	0	0	0	0	0	0	0	0	0	0	0	0	0	0	0	0	0	0	0	0	0	0	0	0	0	0	0	0	0	0	0	0	0	0	0	0	0	0	0	0	0	0	0	0	0	0	0	0	0	0	0	0	0	0	0	0	0	0	0	0	0	0	0	0	0	0	0	0	0	0	0	0	0	0	0	0	0	0	0	0	0	0	0	0	0	0	0	0	0	0	0	0	0	0	0	0	0	0	0	0	0	0	0	0	0	0	0	0	0	0	0	0	0	0	0	0	0	0	0	0	0	0	0	0	0	0	0	0	0	0	0	0	0	0	0	0	0	0	0	0	0	0	0	0	0	0	0	0	0	0	0	0	0	0	0	0	0	0	0	0	0	0	0	0	0	0	0	0	0	0	0	0	0	0	0	0	0	0	0	0	0	0	0	0	0	0	0	0	0	0	0	0	0	0	0	0	0	0	0	0	0	0.0129046165811524	0.019307874675033	0.0275958311878816	-0.00333578297458527	0.0201951339440228
254.115	0	0	0	0	0	0	0	0	0	0	0	0	0	0	0	0	0	0	0	0	0	0	0	0	0	0	0	0	0	0	0	0	0	0	0	0	0	0	0	0	0	0	0	0	0	0	0	0	0	0	0	0	0	0	0	0	0	0	0	0	0	0	0	0	0	0	0	0	0	0	0	0	0	0	0	0	0	0	0	0	0	0	0	0	0	0	0	0	0	0	0	0	0	0	0	0	0	0	0	0	0	0	0	0	0	0	0	0	0	0	0	0	0	0	0	0	0	0	0	0	0	0	0	0	0	0	0	0	0	0	0	0	0	0	0	0	0	0	0	0	0	0	0	0	0	0	0	0	0	0	0	0	0	0	0	0	0	0	0	0	0	0	0	0	0	0	0	0	0	0	0	0	0	0	0	0	0	0	0	0	0	0	0	0	0	0	0	0	0	0	0	0	0	0	0	0	0	0	0	0	0	0	0	0	0	0	0	0	0	0	0	0	0	0	0	0	0	0	0	0	0	0	0	0	0	0	0	0	6.58273263581093E-4	-0.00177823691645637	0.00492407460649267	-0.0121372224581744	-0.00413062777713661	0.0222256691143214	0.0251814657198085	-0.031072285399159
258.601	0	0	0	0	0	0	0	0	0	0	0	0	0	0	0	0	0	0	0	0	0	0	0	0	0	0	0	0	0	0	0	0	0	0	0	0	0	0	0	0	0	0	0	0	0	0	0	0	0	0	0	0	0	0	0	0	0	0	0	0	0	0	0	0	0	0	0	0	0	0	0	0	0	0	0	0	0	0	0	0	0	0	0	0	0	0	0	0	0	0	0	0	0	0	0	0	0	0	0	0	0	0	0	0	0	0	0	0	0	0	0	0	0	0	0	0	0	0	0	0	0	0	0	0	0	0	0	0	0	0	0	0	0	0	0	0	0	0	0	0	0	0	0	0	0	0	0	0	0	0	0	0	0	0	0	0	0	0	0	0	0	0	0	0	0	0	0	0	0	0	0	0	0	0	0	0	0	0	0	0	0	0	0	0	0	0	0	0	0	0	0	0	0	0	0	0	0	0	0	0	0	0	0	0	0	0	0	0	0	0	0	0	0	0	0	0	0	0	0	0	0	0	0	0	0	0	-0.00330438969787715	0.00171586724047766	-0.010882394691999	-0.0014566774759621	-0.0146203944250971	2.66068113225314E-5	-0.0028000407749749	-0.00407111507928282	-0.0325106666413603	-0.00673197607082925
263.091	0	0	0	0	0	0	0	0	0	0	0	0	0	0	0	0	0	0	0	0	0	0	0	0	0	0	0	0	0	0	0	0	0	0	0	0	0	0	0	0	0	0	0	0	0	0	0	0	0	0	0	0	0	0	0	0	0	0	0	0	0	0	0	0	0	0	0	0	0	0	0	0	0	0	0	0	0	0	0	0	0	0	0	0	0	0	0	0	0	0	0	0	0	0	0	0	0	0	0	0	0	0	0	0	0	0	0	0	0	0	0	0	0	0	0	0	0	0	0	0	0	0	0	0	0	0	0	0	0	0	0	0	0	0	0	0	0	0	0	0	0	0	0	0	0	0	0	0	0	0	0	0	0	0	0	0	0	0	0	0	0	0	0	0	0	0	0	0	0	0	0	0	0	0	0	0	0	0	0	0	0	0	0	0	0	0	0	0	0	0	0	0	0	0	0	0	0	0	0	0	0	0	0	0	0	0	0	0	0	0	0	0	0	0	0	0	0	0	0	0	0	0	0	0	0.00387804002840031	6.31950612480143E-4	-0.00292754691864469	-0.00181245054541524	0.00394223515314924	0.0196948305239019	-0.0239753105785388	-0.017883599543311	-0.0217187219012755	-0.00937792033807244	-0.0221739686976871	-0.0183415713534255
267.584	0	0	0	0	0	0	0	0	0	0	0	0	0	0	0	0	0	0	0	0	0	0	0	0	0	0	0	0	0	0	0	0	0	0	0	0	0	0	0	0	0	0	0	0	0	0	0	0	0	0	0	0	0	0	0	0	0	0	0	0	0	0	0	0	0	0	0	0	0	0	0	0	0	0	0	0	0	0	0	0	0	0	0	0	0	0	0	0	0	0	0	0	0	0	0	0	0	0	0	0	0	0	0	0	0	0	0	0	0	0	0	0	0	0	0	0	0	0	0	0	0	0	0	0	0	0	0	0	0	0	0	0	0	0	0	0	0	0	0	0	0	0	0	0	0	0	0	0	0	0	0	0	0	0	0	0	0	0	0	0	0	0	0	0	0	0	0	0	0	0	0	0	0	0	0	0	0	0	0	0	0	0	0	0	0	0	0	0	0	0	0	0	0	0	0	0	0	0	0	0	0	0	0	0	0	0	0	0	0	0	0	0	0	0	0	0	0	0	0	0	0	0	0.00187084304056727	-7.29229092268673E-4	0.00203754644382156	0.00502097371515638	0.0148824056235016	0.0044976260835009	0.00674013985873687	-0.0135294159372481	-0.0013201406692189	-0.00450907643281479	-0.0119051981287862	-0.00734328398110524	0.00206474979036188	-0.0135487770697187
272.082	0	0	0	0	0	0	0	0	0	0	0	0	0	0	0	0	0	0	0	0	0	0	0	0	0	0	0	0	0	0	0	0	0	0	0	0	0	0	0	0	0	0	0	0	0	0	0	0	0	0	0	0	0	0	0	0	0	0	0	0	0	0	0	0	0	0	0	0	0	0	0	0	0	0	0	0	0	0	0	0	0	0	0	0	0	0	0	0	0	0	0	0	0	0	0	0	0	0	0	0	0	0	0	0	0	0	0	0	0	0	0	0	0	0	0	0	0	0	0	0	0	0	0	0	0	0	0	0	0	0	0	0	0	0	0	0	0	0	0	0	0	0	0	0	0	0	0	0	0	0	0	0	0	0	0	0	0	0	0	0	0	0	0	0	0	0	0	0	0	0	0	0	0	0	0	0	0	0	0	0	0	0	0	0	0	0	0	0	0	0	0	0	0	0	0	0	0	0	0	0	0	0	0	0	0	0	0	0	0	0	0	0	0	0	0	0	0	0	0	0.00626707938739663	-9.29395310212662E-4	-0.00325332166374361	-0.00532320379201566	0.00605616812931578	-0.00456649163922966	-0.00694974005473249	-0.00911733121954417	-0.0231312818438525	-0.00283319736413086	-0.00659089433465817	-0.00955418217282714	-0.0187347170477785	-0.0142886944502974	0.0122900684349593	-0.0269534760113067	-0.0529506269913081
276.583	0	0	0	0	0	0	0	0	0	0	0	0	0	0	0	0	0	0	0	0	0	0	0	0	0	0	0	0	0	0	0	0	0	0	0	0	0	0	0	0	0	0	0	0	0	0	0	0	0	0	0	0	0	0	0	0	0	0	0	0	0	0	0	0	0	0	0	0	0	0	0	0	0	0	0	0	0	0	0	0	0	0	0	0	0	0	0	0	0	0	0	0	0	0	0	0	0	0	0	0	0	0	0	0	0	0	0	0	0	0	0	0	0	0	0	0	0	0	0	0	0	0	0	0	0	0	0	0	0	0	0	0	0	0	0	0	0	0	0	0	0	0	0	0	0	0	0	0	0	0	0	0	0	0	0	0	0	0	0	0	0	0	0	0	0	0	0	0	0	0	0	0	0	0	0	0	0	0	0	0	0	0	0	0	0	0	0	0	0	0	0	0	0	0	0	0	0	0	0	0	0	0	0	0	0	0	0	0	0	0	0	0	0	0	0	0	0	0.00283743483212661	0.00634670427755839	0.00128795248230996	-0.00170820035078659	0.00379566585323142	0.0182604728785671	-0.00799446364807115	0.012244608327373	0.00831230937051381	0.00301497852051627	0.0159183639066082	-0.0050672606558842	0.0155194939659572	0.00291119049240254	-0.0118775727734621	0.017368465158922	-0.00611859510322782	0.00833573465354656	0.0262955193981604
281.087	0	0	0	0	0	0	0	0	0	0	0	0	0	0	0	0	0	0	0	0	0	0	0	0	0	0	0	0	0	0	0	0	0	0	0	0	0	0	0	0	0	0	0	0	0	0	0	0	0	0	0	0	0	0	0	0	0	0	0	0	0	0	0	0	0	0	0	0	0	0	0	0	0	0	0	0	0	0	0	0	0	0	0	0	0	0	0	0	0	0	0	0	0	0	0	0	0	0	0	0	0	0	0	0	0	0	0	0	0	0	0	0	0	0	0	0	0	0	0	0	0	0	0	0	0	0	0	0	0	0	0	0	0	0	0	0	0	0	0	0	0	0	0	0	0	0	0	0	0	0	0	0	0	0	0	0	0	0	0	0	0	0	0	0	0	0	0	0	0	0	0	0	0	0	0	0	0	0	0	0	0	0	0	0	0	0	0	0	0	0	0	0	0	0	0	0	0	0	0	0	0	0	0	0	0	0	0	0	0	0	0	0	0	0	0	-0.00127526216436269	2.11110977639191E-4	-8.81089226027611E-4	0.00150644936729392	0.00754367103279192	0.00275594997289272	0.00595580441014079	0.00607006621930512	-0.0114044260903415	0.00235230557348866	-0.00411695014818181	5.52487522913608E-4	-0.00606686513469082	-2.20843197226857E-4	0.00967903121605551	-0.00286516779479489	-0.00845143005684468	2.92268041670494E-6	9.02249287850764E-4	7.06286486028538E-6	-0.00552582467542634
285.595	0	0	0	0	0	0	0	0	0	0	0	0	0	0	0	0	0	0	0	0	0	0	0	0	0	0	0	0	0	0	0	0	0	0	0	0	0	0	0	0	0	0	0	0	0	0	0	0	0	0	0	0	0	0	0	0	0	0	0	0	0	0	0	0	0	0	0	0	0	0	0	0	0	0	0	0	0	0	0	0	0	0	0	0	0	0	0	0	0	0	0	0	0	0	0	0	0	0	0	0	0	0	0	0	0	0	0	0	0	0	0	0	0	0	0	0	0	0	0	0	0	0	0	0	0	0	0	0	0	0	0	0	0	0	0	0	0	0	0	0	0	0	0	0	0	0	0	0	0	0	0	0	0	0	0	0	0	0	0	0	0	0	0	0	0	0	0	0	0	0	0	0	0	0	0	0	0	0	0	0	0	0	0	0	0	0	0	0	0	0	0	0	0	0	0	0	0	0	0	0	0	0	0	0	0	0	0	0	0	0	0	0	0	0.00362345909125744	0.00507243614545977	0.00359969463036609	0.00115088254155752	0.00463469248841392	0.00419537121023297	-0.00847909926318523	0.00760841948280804	-0.00138226970297257	-0.00318947829909805	0.00338953334227235	7.3110340310942E-4	1.62843388501711E-4	0.0079382504326606	0.00396709956872503	0.00379291122812891	0.00125313800100372	0.00981860047515875	0.0136860615700931	0.0109258717987676	-0.00548214540871244	0.00101044964977602	0.00363580024177784
290.107	0	0	0	0	0	0	0	0	0	0	0	0	0	0	0	0	0	0	0	0	0	0	0	0	0	0	0	0	0	0	0	0	0	0	0	0	0	0	0	0	0	0	0	0	0	0	0	0	0	0	0	0	0	0	0	0	0	0	0	0	0	0	0	0	0	0	0	0	0	0	0	0	0	0	0	0	0	0	0	0	0	0	0	0	0	0	0	0	0	0	0	0	0	0	0	0	0	0	0	0	0	0	0	0	0	0	0	0	0	0	0	0	0	0	0	0	0	0	0	0	0	0	0	0	0	0	0	0	0	0	0	0	0	0	0	0	0	0	0	0	0	0	0	0	0	0	0	0	0	0	0	0	0	0	0	0	0	0	0	0	0	0	0	0	0	0	0	0	0	0	0	0	0	0	0	0	0	0	0	0	0	0	0	0	0	0	0	0	0	0	0	0	0	0	0	0	0	0	0	0	0	0	0	0	0	0	0	0	0	0	0.0027570032702819	-0.00147659934532288	8.09508113815405E-4	0.00272044127678877	0.00377837000945742	-3.45929021977853E-4	0.00641333063477842	0.0032146267206612	0.00347507100386101	0.0065939849254108	0.001653471453162	0.00305659561415521	-0.00164345975253942	0.00112638293621078	-0.00165251514630548	-0.00186083360156957	1.75763214028382E-4	-0.0013703427751178	-0.00264602138643858	3.25071531681891E-6	0.0119382931784766	0.0107111587792958	0.0108104530622333	-8.26836150839129E-4	-0.00347143926764921	-0.00238320415138903
294.623	0	0	0	0	0	0	0	0	0	0	0	0	0	0	0	0	0	0	0	0	0	0	0	0	0	0	0	0	0	0	0	0	0	0	0	0	0	0	0	0	0	0	0	0	0	0	0	0	0	0	0	0	0	0	0	0	0	0	0	0	0	0	0	0	0	0	0	0	0	0	0	0	0	0	0	0	0	0	0	0	0	0	0	0	0	0	0	0	0	0	0	0	0	0	0	0	0	0	0	0	0	0	0	0	0	0	0	0	0	0	0	0	0	0	0	0	0	0	0	0	0	0	0	0	0	0	0	0	0	0	0	0	0	0	0	0	0	0	0	0	0	0	0	0	0	0	0	0	0	0	0	0	0	0	0	0	0	0	0	0	0	0	0	0	0	0	0	0	0	0	0	0	0	0	0	0	0	0	0	0	0	0	0	0	0	0	0	0	0	0	0	0	0	0	0	0	0	0	0	0	0	0	0	0	0	0	0	0	0.00217115849680985	0.00292523400570047	-8.23086817017754E-4	0.00256799482472803	0.00148665072113031	0.00176998693991337	0.00124826251020685	0.00465154496089392	0.00324504026075571	-0.00258666739588995	-3.39399297791626E-4	0.0032539680673893	-0.00150187480227132	3.147318326714E-4	0.00220368328020994	0.00147105860389515	4.11119250280649E-4	0.00673562961090381	0.00654396217364278	0.0121918669197639	0.00674933896810053	-0.00291795983836358	0.0013697554310593	0.00434894930333561	0.00248771891076403	0.0203007698935885	0.00980102499186368	0.0129718879247242
299.142	0	0	0	0	0	0	0	0	0	0	0	0	0	0	0	0	0	0	0	0	0	0	0	0	0	0	0	0	0	0	0	0	0	0	0	0	0	0	0	0	0	0	0	0	0	0	0	0	0	0	0	0	0	0	0	0	0	0	0	0	0	0	0	0	0	0	0	0	0	0	0	0	0	0	0	0	0	0	0	0	0	0	0	0	0	0	0	0	0	0	0	0	0	0	0	0	0	0	0	0	0	0	0	0	0	0	0	0	0	0	0	0	0	0	0	0	0	0	0	0	0	0	0	0	0	0	0	0	0	0	0	0	0	0	0	0	0	0	0	0	0	0	0	0	0	0	0	0	0	0	0	0	0	0	0	0	0	0	0	0	0	0	0	0	0	0	0	0	0	0	0	0	0	0	0	0	0	0	0	0	0	0	0	0	0	0	0	0	0	0	0	0	0	0	0	0	0	0	0	0	0	0	0	0	0	0	2.15179291541546E-4	3.96398208174844E-4	0.00200472377041974	0.00178650381340355	0.00258810393550264	0.00745255287081528	0.00114752826372551	0.00916980605122966	0.00359913581237208	-8.42009452068031E-5	0.00817548144963324	0.0075436198267408	0.00276555630992517	0.00337987629867805	0.0043721167021772	0.00454967747075052	0.00576632748404229	0.00929268539923671	6.77272869126654E-4	0.0115033384799338	0.0108947035137454	-0.00209870876049697	0.0137734090856448	2.45820982075815E-4	8.16129664175118E-4	1.76965716021088E-6	0.00984123146524801	0.0249858543211906	0.0227717378255707	0.0163170241387114
303.665	0	0	0	0	0	0	0	0	0	0	0	0	0	0	0	0	0	0	0	0	0	0	0	0	0	0	0	0	0	0	0	0	0	0	0	0	0	0	0	0	0	0	0	0	0	0	0	0	0	0	0	0	0	0	0	0	0	0	0	0	0	0	0	0	0	0	0	0	0	0	0	0	0	0	0	0	0	0	0	0	0	0	0	0	0	0	0	0	0	0	0	0	0	0	0	0	0	0	0	0	0	0	0	0	0	0	0	0	0	0	0	0	0	0	0	0	0	0	0	0	0	0	0	0	0	0	0	0	0	0	0	0	0	0	0	0	0	0	0	0	0	0	0	0	0	0	0	0	0	0	0	0	0	0	0	0	0	0	0	0	0	0	0	0	0	0	0	0	0	0	0	0	0	0	0	0	0	0	0	0	0	0	0	0	0	0	0	0	0	0	0	0	0	0	0	0	0	0	0	0	0	0	0	0	0.00122729411031032	0.00238447022508061	-3.56442142822048E-4	3.0762362079529E-4	1.2990339913826E-5	0.00381240953755971	4.48403037383317E-4	0.00194677573443979	0.00260926777151028	0.00385939581432918	-0.00108560854909375	-2.73847678650518E-4	-0.00107759918842051	7.2761210856427E-4	-3.12544929336795E-4	0.00109606356628808	-0.00171562037570306	0.0062181854453183	-1.0348119122889E-4	0.00216989256685151	0.00134997441666439	0.00136147860024564	0.00119130407814426	3.85317644231407E-6	0.0045118580472741	9.65708032394025E-4	0.010002310388169	0.012266525687161	0.00280909163088051	-0.0101939511368484	0.021279948564277	0.0128012185577151
308.191	0	0	0	0	0	0	0	0	0	0	0	0	0	0	0	0	0	0	0	0	0	0	0	0	0	0	0	0	0	0	0	0	0	0	0	0	0	0	0	0	0	0	0	0	0	0	0	0	0	0	0	0	0	0	0	0	0	0	0	0	0	0	0	0	0	0	0	0	0	0	0	0	0	0	0	0	0	0	0	0	0	0	0	0	0	0	0	0	0	0	0	0	0	0	0	0	0	0	0	0	0	0	0	0	0	0	0	0	0	0	0	0	0	0	0	0	0	0	0	0	0	0	0	0	0	0	0	0	0	0	0	0	0	0	0	0	0	0	0	0	0	0	0	0	0	0	0	0	0	0	0	0	0	0	0	0	0	0	0	0	0	0	0	0	0	0	0	0	0	0	0	0	0	0	0	0	0	0	0	0	0	0	0	0	0	0	0	0	0	0	0	0	0	0	0	0	0	0	0	0	0	0.00208903810040912	0.0026332706908714	-3.07808912186887E-4	0.00182455181285138	0.00178287345138732	0.00180727856145535	0.00114446829685724	0.00535224670049944	0.001372609081331	0.00508957388227459	0.0062867236412733	-6.65394183068125E-4	0.00109517232887654	0.00216271381303597	0.00215099595926572	0.00402605482439468	0.00201196268584267	0.00237576260447228	0.00313702822967813	-4.50432658781299E-4	0.00199222743253013	0.00448927043807068	0.0059528332199537	0.00650909531399049	0.00487398930099316	0.00719421396519359	0.00712241529890455	0.00216868873816754	-0.00507538902687493	0.0136235887427048	0.0160726612587143	0.00459716330862109	-8.03267618924391E-4	-0.00292119859962266	0.0216862139685563
312.721	0	0	0	0	0	0	0	0	0	0	0	0	0	0	0	0	0	0	0	0	0	0	0	0	0	0	0	0	0	0	0	0	0	0	0	0	0	0	0	0	0	0	0	0	0	0	0	0	0	0	0	0	0	0	0	0	0	0	0	0	0	0	0	0	0	0	0	0	0	0	0	0	0	0	0	0	0	0	0	0	0	0	0	0	0	0	0	0	0	0	0	0	0	0	0	0	0	0	0	0	0	0	0	0	0	0	0	0	0	0	0	0	0	0	0	0	0	0	0	0	0	0	0	0	0	0	0	0	0	0	0	0	0	0	0	0	0	0	0	0	0	0	0	0	0	0	0	0	0	0	0	0	0	0	0	0	0	0	0	0	0	0	0	0	0	0	0	0	0	0	0	0	0	0	0	0	0	0	0	0	0	0	0	0	0	0	0	0	0	0	0	0	0	0	0	0	0	0	0	1.95556100985797E-4	0.00141923849242197	0.00182825802267392	0.00198825888426861	0.00197031522127433	5.08227389540127E-5	0.00232708882525208	-7.733864525281E-4	0.00536857054069442	-9.26369524915287E-4	3.16714529027077E-4	4.96403667428163E-4	0.00164915079187717	0.00405161909527489	0.00589720231462138	0.00590427602006199	0.00687397249107395	0.00481719303274787	0.0031398377739797	0.00484030464430406	0.00110487741449112	0.0033948430812827	0.00508382560451298	0.00504606539071959	2.47138757217876E-4	0.00597662418454961	-0.00366077879253537	0.00377660965129204	0.00347271059233063	0.00455679720823487	0.00946302198549499	0.0125595871858318	0.01022105673192	0.00531606224220144	0.015278001905138	0.0200261473342968	-0.0117340973806072
317.254	0	0	0	0	0	0	0	0	0	0	0	0	0	0	0	0	0	0	0	0	0	0	0	0	0	0	0	0	0	0	0	0	0	0	0	0	0	0	0	0	0	0	0	0	0	0	0	0	0	0	0	0	0	0	0	0	0	0	0	0	0	0	0	0	0	0	0	0	0	0	0	0	0	0	0	0	0	0	0	0	0	0	0	0	0	0	0	0	0	0	0	0	0	0	0	0	0	0	0	0	0	0	0	0	0	0	0	0	0	0	0	0	0	0	0	0	0	0	0	0	0	0	0	0	0	0	0	0	0	0	0	0	0	0	0	0	0	0	0	0	0	0	0	0	0	0	0	0	0	0	0	0	0	0	0	0	0	0	0	0	0	0	0	0	0	0	0	0	0	0	0	0	0	0	0	0	0	0	0	0	0	0	0	0	0	0	0	0	0	0	0	0	0	0	0	0	0	2.98027469129796E-5	9.2181336859541E-4	0.00211987660725744	0.00130344166473215	0.00151150782074148	-4.24851981254239E-4	0.00142687509318621	0.00470780157104473	0.00252120124620442	0.00144618682710695	-0.00221583852170322	0.00259418857174231	-0.0029999347887843	0.00232408150904126	0.00340971252272438	0.00248997279012326	9.21588525212166E-4	-7.79629344691602E-4	-9.53648865135125E-4	9.28791024007341E-4	-1.53784924678004E-4	0.00104335165731049	0.00120393238433906	-0.00267913264870148	0.00262018596409871	0.00255099873407326	0.00295078521739699	0.00453255500984996	6.1891920428312E-4	-0.00277296582838699	0.00370553260117061	-0.00482067601235115	9.84018959053367E-4	0.00303703494150133	0.00375663689710415	-7.1636440369804E-4	8.45636573162599E-4	-0.00591958221170851	0.0308568879093346
321.791	0	0	0	0	0	0	0	0	0	0	0	0	0	0	0	0	0	0	0	0	0	0	0	0	0	0	0	0	0	0	0	0	0	0	0	0	0	0	0	0	0	0	0	0	0	0	0	0	0	0	0	0	0	0	0	0	0	0	0	0	0	0	0	0	0	0	0	0	0	0	0	0	0	0	0	0	0	0	0	0	0	0	0	0	0	0	0	0	0	0	0	0	0	0	0	0	0	0	0	0	0	0	0	0	0	0	0	0	0	0	0	0	0	0	0	0	0	0	0	0	0	0	0	0	0	0	0	0	0	0	0	0	0	0	0	0	0	0	0	0	0	0	0	0	0	0	0	0	0	0	0	0	0	0	0	0	0	0	0	0	0	0	0	0	0	0	0	0	0	0	0	0	0	0	0	0	0	0	0	0	0	0	0	0	0	0	0	0	0	0	0	0	0	0	0	0.00129165358042599	-3.02087750711651E-5	-7.01043888400028E-4	-5.30879496759686E-4	0.00186685652560483	8.62949793988423E-4	0.00112615927704129	1.07087879464687E-4	0.0020802199534536	-0.00496007919544489	0.0026655125864669	-0.00570013790687298	-0.00215207516357503	-2.87097367796452E-4	3.11708884685436E-4	-0.00158004680616509	1.69972456881569E-4	-5.90882949029681E-4	-0.00125020245525064	0.00178224214799354	0.00124736975949576	2.90333845555548E-4	-0.00254045493756473	0.00514036855929851	-0.00148220316297929	-0.00225993814338976	0.00358573204290193	0.0019160726792397	0.00275327635108126	0.00209529231497644	-6.28301608885408E-4	0.00635346094993977	0.00376940205562485	-0.00267627979323255	0.0102238581504236	-0.00168550259682624	-0.00223053383545616	0.00327892947214949	-0.00764735516466775	-0.00652648281299421	-0.00422076670227228
326.331	0	0	0	0	0	0	0	0	0	0	0	0	0	0	0	0	0	0	0	0	0	0	0	0	0	0	0	0	0	0	0	0	0	0	0	0	0	0	0	0	0	0	0	0	0	0	0	0	0	0	0	0	0	0	0	0	0	0	0	0	0	0	0	0	0	0	0	0	0	0	0	0	0	0	0	0	0	0	0	0	0	0	0	0	0	0	0	0	0	0	0	0	0	0	0	0	0	0	0	0	0	0	0	0	0	0	0	0	0	0	0	0	0	0	0	0	0	0	0	0	0	0	0	0	0	0	0	0	0	0	0	0	0	0	0	0	0	0	0	0	0	0	0	0	0	0	0	0	0	0	0	0	0	0	0	0	0	0	0	0	0	0	0	0	0	0	0	0	0	0	0	0	0	0	0	0	0	0	0	0	0	0	0	0	0	0	0	0	0	0	0	0	0.00146223577061217	0.00114436639606992	0.00125797026003468	2.16956304291512E-4	6.70797386863432E-4	0.00168471639373849	8.96248896648661E-4	2.06753192244965E-4	-1.244278645121E-4	0.00173766757043369	0.0034096708622691	0.00306587043100643	5.71282805119271E-4	-0.001299835887688	-0.00112933379015463	6.51015730341747E-4	-0.00249384806086388	3.09346712386352E-4	0.00118551411489499	0.00205848411154523	-9.68477137809966E-4	3.2010454834462E-4	-8.79668863934014E-4	0.00170269216575196	0.00156527568905626	3.11177551092102E-4	-8.28126847820788E-5	0.00116446933494349	0.00106527466475077	0.00147027603595038	0.0045042505709913	0.0037148440547666	0.00214559966507092	-4.80754616509253E-4	9.05236863668698E-4	0.00670523451355325	0.0139353289602075	0.00306667588683584	-0.00747203716431534	-0.00651900116885883	0.0160428118719847	-0.00432336211701396	-0.00616573464380138	0.00309741511315813
330.875	0	0	0	0	0	0	0	0	0	0	0	0	0	0	0	0	0	0	0	0	0	0	0	0	0	0	0	0	0	0	0	0	0	0	0	0	0	0	0	0	0	0	0	0	0	0	0	0	0	0	0	0	0	0	0	0	0	0	0	0	0	0	0	0	0	0	0	0	0	0	0	0	0	0	0	0	0	0	0	0	0	0	0	0	0	0	0	0	0	0	0	0	0	0	0	0	0	0	0	0	0	0	0	0	0	0	0	0	0	0	0	0	0	0	0	0	0	0	0	0	0	0	0	0	0	0	0	0	0	0	0	0	0	0	0	0	0	0	0	0	0	0	0	0	0	0	0	0	0	0	0	0	0	0	0	0	0	0	0	0	0	0	0	0	0	0	0	0	0	0	0	0	0	0	0	0	0	0	0	0	0	0	0	0	0	0	0	0	0	0	1.37078740095826E-4	3.3827682236827E-4	0.00188168019087025	-5.24705332551903E-4	-0.00141983543391536	2.47376195667798E-4	7.40710742167724E-4	-6.94887970545843E-4	0.00191225756515189	-7.53753007951297E-4	-0.00123455745777661	-0.00119429591954752	-0.00395368783673782	-0.00373453591981169	-0.00424641290555908	-0.00145666708413206	-0.00204573220217478	-0.00184067968622322	-0.00364716756920117	-0.00221397007833959	-0.00294623957905092	-0.00236773516307402	-0.00183550235901858	-3.88540107179423E-4	-0.00376352991008329	-0.00193918122928251	-1.52748724094378E-4	-0.00454673967628152	6.77367723145885E-4	-8.77407175404619E-5	-0.00126649813969434	-0.00498624250701011	0.00689377461340576	-0.00168029863089926	2.92697443237978E-4	-0.00438841864233539	-0.00420586114390541	0.00554960776477869	0.00115984420513848	0.0108616561050209	-0.0125092685412218	-0.00593659007291147	0.00113603504455205	-0.0184503929223604	-0.0270560676694609	0.00439086870448029
335.422	0	0	0	0	0	0	0	0	0	0	0	0	0	0	0	0	0	0	0	0	0	0	0	0	0	0	0	0	0	0	0	0	0	0	0	0	0	0	0	0	0	0	0	0	0	0	0	0	0	0	0	0	0	0	0	0	0	0	0	0	0	0	0	0	0	0	0	0	0	0	0	0	0	0	0	0	0	0	0	0	0	0	0	0	0	0	0	0	0	0	0	0	0	0	0	0	0	0	0	0	0	0	0	0	0	0	0	0	0	0	0	0	0	0	0	0	0	0	0	0	0	0	0	0	0	0	0	0	0	0	0	0	0	0	0	0	0	0	0	0	0	0	0	0	0	0	0	0	0	0	0	0	0	0	0	0	0	0	0	0	0	0	0	0	0	0	0	0	0	0	0	0	0	0	0	0	0	0	0	0	0	0	0	0	0	0	0	0	2.90569728766756E-4	7.02795121199929E-4	4.39751191384718E-4	9.55108793918503E-4	-0.00137327385419909	1.43161815266773E-4	-0.0010046351796583	-9.24655457838766E-4	6.46473546198181E-4	0.00274400731176927	-0.0017413226386006	0.00301002296889894	-0.00290916616703601	-0.00203364676769929	-0.00234298928623609	-0.00107912972681839	9.90428932398293E-6	-9.95799595240906E-4	-0.00147896008925942	-3.65714265388172E-4	-0.00165013733673369	-0.002159952629981	-0.00403366754110161	-0.00167075385280147	-2.46432737477884E-4	-9.05868389754989E-4	-5.48486855311679E-4	-0.00186561338531609	0.00226090076158726	-1.62305040521286E-4	-0.00109681672224256	0.00180998401390342	-0.00594118287490893	0.00148970706767224	-0.00641525432410883	0.00324409157528655	8.72978609001806E-4	0.00195248023500188	1.84769173421559E-4	-0.00245734869269252	0.016171839647286	0.00285251992074712	0.0104669495186126	0.00759024699879121	-0.00791653606463866	-0.0245503046281367	0.00572798292733152	-0.00247659792187092
339.972	0	0	0	0	0	0	0	0	0	0	0	0	0	0	0	0	0	0	0	0	0	0	0	0	0	0	0	0	0	0	0	0	0	0	0	0	0	0	0	0	0	0	0	0	0	0	0	0	0	0	0	0	0	0	0	0	0	0	0	0	0	0	0	0	0	0	0	0	0	0	0	0	0	0	0	0	0	0	0	0	0	0	0	0	0	0	0	0	0	0	0	0	0	0	0	0	0	0	0	0	0	0	0	0	0	0	0	0	0	0	0	0	0	0	0	0	0	0	0	0	0	0	0	0	0	0	0	0	0	0	0	0	0	0	0	0	0	0	0	0	0	0	0	0	0	0	0	0	0	0	0	0	0	0	0	0	0	0	0	0	0	0	0	0	0	0	0	0	0	0	0	0	0	0	0	0	0	0	0	0	0	0	0	0	0	0	2.60723022906255E-5	-3.05082060235815E-4	-2.33057008148642E-4	-0.00122401943349396	-8.1880628724323E-4	-8.61719254485678E-4	-0.00104950147206952	-0.00195816055797862	0.00126232841754001	-3.39444632788819E-4	-0.0022980011929537	-5.64551314406928E-4	-0.00185404883300134	-0.00156082625811317	-0.00209208529843297	-0.00232078713374838	-0.00232973187693954	-0.00138767088370206	-2.69737082127541E-4	-0.00201322294474859	-0.00518359418696881	-0.00488199697476679	-0.00366103568811825	-2.02137336820605E-4	-0.00524191861879102	-0.00148655602540003	-0.00448342964403923	-0.00725025631049553	-0.00406648122070232	-0.00476598833995234	-0.00299321132195845	-0.00497575106475775	-0.00577735242919636	-0.00420637388091784	-0.00512042478845325	-0.00735904129886411	-0.00439431294522925	0.00115656223350724	-0.00759535020106479	-0.00756844458288745	-0.00362201452947575	-0.0124179985383176	-0.00961751045620412	-0.00383689441260055	-0.00806808274977681	-0.0127470064756236	-0.0456194464236928	-0.0448266775101605	-0.038656961576115	-0.0241512838905423
344.526	0	0	0	0	0	0	0	0	0	0	0	0	0	0	0	0	0	0	0	0	0	0	0	0	0	0	0	0	0	0	0	0	0	0	0	0	0	0	0	0	0	0	0	0	0	0	0	0	0	0	0	0	0	0	0	0	0	0	0	0	0	0	0	0	0	0	0	0	0	0	0	0	0	0	0	0	0	0	0	0	0	0	0	0	0	0	0	0	0	0	0	0	0	0	0	0	0	0	0	0	0	0	0	0	0	0	0	0	0	0	0	0	0	0	0	0	0	0	0	0	0	0	0	0	0	0	0	0	0	0	0	0	0	0	0	0	0	0	0	0	0	0	0	0	0	0	0	0	0	0	0	0	0	0	0	0	0	0	0	0	0	0	0	0	0	0	0	0	0	0	0	0	0	0	0	0	0	0	0	0	0	0	0	-2.54422556196236E-4	1.42162297897311E-4	4.54371066689618E-4	-2.95467529655528E-4	-4.05463491191584E-4	4.16305016975052E-4	-0.00122039168993354	-0.00111515366951224	-9.14023902707362E-4	0.00109162222507533	0.00173462163608885	-6.36109365261231E-4	-0.00109010802838105	-7.67284798293769E-4	-0.00140400847748324	-7.6469672475448E-4	-0.00126795606753717	-7.76167229852274E-4	-0.00311566662589671	-0.00166715527804778	-0.00340942908679201	-0.00268624834585074	-0.00307096424032292	-0.00309962822372521	-0.00249992152751895	-0.00273605189648921	-0.00198278370432415	-0.00484777683009849	-0.00330706544218181	-0.00259733200132783	-0.0037730222187976	-0.00108147659180555	-0.00191441927252471	-0.0044000881805677	-0.00299247735999104	-4.1659322819139E-4	-0.00401446349755586	-0.00529672180942629	0.00576826229362102	-0.00276640137675842	6.40814433060003E-4	-0.00228245218684308	-0.00385035558841124	-0.00397049298619798	-0.00567546287371575	-0.00707076974765994	-0.00739608456526883	-0.0111998421543556	-0.0146560911241551	-0.0212413052011032	-0.0134280172399163	-0.0410965352472211	-0.0154184067542972
349.084	0	0	0	0	0	0	0	0	0	0	0	0	0	0	0	0	0	0	0	0	0	0	0	0	0	0	0	0	0	0	0	0	0	0	0	0	0	0	0	0	0	0	0	0	0	0	0	0	0	0	0	0	0	0	0	0	0	0	0	0	0	0	0	0	0	0	0	0	0	0	0	0	0	0	0	0	0	0	0	0	0	0	0	0	0	0	0	0	0	0	0	0	0	0	0	0	0	0	0	0	0	0	0	0	0	0	0	0	0	0	0	0	0	0	0	0	0	0	0	0	0	0	0	0	0	0	0	0	0	0	0	0	0	0	0	0	0	0	0	0	0	0	0	0	0	0	0	0	0	0	0	0	0	0	0	0	0	0	0	0	0	0	0	0	0	0	0	0	0	0	0	0	0	0	0	0	0	0	0	0	0	-6.41517256252623E-4	-0.00132731564756829	-0.00161639014137911	-0.00255163594303602	-0.00172653603154738	-0.00162211035719118	-0.00189529437953829	-0.00125784973777224	-0.00195798850069293	-0.0018144344894224	-0.00181658631199631	-0.00165611122472205	-0.00199989639726975	-0.00241218917543407	-0.00314468823674467	-0.00567034112602855	-0.00482056122284562	-0.00297175383961532	-0.00381496632184467	-0.00383108195421682	-0.00378488094220516	-0.00475582877098781	-0.00488545641027136	-0.0020449912448593	-0.00388935325516071	-0.0034368979295262	-0.00500920065197491	-0.00762015765500642	-0.00699271129764871	-0.00419129654181937	-0.00639723197170817	-0.00494236709153595	-0.0042005799778229	-0.00689395335475895	-0.00659150837782573	-0.00399388602212572	-0.00349985450048412	-0.00463768749829898	-0.00595064176616761	-0.00593767942126696	-0.0127041220565378	-0.010022416260632	-0.0100799941857932	-0.00952578378687697	-0.0145968226690122	-0.00820880776393457	-0.0102475984413579	-0.0142944045778475	-0.0224257415654114	-0.0139293356688187	-0.0447728249355398	-0.0500920664553184	-0.0460209196709159	-0.053469540555241	-0.0836127885235423
353.644	0	0	0	0	0	0	0	0	0	0	0	0	0	0	0	0	0	0	0	0	0	0	0	0	0	0	0	0	0	0	0	0	0	0	0	0	0	0	0	0	0	0	0	0	0	0	0	0	0	0	0	0	0	0	0	0	0	0	0	0	0	0	0	0	0	0	0	0	0	0	0	0	0	0	0	0	0	0	0	0	0	0	0	0	0	0	0	0	0	0	0	0	0	0	0	0	0	0	0	0	0	0	0	0	0	0	0	0	0	0	0	0	0	0	0	0	0	0	0	0	0	0	0	0	0	0	0	0	0	0	0	0	0	0	0	0	0	0	0	0	0	0	0	0	0	0	0	0	0	0	0	0	0	0	0	0	0	0	0	0	0	0	0	0	0	0	0	0	0	0	0	0	0	0	0	0	0	0	0	-1.54145136305687E-5	3.56850041787441E-4	8.44624588994413E-7	-6.13615169200833E-4	-2.59004567355161E-4	-3.33903519836928E-4	-8.38032627670677E-4	-4.29222825755261E-4	-3.11266612363948E-4	-3.69825191923535E-4	-0.00197436997265288	-3.93320689973416E-4	0.00103411132489262	-0.00146034955451024	-0.00530601866327274	-0.00179008705449567	-0.00122861355708614	-0.00149810680329678	-0.00156370969204637	-0.00337033108058201	-0.00228515571432208	-0.00492037981929576	-0.004084392543456	-0.00344678653095551	-0.00318274996963148	-0.00502483169436893	-0.00410691474328543	-0.00414214261538672	-0.00409586750334346	-0.00403027825003202	-0.00401011816086622	-0.00314267245230748	-0.00519596019291437	-0.00166949782841969	-0.00216006139269629	-0.00435570750680682	-0.00420925231396581	-0.00183286678492657	-0.00692780843189469	-0.00478290045614407	-0.00419999697777279	-0.00453410237435166	-0.00375218046634934	0.00543204978217403	-3.89241441435743E-4	-0.00365509250404757	-0.00509268307746592	-0.0101620279725051	-0.00622728065226994	-0.0123770701155771	-0.00835125875671562	-0.0146959248812182	-0.0106663211794388	-0.0141105731991834	-0.0319618079554671	-0.0252374823694319	-0.0613154269043731
358.208	0	0	0	0	0	0	0	0	0	0	0	0	0	0	0	0	0	0	0	0	0	0	0	0	0	0	0	0	0	0	0	0	0	0	0	0	0	0	0	0	0	0	0	0	0	0	0	0	0	0	0	0	0	0	0	0	0	0	0	0	0	0	0	0	0	0	0	0	0	0	0	0	0	0	0	0	0	0	0	0	0	0	0	0	0	0	0	0	0	0	0	0	0	0	0	0	0	0	0	0	0	0	0	0	0	0	0	0	0	0	0	0	0	0	0	0	0	0	0	0	0	0	0	0	0	0	0	0	0	0	0	0	0	0	0	0	0	0	0	0	0	0	0	0	0	0	0	0	0	0	0	0	0	0	0	0	0	0	0	0	0	0	0	0	0	0	0	0	0	0	0	0	0	0	0	0	0.00246361406577939	0.00112347826457292	0.00165463035811671	-1.73956186098314E-5	8.2833461538135E-4	2.7285310093102E-4	7.42198648334504E-4	7.77033001631792E-4	9.20196140714975E-4	1.72379443586974E-4	-0.00171041637832338	3.93320471040108E-4	4.6465764224848E-4	0.00192778961843697	0.00215908324873193	-0.00145085473086709	-9.57436706910036E-4	-0.00125262467954711	-0.00157009784952731	-0.00104443005387571	-4.41422841189158E-4	-0.00106386122342863	1.65380033342135E-4	-6.78350056393973E-4	-0.00213502367763932	-0.00152038423122186	3.59332589695229E-5	8.5524296984019E-4	-0.00273879101566755	-0.00203242984461309	-0.00231439873109154	1.64158659437734E-6	-0.00114045525922315	-8.92178834444351E-4	-0.0016153406228352	-5.28877210964322E-4	0.00106082860467045	0.00132263128926796	-0.00188612050861493	-0.00205288916749596	-0.00131217906427178	0.0032525915247125	-0.00155306903774796	0.00110924230614726	5.99982837933641E-4	-9.73026291302893E-4	0.00262489129015425	0.00503058308398329	7.39067282118424E-4	2.03115221136873E-7	-1.8566439568618E-4	0.00755472660497571	-0.0172240138306664	-0.00342471615507334	0.00475376078024102	0.00472065428207988	-3.80663173171876E-4	-0.00580201471370528	-0.024433659340591	-0.0229796409768233
362.776	0	0	0	0	0	0	0	0	0	0	0	0	0	0	0	0	0	0	0	0	0	0	0	0	0	0	0	0	0	0	0	0	0	0	0	0	0	0	0	0	0	0	0	0	0	0	0	0	0	0	0	0	0	0	0	0	0	0	0	0	0	0	0	0	0	0	0	0	0	0	0	0	0	0	0	0	0	0	0	0	0	0	0	0	0	0	0	0	0	0	0	0	0	0	0	0	0	0	0	0	0	0	0	0	0	0	0	0	0	0	0	0	0	0	0	0	0	0	0	0	0	0	0	0	0	0	0	0	0	0	0	0	0	0	0	0	0	0	0	0	0	0	0	0	0	0	0	0	0	0	0	0	0	0	0	0	0	0	0	0	0	0	0	0	0	0	0	0	0	0	0	0	0	0	9.59543855529211E-4	3.83066473089572E-4	3.8870274210351E-4	5.22444236113509E-4	1.97374675968814E-4	-6.16125535129286E-4	-5.58471824644791E-4	-5.24252459500866E-4	-6.48350350020351E-4	3.30894240228144E-4	9.02378337863792E-4	-0.0016810796332583	-3.54042956834591E-4	1.06102222868791E-4	-0.00417006319383657	-0.00273235625203697	-7.67484600547604E-4	-2.84497494443294E-4	-3.43933270338492E-5	-1.20824336939047E-4	-5.46976383186499E-4	-0.00353589879456281	-9.51632666228091E-4	-8.75913538152035E-4	7.7476578260126E-8	-0.00228923289573224	-0.00154967127442172	-0.00291374861161035	-0.00124360681158869	-0.00214381439220571	-0.00166002336539709	-0.00144885062313545	-0.00246405757752195	-0.00463781996317456	-0.00259850762433966	-0.00248826324209373	-0.00241006013887167	-8.89133020223982E-4	-0.00251371840614343	-0.00465799795454003	2.80458177415558E-4	-6.64042045094988E-4	-0.00527616843704579	-0.00409706285157507	-0.00225701881428439	-0.00204360967678134	-9.65023544085617E-5	-4.34341754774329E-4	1.22409653974395E-4	-0.00891567694671539	-4.45416762006182E-4	-0.0063463571147009	-0.00131383078285999	-0.0156156784842854	-0.0149579146983848	-0.00557055950299304	0.00388975878915217	-0.0105052744225671	-0.0248176891691619	-0.0189532565945625	-0.0288660821166259	-0.0507551650980695
367.346	0	0	0	0	0	0	0	0	0	0	0	0	0	0	0	0	0	0	0	0	0	0	0	0	0	0	0	0	0	0	0	0	0	0	0	0	0	0	0	0	0	0	0	0	0	0	0	0	0	0	0	0	0	0	0	0	0	0	0	0	0	0	0	0	0	0	0	0	0	0	0	0	0	0	0	0	0	0	0	0	0	0	0	0	0	0	0	0	0	0	0	0	0	0	0	0	0	0	0	0	0	0	0	0	0	0	0	0	0	0	0	0	0	0	0	0	0	0	0	0	0	0	0	0	0	0	0	0	0	0	0	0	0	0	0	0	0	0	0	0	0	0	0	0	0	0	0	0	0	0	0	0	0	0	0	0	0	0	0	0	0	0	0	0	0	0	0	0	0	0	0	0	-2.28445809101872E-4	5.73720924273088E-4	-4.87387354442408E-4	-5.13529160407328E-4	-2.35056406568455E-4	5.20583065056801E-4	-5.4556265115409E-4	2.24330067134729E-4	7.18286313940419E-4	-2.9509234119577E-4	3.49604069363918E-6	7.05210832281472E-4	8.08225345137132E-4	6.79701031472371E-4	-6.48659703574204E-5	5.52670207321916E-4	-3.9295427010329E-4	-1.79686596191572E-4	-1.13621168255126E-4	-1.14321369989637E-4	-4.98372735207927E-4	-0.00124882140444817	-2.42265541270693E-4	3.21473404007303E-5	-5.6907497435459E-4	-1.61670913940588E-4	-7.62452879437514E-4	-0.00153222817015372	-0.00312428673462515	0.00195966439310887	-0.00210330037224796	-0.00170916306385243	-0.0027863890109112	-0.00229277731923197	-0.00299175843680109	-6.59043301034494E-4	-0.00249018430863922	-0.0036405388356552	5.56218882593821E-5	-0.00307590859391602	-0.00175353851962372	-0.00132632486267222	-4.91055644337519E-4	-0.00272057500749314	-0.0025529962838204	-1.81752715565191E-6	-0.00276936068487799	-9.06723207017146E-5	-4.96270257737917E-4	-0.00532337940579121	9.57481150973247E-4	-0.00384451093988444	-0.00177407700971037	-0.00166407640081742	0.00318365980787482	-0.00315364244931008	-0.00472821546842353	-0.00264344461416031	-0.0169738854297487	-0.0135102041263253	0.00464330142293149	-0.0166275578904832	-0.0170467634200342	-0.0268887974735423
371.92	0	0	0	0	0	0	0	0	0	0	0	0	0	0	0	0	0	0	0	0	0	0	0	0	0	0	0	0	0	0	0	0	0	0	0	0	0	0	0	0	0	0	0	0	0	0	0	0	0	0	0	0	0	0	0	0	0	0	0	0	0	0	0	0	0	0	0	0	0	0	0	0	0	0	0	0	0	0	0	0	0	0	0	0	0	0	0	0	0	0	0	0	0	0	0	0	0	0	0	0	0	0	0	0	0	0	0	0	0	0	0	0	0	0	0	0	0	0	0	0	0	0	0	0	0	0	0	0	0	0	0	0	0	0	0	0	0	0	0	0	0	0	0	0	0	0	0	0	0	0	0	0	0	0	0	0	0	0	0	0	0	0	0	0	0	0	0	0	0	0	9.32312834049993E-4	1.46739718851917E-4	3.38388618845772E-4	0.00141095198095903	9.92260594168204E-4	0.00137658057726618	0.00113157601520536	0.00124841425562987	3.90787057495683E-4	6.83332076184505E-4	0.00124797575462235	4.98703445157753E-4	0.00155880367112732	0.00280575024746735	4.0319158810557E-4	-3.46955452899332E-4	7.73670913271496E-4	0.00164643145224231	6.45000324502933E-4	1.39407024197104E-4	-3.6458274290978E-4	-0.00117184153667961	-2.98403765024924E-5	-3.89576889466903E-7	5.12078911760103E-4	5.8488995909131E-4	3.77041905369595E-4	7.07062120416236E-4	-2.30659500036693E-4	-0.00152344762242013	0.00122201146939064	-0.00295885976493301	1.4844033863963E-4	0.0011609693919122	-4.39447402429882E-4	0.00172964708153334	-4.43183016382716E-4	0.00136146377228729	0.00109145040760909	-7.86518639318674E-4	-3.33305018295627E-4	0.0015304157288586	0.00211496446961087	-1.97785206989047E-4	-4.17991593927233E-4	-0.00146182732986318	0.0031498051173717	0.0051091676375224	0.00430191352379111	0.00368223821922827	0.00337964742741189	0.00518829564542666	0.0061816509427912	0.00263891226762207	0.00603878310500973	-6.62453060621885E-4	0.00167681128671386	0.00104719514196319	0.00447241471166629	-5.2282505147429E-4	0.00948095219975231	-0.00100574419375012	0.0115312158557541	0.0152303780048742	-0.00476393324899057	0.0305637426850751
376.497	0	0	0	0	0	0	0	0	0	0	0	0	0	0	0	0	0	0	0	0	0	0	0	0	0	0	0	0	0	0	0	0	0	0	0	0	0	0	0	0	0	0	0	0	0	0	0	0	0	0	0	0	0	0	0	0	0	0	0	0	0	0	0	0	0	0	0	0	0	0	0	0	0	0	0	0	0	0	0	0	0	0	0	0	0	0	0	0	0	0	0	0	0	0	0	0	0	0	0	0	0	0	0	0	0	0	0	0	0	0	0	0	0	0	0	0	0	0	0	0	0	0	0	0	0	0	0	0	0	0	0	0	0	0	0	0	0	0	0	0	0	0	0	0	0	0	0	0	0	0	0	0	0	0	0	0	0	0	0	0	0	0	0	0	0	0	0	0.001714746484913	-1.62454720413991E-4	-4.11666221005193E-5	2.53589879544388E-4	3.11791219059026E-4	-6.00549676934924E-4	3.14400556489251E-4	7.52323986659533E-4	1.03258055932297E-4	2.33145580768467E-4	4.90508346525684E-4	-4.50867289601967E-4	0.00144112012427022	0.00117836446405901	0.00110209001200437	-5.73611054615798E-4	-3.52857499891674E-4	0.00173462023215655	-0.0010924374114154	-4.74381937239315E-5	-9.56787982039298E-4	-2.11179088433213E-4	-5.33612073604014E-5	9.7093583865847E-4	-3.39340445008225E-4	-6.62586912296083E-4	-1.46679189076491E-4	-6.85527875886373E-4	-5.46473422379683E-4	1.24344208628059E-4	-6.68045495171398E-4	-7.17551218015202E-4	-2.3336292886201E-4	-0.00155396310898085	4.28198729854485E-4	-0.00173702407422206	7.85065608886775E-5	-0.00130984821065884	-0.0013369916293708	-0.00210802436970756	-0.00315504943983755	-0.00112501436710399	1.05616888604027E-4	-0.00159399342135457	-3.47005542189023E-4	-3.70493502427746E-4	-9.78688653609535E-4	-8.97080580945132E-4	-0.00108523868811484	-0.00152319793681449	3.18358040123824E-4	8.92672938658331E-7	0.00146014891022049	-0.00127000505227215	0.00192938424021301	0.00141429836254968	0.00235628034686865	-0.00218367579735284	-0.00228960018134676	-0.00773510890863492	-0.00413490817508146	-0.00232181123795978	-0.0012910556884933	-0.016701261641168	-0.0103003198992188	-0.00950459747580136	-0.0181197252077002	-0.00890034205744703	-0.0163646624870046
381.077	0	0	0	0	0	0	0	0	0	0	0	0	0	0	0	0	0	0	0	0	0	0	0	0	0	0	0	0	0	0	0	0	0	0	0	0	0	0	0	0	0	0	0	0	0	0	0	0	0	0	0	0	0	0	0	0	0	0	0	0	0	0	0	0	0	0	0	0	0	0	0	0	0	0	0	0	0	0	0	0	0	0	0	0	0	0	0	0	0	0	0	0	0	0	0	0	0	0	0	0	0	0	0	0	0	0	0	0	0	0	0	0	0	0	0	0	0	0	0	0	0	0	0	0	0	0	0	0	0	0	0	0	0	0	0	0	0	0	0	0	0	0	0	0	0	0	0	0	0	0	0	0	0	0	0	0	0	0	0	0	0	0	0	0	0	0.0033652075726083	5.4161582106717E-4	0.00109907042205177	0.00194249068596796	0.00127582625925759	0.00151928789191149	8.17047925876884E-4	0.00173733845682979	0.00202415485117251	5.33246359642579E-4	0.00142002705871774	0.00149270690296407	0.00181906688621777	0.00194014152892846	0.00173532398177558	0.00271255712673112	7.78334949882178E-4	-8.07115790037673E-4	0.00277156318402448	8.25628689004235E-4	0.00144117293567063	8.17040349037271E-4	0.00164977770637799	0.00106571512275457	2.40043281184343E-4	-8.17316739293223E-5	0.00113863675728768	0.00112922714325724	0.00212347060363233	0.00242837100501007	4.18888247218611E-4	0.00152624084244526	0.00124878894013002	-6.39529111589565E-5	0.00138265809599217	0.00152602188827946	0.00234807041158326	0.00162966466990143	0.00187883693087902	7.43638884272653E-4	0.00127015274086878	0.00129536399632506	0.0021423756651774	4.92388784457812E-5	0.00147857462449351	0.00393716829671027	0.00182948354465467	0.00417024001900221	0.00320206775732352	0.00196083977400001	0.00255583878572474	0.00403073621266717	0.00472640770406681	0.00727104831153735	0.00527490011104495	0.00492371671384497	0.00556351541819891	0.00854673231627863	0.00653559417153845	0.0105887390569707	0.00884159238048116	0.00669021949127407	0.00305245361069033	0.0118876687517386	0.0094606151263951	0.00863117886043654	0.00913933470447427	0.0171738381302771	8.85837110934119E-4	0.00926577252009029	0.0309279385477321
385.661	0	0	0	0	0	0	0	0	0	0	0	0	0	0	0	0	0	0	0	0	0	0	0	0	0	0	0	0	0	0	0	0	0	0	0	0	0	0	0	0	0	0	0	0	0	0	0	0	0	0	0	0	0	0	0	0	0	0	0	0	0	0	0	0	0	0	0	0	0	0	0	0	0	0	0	0	0	0	0	0	0	0	0	0	0	0	0	0	0	0	0	0	0	0	0	0	0	0	0	0	0	0	0	0	0	0	0	0	0	0	0	0	0	0	0	0	0	0	0	0	0	0	0	0	0	0	0	0	0	0	0	0	0	0	0	0	0	0	0	0	0	0	0	0	0	0	0	0	0	0	0	0	0	0	0	0	0	0	0	0	0	0	0	-1.24384092563663E-4	-3.45935185054575E-4	1.06166718634745E-4	-7.52692172706962E-4	-7.28273701634658E-4	-5.02753432026351E-4	-6.86196574686402E-4	3.44784852068844E-4	-6.42788417451135E-4	-2.18916907239766E-4	-7.20918536195199E-4	4.41230303792452E-7	7.91341716216681E-5	0.00128480071896176	6.6416515513635E-4	-4.73859284150376E-4	0.00181867508088624	-4.68561436361931E-4	-6.6167343087389E-4	-6.41527889047236E-4	-7.67089285286163E-4	6.68406296449776E-4	4.95786919523492E-4	-0.00126355963538886	5.73370124968359E-4	-3.06172861669519E-4	-1.56592228073785E-4	2.67401395367625E-4	-7.90901313257267E-4	4.43482572216302E-4	-0.00118405975451275	-2.5855002678987E-4	-5.26990477477095E-4	-2.39890134506324E-4	-9.81245174397203E-4	-4.40175331860227E-4	-3.54853667969524E-4	-0.0014650445817354	-9.9838136047095E-4	-5.34501800648334E-4	-5.15555509924637E-4	0.00107403644288825	-0.00293938868425068	-8.04038866739118E-4	-0.00125190427898125	-0.0025040880491008	-0.00115049380032891	-0.00148336582738769	-0.00196324268568705	-2.97303071603639E-4	-0.00358523215220479	-0.00292289920531453	-0.00439319057820623	-0.00330020486862465	-0.0017025893867234	4.92759866289756E-4	9.66528003782922E-4	-0.00321977394445369	-0.00257590857130903	-0.00340279750417389	-0.00100737127695748	-0.0019668893454456	-0.00284096532836836	-0.00284089041266324	-0.00598642443098764	-0.0013446474502552	-0.00752659103124169	-0.0132767537694292	0.00128342292306585	-0.00732978014594478	-0.00936749466817059	-0.0126301102121364	6.15276241204807E-4
390.248	0	0	0	0	0	0	0	0	0	0	0	0	0	0	0	0	0	0	0	0	0	0	0	0	0	0	0	0	0	0	0	0	0	0	0	0	0	0	0	0	0	0	0	0	0	0	0	0	0	0	0	0	0	0	0	0	0	0	0	0	0	0	0	0	0	0	0	0	0	0	0	0	0	0	0	0	0	0	0	0	0	0	0	0	0	0	0	0	0	0	0	0	0	0	0	0	0	0	0	0	0	0	0	0	0	0	0	0	0	0	0	0	0	0	0	0	0	0	0	0	0	0	0	0	0	0	0	0	0	0	0	0	0	0	0	0	0	0	0	0	0	0	0	0	0	0	0	0	0	0	0	0	0	0	0	0	0	0	0	0	3.54030318945185E-4	-3.17957924514859E-4	2.01059392007269E-4	-9.92266067052137E-4	2.59842505612521E-4	2.77412024311139E-4	3.91152470113823E-4	0.00143938981798407	-1.62607418723141E-5	1.98525702482007E-5	-2.86415729729697E-4	7.09640024038028E-4	7.29942314322597E-4	7.88182042143616E-4	-3.72244926837111E-5	0.00192594738258796	6.71992070288371E-5	0.00172315155795668	-6.49970055257127E-4	-3.33210079364687E-4	-8.22414524643904E-5	2.08151834800558E-4	4.23457148178622E-4	4.9268816435394E-4	6.38180686668824E-4	-5.2004626022428E-4	-4.18037873748738E-4	-3.33602774001961E-4	6.34460521708658E-4	7.52341250904378E-5	-3.06820212714313E-4	4.17249426444459E-4	3.71105480857351E-4	-8.11310181903064E-5	1.37391921741911E-4	5.05411415312915E-4	-1.43339155964831E-4	0.00126038569367288	-2.10365554911656E-4	0.00117420554246523	-0.00120927903575388	-2.63379942124129E-4	-5.79450689564165E-4	3.63499899408807E-5	-0.00186797438782104	-0.00111634917788767	-0.00109263805961236	0.00154089081094436	-4.3700783081748E-5	-4.77634502174644E-4	7.59480985072865E-4	0.00112708676941448	6.236654212326E-4	5.4117156892891E-4	6.3461915336028E-4	0.00146635319257869	0.00119094860806543	0.00295833989979595	7.88019433943161E-5	0.00218377155692682	0.00136144334825199	6.914419341518E-4	0.00444620095132082	-0.00276517112222996	-0.00120825278368896	-6.0231300147015E-4	3.40121261578491E-4	-0.0059142363991783	-8.57473137804522E-4	-0.00455581847137788	-0.00837125472287336	-0.00336945188266534	-0.00104973350204818	-0.010995294046252	0.0130454486304593	-0.0162521577270618
394.837	0	0	0	0	0	0	0	0	0	0	0	0	0	0	0	0	0	0	0	0	0	0	0	0	0	0	0	0	0	0	0	0	0	0	0	0	0	0	0	0	0	0	0	0	0	0	0	0	0	0	0	0	0	0	0	0	0	0	0	0	0	0	0	0	0	0	0	0	0	0	0	0	0	0	0	0	0	0	0	0	0	0	0	0	0	0	0	0	0	0	0	0	0	0	0	0	0	0	0	0	0	0	0	0	0	0	0	0	0	0	0	0	0	0	0	0	0	0	0	0	0	0	0	0	0	0	0	0	0	0	0	0	0	0	0	0	0	0	0	0	0	0	0	0	0	0	0	0	0	0	0	0	0	0	0	0	0	0	8.71765924984964E-4	0.00183026787298114	8.68028152385493E-4	0.00130866189751106	0.00155416130688066	0.00156396830240803	4.44104828859596E-4	0.00127948171723075	0.00136589400162142	6.44215282072503E-4	0.00124577599076956	0.00116505151258035	8.4374868538162E-4	0.00108225184239171	0.00104788525277563	0.00243327211227533	0.00245661347556658	0.00334812305510543	-1.75667131510901E-4	9.12185325004602E-4	0.00131100901243542	0.00192366095871296	0.00112843763496815	0.00152460231875992	0.00143078994621222	9.18023187800452E-4	0.00145507011288063	6.37393554599084E-4	0.00119778439543608	0.0011822208109551	0.00135294323957382	0.00177463779450424	0.00124341796844959	9.38466693797352E-4	3.35012207177908E-4	0.00178208788426224	0.00112229277231537	0.0020187170955406	0.00211881493558786	0.00219554591054033	0.00266079329480755	1.80500202443923E-4	5.57665203719718E-4	8.64144742162766E-4	0.00105895585108574	5.48724963127538E-4	4.99799450761714E-4	0.00187172202033476	0.00220654411251849	0.00387020963166096	0.00171474853822698	0.00377112848717785	0.00275854083230632	0.00297485628176613	0.00325765063236218	0.0026905457250242	0.00179118058070918	0.00181566608913611	0.00306801989705323	0.00525398921930146	0.00251866468208912	0.00285647900056649	0.00431676853609828	0.00680476896282362	0.00295212096721944	0.00514651008542297	0.0056178856084668	0.0148271058838381	0.0115583190637708	0.005382586836967	0.00605180617141949	0.00816939108945279	0.00630545401507828	0.0113231515250065	0.00408897722315244	0.0111083167910419	-0.00281992938307752	0.00621273150302748
399.43	0	0	0	0	0	0	0	0	0	0	0	0	0	0	0	0	0	0	0	0	0	0	0	0	0	0	0	0	0	0	0	0	0	0	0	0	0	0	0	0	0	0	0	0	0	0	0	0	0	0	0	0	0	0	0	0	0	0	0	0	0	0	0	0	0	0	0	0	0	0	0	0	0	0	0	0	0	0	0	0	0	0	0	0	0	0	0	0	0	0	0	0	0	0	0	0	0	0	0	0	0	0	0	0	0	0	0	0	0	0	0	0	0	0	0	0	0	0	0	0	0	0	0	0	0	0	0	0	0	0	0	0	0	0	0	0	0	0	0	0	0	0	0	0	0	0	0	0	0	0	0	0	0	0	0	0	8.09401585599568E-4	7.16965655749866E-4	4.57424637813353E-4	0.00117832078677366	4.28060943617338E-4	7.90149258310221E-4	1.83832800933045E-4	-2.72103036517174E-4	-3.56909745683756E-4	4.68639953936174E-4	5.89148662863075E-4	-8.66843445927262E-5	9.23232761807365E-4	8.65601984861681E-4	6.02213755705437E-4	-3.70103838288248E-4	2.0785952914056E-4	6.8833320370385E-4	9.6425551438031E-5	9.53146759773352E-4	-6.4945394638808E-4	-1.73448774249823E-4	1.27119628285664E-4	-5.16471268365241E-5	6.50308084284764E-4	-1.86790320163954E-5	1.54226896618359E-4	4.70478235360804E-4	4.2248524123464E-4	6.60890568507699E-4	-2.54803566852061E-4	-5.44704495803946E-4	1.11689101693463E-4	0.00121150423144217	-1.40291497118447E-4	3.33871991176438E-4	6.30074322998255E-4	7.36076254980411E-5	-2.50439342322685E-5	0.0013598839853394	9.43335852722012E-4	-4.28831115736969E-4	0.0011268627945015	6.50177882440777E-4	8.76536222551609E-5	9.02425913098256E-4	7.14644609954377E-4	-3.53330024825165E-4	-6.68812099340983E-4	0.00112572735322829	0.00107481209600554	0.00101779391256105	0.00256194699529934	3.50800412382078E-4	0.00138888483419324	-5.39058081026801E-4	8.29477789629488E-4	0.00170432017947532	0.0020313074500622	-0.00128002519738257	0.00160111384300353	0.00277233680955588	0.00122035751564098	0.0043761674535548	0.00190753023895956	0.00126290932153098	0.0041659683775507	-2.17459216622214E-4	0.00479261475584671	0.00676281322809335	0.0020192136457586	0.00244780371353751	0.0025537554826789	0.00417353820334025	2.83790965361741E-6	0.00756371918445771	-0.00832666084067428	-0.00632774357650956	-0.00396739814965241	0.0111583012360175
404.026	0	0	0	0	0	0	0	0	0	0	0	0	0	0	0	0	0	0	0	0	0	0	0	0	0	0	0	0	0	0	0	0	0	0	0	0	0	0	0	0	0	0	0	0	0	0	0	0	0	0	0	0	0	0	0	0	0	0	0	0	0	0	0	0	0	0	0	0	0	0	0	0	0	0	0	0	0	0	0	0	0	0	0	0	0	0	0	0	0	0	0	0	0	0	0	0	0	0	0	0	0	0	0	0	0	0	0	0	0	0	0	0	0	0	0	0	0	0	0	0	0	0	0	0	0	0	0	0	0	0	0	0	0	0	0	0	0	0	0	0	0	0	0	0	0	0	0	0	0	0	0	0	0	-5.55520272497312E-4	-6.17197272122564E-4	-0.00142380032592843	-5.65276475329621E-4	-0.00144201638625158	-8.49660683450297E-4	-4.08114019970102E-4	-2.90758227202045E-4	-1.98964565712901E-4	-3.80636558580929E-4	-8.49223148466106E-4	-2.66044536211043E-4	-0.00120991748390317	1.07473548083128E-4	-7.05586690408491E-4	-1.01416158697363E-4	-5.95944044366517E-4	-4.91490806691163E-4	-9.23010390509279E-5	-5.63253414141873E-4	4.45496429587692E-5	-0.00146513666565229	-8.18763392023894E-4	-4.40403187004128E-4	-7.48831964682306E-4	-9.54964213776526E-4	-6.91308046172261E-4	5.58166690146782E-5	-5.63007799395948E-4	-7.64233842459169E-4	-4.10349677464698E-4	-1.40049317153484E-4	3.0839239357531E-4	-9.305551525561E-4	-9.5461734455827E-4	-3.55290205822008E-4	-5.91234240644411E-4	-9.31075867396204E-4	3.7992833072817E-4	-4.83098564772731E-4	-5.89137859954759E-4	-0.00140042362264045	-0.00102077840799206	-3.39260270666038E-4	-6.67188501132284E-4	-0.00120408412196832	-7.02408200155849E-4	-0.00214438110000383	-0.00128839736931932	-0.00210710075305804	-0.00134706325947766	-0.00130002075654313	-0.0015070075732061	-0.00136395051746311	-0.00167407783152025	-0.00209733682189315	-0.00139380856991027	9.2079960135801E-5	-0.00175681285361855	-0.00284256493009058	-0.0011495830506448	-0.00335293210345997	-0.00321655328205974	7.01606383761806E-4	-0.00383953438989573	-0.00221426755131728	-0.00572958586143262	-0.00123730287521389	-0.00304837707688512	-0.0025658076430072	-0.00569322372464356	-0.00403643344739054	-2.74005057403782E-4	-0.00664495235104358	-0.00347148546830692	-0.011328760858824	-0.0076402164770982	-0.00344120995101403	-0.0103177110067377	-0.0130789708714011	-0.0241396154410701	-0.0316620437454787	-0.0232597089110173
408.626	0	0	0	0	0	0	0	0	0	0	0	0	0	0	0	0	0	0	0	0	0	0	0	0	0	0	0	0	0	0	0	0	0	0	0	0	0	0	0	0	0	0	0	0	0	0	0	0	0	0	0	0	0	0	0	0	0	0	0	0	0	0	0	0	0	0	0	0	0	0	0	0	0	0	0	0	0	0	0	0	0	0	0	0	0	0	0	0	0	0	0	0	0	0	0	0	0	0	0	0	0	0	0	0	0	0	0	0	0	0	0	0	0	0	0	0	0	0	0	0	0	0	0	0	0	0	0	0	0	0	0	0	0	0	0	0	0	0	0	0	0	0	0	0	0	0	0	0	0	0	0	0.00118598042691518	5.57767215962345E-4	0.00110853143974891	9.85875643183907E-4	9.78844016129384E-4	5.03733341968021E-4	3.62569207982128E-4	4.12034810774045E-4	6.62440759315237E-4	0.00116508432942495	5.24361447145729E-4	0.0010953260560607	6.42315563808E-4	3.21367208932675E-4	7.59183612318876E-4	4.57110491053102E-4	9.14728080118003E-4	4.54763345376772E-4	0.00111691609027627	6.75371258106661E-4	0.00130405617992795	-2.844121242242E-4	1.00449197718449E-4	4.8630073161157E-4	0.00117996112049668	8.74967064331264E-4	2.11927050786651E-4	0.00144107666279208	8.82042312240223E-4	5.83750841805512E-4	0.00114910281990551	0.00105738064117736	6.94006802108026E-4	0.00104795477054247	-6.1115587567363E-5	0.00114860824110415	0.00156363730935527	7.89718841746089E-4	0.00137047742136103	5.74436474425213E-4	0.00145311382143223	4.52546477587392E-4	8.71800353459899E-4	8.64186660552971E-4	0.00191618641817751	0.00113344944629321	2.63362644905202E-5	7.56551817535139E-4	0.0011387209988656	0.00114486600853573	0.00204076170747951	6.72471772722911E-4	0.00126860743897469	-5.26134583744924E-4	9.338201516126E-4	0.00371349601684309	3.08217217817352E-4	0.00170617733183615	0.00219483859509542	-3.64230561053239E-4	-8.66921394443243E-4	0.00168312230410029	0.00189162370034724	0.00119825820829679	0.00161768070441865	0.00333862272891118	7.97096525569078E-4	0.00197506617410132	0.0013587791304933	0.0013063197447917	0.00407537657517486	-3.87992924482086E-4	4.34057567905301E-4	0.00579653081181885	0.00908983058295107	0.013428069417645	0.00686057713285348	0.0115759968747893	0.0088421433495816	0.0089838606786399	-0.00109949833796645	0.0040978762960797	0.0223817103846633	0.0251890123883152	0.0130558342000517
413.228	0	0	0	0	0	0	0	0	0	0	0	0	0	0	0	0	0	0	0	0	0	0	0	0	0	0	0	0	0	0	0	0	0	0	0	0	0	0	0	0	0	0	0	0	0	0	0	0	0	0	0	0	0	0	0	0	0	0	0	0	0	0	0	0	0	0	0	0	0	0	0	0	0	0	0	0	0	0	0	0	0	0	0	0	0	0	0	0	0	0	0	0	0	0	0	0	0	0	0	0	0	0	0	0	0	0	0	0	0	0	0	0	0	0	0	0	0	0	0	0	0	0	0	0	0	0	0	0	0	0	0	0	0	0	0	0	0	0	0	0	0	0	0	0	0	0	0	0	0	0.00119903460997907	0.00174615416432992	0.00163172210595308	0.00108967752497053	0.00129986559910742	0.00173925342610024	0.00143893426730195	2.85454815357382E-4	0.00121230001017711	8.2490086035979E-4	9.91428792478476E-4	9.10299429101815E-4	0.00150364252622336	8.09912962296495E-4	0.0014695171685202	0.00116759356514875	9.73675375492204E-4	0.00131282064516701	0.00132508378852548	7.28264188872066E-4	0.00150655438378232	0.00110195837835574	4.6960000483155E-4	1.61425524474869E-4	6.11912523513807E-4	0.00171312439708471	0.00137993250063165	0.00149215432241832	0.00205726950452955	6.10585735192059E-4	0.00153504185767469	0.00146618747358315	0.00123575783274763	0.0011477601875918	0.00111554725768974	0.0014540001285557	0.00221074555407639	0.00133096035147431	0.00100816092780311	0.00197862879362463	0.00156388528478127	0.00209552663047516	0.00170061528687914	7.70884868827924E-4	0.00204214904921284	0.0025663230336539	0.00170542888541014	7.83056883498831E-4	0.00214431612968306	0.00196044854745118	8.71626867880336E-4	8.97926280122055E-4	0.00176909465663059	0.00248854563864722	0.00192709438796974	8.40581347447833E-4	0.00230653323121052	0.00235669020533434	0.0010940321301934	0.00151379214032002	3.79525298937749E-4	0.00263328669357915	0.00184456876070278	0.00395155916355789	0.00312671975754496	0.00117504934574451	9.40004677266756E-4	0.00142099211746985	0.00586797311210761	0.0030430823400938	0.00569606696597819	0.00662796568171845	0.00590511256932445	0.00640330541958415	0.00668030607523551	0.00615729910846579	0.00651810886978175	0.00314169944865384	0.0166449990986778	0.0062417927060802	0.0093035365702846	0.0102355593147497	0.0126900883071949	0.0222383701329193	0.0194228851869112	0.0332094869714313	0.020987727355884
417.833	0	0	0	0	0	0	0	0	0	0	0	0	0	0	0	0	0	0	0	0	0	0	0	0	0	0	0	0	0	0	0	0	0	0	0	0	0	0	0	0	0	0	0	0	0	0	0	0	0	0	0	0	0	0	0	0	0	0	0	0	0	0	0	0	0	0	0	0	0	0	0	0	0	0	0	0	0	0	0	0	0	0	0	0	0	0	0	0	0	0	0	0	0	0	0	0	0	0	0	0	0	0	0	0	0	0	0	0	0	0	0	0	0	0	0	0	0	0	0	0	0	0	0	0	0	0	0	0	0	0	0	0	0	0	0	0	0	0	0	0	0	0	0	0	0	0	0	2.0563357033057E-4	7.21628410197855E-4	8.49517880381465E-4	7.66391865890381E-4	3.09067238742566E-4	3.44382385074216E-4	3.62059060286636E-4	6.81555685036106E-4	4.8972462284051E-4	1.6897284441205E-4	1.95296093842688E-5	5.74658445923948E-4	6.53177092080407E-4	9.25669311153289E-4	6.06647431304283E-4	5.00416794772728E-4	0.00109601777245832	9.68017651222456E-4	3.48404673824423E-4	8.42977600832548E-4	3.23693690920712E-4	0.00193571135173281	-7.60502071143157E-4	0.00127539636580289	3.46548548306305E-4	6.30285218284303E-4	5.46828405444201E-4	6.9729914195145E-4	5.33421618065295E-4	0.0010073181916248	8.63131850916358E-4	7.68374307433276E-4	8.29476379493461E-4	4.02725617303313E-4	0.0013696066077276	0.00125038973547421	6.84574260757076E-4	7.21095353955044E-4	8.96502346150264E-4	0.00104223756184409	9.66188001425107E-4	6.52624893924544E-4	6.03837909171809E-4	9.9237841056077E-4	5.84898021689623E-4	0.00100627380324122	-4.6724217252718E-5	0.00146921260038409	0.00157293186245285	0.00153284321987093	6.06860516391458E-4	-2.59259125914653E-4	0.00197224719417647	8.24098099137195E-4	-9.66301270284489E-8	2.86665624797335E-5	0.00124812314801488	6.51427666880244E-5	4.31280242414538E-4	0.00160802789521229	4.43878399072504E-4	0.00105331679864937	4.55371303657664E-4	0.00144149939077332	0.0026845966136111	1.46519591169192E-4	8.81822824302682E-4	7.66428138321666E-4	5.74588772277233E-5	0.00229685967695016	0.00274320537746925	0.0031820751577503	4.36206176008662E-4	0.00219092785604413	0.00433737003525977	0.00570739163604581	0.00145535508068202	8.1318724184283E-4	0.00143349052607888	0.00205020753938815	0.00855685273547863	0.0035186507908999	0.00310894557054996	2.34843909593133E-4	0.00238038316470462	0.00756188463063551	-0.00420407962863029	0.00583684825909859	-0.0130182193718834
422.442	0	0	0	0	0	0	0	0	0	0	0	0	0	0	0	0	0	0	0	0	0	0	0	0	0	0	0	0	0	0	0	0	0	0	0	0	0	0	0	0	0	0	0	0	0	0	0	0	0	0	0	0	0	0	0	0	0	0	0	0	0	0	0	0	0	0	0	0	0	0	0	0	0	0	0	0	0	0	0	0	0	0	0	0	0	0	0	0	0	0	0	0	0	0	0	0	0	0	0	0	0	0	0	0	0	0	0	0	0	0	0	0	0	0	0	0	0	0	0	0	0	0	0	0	0	0	0	0	0	0	0	0	0	0	0	0	0	0	0	0	0	0	0	0	6.16267194097335E-4	-1.55337431971876E-4	2.42151158482825E-4	-7.66606708059991E-4	1.43380864373671E-4	-7.73367276896715E-5	5.82887288002145E-5	-3.18900013122386E-4	-2.59928619920811E-4	-1.73581932802352E-5	1.90950129623702E-5	-4.40531095529584E-4	1.9500356030168E-5	-4.2871724708099E-4	-6.92767789672215E-5	-2.41588653590972E-4	-2.53561577635602E-4	-5.40088462956921E-4	1.22911845347446E-4	0.00129476138273047	1.75702251698871E-4	9.76710405797823E-5	7.14868775748807E-4	-0.00140174861029768	7.10452695769476E-4	-2.43612717518675E-4	1.33092594630339E-4	-3.90157109065965E-4	2.92668047635728E-4	-3.40582551668359E-4	-9.76743417553293E-5	3.25525716451882E-5	-4.92754224305582E-5	2.32688346641221E-4	4.02197710394741E-4	6.95237749722678E-4	-5.12534332685494E-5	8.37965409242614E-4	1.24700902471937E-4	3.99421587262493E-4	-6.32995301600608E-4	3.82441477794118E-4	6.09874693452793E-4	5.04407288643147E-4	-6.19262021382056E-5	-6.7692370468757E-4	7.57567103848427E-4	-8.82356118166219E-5	6.05996528297436E-4	2.25427946263348E-5	-4.41861530080565E-4	-6.40442057085225E-4	-2.18425725797462E-4	-2.48271838328216E-5	-1.78103689681855E-4	9.67813943602147E-4	-8.35471777791519E-4	-0.0012259499735259	9.5017179869058E-4	3.06026621545859E-5	7.14454517049142E-4	-3.2694510235845E-5	6.88019885149571E-5	-0.00108618910886149	7.69275102011078E-5	-0.00117486913883698	-7.71766684533941E-4	-0.00158937870391383	1.43920692903996E-4	-0.00198541145596331	4.83821031701817E-4	-8.46575105235078E-4	-0.00367954801541628	-0.00294404692010326	3.98704216683398E-4	-0.00163311777876431	3.83039769849316E-4	-1.67223624186122E-4	2.75448927843046E-4	-0.00295218016279062	-0.00113739029034654	-0.00344963464419975	-0.00718578583790476	-1.61257116321581E-4	-0.00763056559082284	-8.12084705295136E-4	-0.00480139692495853	-0.00311201926032685	-0.00593561754587419	0.00172796987406263	-0.00163478374476708	-0.0127839643189625
427.053	0	0	0	0	0	0	0	0	0	0	0	0	0	0	0	0	0	0	0	0	0	0	0	0	0	0	0	0	0	0	0	0	0	0	0	0	0	0	0	0	0	0	0	0	0	0	0	0	0	0	0	0	0	0	0	0	0	0	0	0	0	0	0	0	0	0	0	0	0	0	0	0	0	0	0	0	0	0	0	0	0	0	0	0	0	0	0	0	0	0	0	0	0	0	0	0	0	0	0	0	0	0	0	0	0	0	0	0	0	0	0	0	0	0	0	0	0	0	0	0	0	0	0	0	0	0	0	0	0	0	0	0	0	0	0	0	0	0	0	0	0	0	3.93248906925919E-4	-1.43704303431755E-4	2.45636010462227E-4	-0.00107421248700683	7.84450852796611E-4	1.58205239057667E-4	-2.5409831285915E-4	-0.00112200184373505	5.72172546264213E-5	-1.64629788234087E-4	-1.07951291842247E-4	-3.82108519539998E-4	-4.35909028365178E-4	-2.33325135523483E-4	-6.40470902445421E-4	-5.177620135704E-5	4.83699525727349E-4	-7.60915855843812E-4	-5.56960066880975E-4	3.78633003158647E-4	0.00140447421080302	0.00108841780272365	3.9572024898505E-4	-2.21409347221111E-4	-8.45217084698007E-4	-6.63652341244661E-6	-5.89577489871418E-4	-7.04599022758519E-4	-5.41945488391929E-4	6.35642990389104E-5	3.6621786013159E-4	4.45840374636199E-4	1.11832567676774E-4	6.41509568147951E-4	3.24392895672101E-5	3.74471366895264E-4	-3.28117487701729E-5	2.33117277769913E-4	-3.86792589382266E-4	5.98775221368901E-4	5.40688063910581E-4	1.77763625106801E-4	-1.2752180221977E-4	1.49839863643057E-4	3.08518956562332E-4	1.38408954396433E-4	-1.82079098731941E-4	1.45426672201957E-4	8.27214272901274E-4	-4.54162623284218E-4	3.95619190262448E-4	0.00116231208990106	-0.00166368507114832	8.15105414889145E-4	5.9445762400791E-4	6.3232350812395E-4	-5.23682963181668E-4	6.15582741523154E-4	5.30562164255771E-5	-3.82386310282845E-4	-1.41620657563808E-4	6.7385561419158E-4	-0.00118519212005612	-6.40928365607822E-5	-8.05925493104109E-4	-0.0020931590728871	-3.73692377765599E-4	-7.93724234325343E-4	6.30139366158269E-4	-0.00222467017389241	-0.00207227766404941	-0.00109749747970385	-0.00131736534636964	-0.0022123486596504	-0.00273410194452798	-0.00221045998714623	6.566963223257E-5	0.00111522284375166	0.00105522826566878	-0.00302212613860082	-0.00368675359826035	-4.96508083702884E-4	-6.66669822347199E-4	-1.23052385540065E-4	-0.00492926395823612	-0.00205354821546877	-0.00391468775408523	-0.00377595076421721	-0.0145626952588786	0.00203458201210106	-0.00435843593606467	-9.96627889955097E-4	0.0140343349301939	-0.0216713639437004
431.667	0	0	0	0	0	0	0	0	0	0	0	0	0	0	0	0	0	0	0	0	0	0	0	0	0	0	0	0	0	0	0	0	0	0	0	0	0	0	0	0	0	0	0	0	0	0	0	0	0	0	0	0	0	0	0	0	0	0	0	0	0	0	0	0	0	0	0	0	0	0	0	0	0	0	0	0	0	0	0	0	0	0	0	0	0	0	0	0	0	0	0	0	0	0	0	0	0	0	0	0	0	0	0	0	0	0	0	0	0	0	0	0	0	0	0	0	0	0	0	0	0	0	0	0	0	0	0	0	0	0	0	0	0	0	0	0	0	0	0	0	8.79652661348703E-4	2.03331349535572E-4	7.5421822620371E-4	-6.48060505539371E-4	-2.20594192579759E-4	7.96489156965093E-4	-4.80298231687502E-4	-5.26392854635376E-4	3.3390329428833E-4	-1.68969891551247E-4	-1.1086680666085E-4	-4.53794924362624E-4	2.18621272024692E-4	3.97151531715207E-4	9.0494850957336E-5	-5.20117693857841E-5	3.74286915366185E-5	4.17452646977234E-4	-2.32890600700796E-4	8.28075500000469E-4	5.16661487373035E-4	0.00125765216002559	0.00106365577596457	-1.6105295110537E-4	3.20635831240681E-4	-2.57821092542132E-4	-8.73682060840952E-4	3.52091735660097E-4	-9.29686324338471E-5	-2.52536992010358E-4	4.26037801472644E-4	1.55644460136071E-5	2.67267409847957E-4	5.68614119481529E-7	1.26072918513915E-4	6.95843134631528E-4	4.45978476390457E-4	-2.4048066101816E-4	3.8873136517801E-4	1.64763327328236E-4	8.3614078014134E-5	2.02592141313456E-4	-1.88375139762805E-4	-1.23319753468707E-4	5.58198056568197E-4	4.98958050008532E-4	0.00152091260779103	1.36502268617922E-4	3.59602036739676E-4	3.68436627495789E-4	8.36684894326229E-4	5.97522981212249E-4	0.00136641476916943	1.97957571507472E-4	8.76665059005867E-4	4.70828391579296E-5	9.37502788903398E-5	3.59753775804686E-4	0.00118062576501791	3.80002016089375E-4	1.56709851544057E-4	8.34468614959927E-4	3.60944652382273E-4	4.63592188563635E-4	2.41214987000504E-4	4.40459994056849E-4	2.66167357445673E-4	-4.18820379025458E-4	2.23495169877207E-4	-0.00203498120535663	-6.63159010723144E-4	-0.00149084676172723	0.00102097091630788	-0.0013775246682853	5.18639613687447E-4	-0.00289099307074311	-0.00143513500130088	-0.00115222060243833	0.0012848249757569	-4.08716435637614E-4	-0.00170100606547798	-2.38683180145847E-4	0.00248742730311007	0.0017754888095069	-0.00131505347584931	-0.0035796381405001	-0.00416506215360094	7.86602226744761E-4	-0.00263095825464574	-0.00725734172312967	-0.00750933869754952	2.57064105407529E-4	-0.00257673443762352	3.32665549495842E-5	0.0150298314373313	0.0180708989231033
436.285	0	0	0	0	0	0	0	0	0	0	0	0	0	0	0	0	0	0	0	0	0	0	0	0	0	0	0	0	0	0	0	0	0	0	0	0	0	0	0	0	0	0	0	0	0	0	0	0	0	0	0	0	0	0	0	0	0	0	0	0	0	0	0	0	0	0	0	0	0	0	0	0	0	0	0	0	0	0	0	0	0	0	0	0	0	0	0	0	0	0	0	0	0	0	0	0	0	0	0	0	0	0	0	0	0	0	0	0	0	0	0	0	0	0	0	0	0	0	0	0	0	0	0	0	0	0	0	0	0	0	0	0	0	0	0	0	0	6.70773849962971E-5	3.58425697416191E-4	-1.97020371307408E-4	3.50496640733604E-4	8.68909585662806E-4	2.28363905678893E-4	-3.74873602118414E-4	5.9166216225924E-4	7.66962166506398E-5	5.97648085954202E-4	2.32770055123636E-4	-5.57468976450185E-4	5.16353851598813E-4	2.41694105277211E-4	9.30339530342327E-5	6.84256634229019E-4	6.63797445463823E-4	4.11324509609005E-4	-5.04037711629325E-5	1.11968815084711E-4	0.00105867414477583	2.8544735589537E-4	7.66854413672021E-4	0.0011394963051862	5.64350968611068E-4	4.01265328095462E-4	1.297925685436E-4	7.31094768781162E-4	3.59655893763626E-5	0.00117445818024552	5.54700648073441E-4	0.0011836207301294	9.45464876940251E-5	4.7081584312043E-4	-6.26079422922531E-5	5.31085774423405E-4	9.21502890035976E-4	7.67402787110384E-4	3.45735839888651E-4	5.22811161293692E-4	4.15353076909741E-4	1.6160810461901E-5	1.64086368264784E-4	-3.62324451793042E-4	5.03580498542091E-4	0.00100914373098014	9.07489234331604E-4	0.00114594088337021	9.00801783644667E-4	0.0015505619452477	3.68486935733464E-4	0.00188666268967206	5.2928746312783E-4	4.15170821025716E-5	0.00133699152901305	0.00107813430243964	0.00120565323034527	-1.11661115672305E-4	-6.69543918431984E-5	0.00191253708908336	0.00138358161432247	5.87167534301244E-4	-2.40127886331665E-5	0.00163271488548624	2.40684212879947E-4	2.63913400173253E-5	7.76673133666961E-4	-6.53924340904694E-4	0.00259901509197061	-1.30430846160052E-4	-6.8068906816595E-5	5.53492582350885E-4	-2.71452794381265E-4	2.47049133062996E-4	-2.60047261998461E-4	4.44468565727599E-5	8.319734745173E-4	-7.24595248721145E-4	0.002115524495058	0.00193777709798151	9.59363278611391E-4	-5.73825553789126E-4	9.60032884257636E-4	0.00362052910759313	-3.95697355859663E-4	7.10905367605958E-4	-6.78771654421153E-4	0.00470525596058765	0.00209090012303307	2.54639923633249E-6	0.00342298052202117	-0.00348693506454718	0.00294260721858475	0.0081365667415587	0.00424570370764239	-0.00255950130656754	0.0116765056034221	-0.00982036066172564	4.97287261937501E-4
440.905	0	0	0	0	0	0	0	0	0	0	0	0	0	0	0	0	0	0	0	0	0	0	0	0	0	0	0	0	0	0	0	0	0	0	0	0	0	0	0	0	0	0	0	0	0	0	0	0	0	0	0	0	0	0	0	0	0	0	0	0	0	0	0	0	0	0	0	0	0	0	0	0	0	0	0	0	0	0	0	0	0	0	0	0	0	0	0	0	0	0	0	0	0	0	0	0	0	0	0	0	0	0	0	0	0	0	0	0	0	0	0	0	0	0	0	0	0	0	0	0	0	0	0	0	0	0	0	0	0	0	0	0	0	0	0	7.94906985718876E-5	-3.8745090226186E-4	1.74773661596658E-4	0.00102814048243468	4.9459479782258E-4	4.77580036215459E-5	8.77939113826674E-4	5.19088469551475E-4	-2.30079318372838E-4	2.93354442654036E-4	8.97919013128562E-4	1.34753493984534E-4	7.70372652765488E-5	-2.47324538695135E-4	5.67635935839673E-4	4.23311664745E-4	6.48984964012714E-4	-1.05482340476626E-4	-1.60251081266672E-5	-2.63313095086741E-4	0.00129212304540951	0.00104496241127688	0.00114645840516304	9.11820951603416E-4	1.17671385163185E-4	6.56846274360599E-4	3.83773674941801E-4	4.87203469628161E-4	1.44448714442026E-4	9.76450782887287E-5	4.2816913689803E-4	2.52304007017862E-4	-1.56447237340535E-4	4.22981387684988E-4	3.1209772704682E-4	3.26954532448702E-4	1.54962155721485E-4	3.87385090778423E-4	9.3149024618227E-5	4.66379724454524E-4	0.00101524825384784	7.54614756238375E-4	0.00156884826360605	1.91907010799503E-4	5.98576122252294E-4	0.00163884844458359	6.33049946158028E-4	9.16657760488966E-4	9.5320925797825E-4	0.00136844829436391	4.38023617042873E-4	6.75718386412175E-4	5.00572961637513E-4	0.00195170035955906	9.8952055065112E-4	8.67451444257579E-4	0.00128503612560128	0.00124225193583527	0.00121896639303292	0.00159791592066152	0.00108741567846178	-1.62095533178334E-4	0.00118408387335923	0.00118997128596642	0.00139800634856947	-1.02712504813372E-4	0.0021799146239778	-5.54421252021691E-5	7.98398077142415E-4	2.66846123854817E-4	4.66337011915595E-4	4.25896677610126E-4	4.49695152840242E-4	8.02998879888788E-4	-6.18322843591209E-4	0.00110455504153632	8.70309133380099E-5	0.00210911358807713	9.23004948520305E-4	0.00112839048139362	0.00226181091584247	0.00203824429861112	-7.02633750207134E-7	0.00291644785063016	8.82238987168356E-4	0.00358853945237277	0.00278736459278853	-3.50174448963518E-4	0.0036943909337202	0.0033657719196775	2.44340760863245E-4	0.00329249560015941	0.00215883193290621	-0.00294481668348749	0.00446002214737497	0.00414855637230036	0.0103993407406294	0.0101984956108272	-9.69988155108085E-4	0.0175691687511535	0
445.528	0	0	0	0	0	0	0	0	0	0	0	0	0	0	0	0	0	0	0	0	0	0	0	0	0	0	0	0	0	0	0	0	0	0	0	0	0	0	0	0	0	0	0	0	0	0	0	0	0	0	0	0	0	0	0	0	0	0	0	0	0	0	0	0	0	0	0	0	0	0	0	0	0	0	0	0	0	0	0	0	0	0	0	0	0	0	0	0	0	0	0	0	0	0	0	0	0	0	0	0	0	0	0	0	0	0	0	0	0	0	0	0	0	0	0	0	0	0	0	0	0	0	0	0	0	0	0	0	0	0	0	0	0	2.07509345062928E-4	-2.17003957309498E-4	1.69844254241523E-4	5.0688793448537E-4	4.74892816143169E-5	6.33497464600361E-4	-1.93633760719736E-4	1.24849796992425E-4	4.41637181747827E-4	3.58646219228171E-4	-5.43401662717102E-4	-1.69981638201409E-5	3.5066626149835E-4	6.02009002228997E-4	3.43534614906255E-8	4.18094459170598E-4	8.20048564628216E-4	6.89008973653122E-4	-3.30843325819994E-5	7.94558679271478E-4	7.25669869043823E-4	0.00138614949733112	-2.02423396108126E-4	4.27531714744802E-4	7.44542413842589E-4	-9.59086809903784E-4	5.29578718550395E-4	4.78049645339657E-4	3.22290679412387E-4	2.23449358701423E-4	9.79706139400177E-4	1.89365066844325E-4	5.46768171592591E-4	5.12138125669152E-4	7.27264346583591E-4	5.09584749967505E-4	8.45655410540542E-4	-1.68260256657494E-4	6.5680899121966E-4	6.87051945219588E-4	5.95731762767259E-4	-2.60275538106353E-4	3.22998010059199E-4	-9.28202674140826E-5	3.28017901262438E-4	5.67286193127849E-4	8.61049522184261E-4	8.11829790712676E-5	9.19254488724334E-4	3.68283293753651E-4	6.81060444101135E-5	4.90447535385885E-4	7.19417779514789E-4	5.73459144166768E-4	1.32803408480081E-4	5.24588715105594E-4	5.77286514347402E-4	1.42419675154306E-4	6.642928402327E-4	8.22788563402726E-4	3.21438376355667E-4	4.15535920492792E-4	3.13389810440825E-4	5.93191063165664E-4	0.00147011520833236	-7.17327978727573E-5	6.15249718428723E-4	-3.29192690873429E-4	8.38182847128094E-4	0.00146178071180581	-2.52059786362213E-4	7.3089090004552E-4	4.59284016504857E-4	3.28753361572828E-5	5.45511187097401E-4	-5.38635839648632E-4	4.96373285011548E-4	9.67449512385884E-4	4.35857050201919E-5	-6.32970500544562E-4	2.87236135005978E-4	0.00146558004422269	-0.00137979943696429	0.0013942263135798	-0.00129725711361013	-4.99550107166314E-4	-5.99100629955408E-4	0.00101122017186186	-6.25338113491755E-4	7.78595178484891E-4	-9.27079851740425E-5	0.00171400815608754	-0.00216178691698369	0.00229842618918164	0.00759762165668827	0.00546826398742473	0.0032529201111267	-0.00107120582702049	0.0017131295127258	-0.00111095321920141	6.84911819763317E-4	0	0
450.154	0	0	0	0	0	0	0	0	0	0	0	0	0	0	0	0	0	0	0	0	0	0	0	0	0	0	0	0	0	0	0	0	0	0	0	0	0	0	0	0	0	0	0	0	0	0	0	0	0	0	0	0	0	0	0	0	0	0	0	0	0	0	0	0	0	0	0	0	0	0	0	0	0	0	0	0	0	0	0	0	0	0	0	0	0	0	0	0	0	0	0	0	0	0	0	0	0	0	0	0	0	0	0	0	0	0	0	0	0	0	0	0	0	0	0	0	0	0	0	0	0	0	0	0	0	0	0	0	0	0	8.20129684539968E-4	4.8283882674694E-4	6.26901319671679E-5	-1.3920788145031E-4	3.09912508408658E-5	3.32612050457023E-4	-5.41960250653746E-4	5.49952261269822E-4	-4.03607229125163E-4	9.64322516827351E-5	8.25244766910431E-4	1.45240763313181E-4	8.04245645245557E-4	5.70986161064737E-4	1.07272336128843E-4	1.63445948560603E-4	-3.67789015213513E-4	8.76484269211106E-4	8.76026994002479E-4	3.68174551927536E-4	-3.37067444978585E-4	9.59090758365143E-5	4.82259018832594E-4	4.67280073246162E-4	0.00191713953817068	0.00162654278306845	2.79494522099704E-4	5.73113082167785E-4	-2.54251166426161E-4	8.17924554497534E-4	4.29754637698255E-4	6.91560328419027E-4	-1.24608912062538E-4	9.31982102285573E-4	2.01497047736945E-4	1.57553051837401E-5	8.23609319505367E-4	3.0783585252229E-5	-2.11742453844501E-4	8.4641608220565E-4	3.61819352116935E-4	5.40566579869159E-4	-1.49699686044247E-4	8.55707344228444E-4	7.52913398181651E-4	8.92602843252786E-4	8.07087140966862E-4	2.15079800968576E-4	9.75864034345295E-4	7.36810340457987E-4	5.24093037979398E-4	0.00132313803290058	8.38574387636886E-4	5.87438413052095E-4	9.12445704690694E-4	0.001255538341728	6.72749560254934E-4	4.84880002293776E-4	9.54838079878509E-4	9.77993335116931E-4	2.00027210714571E-4	6.73438218564666E-4	8.29786310874275E-4	0.00109629647512806	0.00118236155124495	6.58988451841922E-4	7.40140441712741E-4	9.86387545468737E-4	6.11617451143292E-4	8.94933883851142E-4	9.21838738678979E-4	9.26975065129173E-4	3.72202209032054E-4	7.18024778112366E-4	0.00109053684666264	0.00213819118630576	0.00114140609620765	-2.00249200833447E-4	6.72320804093048E-4	0.00123630283924058	0.00103032468709701	7.98061469782284E-4	0.00146558403465668	3.2939649575041E-4	-2.98458804651531E-4	5.21143203263447E-5	7.67031133848076E-4	4.6219736791672E-4	8.60278623644146E-4	0.00210227990979264	0.00340500911586327	0.00223793412970019	-5.92120555602131E-4	0.00357865050745847	0.00346962537123954	0.00744141486544299	1.33198908213025E-4	0.00746803190446959	0.00470363135377335	-0.00562450146032502	-0.00739274273867557	9.63456227659245E-4	0.0137167938274043	0	0	0
454.783	0	0	0	0	0	0	0	0	0	0	0	0	0	0	0	0	0	0	0	0	0	0	0	0	0	0	0	0	0	0	0	0	0	0	0	0	0	0	0	0	0	0	0	0	0	0	0	0	0	0	0	0	0	0	0	0	0	0	0	0	0	0	0	0	0	0	0	0	0	0	0	0	0	0	0	0	0	0	0	0	0	0	0	0	0	0	0	0	0	0	0	0	0	0	0	0	0	0	0	0	0	0	0	0	0	0	0	0	0	0	0	0	0	0	0	0	0	0	0	0	0	0	0	0	0	0	0	0	-2.1244327069327E-4	-4.72529433328471E-5	-2.24785049037338E-4	-3.65654810298301E-4	-7.06072391860393E-4	6.63576054792219E-4	-8.31647613947509E-4	-4.02515563927327E-4	-2.2294493933598E-4	9.15111099381531E-5	3.17312169092957E-5	2.53252281779803E-4	1.06194080931586E-4	-6.25156774102123E-5	-0.0010262922560947	1.8067639536372E-5	3.5145436217106E-4	-2.14499814369043E-4	-4.00720951555487E-4	-1.10673345036317E-4	2.62742309068933E-4	-3.14880819199192E-4	2.16299331170606E-4	-3.57296308426204E-4	-3.79028513046146E-4	0.00138831272466966	6.39600254393463E-4	-7.76025109083982E-4	-3.05922146051283E-4	1.17721303871363E-4	-5.93535776428628E-4	-7.83466557325984E-5	4.86356838314459E-4	4.04382767462186E-4	-2.93434541564825E-4	1.22989158933204E-4	-1.44206597170793E-5	-4.50748491135622E-5	-3.46881481070361E-4	3.46348215242237E-4	-2.39426728771188E-4	2.24365304598283E-4	-1.63548811510883E-4	-8.92606382788956E-5	4.47153411395265E-5	6.53516986537477E-4	1.63959166535724E-4	8.38401361722384E-4	1.35717888452526E-4	5.62164769046387E-4	-6.28401254355983E-4	4.499890038562E-4	3.45949092529217E-4	1.27786674745473E-4	0.00133388868314522	-9.98786718844133E-5	8.34742873733307E-4	7.52313582026951E-4	0.00102551535276225	5.53632900815036E-4	6.04765773358116E-4	4.45323833052544E-4	0.00150459643105257	0.00161541008941575	3.0772189670796E-4	-1.25326224012305E-4	5.74405670862583E-4	8.03841682957891E-4	-5.32710185501062E-4	4.08586376399756E-4	-6.97911882319401E-5	5.02812786285423E-4	5.91821966594117E-4	4.58581392166127E-4	6.84619459655195E-4	2.46431027291414E-4	5.68442519674673E-4	-4.77081964680442E-4	8.47591546593908E-4	-3.97351549397675E-4	8.40626493397046E-4	7.41986053416391E-4	-4.70714735588495E-4	3.33221585023437E-4	-8.79383508534794E-4	-0.00130373434796763	-3.93808045247341E-4	-5.16954893531946E-5	-3.26511339830963E-4	-9.75095074471404E-4	-3.03303125610091E-4	0.00182187627435938	1.42560660439912E-4	0.0019084820363919	-0.00234947469312756	-0.00213997080895155	8.33629216351354E-4	0.00105329238915704	-5.24714756373711E-4	0.00133481283256665	0.00316032343533916	-0.00110778811309344	-0.00689800162668055	-0.00639949637592821	0	0	0	0
459.414	0	0	0	0	0	0	0	0	0	0	0	0	0	0	0	0	0	0	0	0	0	0	0	0	0	0	0	0	0	0	0	0	0	0	0	0	0	0	0	0	0	0	0	0	0	0	0	0	0	0	0	0	0	0	0	0	0	0	0	0	0	0	0	0	0	0	0	0	0	0	0	0	0	0	0	0	0	0	0	0	0	0	0	0	0	0	0	0	0	0	0	0	0	0	0	0	0	0	0	0	0	0	0	0	0	0	0	0	0	0	0	0	0	0	0	0	0	0	0	0	0	0	0	0	0	0	2.18057649136423E-4	4.23292665812027E-4	6.78108783618164E-5	7.6818076182632E-4	-1.7466059027177E-4	1.89550469113792E-4	5.12212670368987E-4	2.45255405389223E-4	5.25301123221031E-4	1.9325302907622E-4	4.73737762071587E-4	3.15233598771004E-4	-2.96834155241388E-5	-4.59457247489803E-5	8.54190447168768E-4	9.56394242022281E-5	3.78452448036553E-4	5.93817779892252E-4	3.58027163431929E-5	3.02693366479241E-4	4.73914206905646E-4	6.58488146314981E-4	0.0014588314615628	0.00164418444065091	2.5465087510476E-4	0.00151862170629499	3.8393305106138E-4	-1.18229512305156E-4	5.26417369485812E-4	-5.96110316824965E-4	-4.65914069774682E-5	7.63530909076005E-4	-4.67965361817745E-5	3.61199046589607E-4	5.74407098688267E-4	0.00103180270967148	8.12191620992826E-4	7.46388530534773E-4	0.00113545981201581	5.72009834808683E-4	3.74163925604852E-4	4.52474697089326E-5	2.98172110775038E-4	2.66872482131708E-4	3.54915205752202E-4	5.00583366236897E-4	4.26895855943841E-4	1.76968916442495E-4	6.35063862360717E-4	8.45648443183252E-4	0.00155312469928472	6.32393712402176E-4	0.00120000602433317	9.8363778372006E-4	8.25303606144311E-4	6.48823463239226E-4	9.51546443200282E-4	0.00100405620126497	0.00108045923200629	6.06718996254445E-4	0.00108763529933076	5.66935441787328E-4	8.05366588203546E-4	7.86513172331196E-4	8.63205499159263E-4	5.40343389273737E-4	1.21762470412392E-4	4.11179336453375E-5	7.37909179031369E-4	9.04444207599683E-4	9.89726636286719E-4	6.74843305886906E-4	1.15378022802498E-4	0.00113845325104172	3.91132221580634E-4	5.80742812565077E-4	2.60537018314488E-4	3.25449344170454E-4	0.00129511314189939	7.08481951793367E-4	1.56417946633119E-4	6.90552636711555E-4	0.00104120198967949	8.82685074949943E-4	-1.07339715763995E-7	3.71522734394893E-4	8.26755200729818E-4	-4.6073854044694E-5	2.42965099391306E-4	9.71825588697728E-4	-1.08574761399708E-4	-2.28854611937599E-4	6.62948640955996E-4	0.00219159551646812	0.00327193324902813	-7.22306971166408E-5	0.0037475061627213	0.00185056688381594	0.00350740152243486	0.00463383970314196	0.00325877823573351	0.00645049833375854	0.00346388208636835	0.0066393276893653	0.00124766761553933	0	0	0	0	0
464.049	0	0	0	0	0	0	0	0	0	0	0	0	0	0	0	0	0	0	0	0	0	0	0	0	0	0	0	0	0	0	0	0	0	0	0	0	0	0	0	0	0	0	0	0	0	0	0	0	0	0	0	0	0	0	0	0	0	0	0	0	0	0	0	0	0	0	0	0	0	0	0	0	0	0	0	0	0	0	0	0	0	0	0	0	0	0	0	0	0	0	0	0	0	0	0	0	0	0	0	0	0	0	0	0	0	0	0	0	0	0	0	0	0	0	0	0	0	0	0	0	0	0	0	2.00977691253193E-4	-3.59735986943545E-4	-4.78907467843281E-4	1.36567015450501E-4	-2.06633515420574E-4	-5.36397260865267E-4	2.42101135526839E-4	1.63158057189985E-5	9.35964690977089E-5	1.22518548025581E-4	1.36316074586428E-4	5.03846716589011E-4	-1.31107721731153E-4	9.78553003126528E-4	-2.06332195677152E-4	7.9850840540293E-4	5.40614900711977E-4	2.51694840508801E-4	2.79727538869854E-4	-1.78091645711006E-4	-9.96814536063513E-5	8.24732166655776E-4	2.82719225785595E-4	4.59072649483757E-5	9.21602213101793E-4	-7.00016706572935E-5	-5.93028053025461E-4	-7.66598002225751E-4	6.96385517489045E-4	-1.04148120215377E-4	-6.11692494512339E-4	-4.30910180026434E-4	1.8245116679697E-4	3.5941314319305E-4	1.12479772557817E-4	-7.83966245145435E-5	2.94477571063582E-4	6.12662648373779E-4	2.58592529661933E-4	1.05926547219115E-4	1.35403897818707E-4	6.13026550774429E-4	-2.95111427338491E-5	-3.54562939515612E-4	5.8897009676057E-4	7.32227342305128E-5	4.68412030920081E-4	-1.45893837452845E-4	1.16333768942045E-4	2.61589687969103E-4	4.21655159548886E-4	5.25068382832149E-4	4.8361247990932E-4	8.40761054293464E-4	-1.0399240704285E-4	3.000705216471E-4	3.34240993379254E-4	-1.51446918032868E-5	3.9074826938166E-4	3.18500662515373E-4	-1.46428753120099E-4	-4.99346003975923E-5	8.22136963456179E-4	7.04402237770871E-4	-2.16754225318682E-4	-3.69336503138332E-5	4.73730418476959E-4	6.20102771736847E-4	3.95665489937727E-5	0.00142688474117093	3.26719854051707E-4	-7.28713971391266E-4	4.89261932921973E-4	-1.52095913063003E-4	4.44371997900029E-4	-1.36693882632942E-4	3.74807731729672E-4	-1.68788125129268E-4	-1.24774185770718E-4	5.15410472165402E-4	7.21714068668551E-4	-2.77335688942309E-4	-3.79512876391553E-4	-9.18606675174746E-5	-8.10262496881207E-4	-5.47627244935784E-4	9.07373536542078E-4	6.52516152945139E-4	-3.25084047293106E-4	1.7181792765521E-4	0.00227882029338285	3.36701603062737E-4	-0.00146534695242692	-0.00207219187944362	6.93920875734853E-8	0.00101122979268942	6.36667654562587E-4	0.00213002534089088	5.23131647618956E-4	-0.00484974252009553	0.00145923932669265	-0.00294995403800771	8.02043630205327E-4	0.00103079555059648	0.00405492958116205	3.28158096321236E-4	0	0	0	0	0	0	0
468.686	0	0	0	0	0	0	0	0	0	0	0	0	0	0	0	0	0	0	0	0	0	0	0	0	0	0	0	0	0	0	0	0	0	0	0	0	0	0	0	0	0	0	0	0	0	0	0	0	0	0	0	0	0	0	0	0	0	0	0	0	0	0	0	0	0	0	0	0	0	0	0	0	0	0	0	0	0	0	0	0	0	0	0	0	0	0	0	0	0	0	0	0	0	0	0	0	0	0	0	0	0	0	0	0	0	0	0	0	0	0	0	0	0	0	0	0	0	0	0	0	0	2.06366742515984E-4	2.51788627193953E-5	-6.7773899539042E-4	-1.38772803294052E-4	-2.42022463216637E-4	-9.4332975614589E-4	6.39941890251801E-5	-4.48510125515627E-4	-7.2916054206693E-4	-2.01815108572226E-4	1.23039034319196E-4	-1.66649415230976E-4	5.80604119478309E-4	-2.91518842403702E-4	-7.91059712357572E-4	-1.36011497497084E-5	-1.45011537089405E-4	7.12945388522382E-4	-3.6464984025688E-4	-2.91310482877652E-4	6.58648322665587E-4	-7.97389174816937E-4	-1.44623448355225E-4	2.26696843389802E-4	-1.65230576570467E-4	-2.57620353208174E-4	-2.84091214165447E-4	-1.8870359780115E-4	-2.45669267716172E-4	2.59977464300835E-4	-0.00132412891970098	-2.92963356666422E-5	8.71964036434137E-4	-6.87238162259342E-4	9.79290984396814E-5	-1.59652941801767E-4	4.77221895996068E-5	-1.51098937819627E-5	2.53298953125564E-7	-2.9512624456995E-5	-4.47125048251337E-5	5.96569171455169E-4	3.55831758100764E-4	4.57022464502053E-4	2.19956585975171E-4	1.89499330495909E-4	3.77456706443289E-4	-3.75609726685032E-4	-2.59545755904001E-4	6.1849654595593E-4	6.16245315722099E-4	7.73502888632861E-4	1.46724101628055E-5	4.74350190760761E-4	5.63212505484492E-4	5.37885151279607E-4	-7.30671025287314E-5	2.95704542495707E-4	6.58458368042714E-4	8.79166598243175E-4	8.62510950415164E-4	3.29724278087504E-4	3.36311128213831E-4	5.42334507160431E-4	-2.87222421669681E-4	1.04237445515961E-4	1.06806343531593E-4	6.92695317585909E-4	6.34827373009398E-4	9.54792307748762E-4	3.89637515954668E-4	1.18545220486896E-4	-1.20905369413521E-4	3.89895957543384E-4	8.45284005805273E-5	-1.71305684480901E-4	1.53261143188389E-4	2.245532151302E-4	-2.99536079320107E-4	4.28142590364863E-4	8.84784825095202E-4	3.29710148270551E-4	-0.00100020970351709	1.65151548605571E-4	-7.47772468427969E-4	-0.0011184370813885	5.11961699285331E-4	-2.01738677565769E-4	-3.20707988003293E-4	-0.00102142919965776	-3.59656047078539E-4	3.80933551183156E-4	0.0017516616992795	9.00748390374313E-4	-0.00184243086117371	-0.00115227899280433	-0.00193543439797877	2.93537857575446E-4	0.00213262207113234	-8.09386488708438E-4	8.85572504449335E-4	0.00145985967647631	9.0150902290106E-4	-0.00110012615264999	-8.99666679364709E-4	-0.00190006562619666	-0.00384150324579535	0	0	0	0	0	0	0	0
473.326	0	0	0	0	0	0	0	0	0	0	0	0	0	0	0	0	0	0	0	0	0	0	0	0	0	0	0	0	0	0	0	0	0	0	0	0	0	0	0	0	0	0	0	0	0	0	0	0	0	0	0	0	0	0	0	0	0	0	0	0	0	0	0	0	0	0	0	0	0	0	0	0	0	0	0	0	0	0	0	0	0	0	0	0	0	0	0	0	0	0	0	0	0	0	0	0	0	0	0	0	0	0	0	0	0	0	0	0	0	0	0	0	0	0	0	0	0	0	0	4.31375022498358E-4	3.14436743244821E-4	2.45707520095155E-4	6.97540214456656E-4	4.11214933719532E-4	5.06802555513657E-4	1.21957885713009E-4	0.00145456031068135	0.00115946005346979	8.79480182944748E-4	3.79928196946083E-4	1.87103333795E-4	8.24168936660081E-4	6.46245629148849E-4	4.73467139145562E-4	0.0011465178623748	7.87774533550098E-4	0.00118789096991677	8.40176700242789E-4	0.00118079796942512	2.88019823647337E-4	0.0011021205532203	3.21593156137983E-4	0.00100599321689478	1.59552187914823E-4	0.00105935037661122	0.00154262064083424	0.00164141790289565	0.00178810155325465	0.00180566388938344	8.1060773710132E-4	0.0011678303810093	8.95147797853454E-4	0.00204851052154841	8.82690435868763E-4	6.67833254537833E-4	0.00100202601479208	2.24167860019562E-4	8.79547707209984E-4	0.00115716596202699	6.3762673821088E-4	0.00115534814929177	4.76976030254293E-4	9.19318651706551E-4	5.30696742847876E-4	0.00101081596186111	3.64060976333029E-4	3.9088396387904E-4	7.21438472893734E-4	0.00129493854990745	5.02044925751842E-4	0.00142964821466102	0.00116862021394375	4.27366239337914E-4	0.00136763741564368	0.00118613016088384	0.00134983924022297	7.08178628895054E-4	9.32371821999342E-4	0.00166116754945269	7.28769806439744E-4	0.00141632605830942	9.035157692481E-4	0.0016381479146485	8.92221592622684E-4	0.00130694397207236	0.00181249334243406	9.66287810610897E-4	6.01769897747513E-4	0.00115989975699658	0.00163344450644801	0.0025633217002285	0.00135562723026636	0.0014965925256625	0.00140073765797488	0.0014893628816438	0.00133321775660317	0.00249050159144639	0.00185050096618858	0.00156276835139428	0.00100968016154824	0.00238798563843829	0.00173518651126982	5.80872675515244E-4	0.00199086977140281	0.00185201165363477	0.00194362193295556	0.00129386741469588	0.0016207966679717	9.73727568997508E-4	3.2039304734314E-4	0.00236938201442736	0.00231159276442499	5.05393121369293E-4	0.00236689425538314	0.00405545494826555	0.00183177260956408	0.00411206338940895	0.00197655881834643	0.00180692053472321	0.00411622417940575	0.00343427188140912	0.00483200276721214	0.00491437623203027	8.97857046719642E-4	0.0064887650128492	0.00896928910823376	0.00580145839513359	0	0	0	0	0	0	0	0	0
477.969	0	0	0	0	0	0	0	0	0	0	0	0	0	0	0	0	0	0	0	0	0	0	0	0	0	0	0	0	0	0	0	0	0	0	0	0	0	0	0	0	0	0	0	0	0	0	0	0	0	0	0	0	0	0	0	0	0	0	0	0	0	0	0	0	0	0	0	0	0	0	0	0	0	0	0	0	0	0	0	0	0	0	0	0	0	0	0	0	0	0	0	0	0	0	0	0	0	0	0	0	0	0	0	0	0	0	0	0	0	0	0	0	0	0	0	0	0	3.43301178370147E-5	4.05805372157514E-4	-4.34330635559591E-5	7.87521947909245E-5	1.48348349325525E-4	-3.29810566041681E-5	-1.54644589337839E-4	-8.70810875992241E-5	3.35082834771823E-4	3.21647336781238E-4	6.84689143930869E-4	6.66010291476017E-4	2.82755085799327E-4	4.46904147837274E-4	-3.02057576967497E-5	0.00104394670914709	3.8179842172291E-4	0.00100779821502145	1.42356404654967E-4	2.5556906483716E-4	6.32594932401813E-4	1.61574858693442E-4	4.36609544487126E-4	8.83247627000565E-5	8.52969148515883E-4	1.20963593041386E-5	2.34020658454399E-4	4.39725774339014E-4	-3.11562080347159E-4	5.23330937977064E-4	1.40702575946187E-4	-2.5505207948549E-4	3.57346349095965E-6	3.18951548244752E-4	1.15735428431008E-6	8.61932486859249E-4	3.8934092936493E-4	8.23837888757272E-4	1.76559759678511E-4	8.55303724142697E-4	4.82917319902678E-4	3.98102636483318E-4	3.16305226597111E-4	3.72680102613402E-4	6.50326439826034E-4	3.82499641334742E-4	3.50971794253997E-4	-1.59323242366537E-4	5.33972874172847E-4	2.01213114306001E-4	6.01128071623256E-4	0.0011276259835082	5.83411485687933E-4	4.9638135366131E-4	3.3930429601355E-4	7.76941417221471E-4	6.21977076244907E-4	4.11149227944304E-4	2.99070232345623E-4	7.17653984925441E-5	2.16823480716662E-4	7.14576759966629E-4	0.00126872121677646	3.58955105350855E-4	0.00103300242255062	6.19122448508553E-4	3.95018762888971E-4	4.21454125669421E-4	9.15591675236964E-4	3.7665469338743E-4	9.83207033919879E-4	6.65228404404478E-4	-3.86389605755156E-4	0.00137495926327322	5.37938308479512E-4	5.85740264655158E-4	0.00103217223557781	6.67901521947951E-4	-8.0496370102005E-4	0.00141476269197876	-4.10337981600884E-4	0.00155024233215183	0.00120644911798992	0.00133698929632739	0.0019151999363563	0.00112740657774805	5.72559728890357E-4	0.00143152713509026	-6.52387185449934E-4	-7.7529847262081E-4	0.00110316995834719	0.00133236244911878	0.00126983087411872	2.98378886460351E-4	0.00154226786230549	-2.3056071944033E-7	0.00283523253196613	7.94779931571395E-4	0.00166969955557261	0.00304606045112328	0.00141607599172737	0.00225520292102729	0.00222768637124588	0.00213810057199041	0.004722566735373	0.00192129939014282	0.00452445785981844	0.00119233840925139	0.00144791101036576	0	0	0	0	0	0	0	0	0	0
482.615	0	0	0	0	0	0	0	0	0	0	0	0	0	0	0	0	0	0	0	0	0	0	0	0	0	0	0	0	0	0	0	0	0	0	0	0	0	0	0	0	0	0	0	0	0	0	0	0	0	0	0	0	0	0	0	0	0	0	0	0	0	0	0	0	0	0	0	0	0	0	0	0	0	0	0	0	0	0	0	0	0	0	0	0	0	0	0	0	0	0	0	0	0	0	0	0	0	0	0	0	0	0	0	0	0	0	0	0	0	0	0	0	0	0	-8.56593398059215E-5	1.09806804201246E-4	3.48833907665794E-4	-6.86025480345553E-5	1.03005670769703E-5	2.45071426872566E-4	-5.68981457953383E-5	7.46106371961906E-5	1.02944780508446E-4	3.71000915454335E-4	6.14466398671927E-4	5.47598243840074E-4	1.47464207894299E-4	8.07033258272381E-4	2.38020330407048E-4	-4.35966608922037E-4	-9.11154520747721E-5	-2.41384552614009E-4	5.91756957047348E-5	2.6405397687109E-4	3.4489916891862E-4	1.98907101994004E-4	7.22256090947391E-4	2.87882242035127E-4	3.38727888542123E-4	5.14283289406984E-4	0.00118188772031522	5.58590065050056E-4	1.75159337554557E-4	3.48778204945322E-4	-5.32102309179142E-4	2.27068164049817E-4	0.00102914824842801	0.00124339458059152	-2.76292239164954E-4	1.91112983426662E-4	5.35607399681735E-4	8.27339498315722E-5	6.81591585574459E-4	1.13846013109234E-4	9.18449228434929E-4	8.31616025751884E-4	7.7440132541155E-4	4.50827465917518E-4	-6.06575053378111E-5	-8.98460723101782E-5	9.65672433039007E-4	6.04707678714416E-4	1.32259221101776E-4	3.06328630661868E-4	-1.00535938258252E-4	6.33954339776242E-4	3.00994604773609E-4	4.71410608795548E-4	6.55558718255917E-4	7.66429468001736E-4	8.91404451239279E-4	4.79368910644675E-4	4.08938914677378E-4	5.07825082099477E-4	8.76752217238418E-4	8.66615459964346E-4	2.57536553256272E-4	-1.29540870977933E-4	0.00135274509187882	3.24124063356251E-4	4.17631704833741E-4	5.60710665611302E-4	6.94986350199868E-4	2.04742858436318E-4	0.00106699471278101	6.80707450344363E-4	0.00124639965623627	3.67763493762753E-4	8.78759247224643E-4	0.00119402093484088	0.00150295400697398	3.83371470321311E-4	2.91968460954994E-4	1.58186963399918E-4	2.62500131340699E-4	3.09942513496107E-4	8.41905640772395E-5	5.60060037842241E-4	8.17350204632565E-4	8.17642745903418E-4	-1.16715193780929E-4	6.28614060020565E-4	6.74109339915938E-4	0.00108954017666562	8.35951567455443E-4	9.61250265134415E-4	7.15359353630382E-4	1.26690234918982E-4	0.00146222877362633	2.82581869027425E-4	0.00238160930990996	-4.32700720475834E-4	-1.2612634127061E-4	0.00110472135000532	0.00158597511624066	0.00215524710944982	0.00200744648027842	-9.25964376980624E-4	0.00144233146213486	9.27877062249329E-4	8.70623705299216E-4	0.00471231397014074	0.00223684103879323	9.80672831937315E-4	-9.24091905220425E-5	0	0	0	0	0	0	0	0	0	0	-0.00851609804274824
487.263	0	0	0	0	0	0	0	0	0	0	0	0	0	0	0	0	0	0	0	0	0	0	0	0	0	0	0	0	0	0	0	0	0	0	0	0	0	0	0	0	0	0	0	0	0	0	0	0	0	0	0	0	0	0	0	0	0	0	0	0	0	0	0	0	0	0	0	0	0	0	0	0	0	0	0	0	0	0	0	0	0	0	0	0	0	0	0	0	0	0	0	0	0	0	0	0	0	0	0	0	0	0	0	0	0	0	0	0	0	0	0	0	2.43772170636163E-4	6.61717372288245E-5	2.21912805156786E-4	-1.41171355045327E-4	6.06622180967812E-5	1.82364699586444E-4	2.61662384509788E-4	1.7232651625505E-4	1.16939492846775E-4	-4.59939612284748E-4	3.74221726539576E-4	9.67202303977207E-5	1.14148347849069E-4	2.54888256164064E-4	7.29031192250536E-4	-1.99527549907389E-4	2.85685710562816E-4	9.70390337237053E-4	4.76739725618944E-4	0.00122427365289654	7.29324360408186E-4	6.20858883320162E-7	-2.82643298240671E-5	4.54601896460337E-4	2.56710454133205E-4	4.05809502913719E-4	1.54113438692023E-4	-1.08254992337847E-4	1.67621318492511E-4	6.82140738344732E-4	3.29093746498806E-4	2.96781975298738E-5	2.72666277851724E-4	8.35915510436845E-4	2.45197432260374E-4	2.10360644989021E-4	3.68626023353341E-4	3.61517029534787E-5	-3.30444147900562E-5	2.13759519066701E-4	1.30745868801579E-4	3.07786268455465E-4	8.08958127020193E-5	3.68553312996558E-4	-1.25597319131114E-4	7.15704319885367E-4	9.16956825195187E-4	4.81223768025654E-4	5.50618663167203E-4	8.9038450579423E-5	2.05750795474692E-4	2.04397868631234E-4	6.24468300989641E-4	5.33710550711341E-4	4.73436422135257E-4	3.57580384013412E-4	7.27284394192662E-4	4.54622468292187E-4	3.12050163354343E-4	1.4023813860257E-5	5.07871618047086E-4	0.00117121719605054	5.94401216679235E-4	7.25053844593466E-4	0.00111639735092869	5.79168443565987E-5	9.46268386235313E-4	7.66134737707752E-4	3.28630829164605E-4	5.30857528512685E-4	7.72801739494486E-4	0.00100966939445032	0.00135914133558798	3.4881968550586E-4	6.83583845286368E-4	7.88718430574778E-4	3.59141014899326E-4	7.90634584997792E-4	0.00101532804444528	5.56171823104175E-4	6.04207348267056E-4	5.54648583106062E-4	4.44545516780083E-4	1.45345504528212E-4	7.37727477930455E-4	0.00105638581403743	5.52757147697062E-4	8.41418288059921E-4	2.81152712328141E-4	4.59725119345697E-4	0.00132540643747816	5.32068256422123E-5	-7.26339352503725E-4	7.63828424079344E-4	5.67382398057941E-4	0.00138520173112158	8.31563705267134E-4	4.94036702102403E-4	2.60569093256415E-4	0.001263662941884	-5.85279862237301E-4	-7.07534604657792E-4	1.85998127946629E-4	-4.41372142065012E-4	0.00206116585871171	9.2246400389852E-4	0.00202088636904169	-8.60620058861831E-4	2.09062441493365E-4	-7.18551179007405E-4	0.00120109050396552	-0.00176083867771408	0	0	0	0	0	0	0	0	0	0	0.0039189240234116	-0.00765286481401632
491.914	0	0	0	0	0	0	0	0	0	0	0	0	0	0	0	0	0	0	0	0	0	0	0	0	0	0	0	0	0	0	0	0	0	0	0	0	0	0	0	0	0	0	0	0	0	0	0	0	0	0	0	0	0	0	0	0	0	0	0	0	0	0	0	0	0	0	0	0	0	0	0	0	0	0	0	0	0	0	0	0	0	0	0	0	0	0	0	0	0	0	0	0	0	0	0	0	0	0	0	0	0	0	0	0	0	0	0	0	0	0	1.27987355687007E-4	9.11334932480985E-5	6.3724230885697E-5	4.00251068915887E-4	7.69124123009341E-5	6.29040685522324E-5	9.12283870775085E-5	1.66323499747714E-4	2.61734941980711E-4	2.9008407215043E-4	3.30112834149679E-4	-1.46077503750433E-4	9.85364807324304E-7	1.56478104860951E-4	2.76791579731362E-4	-1.19697720049353E-4	5.99115296085472E-5	4.50804293997961E-4	2.54140414717488E-4	4.23815184610328E-4	-1.53289959915573E-4	3.02929510691094E-4	7.45628015363731E-4	3.01385664235776E-5	9.65101449770764E-4	4.71157870355191E-4	4.16961634211557E-4	4.70448870504177E-4	0.00122891526502613	0.00127550763041897	2.38741215892666E-4	8.87476273886704E-4	6.10993096968854E-6	2.31702277101523E-4	1.85132252929911E-4	4.60961343008299E-4	0.00126941777079162	2.28265159307426E-4	1.8585778717182E-5	7.5771023593517E-4	0.00110703577489226	0.00105099158129408	8.45661721633443E-4	3.72849211756279E-4	0.00109848211280895	0.00120239759781287	2.53730627961026E-4	2.33751773847523E-4	0.00127042098877613	5.42268618412559E-4	3.57500778979124E-4	5.767602541302E-4	8.82734796508071E-4	9.35986434333387E-4	7.12235574117441E-4	3.17954855520129E-4	3.16135153731107E-4	5.58304555125154E-4	8.70715525250084E-4	8.11108022903082E-4	7.51901165133248E-4	1.5547247355885E-4	0.00107357364013866	4.26708909316282E-5	4.11176323543478E-4	9.97237360325964E-4	4.30202277355131E-4	7.80580705194224E-4	5.8337752921892E-4	0.00118023410962891	4.33681190321502E-4	3.79848253487966E-4	8.20371716905425E-4	8.06133489865642E-4	-9.71185403221847E-5	8.49149005273612E-4	8.90158267434586E-4	7.90147493833411E-4	7.73149985548408E-4	0.00149161100622456	0.00113021421900562	4.61139014597487E-4	4.88178199473571E-4	8.9330846227305E-4	0.00109301248590621	0.00192177511656989	6.96864042018867E-4	7.34332676825548E-4	3.54399914327277E-4	8.65282620074599E-4	0.00159519275893057	2.41392113205067E-5	3.50429439399699E-4	6.2447142608914E-4	0.00129657619764389	9.92327183380776E-4	5.37820615729704E-4	5.36558620193814E-4	0.00123194570025234	0.00134078716920001	8.58141141308115E-4	6.73017198356152E-4	7.5249702523144E-4	0.00234814320047601	2.80173719949237E-4	0.00240662939397543	8.77201774549499E-4	9.79104050983563E-4	0.00283373345755725	0.00198182307621166	0.00127395909970775	0.0029820553190845	0.00160264641781519	0	0	0	0	0	0	0	0	0	0	-0.00688848516835903	-0.00141030231875432	0.0154649420692002
496.567	0	0	0	0	0	0	0	0	0	0	0	0	0	0	0	0	0	0	0	0	0	0	0	0	0	0	0	0	0	0	0	0	0	0	0	0	0	0	0	0	0	0	0	0	0	0	0	0	0	0	0	0	0	0	0	0	0	0	0	0	0	0	0	0	0	0	0	0	0	0	0	0	0	0	0	0	0	0	0	0	0	0	0	0	0	0	0	0	0	0	0	0	0	0	0	0	0	0	0	0	0	0	0	0	0	0	0	3.23037622757886E-4	1.67960079841373E-4	-6.90088879155034E-5	-2.06495457971228E-4	-1.35211463643439E-4	-1.79781177995967E-4	-1.91711090712911E-5	-1.62068279596561E-4	-3.28865429012435E-4	1.21194722303944E-4	-4.30938826243555E-4	-1.92009982687232E-4	-3.41106158664598E-4	-2.01423254148427E-4	-3.55182005176562E-4	-5.57886494070454E-5	-3.21391041548018E-4	-4.4969401483358E-4	7.5894603135141E-4	2.48179127357575E-4	-2.31639919119053E-4	-2.20194429954022E-4	6.27845488060225E-5	-3.51855241432558E-4	1.05720607079404E-4	2.07537235889177E-4	2.01188995229342E-6	1.66260934152585E-5	4.31634664324158E-4	-4.70087185217037E-4	2.99009036545201E-5	1.40243137416572E-5	5.18264914058109E-4	-2.96982502460087E-4	-7.13783712094007E-5	-3.91062024215313E-4	5.52060312576419E-4	-5.30652869496967E-4	-6.28068438898334E-4	6.96707769187763E-5	5.94780931606701E-4	5.93802634693015E-4	-3.25355227883717E-4	3.67680362512605E-4	4.58366923817882E-4	2.75358286293563E-4	5.00776802233197E-4	-5.46969184660779E-4	1.75946064928089E-4	5.20739302339515E-4	-1.23878893082491E-4	3.06941880905078E-5	6.60102698296669E-4	-1.47803372161174E-4	3.00364638257636E-7	6.88811320837961E-4	-3.49687802250586E-4	1.45108446458852E-4	1.45073133137518E-5	4.43568073928711E-4	9.12660896189793E-4	5.70992803759702E-5	-8.49779620233889E-5	7.2066822137962E-4	-5.13554559012479E-8	2.81688558733201E-4	4.08484241452793E-4	7.6278778874173E-4	1.13456262175969E-4	9.99922518857779E-4	1.72842438861023E-4	1.30791967663419E-4	4.99886182650952E-4	1.19399990927402E-4	5.75219766167649E-4	4.47348981465657E-4	5.51086577561602E-4	2.42267423859808E-4	-1.82782810777725E-4	1.36468541538786E-4	9.09697426763694E-4	2.86640414481549E-4	9.54138173230207E-4	0.00121991323530554	7.46542344149355E-4	-1.36421313369412E-4	3.16459079526802E-4	6.85655422462579E-4	6.38421738552004E-4	-3.78743584195786E-4	2.15187306335336E-4	3.31007740027999E-4	3.63150857807584E-4	-1.40068327033916E-4	-6.04036317690917E-4	-5.0211750599127E-5	-1.02885275222645E-4	8.61752253414659E-4	2.79774776195181E-5	-5.885766174005E-5	-0.00191506390341965	-0.00109365735300092	-1.04880883739914E-4	3.34512293013086E-4	6.70018478047846E-4	-5.00435546702725E-4	4.85566508207409E-4	8.85463615109213E-4	8.80759813258579E-4	0.00159412158220545	8.12787966859874E-4	0.00334196986741212	4.96950681811535E-4	-0.00331890166355119	0	0	0	0	0	0	0	0	0	0	0.00427711703373182	-0.0131156467404304	0.00933569559944529	-0.0283419845354186	-0.00672262914226125
501.224	0	0	0	0	0	0	0	0	0	0	0	0	0	0	0	0	0	0	0	0	0	0	0	0	0	0	0	0	0	0	0	0	0	0	0	0	0	0	0	0	0	0	0	0	0	0	0	0	0	0	0	0	0	0	0	0	0	0	0	0	0	0	0	0	0	0	0	0	0	0	0	0	0	0	0	0	0	0	0	0	0	0	0	0	0	0	0	0	0	0	0	0	0	0	0	0	0	0	0	0	0	0	0	0	0	-2.80115504287828E-4	9.62841569854585E-5	-9.13396227148628E-5	-5.56262101213983E-4	6.98327816530919E-5	-1.49060888055667E-4	3.39005100655298E-4	2.4328132187935E-4	1.51869765322693E-4	3.58002284298157E-4	-2.89718910062445E-4	-1.06110389199445E-4	3.15016160912199E-4	6.79956127965247E-5	-4.39663271434145E-5	-1.63602734315416E-4	-3.045476036627E-5	-9.36021882210146E-4	2.46007187296102E-5	-8.37405592018599E-4	-3.04834356826193E-4	-4.19751183677737E-4	-4.57310157576597E-5	1.27270352399663E-4	-3.58332180691845E-4	-2.93979008628077E-5	1.56040970730259E-5	2.95447935355543E-4	2.02052014374907E-5	-5.2484550956139E-5	2.52168126462378E-4	-2.13750671367337E-4	-5.45532257184568E-4	-5.46453863893455E-4	-2.65395360067338E-4	-1.13381298131766E-4	-2.39387769337567E-4	5.82069453657571E-4	-9.60605664725592E-5	6.32062125374638E-4	2.89035305322588E-4	7.45120007731095E-4	-8.74499442662639E-5	-5.05324801231994E-4	4.80740891037427E-4	5.01552659036057E-4	2.62057102222638E-4	4.86267501393331E-4	-2.74230250714971E-4	9.66786230439979E-5	3.51652986297837E-4	-2.04719268493502E-4	4.50429061756082E-4	2.28934603989927E-4	-2.97394415563676E-5	5.79394481466819E-4	4.71490715707268E-4	1.17396754034391E-4	1.16593174655011E-4	-1.44135469109662E-4	4.89581663873876E-4	1.71909693083558E-4	-1.38979552222517E-5	-3.69307880831673E-4	-1.98414706011156E-4	4.26217941527231E-5	2.9579440081866E-4	4.08330078802218E-4	-2.39163641227838E-4	1.97811729324111E-4	3.8309525757019E-4	7.14900695684508E-5	0.00129596723660654	2.61569405615694E-4	2.3540273569976E-4	4.76855742671513E-4	0.00102933464991211	6.18917423432684E-5	2.20345373601821E-4	3.06908360933115E-4	2.98458424707832E-4	6.82280437524989E-4	6.99782554568217E-4	3.59168158946333E-5	-3.85068657756745E-4	-3.75620681062159E-5	4.59485213818511E-4	6.81085988713909E-4	9.49274239362861E-4	6.65527910282345E-4	0.001338161725544	6.10155212365195E-4	4.949340382678E-4	2.20919859914428E-5	-4.51434960402298E-5	9.81726707494384E-4	9.17901497280223E-4	-1.50305164101021E-4	7.25544295845555E-4	-1.87581879517086E-4	8.47324911448437E-4	4.76311825243093E-4	0.00119423322613905	2.66213179327389E-4	-5.96372583648199E-4	1.8578859533314E-4	9.06357639308249E-4	6.24475410210895E-4	0.00189812903357508	0.00307617111678656	-1.95828515310748E-4	-2.58845382887348E-4	0.00243968549981778	-6.32482427206248E-4	-0.00116713478418501	0	0	0	0	0	0	0	0	0	0	-0.00732950563514269	-0.00786232103407746	-0.00565134003803561	0.00973238180327062	-0.00917202176157429	0.0218394823461829
505.882	0	0	0	0	0	0	0	0	0	0	0	0	0	0	0	0	0	0	0	0	0	0	0	0	0	0	0	0	0	0	0	0	0	0	0	0	0	0	0	0	0	0	0	0	0	0	0	0	0	0	0	0	0	0	0	0	0	0	0	0	0	0	0	0	0	0	0	0	0	0	0	0	0	0	0	0	0	0	0	0	0	0	0	0	0	0	0	0	0	0	0	0	0	0	0	0	0	0	0	0	0	0	0	3.31998421898272E-4	6.74318225450489E-4	4.06183676843721E-4	2.87947022332306E-4	-1.68334132885439E-4	3.24233689207847E-4	3.11846871542324E-4	4.13106781920937E-4	5.17802995390646E-4	2.00245345772353E-4	3.31144335161394E-4	1.35825376518966E-4	2.57499821111013E-4	3.09490673718176E-4	6.65643662000716E-4	2.59790615375259E-4	7.36597326431693E-4	3.75715353007419E-4	6.57968201248031E-4	8.32587472004806E-4	5.94612254748421E-4	4.86719338141436E-4	8.89225077404523E-4	1.74552335054244E-4	8.64573794229832E-4	2.21517032358863E-4	0.00112127550308646	6.48657706499593E-5	0.00120383413522216	0.0014762801886363	0.00110197428435162	6.92147580239153E-4	7.43590789998804E-4	1.34455999642227E-4	8.17437729738645E-4	2.05869582982824E-4	6.41829289044026E-4	0.00141362528984754	9.44879562306819E-4	0.00104899250253873	5.17577095239758E-4	0.00107621438122812	6.43374073070795E-4	2.42109017488821E-4	8.0178217309076E-4	7.13169818856861E-4	7.01504969516613E-4	7.82574047319103E-4	8.96850638875321E-4	0.00104880206147	8.6894921728618E-4	2.88784632224964E-4	6.40595420786642E-5	8.6474804281943E-4	0.00137633873584342	8.96625397190531E-4	6.42986213750304E-4	4.88376507280096E-4	0.00136453795956125	4.38107657391771E-4	0.00107434971910083	7.79335561284485E-4	6.31009971688804E-4	2.56611089682822E-4	4.69092231811042E-4	6.80450315012469E-4	0.00118657869044599	7.04367407551934E-4	4.49093125267956E-4	0.00137428366791302	0.00106634566345144	7.17817444680308E-4	1.41255568589635E-4	7.54425225709298E-4	5.02285308594779E-4	-1.0132112782114E-4	9.5214197597495E-4	0.00148388189548635	6.18373454007603E-4	6.30127525054752E-4	5.96141031142322E-4	4.66764466401664E-4	4.296267016402E-4	0.00118955630394019	0.0010284108758393	8.3894019197128E-4	4.7545634955141E-4	7.47953437444112E-4	8.39245062150458E-4	9.5001444821589E-4	7.09377015589109E-4	0.00114529671544718	7.5967646186013E-4	-8.38932656833136E-5	7.93292505307469E-4	0.0012532459564039	0.00144638053815385	0.00153691651474734	6.49772179519142E-4	2.73140366404525E-4	9.55056248924563E-4	0.0014758123716534	3.37576996174561E-4	8.59679057455527E-4	0.0019090748595253	0.00198377640704989	0.0014010344685302	0.00222231455438487	0.00211958126131824	0.00286392851335911	0.00114355102868199	0.0035290417117093	0.00180384061986019	7.15151695300234E-4	0.00313463842748683	0.00493732757757915	0	0	0	0	0	0	0	0	0	0	-6.94031788862395E-4	0.00553570260903758	0.0020275522158648	0.008480563238654	0.00200643440331163	0.0152452684783015	0.00177322039140194
510.544	0	0	0	0	0	0	0	0	0	0	0	0	0	0	0	0	0	0	0	0	0	0	0	0	0	0	0	0	0	0	0	0	0	0	0	0	0	0	0	0	0	0	0	0	0	0	0	0	0	0	0	0	0	0	0	0	0	0	0	0	0	0	0	0	0	0	0	0	0	0	0	0	0	0	0	0	0	0	0	0	0	0	0	0	0	0	0	0	0	0	0	0	0	0	0	0	0	0	0	0	-1.60611408235158E-5	-1.94206720544622E-4	1.52124865491538E-4	1.439116395979E-4	8.44189292970122E-5	-1.38812243528989E-4	-5.59398122808994E-4	-1.92818136345188E-4	5.49890451464173E-4	3.10192819306312E-4	-1.13598410818511E-4	-7.72205355857068E-4	-3.98352624234201E-4	-2.07351444938801E-4	3.37151794698235E-5	1.55256286107345E-4	-8.26495513692287E-5	7.0822439461806E-5	-1.15674090680169E-4	1.52225228360186E-4	7.74385064843012E-5	-1.64921456025734E-4	-1.22258266237844E-4	9.50445149758193E-5	-8.62212576594001E-5	1.72752112705577E-4	0.00812180549695622	-2.84129529455767E-5	-4.96650709257108E-4	-9.02070802188162E-6	5.41023321510736E-4	-1.91362564800125E-4	-8.60827450388721E-4	9.22424442725721E-4	-2.23067874324078E-4	-2.8929735075176E-4	2.40748896770715E-4	-4.52232772987878E-4	-4.6121440449384E-4	1.78594572068425E-4	-2.79517621924488E-5	-1.18476643718509E-4	-6.16169650174773E-5	2.89714464776509E-4	-3.94584739705598E-4	-3.31921147066548E-5	-1.19348572357044E-4	-7.62901317302378E-4	-2.5863091460846E-4	-4.98706065433222E-5	3.81137372512161E-4	-8.04575273928054E-5	3.85992128354551E-4	1.6057978192815E-4	2.87319119217181E-4	9.53864109163906E-5	-4.63903175330697E-5	-6.10949484695018E-5	6.80501509575062E-4	-7.72791537357639E-4	-3.22438570503545E-4	2.19137237533452E-4	-2.46608410953986E-4	-4.18810356588812E-4	3.30698118134824E-4	-3.12863255845342E-4	-4.23062372476543E-5	4.24134087110247E-4	8.51927907717761E-5	-2.80913742091282E-4	-5.56337345945405E-5	1.95422657764958E-4	2.79383472984827E-4	-2.64790572285125E-4	1.54074848942892E-4	4.35958254804318E-4	1.49663481657539E-7	4.71101728042126E-4	4.46495867569291E-4	4.18013944342852E-7	4.87404888656445E-4	3.30126416878716E-4	1.56219682339469E-5	5.46166816854463E-4	1.76246964123061E-4	-2.96163844240636E-4	0.00103125872624673	-1.73345750925147E-5	3.01892773567573E-4	2.36762774198832E-4	1.6739508375968E-4	-4.93188973775882E-4	2.69826500810905E-4	1.56649710743742E-4	5.59720838136443E-4	-8.35918960071809E-4	-4.17408395823573E-5	4.05242244037351E-4	8.31166580395577E-4	-7.63624430636771E-4	-3.70362272409002E-4	-3.35411650025569E-4	6.43128346809844E-4	-4.0933803377467E-4	5.87364845595695E-4	8.38073737646544E-5	-5.29783471446137E-4	-3.72815521352886E-4	-6.46418446045383E-5	-0.00180980232309745	-0.00158461322334401	-0.00109225508724306	3.70811823647302E-4	0.0016189033069036	7.38078004700582E-4	-0.00106730218840729	-6.14552030279769E-4	9.65135336883251E-4	0	0	0	0	0	0	0	0	0	0	0.00172289126916825	-3.39579374277684E-4	-0.0086360537688254	0.00648901818137579	-0.0104197709336479	-0.00363083370632128	-0.00628954245257345	-0.00461592915146429
515.208	0	0	0	0	0	0	0	0	0	0	0	0	0	0	0	0	0	0	0	0	0	0	0	0	0	0	0	0	0	0	0	0	0	0	0	0	0	0	0	0	0	0	0	0	0	0	0	0	0	0	0	0	0	0	0	0	0	0	0	0	0	0	0	0	0	0	0	0	0	0	0	0	0	0	0	0	0	0	0	0	0	0	0	0	0	0	0	0	0	0	0	0	0	0	0	0	0	0	-7.00592167419673E-4	6.91953453889775E-5	6.36154304663791E-4	-6.73391183192308E-4	-4.22072345208043E-4	-5.54269325384561E-4	-3.59835522187832E-4	-2.73259295024031E-5	-3.79211181833225E-4	-2.68159133284386E-4	-4.27825656014546E-4	-3.30160523420257E-4	-7.89324632943381E-5	-5.54539617687379E-5	-3.85020248737861E-4	2.79839949819994E-5	-1.2587639437482E-4	8.47640174193108E-5	-2.16218978072401E-4	2.24519624620896E-4	8.30808665470168E-5	2.04329049797604E-4	2.85437891437843E-4	8.28104490202642E-5	3.0015397493289E-4	2.46773573454483E-4	-3.93342329697267E-4	-5.13574686979157E-5	-4.10163368470473E-4	-1.01324160260401E-4	1.79708540331193E-4	-1.5711071707959E-4	-1.36816230672901E-4	-7.38716392462871E-4	-4.14316188796795E-4	-4.69566918152319E-4	5.79771853163579E-5	-5.42841213377763E-5	-0.00104262243800118	-2.38606882975377E-4	2.01450312542172E-4	1.62176828880934E-4	-8.5966257831242E-4	2.22268597545073E-4	-8.18597679991786E-4	1.91752921948848E-4	8.19679226339531E-5	-3.00693900728882E-4	-6.47168445817483E-4	-6.02397345165825E-4	8.6193183710149E-5	-7.08294668305402E-4	4.93349717020675E-4	-5.46897204158017E-4	-2.54755104915482E-4	5.87760858213519E-4	-1.42312398004642E-4	1.88675843061584E-4	1.86419591789763E-4	6.10681517266539E-4	-2.24901272549062E-4	2.80646027496471E-4	4.67255857101551E-4	-3.32942933667442E-4	-1.44174065926043E-4	1.00374869584674E-4	-1.13485335920994E-4	-2.80481688052655E-5	4.92684321396814E-4	-4.76485447426821E-4	2.52250394793016E-4	-2.09190228924229E-4	6.25856651117162E-4	4.4349942150331E-4	1.10839250367039E-4	3.46402415903753E-4	-1.5283970432173E-4	8.37107303919817E-5	1.68692552883309E-4	2.83984806723667E-5	-7.1477919542142E-5	2.74860276656677E-4	-2.19434493951876E-4	-6.40327692687049E-4	1.0251155968739E-7	3.09136847663406E-5	-5.71818444079613E-4	1.95835991528774E-4	2.68531931322335E-4	1.54914084371141E-4	8.81912991414669E-5	-2.52574407410709E-4	3.32370156126221E-4	7.53784348151525E-5	-5.94075746947187E-4	1.9349925166093E-5	-3.17438982661727E-4	-4.01120944506707E-5	-3.93347058968382E-4	2.32891734039743E-4	2.60562386951867E-4	2.45396218973043E-4	-1.1486703177606E-4	0.00109329525527893	-0.00100789901851058	-1.27317506242999E-4	-8.73048323584555E-4	-2.09426704497252E-7	-2.85039562868047E-5	-8.02941884357844E-4	-3.909452590155E-4	-5.87262036230433E-4	4.75454017447765E-4	-0.00100651664492664	-0.00102570131472455	-0.00208456013908665	6.87052139946163E-4	0.00158867211203636	-7.10277281623386E-4	0	0	0	0	0	0	0	0	0	0	-0.0122567651578484	-0.00154566619851357	-3.30111733138466E-4	0.00255263927575052	-0.00394518525913165	-0.0136318490055307	-0.0101556622346613	-0.00870658157066893	0.00588043464761593
519.874	0	0	0	0	0	0	0	0	0	0	0	0	0	0	0	0	0	0	0	0	0	0	0	0	0	0	0	0	0	0	0	0	0	0	0	0	0	0	0	0	0	0	0	0	0	0	0	0	0	0	0	0	0	0	0	0	0	0	0	0	0	0	0	0	0	0	0	0	0	0	0	0	0	0	0	0	0	0	0	0	0	0	0	0	0	0	0	0	0	0	0	0	0	0	0	0	-4.75145954598851E-4	5.18072954068653E-4	2.27242811526212E-4	-2.38767946501631E-4	4.33477381255574E-4	-9.60048368754557E-5	-4.0536795432217E-4	5.95156592906907E-4	-1.10097541598408E-4	1.37782541282815E-4	-4.72076592978986E-4	1.01312665939491E-4	2.24407874183937E-4	-5.64282614195004E-5	-1.46086648962757E-4	6.42065268928809E-4	8.29233029056878E-5	3.25756842907001E-4	1.08567728720863E-4	6.14020153743763E-5	1.48270255685375E-5	1.60712872148764E-5	-1.57676082784654E-5	9.7750163582884E-5	6.43600283357665E-4	1.13293358045305E-4	3.65330486482837E-4	-1.27845697795106E-4	-1.09048603906987E-4	-1.52591019306832E-4	3.7966695463684E-4	3.30802635926747E-4	1.39334907464385E-4	1.07408244663664E-4	2.07871649909857E-4	4.3062809114005E-4	1.58103861297902E-4	3.45284270171719E-4	4.78205990398763E-4	8.38392954991833E-5	2.63742271348388E-4	2.94887964274642E-4	-1.37234360915502E-5	1.76145788631951E-4	-5.59921312299858E-5	1.91836284917888E-4	5.08039338285831E-4	-1.52620648987359E-5	-2.60157000201355E-4	1.66687293494517E-4	-1.52165664624364E-4	-3.42732502296268E-5	5.98477391629462E-4	5.55106909523941E-4	4.42254237431163E-4	4.32751481629278E-4	3.81021152228014E-4	4.43023691908478E-4	1.10524577842871E-4	1.88008208078598E-4	1.85867603317983E-4	0.00106471848506004	1.1969760147541E-4	9.26297124423069E-4	3.34867947219869E-4	4.04030495137522E-4	6.46272216107926E-4	3.85522464071003E-4	7.80240561822277E-4	3.10318305692917E-4	7.00992119900656E-4	2.65832446673638E-4	2.23486792499974E-4	3.05683886486877E-4	6.95221260666874E-5	4.13578039234179E-5	2.75915689088943E-4	0.00111768015525735	5.39812107426242E-4	6.39759117815783E-4	8.40168609933326E-5	2.11709885873701E-4	5.41070577372628E-4	1.00967841176874E-4	1.02305077811719E-4	7.56473816849136E-4	3.77899023526402E-4	3.85690141963367E-4	3.1656684386068E-4	2.76276705678445E-4	2.00599321665898E-4	6.68557080615304E-4	2.63383878317941E-4	5.0354225542508E-4	3.67779801982029E-4	7.5030477704296E-4	0.0012396098545629	3.10029588687919E-4	4.54499694729817E-4	1.82130430657268E-4	7.21591686706016E-4	6.74750654663885E-4	6.27088277035285E-4	6.68101718669998E-5	-9.14016917959177E-5	0.00123089366609028	-7.10540557171396E-4	8.88429366519028E-4	1.58760222012931E-4	2.4893965667555E-4	0.00215642285257521	1.23540551880494E-4	4.23216541645013E-4	0.00137811807152794	2.18436030674679E-4	6.18813523151585E-4	-4.09491454791968E-4	0.00108143514312894	0.00337876145980771	0.00153423221683329	0	0	0	0	0	0	0	0	0	0	4.90463944892843E-4	-0.00260258628794352	-7.6374143735343E-4	9.0009088050852E-4	0.00857747264233829	-0.0052482228715947	-0.00299638109912449	-8.02294682992773E-4	0.00660776033115268	-0.00500924529568647
524.543	0	0	0	0	0	0	0	0	0	0	0	0	0	0	0	0	0	0	0	0	0	0	0	0	0	0	0	0	0	0	0	0	0	0	0	0	0	0	0	0	0	0	0	0	0	0	0	0	0	0	0	0	0	0	0	0	0	0	0	0	0	0	0	0	0	0	0	0	0	0	0	0	0	0	0	0	0	0	0	0	0	0	0	0	0	0	0	0	0	0	0	0	0	-6.94014953529234E-4	-7.75641768282865E-4	-4.63461978201461E-4	-2.90404380182301E-4	-3.72233932147627E-4	-0.0011444242387299	-5.09160803708152E-4	-0.0011584043744	-3.96464027793851E-4	-7.75572649607193E-4	-4.07833423299346E-4	-5.34570033170331E-4	-2.73239306574222E-4	-5.09088678149697E-4	-4.66894640318279E-4	-3.71475420947715E-7	-1.46328716587566E-4	-4.6988543191407E-4	-2.52766128631353E-4	-1.02934273962591E-4	2.95782041123507E-4	-4.64758326453124E-4	-1.67661678692117E-4	-2.65524794957589E-4	-2.74516509048278E-4	-2.39385602009808E-5	-6.82973762195982E-4	-1.82942396582695E-5	-1.52288817478281E-4	-3.28505087494814E-4	-2.88169233942364E-4	-7.99898119450043E-4	-1.19968305876812E-4	-7.88909738968689E-5	-9.60456022907684E-4	-9.21064057068295E-4	-2.47430544839496E-4	4.68171040543942E-4	-4.39766936663862E-4	-2.8996248861886E-4	-7.06495281737255E-5	-3.34798929398976E-4	-4.12508899666675E-4	-4.53780581531084E-4	-8.07368111312163E-4	-9.08255033664727E-4	1.74935459931871E-4	-2.09081872232641E-4	-2.92295825307567E-4	-3.81848431394198E-4	-1.56144614554539E-5	-1.93684206892941E-4	1.15834953905323E-4	-1.00933872674543E-4	-3.06477310532043E-4	-2.20392275077263E-4	-6.61603990325759E-5	-4.55411952021164E-4	-6.33965480269773E-5	6.48213865336355E-8	-3.45467306168939E-4	-6.25589120626536E-5	-6.19701380480172E-5	-4.60374234903112E-5	-4.68055950906511E-4	5.49270418341342E-4	5.84874211176462E-5	-3.17114785589597E-4	-1.71718267710608E-4	-2.27940368162624E-4	4.39657622653402E-4	-3.23503699531114E-4	1.26166903944439E-4	-2.36598057696386E-4	5.83043081415461E-4	6.95771610430853E-5	-2.75924196986608E-4	-1.33443048897292E-5	3.56457235529042E-4	8.23714564792014E-5	-7.39867384990085E-4	-2.61151020237811E-4	-5.38935587274325E-4	2.50341428743274E-4	2.663756333766E-4	3.39434558352233E-4	-9.97681080771296E-5	-2.75251565205579E-4	-1.17800125047037E-4	-1.04955900055006E-4	5.05749842599908E-4	2.82970600578901E-4	4.68261164678634E-4	-3.31946230848146E-4	6.12988342183481E-4	-9.23980717791493E-4	-3.55998845741348E-5	-4.38444994277903E-4	-5.21647892163002E-4	-1.90463527571551E-5	3.07981122103192E-4	2.55183910304603E-4	-1.39893270909152E-4	2.86687753619494E-4	-2.93228029050346E-4	-8.16121835850599E-4	-1.98388128074908E-4	2.72977594648441E-4	-3.52778049933842E-4	9.69842427299684E-5	7.05990474911674E-4	5.30781961077516E-5	2.20009078110348E-4	3.47596114503174E-4	-9.77632368983534E-4	-9.03188199071128E-4	-0.00153785775408982	-1.08669351187343E-4	-7.4863627761098E-5	5.66180539455067E-4	-0.00180437463675949	0	0	0	0	0	0	0	0	0	0	-0.00191657947309069	-0.00161547064138798	-0.00715460633003904	-0.00353475650308257	-0.00902716757502414	-0.0014858226984439	0.00678419669109662	-0.00106566124055926	-0.00799948318619111	-0.00930562256980316	0.00276290288205687	-0.0124451863669289
529.215	0	0	0	0	0	0	0	0	0	0	0	0	0	0	0	0	0	0	0	0	0	0	0	0	0	0	0	0	0	0	0	0	0	0	0	0	0	0	0	0	0	0	0	0	0	0	0	0	0	0	0	0	0	0	0	0	0	0	0	0	0	0	0	0	0	0	0	0	0	0	0	0	0	0	0	0	0	0	0	0	0	0	0	0	0	0	0	0	0	0	0	0.00159363515717896	1.97598257472043E-4	-1.15671350985065E-4	9.53416888424804E-5	-6.87470251379089E-4	1.27442429632841E-4	7.46453742271905E-4	1.39362631374433E-4	1.70414592679748E-4	3.65093651321336E-4	-2.54245230552169E-4	2.6909507047378E-4	1.41171558609087E-4	1.2404969966081E-4	4.13752022840303E-5	-3.49019438392212E-4	2.27137729428714E-4	2.11629799922387E-4	1.13075426918138E-4	7.18234146324458E-4	7.72288276629312E-5	-2.16580306760071E-4	1.38861483161785E-4	2.07805990085578E-4	-3.81675731845899E-5	1.69922098462558E-4	4.64051112876648E-5	4.09241121384645E-4	1.67397625700456E-4	2.07898300370464E-4	2.67441275141393E-4	3.2223044380241E-4	9.8609972789211E-5	1.29886851904025E-4	-1.65111635025622E-4	2.36595733397064E-4	-6.04841152726729E-5	-6.37757503579204E-6	-3.15356365943762E-4	2.86233277077486E-4	3.97446362251601E-4	5.35938254429261E-4	-7.12143750792476E-4	-5.56597740296569E-5	3.3162319378349E-4	9.6828840066853E-5	6.42076432729158E-4	8.39393029984182E-4	2.95678899300908E-5	-1.81368966611244E-4	1.03105268994496E-4	2.14657064351266E-4	6.95795022243752E-4	4.05586705608565E-4	-3.30892195941036E-4	6.0850840259555E-4	2.04723533301495E-4	4.256416109855E-4	5.68886349634985E-4	0.00115704583836185	1.75629954730157E-4	2.84457002589366E-4	2.52117290487811E-4	3.61070895607894E-4	7.8271095139069E-5	1.38762236944777E-4	8.02339092776389E-4	-2.96861527248109E-5	2.63357870582136E-4	2.45989692652664E-4	5.45912629190775E-4	3.4311658888988E-4	4.12077599093255E-4	1.84013188930424E-4	8.97727976732614E-4	9.34782441348243E-4	5.84161077256494E-4	3.88787427601739E-4	1.79813680620653E-4	4.41119354102942E-4	8.24201550368922E-4	-2.33068201312081E-4	6.18020387452046E-4	5.2345976243714E-4	3.73640916323304E-4	7.66228975067608E-4	8.00463399070787E-4	-1.98353541558836E-4	-2.00420474270082E-4	2.18015453453349E-4	5.46167523585057E-4	1.50593762653775E-4	4.76030602100186E-4	0.00108659845646932	6.95567955951356E-4	2.82782280670617E-4	5.28856167696471E-4	0.00134500687358224	6.97895191350481E-4	5.48831983772594E-5	7.71419866246926E-8	1.89635230220455E-4	4.82134342989657E-4	8.25938637671906E-4	-6.00718655026319E-5	4.10336170363247E-4	0.00113316110315081	-3.0122067234239E-4	0.00103958805802722	9.34452552244383E-4	6.35948579208607E-4	5.35445339946905E-4	7.33006282847694E-4	-5.49755386902542E-4	2.20208116796241E-4	-3.76176741988645E-4	0.00156273923588362	3.89247627860968E-4	5.49640749104851E-4	8.69843205828901E-4	0.00142294313979137	2.42388240569403E-4	0	0	0	0	0	0	0	0	0	0	-8.0816331212855E-5	0.00413972021365574	0.00281143583266625	0.00255534690138649	-7.9605203256595E-4	-4.28712777266128E-4	7.55749843747942E-4	-0.0177621097077002	-2.04767763015229E-4	-0.00451128431584745	0.00439510838958073	-0.00933338292883479	0.0103944255055855
533.888	0	0	0	0	0	0	0	0	0	0	0	0	0	0	0	0	0	0	0	0	0	0	0	0	0	0	0	0	0	0	0	0	0	0	0	0	0	0	0	0	0	0	0	0	0	0	0	0	0	0	0	0	0	0	0	0	0	0	0	0	0	0	0	0	0	0	0	0	0	0	0	0	0	0	0	0	0	0	0	0	0	0	0	0	0	0	0	0	0	-0.00127498167849378	-3.11153945559957E-4	-9.94220055589143E-4	2.98021538827636E-4	-4.08285976313661E-4	-6.87378907294297E-4	3.93662741064329E-4	-7.13917625248911E-4	1.78874815721623E-4	-2.79657626166893E-4	8.57387021660295E-5	-6.84154785246637E-4	-6.4016140554429E-5	-8.27195066452182E-4	-2.83661263431702E-4	1.10844750273163E-4	-1.1013368917665E-4	-4.45763013744023E-4	2.66930101064109E-4	9.46440157131679E-5	-6.02071238767754E-4	-4.51380491845907E-4	-1.43993237355281E-4	-2.17966241520067E-4	-4.66095200680232E-5	1.3384666282197E-4	-9.2216832792228E-5	-1.0410709984043E-4	3.54958296497724E-4	-7.56985468572324E-6	-2.99350933463686E-4	-7.34709238345773E-5	4.59094342827419E-5	2.50756595706882E-4	4.5391887468033E-5	2.19403243495516E-4	2.90874199280242E-4	-6.66646161912685E-4	-3.73113899710362E-4	1.42045113417278E-4	2.15232322818523E-4	-3.30220361805047E-4	-2.95397418742281E-5	-2.91908823651073E-4	-4.87517458012127E-4	2.25238226971663E-4	-1.94272237317407E-4	-1.94002152510539E-4	-5.05337412005084E-4	-1.57332753645198E-4	5.86625547245793E-5	2.10794797225457E-4	1.3295844863347E-4	1.07782967832684E-4	3.17906440869609E-4	-2.11583402242297E-4	-2.66622845656038E-4	5.77769329260585E-4	4.80686036112716E-4	7.19099931345273E-4	-3.87204848209887E-4	-4.26267733361641E-4	1.6042833777424E-5	5.0834842119559E-4	-7.44400084023929E-4	1.73763333965932E-4	3.13399561802691E-4	-1.70201135155142E-4	4.56914208505708E-5	9.00838228865341E-5	-1.17698777050045E-4	4.07607074183124E-4	3.61394018105023E-4	8.91586686541576E-4	1.57297405767447E-4	1.43049028942072E-5	4.23592068541401E-5	6.31718142905993E-4	-1.1174260459226E-4	5.44341464878709E-4	5.56503262779599E-4	3.74465895201215E-4	5.52954081005709E-4	-2.76144800110411E-4	-3.03945506004199E-4	3.18799275201402E-4	8.35378155891669E-5	0.0011214103634164	4.23929665692483E-4	7.12988631640727E-5	-1.0085730066958E-4	1.46097962365622E-4	2.7584437478938E-8	-3.32866390064517E-4	0.00120556190459152	-8.55647356005216E-4	2.44179427473286E-4	1.00411304523138E-4	6.52399239675156E-4	3.51831315757433E-5	-1.07952729522084E-4	-4.97310436109273E-4	3.00549641855875E-4	-1.72058412755905E-4	3.10557956984104E-4	3.36448251882847E-4	-3.63466651313592E-4	3.51014465151271E-4	-2.11178760672457E-4	-5.84675617390755E-4	1.11213305034573E-4	6.42150917442203E-4	-4.68588467116928E-8	0.00107842106605319	0.00162597826722671	-3.16404644414121E-4	-5.55157334252383E-5	-5.83391704926692E-4	8.53967303065781E-7	-7.7978579816508E-4	0.00134625479921962	-4.01547843404076E-4	1.55749463136964E-4	0	0	0	0	0	0	0	0	0	0	-0.00312233982281382	-0.00311727469734274	1.72555825265005E-6	-0.00304116011637217	-0.00219466335267108	-6.47779322370162E-4	-8.9285200052194E-4	-0.0027156525901761	-0.00796720081102037	-0.00286500680767766	-0.0108570631086125	-0.0144061657816111	-0.00591640324472112	0.0092056204755886
538.565	0	0	0	0	0	0	0	0	0	0	0	0	0	0	0	0	0	0	0	0	0	0	0	0	0	0	0	0	0	0	0	0	0	0	0	0	0	0	0	0	0	0	0	0	0	0	0	0	0	0	0	0	0	0	0	0	0	0	0	0	0	0	0	0	0	0	0	0	0	0	0	0	0	0	0	0	0	0	0	0	0	0	0	0	0	0	-0.00264134060992838	-0.00199488450438215	-0.00137873820657744	-2.98702808301679E-4	-8.75608678668652E-4	-6.11507318379291E-4	-0.00107779006292748	-5.08182157665661E-4	-9.58785441378082E-4	-0.00112913426052057	-9.75404723050655E-4	-6.289462073668E-4	-5.62304233399348E-4	-7.3975933452452E-4	-2.51302703548439E-4	-3.86008782606017E-4	-3.02255007195094E-4	-5.27338310832449E-4	-5.55303014999528E-4	6.95834464507162E-5	-8.14850906782069E-4	-8.44233525260568E-4	-8.93988693604061E-4	-2.85359620136005E-4	-4.76582907287541E-4	-5.79300439163566E-4	-4.17405113239892E-4	-3.93811734468212E-4	-1.43051269388848E-4	-3.47657641108594E-4	-1.04698576914366E-4	-9.16477076552545E-5	-1.41703709863673E-5	-3.59981644421974E-4	-3.26136968558612E-4	-7.22485974209239E-4	-4.89559838960342E-4	-9.87723291883797E-4	-5.58452191198129E-4	-6.89273841067828E-5	-9.9480223861981E-4	-8.21529643700019E-4	-4.96515358439384E-4	-4.45517983727653E-4	-0.00126895421539259	-7.58839661790345E-4	-7.48238876692767E-4	-4.03476254121582E-4	-1.5541799838483E-4	-5.86010898046621E-4	-3.62472894694808E-4	-2.39548772747361E-4	-6.61344458344278E-4	-7.0780117661493E-4	-8.05380218993114E-4	-0.00103818974007793	-7.58994362095834E-4	-0.00134212879329973	-0.0011139894684113	-7.87411090137441E-4	-4.77419728994122E-4	1.03574836434274E-4	-4.80880882760902E-4	-0.00101410100530478	-0.00103837652286179	-4.99484189055319E-4	-3.82899288829516E-4	-6.52667078524929E-4	-7.14162889835315E-4	-8.50260212081541E-4	-4.35273333371476E-4	-0.00108682568233728	-1.9523859570748E-4	-3.84568576840331E-4	-1.01381677269963E-4	-2.3214544588881E-4	-2.16510782950338E-4	-7.47550012462012E-4	-2.70627092332083E-4	-9.07549990613273E-4	-7.47800144920173E-4	-9.804700038472E-5	-8.27120641275472E-4	-7.4123547693392E-4	-4.59614886065568E-4	-3.89232892545896E-4	-1.66387616076264E-4	-2.91441195888666E-4	3.20623105142754E-4	-3.22296146962342E-4	-0.00116962362412545	-2.12975044203432E-4	-1.14666743490686E-4	-4.63538047573875E-4	1.17863247498172E-4	-4.47933515284682E-4	-7.90684990848361E-4	-4.81917652685878E-4	3.19923329857345E-5	-9.00399776498556E-4	-1.177312043694E-4	-5.00549648447605E-4	-5.30128929281984E-4	-6.15202806396869E-4	-5.74084804016076E-4	-5.28705236944641E-4	-7.68448238560347E-4	-4.10034851048993E-4	-4.37661156904619E-4	-0.00113674887066039	-7.6812797735833E-4	-0.00104035194899618	-5.87800388698111E-4	-5.81338460492632E-4	-4.83993934798894E-4	-0.00159707671761986	-0.00199710161036618	-5.35307335417159E-4	-2.52418134650381E-5	-7.53012505447375E-4	-0.00175903960446134	-7.42188752770334E-4	-0.00117564842120404	-7.60086933785107E-4	-0.00106400870048224	0	0	0	0	0	0	0	0	0	0	-0.00406341610129626	-0.00478743866612706	-0.00583027726044654	-1.88176136656564E-4	-0.0041451400815947	-0.00478218484068403	-0.00727483424332179	-0.0103840199093774	-0.0046632766018992	-0.0125124771898644	-0.0166373387771851	-0.0203031984394129	-0.0156494361181876	-0.0118936343191285	-0.00335671474898186
543.243	0	0	0	0	0	0	0	0	0	0	0	0	0	0	0	0	0	0	0	0	0	0	0	0	0	0	0	0	0	0	0	0	0	0	0	0	0	0	0	0	0	0	0	0	0	0	0	0	0	0	0	0	0	0	0	0	0	0	0	0	0	0	0	0	0	0	0	0	0	0	0	0	0	0	0	0	0	0	0	0	0	0	0	0	1.97199166024528E-4	-4.29162270772858E-4	-8.1593433926388E-4	-1.81545976477518E-4	-5.78140861025104E-4	-2.38147139623074E-4	-4.22828289257529E-4	-8.28634917037963E-4	-7.70374133331583E-4	1.19313017340681E-4	2.93070175595717E-4	7.70930593769739E-5	-2.05570280053082E-4	5.50809371284355E-5	0.00107213434356597	-5.21280299625038E-5	8.56222402513321E-5	-1.14539193805446E-4	6.15197650730946E-5	-3.33045240039048E-4	2.96847588115686E-4	-6.75190211763224E-4	4.69010483869296E-4	-4.54936377725441E-4	-3.02972767014833E-4	4.9920689249911E-4	-2.41820978481726E-4	-1.35661367321247E-4	-6.35912751201962E-5	-8.52552938371757E-8	1.70214944431509E-5	7.87875195732465E-6	-1.13998974387274E-4	1.05423179062487E-4	-1.91311623776663E-5	3.161250944666E-4	6.89092801757317E-4	1.4045958507214E-5	5.42931188329526E-4	3.30680568136237E-4	-2.09048677086169E-4	2.83316398368249E-4	6.42467615101145E-4	-1.99793340092682E-4	-6.18689948505932E-5	-4.68025023608215E-4	-7.97805308244265E-4	-3.32404717124398E-4	-1.93995639168025E-4	1.3228462586437E-4	-4.45482838020652E-4	-9.87730541185823E-5	-1.37312786135501E-5	-1.14034952522331E-4	6.98667439873458E-7	-7.63879760934625E-4	-2.00773042034171E-4	2.26644417543305E-4	-3.7717619677304E-4	5.52960327409215E-4	6.99912347550068E-4	-3.06090963520929E-4	-6.84039636152297E-5	-3.1559197479074E-4	3.6257735981919E-5	4.47735311783822E-4	-3.68235182343784E-4	-9.78535950581681E-5	-1.61611353258369E-4	2.75393051268683E-4	5.64797782017217E-4	-1.5949412416174E-4	-1.73098332454891E-4	6.22577798431382E-4	-7.02744662487324E-4	4.0617266430588E-4	4.54132959849316E-5	1.18680628974002E-4	5.89370009580654E-5	-4.81927522365525E-4	-3.18208874283708E-4	2.02517972755835E-4	1.34770834134645E-7	3.86319307910665E-4	-4.2022587877865E-5	1.43300626046817E-5	-8.45297767517457E-5	-1.13050623417916E-4	2.82402620983892E-4	4.37712198531174E-4	-1.27325027621815E-4	4.69345086249359E-4	-5.58258242540618E-4	0.00101038182347243	1.16539997436773E-4	2.95053932018531E-4	2.69000829030202E-4	3.33852655539163E-4	-2.0048564347987E-4	-7.91632271455524E-5	2.59068694488729E-4	1.16261529638572E-4	2.22326817418986E-4	5.26041436562265E-4	7.19308321769665E-5	-1.83646434859226E-4	1.12822323272156E-4	-5.17881108622491E-4	-7.83077500781286E-5	2.57496117480413E-4	2.2240614346348E-4	5.36714602479274E-4	1.47590161830662E-4	8.19593061647509E-4	4.20264279808352E-4	6.14018483538689E-4	8.66882777694707E-4	0.00205804644638403	-2.54911760657234E-5	9.66906718046382E-7	-4.2952951720939E-4	3.95858456439231E-4	8.66290457531292E-4	0.00145022646207511	1.35716948294876E-4	0.00141108714082458	0	0	0	0	0	0	0	0	0	0	0.0055402904255824	0.00101945985893923	0.0037549659759088	-0.00211701609979775	0.00110233193580298	-0.00586978238154523	-0.00298248728027508	0.00270595089146409	0.00364715745537729	5.4288456539606E-4	0.00338077477134257	-0.0105900772041805	0.00335448559208067	-0.00237927243928085	-0.00497118902746438	8.62323841003889E-4
547.924	0	0	0	0	0	0	0	0	0	0	0	0	0	0	0	0	0	0	0	0	0	0	0	0	0	0	0	0	0	0	0	0	0	0	0	0	0	0	0	0	0	0	0	0	0	0	0	0	0	0	0	0	0	0	0	0	0	0	0	0	0	0	0	0	0	0	0	0	0	0	0	0	0	0	0	0	0	0	0	0	0	0	-9.57497554111132E-4	-2.52487646398895E-4	1.98484184430322E-4	0.00106330579933649	-1.87220436623199E-4	1.38132876352707E-4	-2.26050400448262E-5	-1.08709103204439E-4	-1.26468066748743E-4	3.34394407927607E-4	-7.14177609423678E-4	-6.79548437209523E-4	3.54166497067918E-4	-3.75462806679127E-5	1.31894281734183E-4	9.2179896478289E-5	-8.93493271699615E-5	4.75793624267588E-4	-2.22599596758315E-4	-4.44008744871681E-4	-1.39002641338496E-4	-3.93420902208496E-4	2.42155449974127E-4	-3.68067237060314E-4	2.082649075583E-4	3.26392307380243E-4	6.20643989037736E-4	6.07773666647938E-4	1.39729386940831E-4	-1.2507424785942E-4	4.9090909870811E-4	-1.15241276879399E-4	-1.20573607843153E-4	2.37109149957707E-4	-3.84418864010911E-5	1.58683586786258E-4	-4.81137105885029E-5	1.86437529153724E-4	-3.54907230597178E-5	-3.58021735331454E-4	-6.42937703939834E-4	-2.06312755251564E-5	2.91706513019201E-4	4.17886723749805E-4	-3.1995218684661E-4	3.29177949055788E-5	6.53599277648812E-4	-3.02226171691408E-5	4.4935501029292E-4	1.67582608342798E-4	8.9633724821212E-5	-4.35918040444129E-5	6.80479194630852E-4	-1.99454494346992E-4	6.42539412542426E-4	3.90375376033397E-4	5.97986110253925E-5	3.37456347564398E-7	-2.59921743108232E-4	-7.5311466509782E-5	6.42227641688267E-5	-2.27707548521179E-4	3.86331765832665E-4	-3.3868438986315E-5	4.72702372698858E-4	1.9418481271013E-4	1.90037197603058E-5	7.05683355925925E-5	3.38902907948686E-5	4.95812311646086E-4	2.94750449557733E-4	5.0528746118277E-4	2.27530344413412E-4	-3.37669840005713E-4	-1.10668111418251E-4	-2.96968624969461E-4	9.26405383980754E-5	0.00107494913028637	4.59111191308285E-5	1.78936473891491E-4	4.14275304768157E-4	6.027980133297E-4	5.99583386750376E-4	6.68187895747444E-4	2.31307939852832E-4	7.77268242022053E-4	3.01885634261512E-4	4.00629134705942E-4	5.99113051173024E-4	7.81653871578918E-4	-2.40899582003205E-4	-8.49410298846779E-5	4.13378032174833E-4	-1.4342121498727E-4	4.32522666937118E-4	6.53930612170615E-4	1.61300915691359E-4	7.27255112461026E-4	1.95794445668774E-4	-3.04929557090572E-5	4.514739352638E-4	-4.29379966895864E-4	6.35559866035672E-4	3.68058198374919E-4	-4.12858181983647E-4	-1.58854068105589E-4	3.25518815465834E-4	7.03682380668564E-4	-1.70473455713785E-4	2.70455670547365E-4	0.00141381049974104	1.39405199434386E-4	-1.6271676249522E-4	-1.23740752306685E-4	9.97737769748704E-4	2.38824171096173E-4	-2.22162400748249E-5	0.00123619183246505	-8.48496450828956E-4	3.16631102802201E-4	-6.30813319181163E-4	0.00177728630229959	7.62846315534009E-4	3.98389003954751E-4	8.42005185283833E-4	0.0010163330758943	0.00134073404875011	0	0	0	0	0	0	0	0	0	0	0.00230439565214124	0.00161805389097291	-1.40513754697033E-4	-1.55379652712321E-4	-0.00140732825447097	0.00201661255792507	1.30990071687355E-4	-0.00652507566955663	0.00313177937001073	0.001437883328355	-0.003366159085521	0.0138061523142574	0.00181928784631237	-0.00986020573310525	0.00456362398347499	0.00966697102222896	0.00173134597682564
552.608	0	0	0	0	0	0	0	0	0	0	0	0	0	0	0	0	0	0	0	0	0	0	0	0	0	0	0	0	0	0	0	0	0	0	0	0	0	0	0	0	0	0	0	0	0	0	0	0	0	0	0	0	0	0	0	0	0	0	0	0	0	0	0	0	0	0	0	0	0	0	0	0	0	0	0	0	0	0	0	-9.72160470985201E-4	-0.00158081467262903	-6.13249028612522E-4	-5.15551660105388E-5	-4.58409960321011E-4	-9.94097543677272E-4	-8.49341935079233E-4	-8.51024910122106E-4	2.01752116896499E-7	-5.18082122510572E-4	-0.00125341679277184	-0.00139676636338915	-0.00231011641243669	2.46722972119515E-4	-7.2451789012948E-4	-5.32985804002577E-4	-4.45678047319674E-4	-1.13634720546902E-4	-4.43889330144624E-4	3.6218830421601E-4	-4.95967619563116E-4	-8.28921364429458E-4	-2.48047846323809E-4	-4.9804013242851E-4	2.35172446990624E-4	-2.57177987185614E-4	-4.27729830894285E-4	-3.91438795196401E-4	1.71091189833923E-4	-5.02991497830358E-4	-2.34914586674904E-4	-7.35930525253576E-4	-2.63613691088563E-4	5.80088576215788E-4	-2.22386633332365E-4	3.02731588748202E-4	-2.06608904914119E-4	1.38111138195331E-4	1.22627977893913E-5	-1.91275491440708E-4	1.67530697606763E-4	-2.14001076648304E-5	1.00333561465191E-4	-2.38986056732803E-4	-2.7740536864063E-4	-3.9323494930114E-4	-6.34562576214063E-4	-2.87896974669515E-5	-2.34739886426834E-4	-4.00654167538135E-4	-1.58490379893139E-4	2.18210205493116E-4	-2.14423171348846E-4	4.9799741223217E-4	-1.33344870404807E-4	-3.49475265701505E-4	-1.72196003330425E-4	-4.30568612324085E-4	-2.46530367801999E-4	-3.84966987801391E-4	-6.05507253811249E-5	-3.9275307229896E-4	-9.13289528919628E-5	6.40493910434609E-5	2.47155703197612E-4	-5.73339065129035E-4	3.27851909754051E-4	1.93587583525372E-4	-2.13189174180929E-4	-8.3212062838104E-4	1.78249762825533E-5	2.37728293689635E-4	-2.32195730861607E-4	-5.91588937219245E-4	1.96875169776689E-4	-4.24867299371545E-4	-2.75252779797834E-4	1.60432667766752E-4	-8.50879972418337E-4	-3.55979468897453E-4	7.16069337732261E-4	-1.0527891693506E-4	-5.53025760935869E-4	-5.80248037899718E-4	-3.25565156333722E-4	-2.64127864283367E-4	-3.5021412509277E-4	-7.25914556329791E-5	-3.47316275710002E-4	5.81454147707231E-5	-1.87142313423589E-4	2.43957709660118E-4	-1.7172527396079E-4	-1.99977489875166E-4	-5.43208896645311E-4	-5.73797638730465E-5	-1.01124165413599E-4	2.03110681370147E-4	4.39919587285942E-5	1.47619571234401E-5	-1.78891323289982E-4	-2.72119424005673E-4	7.07200763847067E-4	1.09695560253799E-4	-8.00774512015443E-5	2.95204541514999E-4	-3.37773774979576E-5	-1.55856295760938E-4	-6.04099164063901E-4	5.2763712018316E-4	-3.70920140714518E-5	-2.47804414962277E-4	5.83781406111572E-5	7.88718685464434E-5	-2.81317318866245E-4	6.14540988715889E-5	-1.45975581555724E-4	1.06823592581475E-4	-1.09282518461989E-4	-9.63671332000479E-4	-0.00103626618522167	-4.27164362396033E-4	-2.45417992544095E-4	-8.12142906816803E-4	-5.14595129477802E-5	-7.90303315761946E-4	4.58618171110122E-4	-5.42283737044547E-4	0	0	0	0	0	0	0	0	0	0	0.00181765492325544	-0.00163740809037961	-0.00312570477477144	-0.00262894616871486	-7.30326359235184E-4	0.00300128046949087	-0.0019410939144075	-0.00347561328195927	1.2679331167637E-4	-0.00568869139808582	0.00271017173665108	-0.00591826385576163	-0.0107312997519223	2.01970149373955E-4	-0.00136930284716598	-2.58989922990274E-4	6.13719534697803E-4	-0.00323871207722367	-0.0168840902657048
557.294	0	0	0	0	0	0	0	0	0	0	0	0	0	0	0	0	0	0	0	0	0	0	0	0	0	0	0	0	0	0	0	0	0	0	0	0	0	0	0	0	0	0	0	0	0	0	0	0	0	0	0	0	0	0	0	0	0	0	0	0	0	0	0	0	0	0	0	0	0	0	0	0	0	0	0	0	0	-1.15556743537764E-4	3.98554167978341E-4	-2.78784843675111E-4	2.83412362633958E-5	6.97643395842695E-4	-4.18955385131256E-4	9.47208223343984E-4	3.24655739381142E-4	4.9245057221076E-5	3.32681531770715E-4	-1.8543620657582E-4	1.13073659050896E-4	3.53595081150011E-4	-2.15665758194379E-4	2.11109409562323E-4	-5.36405652439293E-4	2.02090509925512E-4	2.38346261212567E-4	-3.86816661584354E-5	-1.33147996663581E-4	-5.5673337990309E-5	0.00101765361972867	-1.60101907219493E-4	3.81555078531107E-4	-1.16345961601197E-4	-1.56229442481278E-4	2.35966301745927E-4	3.87994316285045E-4	1.71894206019762E-4	3.78981979744694E-4	8.72306831847149E-4	4.91260382865133E-5	7.09602537324491E-5	1.41163917214989E-4	-6.86952380609321E-5	1.94197146054495E-4	2.79900559885731E-4	-1.05029636070034E-4	1.59987588681463E-4	1.15350884106484E-4	1.64768763939445E-4	2.31408922297674E-4	-2.88024130291639E-4	4.75017767359806E-4	3.00051961012788E-4	5.07167837439531E-4	4.74593983107916E-4	2.93783324653617E-4	7.73916665587843E-4	5.47659393678103E-4	2.36664551622328E-4	6.91934497343439E-4	4.29729271475835E-4	3.59737746215777E-4	5.07621864857402E-4	-1.51982958458786E-5	-5.96153297745273E-5	5.85365146741033E-5	6.34743469094203E-4	4.03589934645015E-4	-1.60305284621571E-4	8.9203498004671E-5	3.50612408726875E-4	1.60716079368109E-4	2.76174776023116E-4	4.80562246899304E-4	-3.14031094239144E-4	6.43476476387992E-4	6.92968802609415E-4	1.23534847207807E-4	-3.56780046316872E-4	2.31626911215999E-4	5.24295806070998E-4	5.2835514785942E-4	-3.6669667013221E-4	1.31927009881732E-4	2.96341512238358E-4	-4.26602594545531E-4	-4.90167009277173E-5	-9.66211390567097E-5	7.91432651399414E-4	4.50961545560092E-4	5.35415143435706E-4	1.06086359986016E-4	5.55473048550378E-4	5.97840431848978E-5	2.67463144925563E-4	6.79094997197218E-4	4.84017742304144E-4	-2.62501770276621E-4	3.05335881047976E-4	-2.60868564479193E-4	2.74706103562994E-4	-7.18806120565857E-5	1.14892535947961E-4	1.45354775924725E-5	1.29214716499553E-4	2.73659057093282E-4	9.84406761881389E-4	2.18507522656821E-4	3.67121508716259E-4	6.8161502756641E-4	3.44768697434552E-4	1.82385627624531E-4	4.32214253351316E-4	-3.30065278765194E-4	-2.57107992398572E-4	9.38648151438738E-4	2.87569368296683E-4	-8.693815101665E-5	-3.56796900170468E-4	1.27940009285779E-4	4.30290071125811E-4	1.91387916409083E-4	9.36946056636835E-4	1.98368547010207E-4	3.83255682233175E-4	8.84274255103727E-4	4.19993927997938E-4	4.72028337516497E-4	2.63328007967611E-4	-4.49782430510718E-5	-1.61705740987232E-4	3.09925971118346E-4	0.00120705414842464	4.83291522997062E-4	8.46302250490181E-4	5.23643039210343E-4	8.92619922818493E-4	0	0	0	0	0	0	0	0	0	0	-1.06273128900027E-4	0.00221344683835148	7.64155707834905E-4	8.82029049649367E-4	0.00204154586985432	-0.00109566105665488	7.48629385481133E-4	0.00183946958976082	0.00123366342027521	-0.00236503764527782	0.00101877450218994	1.45197970424766E-4	-0.00835299852456859	0.00359141458582707	0.00283111056008908	0.00343917645882669	-0.00655797558556806	-0.00458284089122942	-0.00614605518483843	0.0121725708112681
561.982	0	0	0	0	0	0	0	0	0	0	0	0	0	0	0	0	0	0	0	0	0	0	0	0	0	0	0	0	0	0	0	0	0	0	0	0	0	0	0	0	0	0	0	0	0	0	0	0	0	0	0	0	0	0	0	0	0	0	0	0	0	0	0	0	0	0	0	0	0	0	0	0	0	0	0	0.00130812893313199	6.25945105168188E-4	-2.90063977549249E-4	4.01912645088221E-4	3.93629613371175E-4	3.04258788187145E-4	7.02659104748969E-4	8.71919574493383E-4	0.0011339263327951	9.80283291014104E-4	2.45525695391395E-4	7.17420061943785E-4	0.00104987558825838	6.60147878996736E-4	6.89305108605271E-4	3.92049273364233E-4	-4.45261572395514E-4	1.663418654068E-4	-2.43969386379143E-4	5.593115847001E-4	0.00133252383104625	6.32031171893853E-4	3.18100405163495E-4	5.50252413951152E-5	3.59598275429709E-5	-5.21881384020794E-5	4.5133520919294E-4	5.03508954266815E-4	4.75056446352023E-4	0.00107018404207239	7.49615160983747E-4	1.5540973346321E-4	-2.26745831337594E-7	4.95204518556042E-4	4.87845763991674E-4	5.67978516396806E-4	3.95309352898993E-4	6.73311892189954E-4	6.02718898564281E-4	2.44040161696232E-4	6.11256904048744E-4	6.45183222401026E-4	1.92540453455474E-4	4.08381021591523E-4	1.49587904889486E-4	1.09772842024252E-5	2.69578225432303E-4	7.4187252825061E-4	9.83140716491551E-5	3.08467942010607E-4	6.56644185181718E-4	4.17734021789203E-4	1.90955239183736E-4	6.96907206780941E-4	1.63184789872134E-5	6.34985466746286E-5	9.44651639689238E-4	3.81305681158372E-4	1.50139427960293E-4	4.27150370362542E-4	5.66741071896376E-4	2.03310086631238E-4	3.822323467688E-4	9.88418877077854E-4	7.98557286445396E-4	2.3551333241422E-4	5.56140913687528E-4	1.45358025925069E-4	1.82908282362159E-4	3.75542088615434E-4	5.0579855966136E-4	-8.86077894446759E-5	-8.97817855610318E-5	0.00112864928216704	9.51065195200158E-4	7.54880162230423E-4	3.02763971211078E-4	1.16703660076575E-4	1.32749377276005E-4	1.65772015190486E-5	-3.60462125580529E-4	9.3962517557662E-4	-9.53270739824633E-5	3.28803305841469E-4	6.0070335374548E-4	3.96494443585958E-4	7.86084195077782E-4	6.62053510910849E-4	7.62883190961318E-4	8.47137732329291E-4	9.89032765694888E-4	4.84661844204082E-4	6.00117470386552E-4	4.96690770889086E-4	7.13190919360053E-4	7.2876921701756E-5	5.7804014913938E-5	3.46908504391957E-4	6.5061950195865E-4	8.41051420611264E-4	7.72253229523432E-4	6.74623817645122E-4	4.43530098328423E-4	9.39764824105339E-4	5.8887991380684E-4	5.19894103899439E-4	7.76969185119801E-4	6.8066743346591E-4	4.04110837944819E-4	2.48735184312551E-4	7.15249622929693E-4	2.97662265006964E-4	8.26132417428978E-4	8.64312062960807E-4	4.33228561725249E-4	2.31169090077473E-4	0.00121831745154748	1.39729798323473E-4	2.43589055876735E-4	-0.00109716330955629	0.00126831441410311	0.0011447588216307	0.00119290676386601	0.00122329440248477	-4.88360900532364E-4	0.00117582674582442	0.00101664424145751	0.001460331215575	6.66075090799665E-4	0.00146649751828723	0	0	0	0	0	0	0	0	0	0	2.0077474432887E-4	0.00406622147720528	0.00139160209302052	0.00236605842532052	0.00468408516354753	-1.18086389663206E-4	4.67285871569432E-4	0.00500938108737056	0.00266322041331788	0.00143223079504987	-1.11110427606589E-4	6.4061839460226E-4	0.00316621185555464	0.00663125008245919	3.61994307193202E-4	-0.00162658953199663	0.015929841043485	-5.26213909585269E-4	0.00401213320394268	0.00546115241661226	0.00656781245369326
566.672	0	0	0	0	0	0	0	0	0	0	0	0	0	0	0	0	0	0	0	0	0	0	0	0	0	0	0	0	0	0	0	0	0	0	0	0	0	0	0	0	0	0	0	0	0	0	0	0	0	0	0	0	0	0	0	0	0	0	0	0	0	0	0	0	0	0	0	0	0	0	0	0	4.55733089908651E-4	-1.27202713607837E-4	-2.80567246114284E-4	-6.44078149630131E-4	0.00129295576723012	-8.8216100193237E-4	0.00135842354465833	7.94092665544358E-4	7.24914644249169E-4	2.46211021237186E-4	0.00146654739861445	6.49987573548385E-4	9.13276092370541E-4	9.16116696655349E-4	1.21096726426741E-4	5.65138766100236E-4	7.35071153384445E-4	0.00121162288545655	3.29270033754135E-4	-8.54692379184731E-5	2.51753200108798E-4	5.54323848054406E-4	8.66578019808916E-4	-2.3684761817963E-4	2.70610618576605E-4	5.09724701357183E-4	6.64809298754433E-4	7.5921081879736E-4	4.75789398332687E-4	-3.03883059507822E-4	-1.42797978008192E-4	1.49865669897255E-4	0.00138627316772842	6.25733665233749E-4	3.84923961866183E-4	-1.88355280431484E-4	4.86223329305211E-4	4.08838745266731E-4	4.91013471197629E-4	3.64682347400012E-4	4.7130734804623E-4	6.66944832299746E-4	6.61510320690263E-4	3.16543858304626E-4	3.84416581519031E-4	1.81528008569484E-4	4.70372723580049E-4	7.00421294403113E-4	2.70860309818674E-4	4.66486784888057E-4	5.38274826938366E-4	4.69689259354141E-4	7.00139902826996E-4	4.69211859225791E-4	9.03005006410146E-4	5.9372180289442E-4	1.47379972566238E-4	4.5301831408098E-4	6.35380717621357E-4	6.25925250981802E-5	6.6191139902728E-4	3.33294914389196E-4	4.45832396354341E-4	-2.89841194218368E-5	7.32274210594977E-4	4.89392377548572E-4	0.00120877716117453	7.7479892502127E-4	5.1967275783157E-4	8.88168800914428E-4	6.51025550334791E-4	7.38868674815021E-4	5.50843895581991E-4	3.52170297783816E-4	4.49335817465328E-4	9.24189442477636E-4	3.61748093831279E-4	5.51328022945936E-4	6.75144762022957E-4	1.52683646354026E-4	-1.50511711517962E-4	3.01267413219679E-4	5.16881129002473E-4	3.47522016337707E-4	7.02880943915583E-4	8.36233156992439E-4	6.16383888098781E-4	0.00102571163953417	9.25977083339864E-5	3.81451460880909E-4	5.01103189318726E-4	8.75441810431159E-4	7.3525605867012E-4	2.537194524329E-4	4.29803022246356E-4	5.0239243977131E-4	2.97425302744238E-5	7.19652507110338E-4	-1.89898634058297E-4	2.91824733014303E-4	2.91683121724644E-4	7.43929785912238E-4	4.3898006288599E-4	9.11546956884376E-4	0.00158335329545603	6.41462649484251E-4	0.00108374008634576	2.89424512380484E-4	2.62498134342522E-4	6.2750060618761E-5	4.79270935754762E-4	5.54620256266706E-4	0.00115419878156026	6.01431013600964E-4	3.5364688897668E-5	8.69858072521635E-4	4.26827042099306E-4	0.0012923478875083	5.24898500626606E-4	8.32822347987885E-4	9.67608912363469E-4	6.14652490892828E-4	3.76053142393126E-4	5.76128565836018E-4	0.00135128911892514	0.00124829408127972	0.00157725891624587	3.29421864332905E-4	4.11909566311116E-4	5.50208549956923E-4	8.78282225065218E-4	0.00139611367170481	0	0	0	0	0	0	0	0	0	0	0.00241350787601268	0.0031427487236508	-0.00144042782017023	0.00275429383312588	0.00250729914648671	0.00141419337381122	0.00450889218858077	0.00354989845509758	0.00249551212863967	0.00806837962036249	0.00634006063919615	0.00436240265058964	0.00309869286008921	0.00449972698940681	0.00440858813455616	0.00547643746240375	0.00205495101969718	0.00233220429741948	0.00613143373949241	0.0152259956730256	3.71037038220872E-4	0.0141393389253565
571.364	0	0	0	0	0	0	0	0	0	0	0	0	0	0	0	0	0	0	0	0	0	0	0	0	0	0	0	0	0	0	0	0	0	0	0	0	0	0	0	0	0	0	0	0	0	0	0	0	0	0	0	0	0	0	0	0	0	0	0	0	0	0	0	0	0	0	0	0	0	0	7.17084988695359E-4	0.00160560495667578	-2.62344554888954E-4	2.25208493257971E-4	8.51491262575242E-4	0.00163946425748004	0.00169688668279122	9.49642084960521E-4	0.00256236873238636	5.14638797164999E-4	-3.08480719048699E-4	3.5720453524278E-4	-0.00104702090821438	2.8843545957644E-4	4.34874791813883E-4	-2.48392489967255E-5	7.05129619204981E-4	-7.11355256472457E-5	0.00189887326116422	5.88176231083519E-4	0.00103906330077112	1.08083481382666E-4	-4.01349994746439E-4	0.00105518785549862	0.0014419602690783	4.78267149230433E-4	0.00151932649716367	6.4687686278965E-4	1.11767595906751E-4	6.19431726682581E-4	-1.77414674199421E-4	-2.38007604733192E-4	8.16173419444004E-4	2.86915354354998E-4	7.79421627745881E-4	5.1322471847563E-4	7.18524924999159E-4	2.8303684694216E-4	6.90562991528919E-4	2.1309071149277E-6	6.88772536220606E-4	-9.42207932285106E-6	9.95589183485236E-5	-1.41087141123434E-6	4.62522482287205E-4	2.94413347724926E-4	3.63890462104131E-4	1.56565973073904E-4	2.63405830088518E-4	3.67178176902039E-4	4.23490191457147E-4	3.30910915901124E-5	2.12256590370625E-4	8.46451160033463E-4	7.96769319988823E-4	5.70082156212183E-4	3.63749990163877E-4	5.01097326035371E-4	3.62247325429092E-4	5.21542097523702E-4	6.24117164127818E-4	0.00129151621436062	1.86211414043928E-4	9.00473994890492E-4	3.44467629490043E-4	1.92081725345527E-4	2.21438756432141E-4	2.53881011809689E-4	4.26313455944426E-4	3.28032490289522E-4	2.99180051921346E-4	1.57569403202867E-4	3.28276184615233E-4	2.03086365116498E-4	1.73482258147439E-4	4.96783826935517E-4	9.22168892114035E-4	7.67153444467803E-4	5.28713655373299E-4	7.88069283102385E-4	0.00116887192256039	0.0010931585618285	4.73713863079599E-4	8.42771368936695E-4	1.6787685693718E-5	0.00136697601178042	1.81217569916074E-4	2.75556595254251E-4	5.73100741143019E-4	4.69944088976152E-4	5.88143456840266E-4	9.37781063855925E-4	1.07091852147096E-4	-2.73847070997862E-4	7.70889143234956E-4	6.60611250272967E-4	7.31829193081654E-4	5.35855398198784E-4	2.67334456813194E-4	6.51293261052975E-4	3.53949533260385E-4	3.82381199357521E-4	2.05746699789251E-4	6.32239250282197E-4	5.60409547763916E-4	7.11408245245179E-4	5.96630835655697E-4	2.10487578805773E-4	7.73769414339013E-4	2.76245219433357E-4	1.55564018099611E-4	1.26483826344842E-4	0.00120746648975972	2.96007907238045E-4	6.40783380296433E-4	4.15699462092916E-4	7.8353353803903E-4	6.21060835730426E-4	0.00125315067370279	5.3644761620776E-4	2.74336841837294E-4	1.59919215877817E-4	0.00180895187322484	2.27128145113853E-4	9.26462504140305E-4	0.00169783261428507	0.00127420754039798	0.00229181923416404	8.52530620570941E-4	0.00170520155817849	0.00173265263541591	9.33051487019733E-4	0.00242463893730906	0	0	0	0	0	0	0	0	0	0	-1.84319386248473E-4	0.00248193212791339	0.00245249466644048	2.1433376558327E-4	0.00152836290439752	2.42919013322608E-4	0.00348976379247688	0.00281470555530325	0.00455632307247158	0.00225655598153132	0.00544596552917485	0.00370861625060516	0.00300800184099449	0.0083280770892629	0.00234126151819802	-1.65547192980663E-4	0.00404634201853204	0.00434701878485765	0.00939182243882846	-0.00187968967419358	0.00345463348097057	0.00185301054237001	0.0120201194177901
576.059	0	0	0	0	0	0	0	0	0	0	0	0	0	0	0	0	0	0	0	0	0	0	0	0	0	0	0	0	0	0	0	0	0	0	0	0	0	0	0	0	0	0	0	0	0	0	0	0	0	0	0	0	0	0	0	0	0	0	0	0	0	0	0	0	0	0	0	1.09987996869974E-4	-5.01607511741051E-4	-0.00158326391232287	-9.99545090353284E-4	-9.12052693188997E-4	3.97872673517468E-4	-0.00110444152819859	-0.00101905307329415	-2.18752572500432E-4	-1.53072071451205E-4	-6.29488673908787E-4	1.18236077913011E-4	-4.33197553433198E-4	-3.3919848026014E-4	-2.76962614647521E-4	-7.32249854713755E-4	1.06038824907387E-4	3.36315229357535E-4	1.26745194274763E-4	9.82472026617856E-5	-9.57317645814012E-5	2.33345904827424E-5	-2.28481216733499E-4	6.69379130307467E-5	-3.27047983095515E-4	-2.56108543604117E-4	8.37941807888569E-5	-3.69436711815522E-4	5.03583930036198E-4	-5.89495904103613E-5	7.69200616525957E-4	-4.32373527149499E-4	5.89110078450274E-4	-5.92018772223618E-4	3.421901583337E-5	4.85886242030288E-5	6.12199118535272E-5	-5.89299824664289E-5	-5.86185797719773E-5	2.32257034984581E-4	-8.43367220747837E-5	-5.78506768250567E-4	0.00102934883355952	6.11438931183695E-4	2.64171726437435E-4	1.89840197783291E-4	-3.06973188216182E-5	1.97813021347601E-4	2.31406877489556E-4	1.99884029155025E-4	1.58192406898426E-4	4.95966839987081E-4	1.71737317109585E-4	1.73319175840367E-4	-4.52823432733028E-4	-3.93005875935898E-4	2.76960726130918E-4	3.56592350145323E-4	1.54670661616447E-4	-3.06048611575157E-4	1.63163176857655E-4	-2.49576565069185E-4	-6.56689864092795E-5	-4.68543671802127E-4	-1.43231476383291E-4	4.07825376898084E-4	2.77823719349034E-4	1.50506001507943E-7	1.79227836552562E-4	-1.19019458983777E-4	-1.96180782271565E-4	-1.22914423166959E-4	-1.73356176374415E-4	-7.55182625143037E-5	-3.16981304392894E-4	6.63640304350106E-5	8.55206125659408E-4	-3.50730049412237E-4	3.94481320847085E-4	2.38027940651736E-4	-7.56890272735537E-4	1.1065222948432E-4	3.26028655384081E-4	-7.03799808994557E-5	0.00101823201875389	5.47151938141711E-4	-9.53860162637927E-4	-2.71581892146154E-4	1.68845243733044E-4	2.83077287188345E-4	8.18385133894877E-5	-3.20944350013388E-5	-2.21464993750128E-4	2.65966427667905E-4	-1.08543925368519E-4	-4.17387697022003E-4	-6.15012036772236E-5	3.6700539462034E-4	0.0011079452527819	2.11532564169828E-4	3.61390362360053E-4	6.01228929633507E-5	-1.34605847914744E-4	1.93843548237221E-4	5.94488989666407E-5	6.09024525737081E-4	-7.4059622346433E-5	-4.46552984785364E-5	2.09591485861516E-4	4.82471692455635E-4	3.04084468055665E-5	5.82707924551384E-4	-4.64318397352336E-5	2.67317485713459E-4	-1.11782346817184E-4	9.78388794605883E-5	9.96487466389906E-5	5.96466853511853E-4	-4.02679581905964E-4	-2.51943998702447E-4	-1.84587716115756E-5	-3.40215975320032E-4	6.19442195305485E-4	2.77270815572581E-4	1.81808468827982E-4	6.16488201941877E-5	-0.0011691265592409	-4.68151416487528E-4	4.40782960968701E-5	0.00128781289862188	3.17915387704816E-4	2.09638280606056E-4	1.20358412341376E-4	-4.68115557545847E-4	0	0	0	0	0	0	0	0	0	0	-0.00124567868249196	5.26691137264901E-4	0.00144409072176518	-3.9435449567815E-4	-9.81327486248367E-4	-0.00125135158607807	5.0825658747175E-4	0.00115948133750208	8.01804670073055E-4	2.45197243389108E-4	0.0032970223480981	-5.00200111927156E-4	-0.00214173896365452	-0.00145398895312649	-8.17523350583773E-4	0.00236767393633686	-0.00679759873886544	-0.0069819861924356	-0.00520440832762546	-0.00209144185545408	0.00498471081860543	0.00190147308796165	-0.00252104659550764	3.73153617036389E-4	-0.0022421808174739
580.756	0	0	0	0	0	0	0	0	0	0	0	0	0	0	0	0	0	0	0	0	0	0	0	0	0	0	0	0	0	0	0	0	0	0	0	0	0	0	0	0	0	0	0	0	0	0	0	0	0	0	0	0	0	0	0	0	0	0	0	0	0	0	0	0	0	0.00106971354421932	0.00120214794592219	-0.00206876744153496	8.35422506986335E-4	6.76320873346839E-4	1.05424537623292E-4	3.08187649510701E-4	-2.34635808137395E-4	3.61696774856012E-4	-6.44288268726686E-4	7.90637132885777E-4	1.8605936666097E-4	-2.41545607411324E-4	-3.75097751762974E-7	2.63381864495666E-4	-5.57918188729536E-5	7.58733380238613E-4	6.32112612214853E-4	-3.74968810070073E-4	7.84496920573705E-4	1.79723081164624E-4	-0.00109385526181042	4.8547918567239E-4	3.31420748833956E-4	4.62591631312605E-4	-9.01602563801655E-5	5.30252168405274E-4	7.56401728079824E-4	-8.45297241340346E-5	-2.28392464305527E-4	2.44599927357299E-4	1.79323624479333E-4	2.72354289767434E-4	2.28604551398343E-4	3.16964165805584E-4	-2.90357806451412E-4	6.60583342404743E-4	4.09226951391857E-4	3.09445333941382E-4	-4.04592094181031E-4	8.40986312100934E-4	2.20161937615177E-4	2.17964527713039E-4	4.06236813184183E-4	1.016068998319E-4	1.87183546355432E-4	-3.72862498372866E-4	-9.0296108621455E-5	1.11386043510185E-4	-7.8008778393966E-8	5.01640535101433E-4	3.72105877765727E-4	9.01727016506592E-6	1.1690200301732E-4	2.31042110333217E-4	-8.19918214314233E-5	4.02596790042436E-4	-4.78937102464568E-5	2.80281097733153E-4	1.3369973568503E-4	3.55947431896648E-4	-3.55264226198877E-4	2.98251598896282E-4	3.71238557597732E-4	4.83579170203435E-4	1.47706155646117E-4	-4.18621791245578E-4	3.96509096084236E-4	-3.58627638760556E-4	3.67634056562237E-4	6.80164783949557E-4	3.47281489538888E-4	1.54109452661493E-5	-1.54969381497161E-5	-3.03099697687938E-4	-1.52862278522228E-4	4.01518452145687E-4	-1.62879921553572E-5	4.50025889557646E-4	0.00113529201839172	-5.0758057891987E-4	5.73835332712441E-4	7.47147393072754E-5	6.33812631178152E-4	2.01850461143907E-4	2.49857561129658E-4	8.75103169030616E-5	6.95020889252986E-5	8.62408629404543E-5	-1.54537527486088E-4	-3.38081669599397E-5	-2.52591748408824E-4	2.1547263561777E-4	-3.24225853840194E-5	4.83014320486956E-5	3.48369809283899E-4	4.71806716332666E-4	1.25227414972931E-4	0.00101119330421593	-1.85100068104784E-4	-1.99215500603736E-4	-2.28881782199005E-4	2.1327123988387E-4	-4.52825323153715E-5	4.69264265423852E-4	2.26503948554215E-4	-3.26018536687313E-8	6.31119959913314E-4	7.51655926506128E-4	2.71463687759821E-4	2.27305738305363E-4	3.96523918914587E-4	-3.0647742223452E-5	4.34383681486639E-4	-2.97841344543292E-4	1.27327954276267E-4	0.00111506930700761	4.93926811857718E-4	2.52152035783638E-4	4.48361175072555E-4	-1.24041485799846E-4	-1.82026565519564E-4	5.97693281889136E-4	9.75362711645286E-4	9.80574811962085E-5	6.21154874747083E-4	8.9924990640469E-4	6.22074995869044E-5	2.95573270568575E-4	1.07679389037688E-4	7.03753086273335E-4	2.24372871450265E-5	9.18850327659849E-5	3.06338795884543E-4	8.24026440942016E-4	0	0	0	0	0	0	0	0	0	0	4.76087839650707E-4	0.00243940567148741	9.33230343257582E-4	0.00193227827976489	0.00114379678190921	0.00182844291056647	0.00285216611722983	1.60232337600442E-4	0.00129728907074592	2.81552620390653E-4	0.00229233046011272	-0.00138472855385012	0.00110628608517882	0.0022641654908446	7.38789373339179E-4	0.00674391369052197	-5.31849734184845E-4	-0.0016398416714591	-5.03248054662934E-4	0.00432765700486969	0.00444703073864911	0.00336404591405367	-0.00714028726799674	0.00801396684681356	-0.00226757694427023	-0.0131927914496008
585.455	0	0	0	0	0	0	0	0	0	0	0	0	0	0	0	0	0	0	0	0	0	0	0	0	0	0	0	0	0	0	0	0	0	0	0	0	0	0	0	0	0	0	0	0	0	0	0	0	0	0	0	0	0	0	0	0	0	0	0	0	0	0	0	0.00294438868187625	0.00183767165707747	0.0019208935717333	9.82051703952175E-4	0.00297293262393832	7.30492524208817E-4	0.00196874402294717	0.00210567343810078	0.00343892966549096	0.00242839160799777	0.00403309613200207	0.00249724239661068	0.00273545838572168	0.00118411069127469	0.00329621386755138	0.00182622269521868	8.22951798504308E-4	0.00167379373907875	0.00180745190491739	8.29128397781909E-4	0.00215568181930432	-4.72647240716995E-4	0.00136062538889341	0.0012757115159436	0.00197638347990551	0.00159530112289991	0.00144177203519739	0.00190880407296582	0.00246462796970985	0.00147738853323181	0.00170218600318316	2.30171189568022E-4	0.00170110194538443	0.0019829009474866	0.00105647825831543	0.00139675166681158	9.18029571742612E-4	4.20407565031524E-4	0.00101387191164494	7.07871097241706E-4	0.00118111054641074	0.00119733072774817	0.00122358409181018	0.00162521736335136	0.00104007778678187	0.00140855291825733	0.00108293289331161	8.28674296206821E-4	3.51968707338953E-4	0.0010447314837099	4.79207123068933E-4	6.22388774480893E-4	5.71710401143345E-4	2.44033208687946E-4	8.85430185067843E-4	0.00105355861915943	6.67626587602669E-4	0.00106741171486865	8.76992102260163E-4	8.24160194884119E-4	9.21785902652657E-4	9.67107230834953E-4	9.29076382393393E-4	9.35504482364825E-4	0.00164483777250331	0.00152489802436259	0.0012401663748348	8.5560695595407E-4	0.00139275778355009	0.00148389032808442	8.78848811206536E-4	0.00121652067204883	0.00130669536353954	0.00109334228216716	9.36895990004111E-4	0.00137824071792798	0.00101198897844395	7.99995187864932E-4	7.26737062352519E-4	0.00104570071137858	0.00102685162661366	8.74208699213129E-4	0.00120393756596282	0.00132034397028388	0.00184062240686182	0.00101174528826153	9.57470883691541E-4	0.00157869781393104	0.00140508425560279	0.00142540801041007	7.45474199603489E-4	0.00105397839255713	0.00164580605584248	0.00171064534583636	8.66399111216844E-4	0.00112979372267411	9.34256263122061E-4	7.00752982441658E-4	0.00132775626049408	3.30498248904278E-4	0.00109508881422883	0.00127455859910244	0.00121975482499197	0.00156651475879125	8.87892877028155E-4	0.00128240968152765	0.00124812482993397	0.00104670124106387	3.78067952557584E-4	6.64941991414027E-4	0.00130021383174848	0.00165301433051582	0.00135634285477759	9.04845080341687E-4	0.00134502806102517	0.00148205272110703	8.52152715265787E-4	0.00102333021953615	0.0019501681293723	0.00135749451931032	0.00140340785288836	9.8825401144104E-4	0.00158512774099994	0.00179449397632413	0.00165287683110515	0.00128854611331902	0.00232425310600485	0.00153140837562441	0.00197287416591136	0.00110744681659046	9.13038561097364E-4	0.00188365884311941	0.00179062413267609	0.0023944700760406	0.00154793759399832	0.0017295581242436	0	0	0	0	0	0	0	0	0	0	0.00298145246766465	0.00203551672000954	0.00313019130777923	0.00389094570080064	0.00308056687507462	0.00250103965366392	0.00236378393947567	0.00496361222090361	0.00592983904670922	0.00365405440251181	0.00371615809625958	0.00572305973502417	0.00528343465130991	0.0076080779083026	0.00711291343004036	0.00540203995827982	0.00499676894290702	0.00709270656077745	0.0073701901673545	0.0120088514076391	0.0181566708592342	0.0136243736351945	0.0200421312511308	0.0132598025203765	0.00354728419410414	0.0285589271746195	0.0233451936647709
590.156	0	0	0	0	0	0	0	0	0	0	0	0	0	0	0	0	0	0	0	0	0	0	0	0	0	0	0	0	0	0	0	0	0	0	0	0	0	0	0	0	0	0	0	0	0	0	0	0	0	0	0	0	0	0	0	0	0	0	0	0	8.46159105572685E-4	-0.00137041443030102	-0.00167175741072929	5.21295081822268E-4	-1.18032464653027E-4	-0.0015100156868888	-8.37281169435125E-4	-0.00101083362356258	-0.00172756017321316	3.60777399818104E-5	2.83446021359215E-4	4.85179083470798E-4	-8.15734713129276E-4	-3.33280987621458E-4	-6.53232470120985E-5	6.40658022236851E-5	-7.84946439389733E-4	-7.37269066564465E-4	8.15159105971279E-4	-0.00139132846611955	7.27322922591869E-4	-8.2467353623932E-4	-5.8391373061547E-4	1.90247277608384E-4	1.05958949970772E-4	4.65853648186693E-4	-1.00667082526408E-4	2.46634623028744E-5	3.11949658258792E-4	-5.38755299562962E-4	-2.28625615026943E-4	2.01499343271049E-4	3.94145937783797E-4	-0.00156519322335184	-2.103422985304E-4	-0.00111461291744101	4.84506406193877E-4	-3.15203110199982E-4	3.06178949444602E-7	2.45778386652589E-4	5.71254920238891E-4	2.45692837855566E-4	1.16730518599307E-4	3.1536712983265E-4	6.73984094765681E-4	-7.3232746634279E-5	6.84846947524706E-4	1.80391889590738E-4	7.68870233098743E-5	-1.37496923141773E-4	-4.60288891471553E-4	1.9561843260292E-4	2.74676937067585E-4	1.84930060153057E-4	3.22869427260557E-4	-3.13506405395751E-4	-8.20662680596204E-6	1.10592146447384E-4	-6.3283565639136E-5	2.63049996234333E-4	2.40106287745235E-4	-9.05413282688659E-5	9.76769042888262E-5	1.80583768615976E-4	4.46691712207493E-4	4.60704133402376E-4	-1.09937298362702E-4	-8.03586293674041E-4	2.39420803264161E-4	-1.35289220529044E-4	4.1452399871522E-4	8.16935655849179E-5	4.82061893977589E-5	4.11267692333563E-4	-2.94873541288569E-4	7.6846865851743E-5	8.72281483392448E-4	1.08562834228522E-4	3.15542764549195E-4	5.82885488573602E-4	1.7047720440445E-4	4.39444232303899E-4	4.24865137996438E-4	-3.32761698271413E-4	5.39440892406233E-4	-1.28512017152757E-4	-9.32503980122569E-5	6.43596594410943E-4	4.71962442949478E-4	4.82516881207087E-4	5.60561732690508E-4	9.0243346691168E-4	4.03203408480509E-4	5.241451497247E-4	-3.65610392532373E-4	2.76476262038674E-4	-4.94904798826913E-4	2.18431949724247E-4	-1.48433869759902E-4	1.30004477830563E-4	3.85019464210615E-4	3.66465425470925E-4	-2.69481853591645E-4	5.67606485766191E-4	2.97828442656737E-4	4.97745748396583E-4	-1.54013929478158E-5	6.20348097568174E-5	-6.14849111830074E-5	-2.45410780702875E-4	-1.53000912375361E-5	1.2191696458948E-4	1.98025401670503E-4	8.38012197979439E-4	6.11665372467387E-5	2.76459597981677E-4	1.08215692746856E-4	4.36337133351228E-4	1.57152545380273E-5	-1.58920287844829E-4	-2.09345191448359E-4	2.62070916262156E-4	7.50809028201691E-4	-2.72720521260392E-4	6.11589004780189E-4	-3.05310574822981E-4	6.64371512601812E-4	-2.83949017654176E-4	-2.71306685490009E-4	-5.55730497658288E-4	7.10786373210482E-4	1.86428139055507E-4	3.58031743091611E-4	1.71089316991458E-4	5.45585893722755E-4	-0.0010236834723664	-2.5049863780397E-4	-1.63013602075678E-4	0	0	0	0	0	0	0	0	0	0	7.90238495236361E-4	-0.00102542581443111	9.65364999969491E-4	-1.6945309318102E-4	9.91346189760846E-4	-6.68607841185966E-4	0.00100640582863976	8.46334858758985E-4	0.00177140577171159	3.96086891754676E-4	-7.45096903945641E-4	-1.28572989912743E-4	-2.84693913149932E-4	5.49223758378642E-4	8.69885883585755E-5	-0.00143176686628853	-3.1964952225503E-4	0.0020390959112306	0.00377577262497561	-0.00788002531008285	0.00136456653623512	0.00248080658410731	4.28153377412745E-4	2.43215847578348E-4	0.0130853114893088	0.0071457079666778	0.00575892824451077	0.00415163897110384
594.86	0	0	0	0	0	0	0	0	0	0	0	0	0	0	0	0	0	0	0	0	0	0	0	0	0	0	0	0	0	0	0	0	0	0	0	0	0	0	0	0	0	0	0	0	0	0	0	0	0	0	0	0	0	0	0	0	0	0	3.50948892735567E-4	0.00155405641525317	5.5259944125174E-4	3.34240762187702E-4	2.46209906466808E-4	-2.81975478619216E-4	-5.94076907695219E-4	-0.00233594719438349	1.91421462976231E-4	0.00109178600112715	-1.10660696820923E-4	-3.26475742481788E-4	6.75456203121314E-4	1.81500918362077E-7	0.00177726082619407	6.02853976492166E-4	4.27358077585999E-4	0.00148273319631206	9.46077718432805E-5	5.87852004213956E-4	3.01451488300412E-5	-1.18977142281221E-4	4.09135366034866E-4	-4.00532144670752E-4	2.79963850927455E-5	-8.18762259204595E-4	-2.39417372818208E-4	2.59965243991233E-4	4.56001660727819E-4	-2.22634488111474E-4	9.64366525910041E-5	3.7700146391513E-4	4.14571644427192E-4	2.25196369560246E-4	-6.82440081884352E-4	7.97756956350736E-4	-2.75104965897257E-4	3.94562873380876E-4	-1.4205966026262E-4	-3.17011969141568E-4	-5.74771041467088E-5	3.61566424666502E-4	4.45348998081404E-4	1.40027226001772E-4	9.68116866713927E-4	1.12998049753432E-4	4.47575778111594E-4	-2.8666446422073E-5	-1.17660243832543E-7	1.96810847663159E-4	5.90577801241178E-4	2.14366980733155E-4	1.7535154305208E-4	-1.71908542045106E-4	3.91272070464073E-4	3.82475375016473E-4	8.3457968929913E-5	3.06727229033813E-4	4.53438023954335E-4	3.33132371954073E-4	2.46398716528251E-4	1.27462395425186E-4	4.6223646048131E-4	3.87323786921541E-4	-3.66028012748518E-5	6.8716072722234E-4	3.94737016727762E-4	2.02681556301765E-4	2.69151362317835E-4	-1.67858409195647E-4	2.74784618397125E-4	3.22398828097888E-4	2.33325368609459E-4	-1.31284517002789E-4	1.6151463132075E-5	-4.61050486607185E-4	6.55319966316618E-4	1.07645038218192E-4	2.00022605586594E-4	4.20576902598134E-4	3.80747796621226E-4	0.00120411768203463	1.87053355031087E-4	6.38171132413746E-4	3.92887415286116E-4	-1.23201486484431E-4	-1.99180266004528E-4	3.1420170092563E-4	-4.14261505474665E-4	7.61428436959832E-5	8.16325465556409E-4	2.05062379239253E-4	2.00051419212623E-4	-2.31327926954685E-4	1.93881205414721E-4	6.1456315794653E-4	3.15110443982233E-4	8.67185630914479E-5	6.35086273093576E-4	-3.38769465524743E-5	5.97145835605909E-4	3.91850960827174E-4	8.8722676127902E-4	1.60123143158958E-4	7.33384752387068E-4	6.50009303875149E-4	2.6778110475247E-4	-6.26672646298295E-5	-5.13510509625467E-4	5.58352924125367E-4	6.80579928133332E-4	-4.31906177738864E-4	1.23093129751161E-4	-1.66121374096135E-8	5.66657653113376E-4	1.53216437756398E-4	2.30509831058656E-4	6.1836088449145E-5	-2.01958532847896E-4	-2.34971201439765E-4	1.73908847187084E-4	-2.39725858035547E-4	-6.48934278391679E-5	0.00107046274015848	3.01903655604689E-4	6.85517632328864E-4	2.96180814404285E-8	1.44402559231767E-4	5.93786092787018E-4	6.85241236935342E-4	0.00113037087386978	7.9825407050996E-5	4.90084183575742E-4	4.99844723213129E-4	7.41091611993474E-4	0.00159248600758135	7.89976868548035E-4	3.81505459383098E-4	1.83090549607095E-4	0	0	0	0	0	0	0	0	0	0	3.42370294018244E-4	1.05460226960101E-6	-5.72607777259417E-4	6.47118641824757E-4	9.8625145885793E-4	-0.00113422847590902	0.00312195674306354	5.02909120025027E-4	-6.93220951412472E-4	-0.00163268815150825	0.00288679232375624	0.00100403228973338	5.37312803526453E-4	0.00376346069956969	0.00196784679642469	0.00355094859080781	0.00144032987766948	-3.21921845813871E-4	0.00578621911969693	0.00203329645410519	0.00442086850781573	-0.00102843886270259	0.00287469108389558	0.00280377418821549	0.00416003358271374	0.00643696322104699	-0.00293187491917503	0.0204491003504899	0.00788511174295807
599.565	0	0	0	0	0	0	0	0	0	0	0	0	0	0	0	0	0	0	0	0	0	0	0	0	0	0	0	0	0	0	0	0	0	0	0	0	0	0	0	0	0	0	0	0	0	0	0	0	0	0	0	0	0	0	0	0	-9.15029294877787E-4	-0.00228875970839124	8.68075877133733E-7	-7.81517845460444E-4	-0.00141174501052153	0.00176771273655856	-0.00206727184656673	-2.0508718868029E-8	0.00131773285866835	5.49217978011655E-4	-0.0023908122608516	1.14370479491952E-4	-1.11563967866064E-4	-8.04122466292258E-4	-1.78562776844589E-4	-3.15802559084085E-4	4.82212361523901E-4	-0.00128273749673088	5.30303502471497E-4	-1.6210064753774E-4	0.00124086758375543	2.19378381311314E-4	3.05848572371532E-4	-4.19961448419672E-4	7.36460398334071E-4	-3.17064663591428E-4	8.46399677875731E-4	-0.00126520120106087	5.10251779140327E-4	-0.00115206155165951	-1.52951532377174E-4	2.24304119711181E-4	-4.13406752956235E-4	8.54937190383545E-4	-3.71031824361756E-4	3.40135074039625E-4	1.33285725924795E-4	2.82636390617694E-4	6.18702553166512E-4	3.35065292574369E-4	6.54614703672386E-4	-4.38800952931428E-4	-7.99318891415835E-4	-5.538684844404E-5	-1.46933886200161E-4	-5.55634538020098E-4	-1.33546809343195E-4	-4.54074724210455E-5	-1.06281671181313E-4	2.00962722088795E-4	8.44988451844076E-4	1.84481574066269E-4	2.50908839582742E-4	1.67557511088655E-7	2.65113763478058E-4	-4.4561382001984E-4	2.20315298286713E-4	2.08283466278878E-4	1.68206146701753E-4	2.06047959025386E-4	2.15969990152221E-4	-3.44009530620806E-4	-1.28320989819578E-4	-9.84093118309882E-5	4.97479581444256E-4	-4.24285693789289E-4	1.85810844590715E-4	6.5564724132086E-5	-3.42680086163467E-4	-3.2032822335497E-4	-1.91034494116913E-4	3.56219709649777E-4	-2.93579170660633E-4	6.84325979420203E-4	2.01610138002757E-4	4.96090661253266E-4	-4.8993980310808E-5	3.72267814324406E-8	-1.7285043329865E-4	3.10163639660397E-4	1.55252132215838E-5	-7.80741511647671E-5	2.08077416527213E-4	-8.18793404677124E-5	2.19980500042923E-4	-4.92922466172341E-5	2.41118966806913E-4	-5.32590048095682E-5	1.82298744116532E-4	3.91107531026872E-4	-3.79529143933804E-4	4.41109887280112E-4	-7.61384640167016E-5	7.71257525044687E-4	1.09955634185762E-4	-6.63111126928085E-4	4.97092634972275E-4	6.02038475996683E-4	-5.29179735550047E-4	7.01719030943449E-5	-3.45499011296956E-4	2.55249594066857E-4	1.67847486534698E-5	-3.94657258694937E-4	1.1373123037013E-4	-1.6089316840259E-5	2.89231852225067E-4	4.63257144448612E-4	1.43227940025994E-4	-8.35216865388954E-4	-4.86018713237159E-4	3.90884881510734E-4	-1.78024568335277E-7	1.2439345675636E-4	-2.78778000159676E-4	7.7208695077095E-5	1.08115706673758E-4	1.23605785495087E-4	2.32302272840861E-4	-3.10751388087468E-5	5.1679835916707E-4	-1.26207971720455E-4	-2.54867142725355E-4	2.57726591820401E-4	-6.50625953421415E-5	-3.48448236475082E-4	-1.18204612525083E-4	6.90200423636793E-5	1.94787422774487E-4	2.54557685607692E-4	1.68318165699907E-4	2.87691605892492E-4	-4.71238296059142E-4	-6.01756262727017E-5	-0.00115228174000028	0.00100732411005319	6.39881394635965E-4	9.75642253372308E-4	2.65397861522228E-4	3.17125800890551E-4	0	0	0	0	0	0	0	0	0	0	-3.90599958726273E-4	5.17453798010974E-4	3.64299422602253E-4	-0.00103896641229273	-3.66985173994195E-4	-1.27795212759194E-4	-0.00100818879353868	8.71428761390556E-4	-0.00164090105814185	-0.00220056774318783	6.1506786398679E-4	8.88980523110182E-4	-8.83727140900908E-4	0.00141887563465342	-3.63955283450745E-4	8.7326002281622E-4	-9.59667820278087E-4	-0.00232140271437555	-0.00194526255466554	-0.0029155294406226	0.00232302499790917	0.00138183434036881	0.00224656298887104	-0.00115559792903042	-4.33789093793403E-4	-4.92166084353096E-4	0.00874591794576694	-0.0118084283254871	0.00583309269442062	-0.00233546142054198
604.273	0	0	0	0	0	0	0	0	0	0	0	0	0	0	0	0	0	0	0	0	0	0	0	0	0	0	0	0	0	0	0	0	0	0	0	0	0	0	0	0	0	0	0	0	0	0	0	0	0	0	0	0	0	-5.46068861173531E-4	0.00179119774862698	0.0017001980326054	4.60814881888952E-5	-1.365077694844E-4	2.6720126701488E-4	5.26935525049399E-4	4.28224967493739E-5	6.80123842309931E-4	2.4964240067291E-4	-6.56961995370617E-4	-6.0514873958664E-4	1.18867145127634E-4	-4.6772058813745E-4	0.00168613653132697	0.0019946116974622	-0.00136625070105573	6.51316874578232E-4	0.00109981070602469	-4.52337580482595E-4	6.13852113124966E-4	-8.36389562817701E-4	-7.21774401689319E-4	-0.00106061204784999	5.02854986955265E-4	2.7772837298589E-4	-1.8189785131286E-4	5.94789398915482E-4	-3.78455225515227E-4	5.65494058931212E-5	-1.11327206694969E-4	8.67690970843616E-4	3.69952486090005E-4	-7.47965895681909E-4	3.77350727487139E-4	4.17636377366731E-4	4.79722592142848E-4	4.68635278387767E-4	0.00109908698292586	4.92837072523719E-4	-4.60904916854043E-4	2.19925290790443E-5	6.14103268059139E-4	4.34128590435271E-4	-1.6049168795438E-4	-2.14854614424563E-4	-3.63941603295783E-5	2.09274269568247E-4	-6.50884181079574E-4	3.44603385593565E-5	3.04947616276969E-4	5.77556156074955E-4	6.8437525948674E-4	1.5243475575432E-4	-1.43896323533253E-5	-4.00910029264043E-5	1.41082868095292E-4	3.31309439833137E-4	-3.87718811143513E-4	-1.28859860005888E-4	5.36596767384655E-4	5.5711595903108E-4	-8.67419708562178E-6	1.42665876163862E-4	-8.73189772758715E-5	-1.88872127759714E-5	3.97507767473565E-5	2.03001835820703E-4	4.62112992217692E-5	5.62150477132545E-4	4.75115446901397E-4	-1.4605813115479E-7	-4.4450630922403E-5	-3.37924003921162E-4	2.90803564043782E-4	-2.79633947029724E-4	-1.72717896978628E-4	-4.41380879885508E-4	4.00963659846442E-4	5.59790153390061E-4	3.55912485611019E-4	1.74681684708148E-4	0.00111252293822034	-1.72118473447773E-4	-4.59821991830287E-4	2.90474651263328E-4	-2.31805513978892E-4	5.07590105432088E-4	3.49825820505742E-4	-3.30480158230025E-4	-3.59182727363585E-4	6.62340806625453E-4	9.78247977981163E-4	-7.47991974734445E-4	5.42491913690327E-4	5.40889521489259E-4	-2.65820781529212E-4	4.25465659917567E-4	-3.98545590973388E-4	-1.61367640923073E-4	2.68048798508692E-4	5.34686097093321E-4	-1.23945935390128E-4	-6.81455395816749E-4	-3.2674144683563E-4	5.05087377527944E-5	4.9828512707167E-4	3.11760323687918E-4	6.03114850848192E-4	5.028914735716E-4	4.19586016534192E-4	4.48656802501681E-4	3.02394433752807E-4	4.75241513305234E-4	3.31354175570379E-4	-7.87749517660786E-5	3.14026419071565E-5	2.03395975716166E-4	5.4609624820594E-4	-6.70291249984798E-4	-1.24830839181782E-4	3.7543606934128E-4	-1.5673328354001E-5	4.58805720988507E-4	-3.82759425955722E-4	3.21851314929657E-4	5.53250889049319E-4	3.7929264794891E-4	4.19117127919858E-4	2.22006566444626E-4	1.74473356642919E-4	8.7634205992123E-4	6.24770948047937E-4	7.555979488786E-5	3.10013663986201E-4	7.5388774497895E-4	4.67347753366341E-4	6.85943290881083E-4	-1.69554934140037E-4	-3.88408042629769E-4	-0.00105180847402579	0	0	0	0	0	0	0	0	0	0	0.00149079939401546	6.25736578216249E-4	6.61547391935412E-5	2.09213279033072E-4	3.71778573216055E-5	0.00105083205293893	4.52751426986921E-4	0.00122511849258052	0.00267165581165321	-9.73655547162319E-5	0.00237071176067346	-1.63073525012207E-4	0.00182204146745906	-6.01704465849232E-4	5.74236192519279E-4	0.00136462667715247	7.33117901490809E-5	7.20075852885897E-4	8.80813843560777E-4	-6.85140345087732E-4	0.00425886855252024	-0.0018412783733769	-9.66603546973335E-4	7.73618291079096E-4	0.00505859403943833	0.00194893601870025	0.00395206953748277	0.00298798521920761	0.00997174952033615	-0.00199196448043275	0.0125706516315932	-0.00141630480600962
608.982	0	0	0	0	0	0	0	0	0	0	0	0	0	0	0	0	0	0	0	0	0	0	0	0	0	0	0	0	0	0	0	0	0	0	0	0	0	0	0	0	0	0	0	0	0	0	0	0	0	0	0	0.00132212345807252	9.29219244941694E-4	2.00784203824769E-4	0.00244432842611288	-2.37801882667521E-4	-0.0027528427197069	-9.09221674005583E-5	-1.34642999690388E-4	-4.86486977958018E-4	-3.48985462709015E-4	-0.00120174699490362	-5.90135258687811E-4	1.65872176672632E-4	0.00256546830713551	4.80167760061961E-4	3.93834759608214E-5	0.00143171012821437	6.08603248803278E-4	-0.0014167567727036	2.55713203127952E-4	-0.00125369282058722	9.83637479000986E-4	2.7541338557227E-4	8.78038713950989E-4	-3.97420412458768E-4	3.89597905869221E-4	0.00139891225977046	8.11657694009254E-4	0.00223427041544438	-2.09503855122758E-4	3.82214238653657E-4	-0.00103563497887776	0.00134689659682946	0.00109521959827908	-5.28072309304388E-5	-3.38977392855655E-4	-5.84475717243875E-4	4.71171225397663E-4	3.87594813181931E-4	3.78736931053778E-4	6.70776085465665E-4	8.82777352434684E-4	-2.18048348934238E-5	6.75574091985647E-4	6.20945438535181E-4	7.09857508411645E-4	-3.2464986375488E-4	6.6048196626612E-4	6.65703065925422E-4	9.64843066423096E-5	8.0057477188485E-4	7.19983840314124E-4	3.8815381699969E-4	2.83763457085361E-4	1.10174117728865E-4	7.69439086003268E-5	3.18792402749261E-4	2.42853670142439E-4	4.53265469772697E-4	2.18893286161973E-4	-1.76826792761863E-4	-9.46205926197218E-5	-5.31741554649964E-5	1.52531633681488E-4	3.50273512454141E-4	4.15193725753304E-4	1.93385294427302E-4	4.68837515213477E-4	5.94102994385796E-4	4.53064552510543E-4	9.39869479595177E-5	4.41424790411572E-4	4.80235096051142E-4	-6.99208733692643E-5	5.80080066758136E-4	2.75843187465983E-4	1.55874806219833E-4	2.1178536147984E-4	3.48830137871419E-4	6.84735767892881E-5	3.37331439676702E-4	1.16316135999215E-4	3.43484103803094E-4	5.93363760632711E-4	5.06297581180755E-4	1.2667876300046E-4	7.52021594524609E-4	5.05577538073688E-4	1.67181270462542E-4	-1.28189825268068E-4	-3.19447502755185E-4	4.74289896455279E-4	5.61752404918343E-4	-1.8552745092459E-4	1.52068656480717E-4	6.78060672355271E-4	2.15191758548454E-4	5.46226620898207E-4	-1.34306882600783E-4	5.41881856405706E-4	-9.13442368190481E-5	5.61124413738766E-4	1.08409677201632E-4	4.68021858143087E-4	0.00121424970059706	8.81843746147974E-5	-3.99131680051625E-4	4.26155775567932E-4	6.04012870698806E-4	1.82271348479003E-4	-2.14049752066759E-4	-9.82603219202219E-5	5.70297993793254E-4	3.23718221287945E-4	-3.21005063804882E-5	3.35934386526325E-4	4.30313197093065E-4	6.2038203716209E-4	6.81689047787691E-4	2.05645710861191E-4	6.45846460291488E-4	-1.10142321319939E-4	1.41690504121818E-4	2.84330062735999E-4	6.03191244772731E-4	4.63304978704851E-4	4.02598030368768E-4	4.06229544292609E-4	8.70879023975227E-4	6.4944131766404E-4	0.00101558323923715	3.27545078021514E-4	-5.28386766045909E-5	4.69532528274426E-4	5.37890473613592E-4	-7.62812558929389E-5	7.23845976398827E-4	-2.20293470690767E-4	0.00121062593652603	7.55504873126005E-4	2.56978130830889E-4	6.52610931326858E-4	0	0	0	0	0	0	0	0	0	0	-2.79810407642836E-5	-1.78856999552265E-4	0.00221150568717628	6.32130963402444E-4	4.56971509794775E-4	8.54512198801703E-4	-2.73807376318748E-4	7.06322581107949E-4	-1.68752231505728E-4	9.72127494435246E-4	0.00187614396146655	0.00229061528959774	-5.47461382961999E-4	0.00230108527766245	0.00115362857332692	0.00483155757625097	0.00192936413244165	0.0018598755307773	-2.99550335159561E-7	0.00418438997009997	0.00454294528904879	-0.00110186391776147	0.00111515787205236	-8.35612970029287E-4	-0.00360140727515643	-5.27623131828865E-4	-0.00157634517404299	0.00266008622988534	0.00528274374216663	8.6468987962526E-4	0.00200278490273995	0.0194339775985974	0.0109661747260363
613.694	0	0	0	0	0	0	0	0	0	0	0	0	0	0	0	0	0	0	0	0	0	0	0	0	0	0	0	0	0	0	0	0	0	0	0	0	0	0	0	0	0	0	0	0	0	0	0	0	0	-2.80636098851311E-4	-2.72860074126388E-4	-5.87579013252913E-4	-1.54524729397713E-4	-5.05972689552499E-4	-0.00113471372354299	8.21041692029336E-4	4.81776223399333E-5	8.915452034901E-7	0.00218742058985336	4.52151746512814E-5	-3.51552414554061E-4	0.00208382892902931	0.00145087571168144	-2.08921612815367E-4	8.2401239345778E-4	3.23738018695039E-4	-7.5537846198628E-4	3.1387670596458E-4	8.84850362987447E-4	-0.00124414582111458	0.0013312409849637	2.90328597770435E-4	3.55933415267333E-5	4.5292830961204E-4	0.00112802113190887	-1.33754763914052E-4	0.00118187049379524	2.08231216784894E-6	8.52800755925348E-4	-9.89664033441518E-4	-6.06755464010774E-4	4.46736972277911E-4	-6.10037636742624E-4	5.72377594091714E-5	5.82048949172969E-4	6.49927377558954E-4	0.00115896689472026	7.74070251055277E-5	4.76360993925145E-4	-6.1191668777735E-4	3.35782871928655E-4	1.64890959604382E-4	-7.31437557070481E-4	6.79384323087867E-5	1.34996764422857E-4	8.02606325318483E-4	2.1169782055715E-4	4.34089966810554E-4	8.08191547671775E-4	-1.7625365293541E-4	3.85344766413641E-4	7.36410118000402E-4	3.98746721198058E-4	1.66218226678454E-5	7.80826938583684E-4	5.56026209743628E-4	7.77996663144515E-5	4.39413667975604E-4	6.77767031169651E-5	3.66823463538816E-4	2.47367487458306E-4	2.04504903147784E-4	-2.39108461142364E-5	3.00729299980588E-4	4.5309454737503E-4	3.01081095700951E-4	2.05627566793616E-4	2.40233473002961E-4	4.4604095860037E-4	5.29745357476495E-4	2.62421452985277E-4	3.43757158529027E-4	4.34154210380348E-4	3.51005453437544E-4	4.38780027647213E-4	1.96516106907082E-4	4.44137811136837E-4	9.40157891084123E-7	-5.52545230840459E-4	1.76704839830924E-4	-1.66906284129324E-5	2.55931082039383E-4	1.17445283065839E-4	9.5896532127118E-4	2.28011813533082E-7	1.28394106961635E-4	4.95866339491964E-4	-3.55476312034223E-4	4.12816040838722E-4	5.58487512415301E-4	2.43298562436482E-4	2.72378275879422E-4	2.66712242137095E-4	-2.37763397294422E-4	3.76317217603423E-4	7.70405080089238E-5	-1.16634966847157E-4	1.98048903333751E-5	3.55814930224164E-4	1.17079196355056E-4	-7.93332275941458E-4	0.00101764082605035	-9.11139970941805E-5	-3.46332240898621E-4	-2.90907555537992E-4	9.0834436816756E-5	2.68266130610298E-4	8.95159150240565E-4	-8.60451288323165E-5	6.81256354536433E-5	2.18486752634388E-4	6.49611151957365E-4	-1.63613434517364E-5	2.80119762785821E-4	-2.12172447970269E-4	6.43828356763277E-7	-1.93871720524259E-4	-1.12374877881717E-4	5.14774114546797E-4	-1.92287658611499E-4	2.39978374239176E-4	3.9818328126199E-4	4.79559098604589E-5	-2.70515943490264E-4	2.0769464335086E-4	4.17223529309836E-4	-2.09889431503531E-4	1.62922818382446E-4	5.75105929938633E-4	6.31847614545774E-4	6.73789925128903E-4	7.70296019360132E-4	5.23330699077152E-4	1.60176444735377E-4	4.74870039094216E-4	4.31293167005394E-4	5.59357350393767E-4	6.92407090838608E-4	8.10420073900658E-4	6.02073653453782E-4	7.42749549422955E-4	0.00101750318873176	0	0	0	0	0	0	0	0	0	0	1.40251760055121E-4	4.40725387993155E-4	9.74855435336139E-4	3.83099684135772E-4	2.0288519419779E-4	-2.12115031203172E-4	-1.10565585682763E-4	3.22842679450985E-4	-3.37231280459721E-4	0.00277086796336444	7.47509307161392E-4	2.49823273692686E-4	2.61987893074316E-4	7.19310370345633E-4	0.0044215327248879	-9.84666004044684E-4	-3.90301065564545E-4	0.00174347916523263	0.00338953796856132	-0.00106083354441018	9.93226733800887E-4	0.00200045402476768	-0.0018933503974739	-0.00212747393675545	8.46898497009238E-4	0.00507105033915478	0.00303048219178056	-0.00258414562626895	-0.00537869406560173	0.0139907349606003	0.00233001137094842	0.00171235925721593	0.0108333571609588	0.016879112579275
618.407	0	0	0	0	0	0	0	0	0	0	0	0	0	0	0	0	0	0	0	0	0	0	0	0	0	0	0	0	0	0	0	0	0	0	0	0	0	0	0	0	0	0	0	0	0	0	6.57734129083272E-4	-0.00164778844226197	4.62510833923911E-4	9.62982045508982E-4	0.00105266593752893	0.00156833384537178	-0.00189505235295026	-9.73868772379709E-4	-0.00199751897315219	-0.00151109373597705	-1.90519302444806E-4	-0.00163862333411207	-5.98463895023805E-4	-0.00126941798203298	4.90884752566015E-4	-3.50953049601711E-4	-0.00150835502087694	-6.35414111717334E-4	-0.00195638583057415	6.9547278622173E-4	4.02721845717495E-5	-0.00154308895312993	-1.1567167284269E-4	-2.28699194239301E-4	4.85917400032463E-4	1.90716606328431E-8	2.87355144495968E-4	-9.85374640605549E-4	-6.55726492768319E-4	-3.72379175554377E-4	-4.64165230894559E-4	-5.52227929342286E-4	8.29007864781955E-4	-7.50491597171549E-4	-0.00107483494113725	-6.01278825317785E-4	5.92361710285272E-5	3.15862027535791E-4	-6.1544374967109E-4	-0.00133801626159977	-0.00117129350967769	4.67641935090565E-4	2.52409134710223E-5	-5.93965346324482E-4	2.91834385751511E-4	9.56928860908986E-5	4.73106096643082E-5	-2.93358479871205E-4	-2.18634569074398E-4	-1.92445390209162E-4	2.77868119923072E-4	-9.9897188536993E-4	-1.21428477649389E-4	-0.0010566305736969	7.80043657433927E-5	5.57310495196232E-5	-4.2043809691441E-4	3.30454974160646E-5	-5.6333484089951E-4	1.2856563810751E-4	-4.87848476190061E-4	5.91068686904271E-5	-3.72694055008192E-4	-2.25040728350216E-4	-1.31780161272176E-5	-1.67871506207235E-4	-2.90197966357788E-4	3.14967349601219E-4	-2.8270383388101E-4	-3.22295484392629E-4	-1.81927098926417E-4	-1.78207318441628E-5	-2.10574016122038E-4	-1.01880303861297E-5	-5.73478307221947E-4	6.00994040274768E-5	-7.71416161465117E-5	2.99952977272031E-4	-3.28688998219679E-4	-4.86079767577803E-4	-2.32073909693639E-4	-9.19840204034408E-4	2.88959974176259E-4	-6.59415337597533E-4	2.80546356310962E-4	-5.17115920283507E-5	-3.05905939013613E-4	-0.0012195512992325	-2.13077261355343E-4	2.2672837177613E-4	5.01414630652123E-4	-2.94082552948101E-4	-6.00025175700222E-4	-4.78748178590392E-4	-7.2068917379132E-4	8.60057326287645E-5	5.38338730096836E-4	-1.85273405447415E-4	-3.77689075122257E-5	-5.81739517802942E-5	2.37701916639739E-4	-3.79998412222417E-4	-9.98200903238048E-5	-2.74321877152497E-4	-3.62841572432184E-4	1.87111753574554E-4	-1.81494846670135E-5	-3.69691137832638E-5	6.62343317099852E-4	-4.1983830467944E-4	-1.07997916546638E-4	2.12963446754157E-4	2.09290988167065E-4	-1.37146879809478E-4	2.37354859950587E-4	4.21143780498634E-4	-7.87229054608402E-4	3.33326072805508E-5	-8.93251708485762E-4	1.67559196077121E-5	-3.269895173383E-5	-9.77620243931389E-4	-5.36136732867965E-4	-2.20400381497215E-9	-6.44770599311826E-5	3.22100429132383E-4	2.89616379433306E-4	-2.09141291591816E-4	-0.00119498826368314	1.94733633619717E-4	-5.55211044620749E-4	2.30466464242662E-4	2.99033124246972E-4	1.67888107345502E-4	-3.57453745126726E-4	8.64854877172042E-5	4.05566526146989E-4	-2.16148521735834E-4	1.4777557007806E-4	3.79191712740239E-4	-0.00101386213485664	-1.60001406023468E-4	8.20232206559426E-5	2.52080125894487E-4	6.65101112167479E-4	0	0	0	0	0	0	0	0	0	0	-1.10665796660188E-4	3.1340272865331E-4	2.08119762814052E-4	0.00187742801998858	-3.23146428301136E-4	-0.00129103368796795	-0.00129150380075682	9.5148694692433E-4	-2.34024194609226E-4	-1.71036542150133E-4	-2.16873459862297E-4	0.00128254425402551	-0.00116061180860042	-0.00127938576050766	-7.27345199609648E-4	-0.00194251868321512	-0.00155306118195008	-2.63272840130052E-4	7.04600686262551E-5	6.07657818845852E-4	8.27019845204216E-4	0.00118454806279774	7.08564637226977E-4	-0.00665210060762357	-0.00215347382556523	-0.00142392574602346	-0.00736431632205614	0.00144055018739014	-0.00664336987727053	-0.00793346014098157	0.00540037459613983	-8.81638726978653E-4	0.00206776463880217	0.00405471692885099	-0.00292473517569145
623.123	0	0	0	0	0	0	0	0	0	0	0	0	0	0	0	0	0	0	0	0	0	0	0	0	0	0	0	0	0	0	0	0	0	0	0	0	0	0	0	0	0	0	0	0	0.00229161417946167	-1.8219965234236E-4	0.00338125442187149	-9.50470768715174E-4	0.00105061917146485	-8.57791747218714E-4	-0.00223582331987817	0.00191027407547573	0.00180843814385044	-7.24048448228696E-4	0.00312711784854653	1.49129989892515E-4	0.00192570539694051	0.00179621208912485	6.97661555285839E-4	3.67457114441579E-4	0.00261124810213715	0.00141716301378427	8.70901245024136E-4	9.83389393824656E-4	8.42896939283135E-5	3.30249850198955E-4	0.00308419481302905	0.00135783024248305	0.0010194506359806	-0.00200008754826174	-3.7409348047473E-5	-5.53988588748503E-4	8.33563451484539E-4	0.00103038317115486	0.00108002411142466	0.00270003268865284	0.00123892619774359	3.28552158148885E-4	0.00103025396926324	8.84249648127189E-4	0.00254197750077324	0.0010315001784702	2.37512421248938E-4	9.26678532963512E-4	1.9781549132926E-4	0.00140663715137419	0.00107502410408921	7.86806856697835E-4	0.00107447582443618	0.00150015607614831	7.11826277519122E-4	-2.59843978504569E-4	0.00158911467851002	0.00123566710668942	0.00103539954340343	3.76742158347842E-4	4.09249340588827E-4	0.00136656310684078	5.14403548966637E-4	6.24239647574959E-4	0.00164824789241854	3.38052076134459E-4	8.8478771568183E-5	5.84041448050325E-4	3.28767142597948E-5	2.91656531304792E-4	7.62193582677833E-4	3.13866456255844E-4	5.98720010234087E-4	1.60364133171143E-4	7.0364325289088E-4	3.1280142896264E-4	6.9551710741885E-4	7.01387400529643E-4	3.54065758550433E-4	3.16197444867323E-4	1.39839497530062E-4	1.72269170064361E-4	3.38939417385584E-4	7.37907162146974E-4	-9.99329143922353E-5	1.81291427824726E-4	4.55964150123893E-4	6.32988087620333E-4	8.68095107311925E-5	5.23870805936277E-7	1.79605262768791E-5	2.32705863991213E-4	3.7223653093846E-5	6.4824961746084E-4	7.78238523575299E-4	4.17701877563837E-4	1.19985651950975E-4	9.44481642177826E-4	2.81275755412134E-4	6.57290092731627E-5	6.03792291158307E-4	-3.30868156644676E-5	0.0013626463504697	5.69578379569974E-4	8.10016563480718E-4	1.73781035646229E-4	7.97474558839486E-4	-1.30494071000543E-4	9.01287422065287E-4	7.44732424056987E-4	4.1981633544397E-4	1.81643387005089E-4	-1.80874786852069E-4	1.98746861120014E-4	0.0010796139338472	3.80284272328669E-5	7.47449974473648E-4	0.0011918818000856	0.00111398240455897	7.36729731645308E-4	0.0011647250660192	6.8057131217373E-4	1.05506360661748E-4	8.48152649658322E-4	-1.02511945134847E-4	-1.01692090318184E-4	9.46777958630347E-4	9.91805401492877E-4	1.0041631999279E-4	4.31330094451713E-4	3.46548810453878E-4	6.25028644301472E-4	1.65689398526213E-5	5.72484264821032E-4	-2.44322194059888E-4	9.58803598119201E-4	1.13657414645639E-4	6.33632207586382E-4	7.98492459888384E-4	5.23915727759767E-4	3.62578329255317E-4	3.32310047750891E-4	-6.70486437381794E-5	2.03515044644061E-4	9.10459133398087E-4	5.76273445221909E-4	3.91556974489661E-4	3.8149357908723E-4	0.00173258777538368	7.46275699938226E-4	9.05182508753966E-4	5.24756915596902E-4	0.00107477983916477	0.00103749278690955	0	0	0	0	0	0	0	0	0	0	0.00153693893643565	8.3600402664522E-4	0.00144014399075094	0.00197182926264074	-2.1601459053702E-4	0.00123827361514077	-6.84761494007383E-4	8.00118323441199E-4	0.00127008200022959	0.00118420082661734	-8.15786431245491E-4	8.22919988844456E-4	7.67200603128806E-4	0.00183332572114796	0.00408694509519339	0.0017500761582738	-0.00201921070870566	0.00231746101563028	0.00152903212209457	0.00128040357803195	0.00253343549872157	0.00350738954169264	5.52423141688511E-4	-0.00122066901849922	4.56157654027365E-4	5.12405050168735E-4	0.0018698232150721	0.0042023917590959	0.00254517912093579	0.00975689721031485	0.00823563285469422	0.0145280551311128	0.0100937554430566	0.0152292733873637	0.028644221357458	0.0132820005657592
627.84	0	0	0	0	0	0	0	0	0	0	0	0	0	0	0	0	0	0	0	0	0	0	0	0	0	0	0	0	0	0	0	0	0	0	0	0	0	0	0	0	0	0	0.00153311419978741	-0.00170954540268907	-0.00106585237930252	-0.00260631174616176	0.00146915639069371	-0.00120417334859252	-0.00183244708704162	0.00139107391120662	-5.61961813070028E-5	-0.00116135978225484	-9.70192071458518E-4	-0.00215102385175596	1.53616532947358E-4	-6.98176225110052E-4	5.37629080419247E-4	-4.31706625505759E-4	-0.00183721732825748	-9.24623928300405E-5	-4.10952694764328E-4	0.0017062440116523	-0.00123451247424657	-0.00104016325985045	6.81492306798318E-4	5.85986985356846E-4	-3.29021975808559E-4	0.00101213023391155	-6.75365391694677E-4	-2.33995599680084E-4	-0.00122333922114968	-3.37460321160755E-4	3.67369245454573E-4	-0.00140440659411372	0.00137789926789213	-0.00110887360645456	6.7732305559423E-5	-3.65353077920681E-4	-8.15087960707389E-4	1.60095228725112E-4	-4.71309501398553E-4	-3.99705619323318E-4	-0.00138387700349825	-0.0011445994899736	8.30799956667188E-4	-5.0251998943643E-4	8.24353532765327E-5	-9.03277271958688E-4	9.076496102365E-4	-4.79940018217792E-4	-0.00143134656664611	-7.47212215889052E-4	-4.48349911736023E-4	1.86264445234967E-4	-7.25956081980798E-4	-1.32658201638688E-4	-1.09006047229938E-4	2.13324248618741E-4	-2.49849606014649E-4	-6.52745181986567E-4	1.39436926163145E-4	1.14131557377837E-4	-1.25429438092091E-4	1.85977837597408E-4	3.78982184380893E-4	1.47895431391304E-4	2.25400601499779E-4	-3.79000218683832E-4	-4.09652040602887E-4	-1.76038647671298E-4	1.34071236599809E-5	3.96827894872336E-5	1.40725208715139E-9	-2.2235234962126E-4	-9.99855902590316E-6	-9.15938752588261E-5	3.10205990048839E-4	2.20414629560844E-4	-3.03778601830594E-4	9.50652871981118E-5	-3.38226163770176E-4	-8.53795052955004E-5	-1.30797708890546E-5	-1.11293099569551E-4	6.43705240599322E-4	-7.7771155398087E-4	5.05149768993583E-5	-3.5893486918618E-5	-3.50692730664046E-4	-5.6591277622714E-4	-8.24511557665925E-4	-0.00109384106993845	-3.99768759161263E-4	1.70907453016827E-5	3.35623286444736E-4	-1.65447031159154E-5	-1.32142000681056E-4	-6.68480958560577E-5	8.52707651384246E-5	6.4725091872402E-4	-7.20563431994412E-4	7.05953137045556E-5	-3.11906229429553E-4	-2.08520495602713E-4	-1.55107964373249E-4	-5.16662858147286E-4	-1.0116248860876E-4	-8.79898165851339E-4	1.02712962303831E-4	-1.40335027221217E-4	6.05907014441922E-4	-6.8855668225896E-4	5.70016581898428E-5	-1.84145412847996E-5	4.14126580575746E-4	5.79452665403268E-4	5.1667431549309E-4	-1.81301467262832E-5	-3.56554892555633E-4	1.05279682493893E-4	2.60331468913366E-4	-6.54507948784691E-4	-3.4212435143102E-5	-2.38607719761887E-4	-2.02945404579313E-4	-1.67759341407041E-4	8.36391236693336E-5	-4.16901599584926E-4	-1.32864749918539E-4	2.98542811659594E-4	-4.79233528402445E-4	-6.75642909628725E-4	-4.77331130092889E-4	-6.56876478118413E-5	-3.30366659723085E-5	-3.48671182366864E-4	6.51691675778156E-4	2.19001808613076E-4	4.41929345936646E-4	-3.41730209988595E-5	-2.26381194327476E-4	-2.30145485745371E-4	5.43502459494832E-5	-1.47512475578826E-4	-6.98765583592977E-4	1.7455132715415E-4	0.00135672586030022	3.27429495916926E-4	2.72524449348424E-4	0	0	0	0	0	0	0	0	0	0	-7.93133375206186E-5	6.56294058677577E-4	-9.30888174575148E-8	-4.97310207353178E-4	-6.35134879563627E-4	5.0392511466761E-4	-3.63870456791963E-4	-3.44953136826012E-4	-2.8899702419418E-4	-2.98814553754427E-5	-3.21773368018622E-4	-7.39816451778967E-4	-2.74702377629326E-4	4.38152623465649E-4	0.00144575276586255	7.08924085720398E-4	-5.72412643565304E-5	-0.0013246994653975	-0.00165215707417355	-3.36549331703234E-4	-8.63964825161882E-4	4.67627844118639E-4	-1.68166293247069E-4	-0.00363088763709984	1.53063481462576E-6	-0.00472994696421225	-0.00116592780235236	0.00160358198069029	0.00753535634658125	-0.00184179868969105	0.00103147118835485	0.00510219130518576	-0.010520750735158	9.05465575158337E-4	-0.00980927528699926	-0.00788196233748645	-0.008972969319979
632.559	0	0	0	0	0	0	0	0	0	0	0	0	0	0	0	0	0	0	0	0	0	0	0	0	0	0	0	0	0	0	0	0	0	0	0	0	0	0	0	0.00251894991678172	0.00262256609851518	0.00292883541609322	0.00400220675081332	0.00185729909260308	0.0020933106533105	3.76767627567839E-4	6.18954862781442E-4	0.00286081250899887	3.58458501765573E-4	0.00287085489149993	0.00401198475696087	0.00285182447760607	0.00272415135948131	6.89363257778989E-4	0.00341071671855158	0.00262287125996692	0.00128279994586581	0.00116140278852176	0.00180916694743011	8.90482746987458E-4	8.30769494093341E-4	9.53000692446008E-4	-1.34428725291539E-4	9.64093095631807E-4	6.45680661960551E-4	0.0017769871027834	0.00178833148203566	0.002209678524878	9.64786999470326E-4	5.12480276287372E-4	5.79412100329372E-4	0.00117428780597973	0.00226569564930651	0.00218404641357054	0.0017492249474162	0.00297721451184308	9.60648546270455E-4	0.00201529463478474	0.00161514107888676	0.00190912692138256	6.35976338607878E-4	4.35711731763453E-4	0.00234140009496277	9.78967422453532E-4	5.21482224789908E-4	5.10069726375905E-4	0.00115754455879881	0.00104851170476811	0.00123197182443764	4.11523446101212E-4	0.00190680351178464	7.35496003029013E-4	-1.18805552648405E-4	0.00128903553376317	5.29658080514557E-4	9.02670131779263E-4	0.00127941076906403	7.75509057616187E-4	0.00126425829272708	7.632068006644E-4	6.43231119130061E-4	0.00125174168088195	0.00173963500629829	4.27191790812466E-4	7.49279464976813E-4	0.0011621933905816	7.64925055632514E-4	1.99194364713463E-4	9.85157164180552E-4	8.21770905671899E-5	3.80731574102007E-4	-2.67970124884113E-5	4.12699244291881E-4	9.21164680026673E-4	4.83902409115715E-4	3.42580878523702E-4	2.32953936979254E-4	1.57589997197257E-4	5.74827174051847E-4	6.81139023629073E-4	4.56508869335903E-4	-1.36284509665246E-4	0.00100050093477326	6.90789908713306E-4	0.00104982001912906	4.09330841290975E-4	6.00720357991123E-4	0.00100605041149238	7.64521461894577E-4	8.11789487718556E-4	0.0012679145031604	0.00115921590561946	8.08441206318377E-4	7.2572851703582E-4	5.93458253153465E-4	4.01289115416736E-4	1.33497206318422E-4	5.92136031063705E-4	9.30965423907856E-4	6.54170113535255E-4	3.55621052078007E-4	9.95749584256269E-4	6.4976326802124E-4	-3.81874664575181E-5	2.55470648937008E-4	6.62679813087763E-4	6.95670476225854E-4	0.0015306539181702	4.08178817046667E-5	2.43420531311581E-4	0.00108666868462317	2.31968480377868E-4	0.00181827172143674	1.71929083471913E-4	5.51688845873286E-4	1.69959428094359E-4	5.96754305083026E-4	0.00121090551764543	6.30978902533582E-4	0.00115285985185041	6.65933364853025E-4	0.00121850827275456	0.00126478808154479	8.78663758472044E-4	2.39697332539832E-4	0.00103735146299975	6.59731262774457E-4	7.07852364907206E-4	3.86753712267526E-4	4.52562072769937E-4	8.51914745580056E-4	1.99871161910457E-4	1.66266454011946E-4	1.66480825661103E-4	4.17531863782442E-4	6.70857892780949E-5	0.00131737573734076	9.19285452326615E-4	3.95168098682143E-4	-8.7032451123501E-5	8.09996994597682E-4	0.00157495160972581	1.27651841130773E-4	8.19363744538459E-4	9.92875892954208E-4	5.88248352887848E-4	7.2606682589779E-4	0	0	0	0	0	0	0	0	0	0	9.66881744607449E-4	1.82671702210385E-4	0.00179660498421785	8.56706477809572E-4	0.00131388092532337	0.0013582952534387	0.00146948732723826	-2.53062675098345E-4	8.6775593772538E-4	0.0012344828954876	0.00126859098658775	4.38842230423759E-4	6.27710842299908E-4	0.00101089071317944	0.00209592809412347	0.00236485284776854	0.00339255359200185	7.16644984113457E-4	8.1005717910789E-4	3.0406057176619E-4	0.00199072744032062	0.0023157023510247	0.00182065612876984	0.00424686178694993	0.00179545481779627	7.52524618890988E-4	9.40267641872002E-4	0.00676202813858553	0.0031438535767873	0.0073673616045647	-1.65119172222307E-4	0.00297931879955222	0.0160345322183575	0.0135953153431515	0.0114342016450996	0.0106462601908445	0.0131081914137515	0.0096467088080972	0.0131087306162848
637.28	0	0	0	0	0	0	0	0	0	0	0	0	0	0	0	0	0	0	0	0	0	0	0	0	0	0	0	0	0	0	0	0	0	0	0	0	0	-0.00332813914944151	-0.00535417276479676	-0.00353451668691921	-0.00481597855243864	-0.00366534112725668	-0.00214328143037318	-0.00193204831863791	-0.00108549541782286	-0.00346957579658095	-9.95628373752901E-4	-0.00275596710474839	-0.00300603180776303	-0.00477438880440502	-5.75469732212948E-4	-9.56263210962852E-4	-0.00334504422515646	-0.00138670715107008	-0.00187124596901011	-0.00243457912139907	-0.00466648524749961	-0.00292251832277219	-0.00153261690554392	-9.42704299002955E-4	-0.0019481932188954	-0.00155235955688954	-0.00197326860325767	-0.00215971835738981	-0.00116935942847547	-4.25662823079086E-4	-0.00200837122087519	-0.00205828039719386	-0.00169730913158148	-0.00111054724888578	-0.00213757510305049	-0.00239991942204313	-0.00127055457477292	-0.00146485111331486	-5.74078235946725E-4	-0.00137435192139335	-5.1774374811916E-4	-0.00121704798313882	-0.00139312953962307	-0.00100901522441153	-0.00226855328282456	-7.81613308029964E-4	-0.00137638742611304	-0.00164150111991274	-0.00107692321442032	-0.0019014951887585	4.45179628673886E-4	-0.00164756295802275	5.79840096695054E-4	1.8220989363875E-6	-0.00218591310815724	-0.00113033687924171	2.45172667606712E-5	-0.0019799891701284	-7.16855068475641E-4	-4.76201803062174E-4	-0.00104300503064997	-7.80251740564995E-4	-9.74754681339727E-4	-0.00159803534080163	-2.42611272897005E-4	-8.526781773419E-4	3.65157695559244E-5	2.58065761699792E-4	-0.0010051388511996	-6.34670548409636E-4	1.14633989209615E-4	-7.8631977266652E-4	-2.58750328568514E-4	-3.71804436192894E-4	-0.00114931055855443	-4.56738723218253E-4	-6.92025900519546E-4	-4.86081173643643E-4	-4.56445138260274E-4	-1.76988002352266E-4	-2.88459411026988E-4	-3.07853512458173E-4	-5.28274771011994E-4	-3.85237016789302E-4	-2.17683713507832E-4	-2.98624613814309E-4	-4.56392292937739E-4	-6.66487142148492E-4	-3.71797116478323E-4	-3.11673772967423E-5	-7.77094753948913E-4	-8.09869652620366E-4	-0.00165104383615317	-4.45639159757352E-4	-3.09366639637746E-4	-7.35612652082495E-4	1.06136917416799E-4	-6.25630589123763E-4	-7.33441680071323E-4	-5.05052239228611E-4	-3.36418599359499E-4	-5.2722522762925E-4	-6.24240853171713E-4	-7.29301422501989E-4	-5.62420540174256E-4	-2.68364364612364E-4	-7.65870776170521E-4	-9.24697495580289E-4	-5.33560046460825E-4	-0.00113144712552349	-0.00127647291307848	-4.37020457153964E-4	-8.71519283657458E-4	-6.32276924561433E-4	-4.57076006582766E-4	-0.00142015888756864	-6.1613546480768E-4	-4.98893919411046E-4	-0.00166536838814339	-3.79617314344248E-4	1.50037133738519E-4	-5.16650192910811E-4	-5.80333926302887E-4	-3.92621580272749E-4	-9.34549113882973E-4	1.48886531679421E-7	-5.75111107673551E-4	-4.16014068472974E-4	-2.23754476967401E-4	-7.52368421816749E-4	-5.95471869979005E-4	-5.59427169748905E-4	-8.62362640508657E-4	-7.92654151082655E-4	-7.7309075185818E-4	-7.70931861991707E-4	-1.50480139786721E-4	-7.36776758990157E-4	-8.06493536117953E-4	-1.01261696166343E-4	-3.39806444375108E-4	-3.25391160421307E-4	-4.83979607770279E-4	2.97355272577785E-4	2.29679575055884E-7	-7.2023970275701E-4	-9.35207091667801E-4	-8.24683208427431E-4	-3.64882256249502E-4	-7.50291186848168E-4	0	0	0	0	0	0	0	0	0	0	-0.0011514426351059	-0.00122879164959205	-9.71262860781904E-4	-0.00221160935267028	-6.39236794299165E-4	-0.00143708760624123	-0.00169423957545564	-0.00101450145280744	-6.04070230443068E-4	-1.02714920403576E-4	-0.00232850915103319	-8.16377786424563E-4	-0.00196830177158717	-0.00129405422592357	-0.00101729051395549	-0.00131138341741076	-0.00118989683893515	-0.00257309991368064	-0.00244005283383482	-0.00355119858673502	-0.00214287214831627	-0.00400765406594487	3.91846543567288E-7	-0.00388369540246545	-0.00474778004049071	-0.00412955678832379	-0.0050188752217705	-0.00378056508798328	-0.00481011722230423	-0.0054031953316577	-0.00459493055147038	-0.0104949429665484	-0.00618215951815299	-0.0111003451261623	-0.00613039921566267	-0.00909569978056907	-0.00734354483607062	-0.0302900318624617	-0.00379655766359162	-0.020791067331503
642.003	0	0	0	0	0	0	0	0	0	0	0	0	0	0	0	0	0	0	0	0	0	0	0	0	0	0	0	0	0	0	0	0	0	0	0.00112159121523522	8.79361001728328E-4	0.00322415948408249	-0.00139948436846069	-5.47753176190914E-4	-0.0012115067476895	9.32969172215716E-4	0.00455918962234074	0.00124501841013537	9.74885281809925E-4	0.00283487856157237	9.55840710924501E-4	0.0030779339891324	0.00271949854153714	1.34042837620236E-7	1.18878064231557E-4	5.23556728124446E-4	0.00136259420492407	0.00149349713923355	0.00150798884527282	8.39955025987237E-4	7.16554102420209E-4	0.00110256146164145	0.00314677981815851	8.22351605541204E-4	0.00280924549628471	0.00173339927695867	7.37408471755345E-4	6.33952745732307E-4	0.00124556953649693	-9.61938528042418E-4	3.8662788167826E-4	0.00190027083616449	7.47957107381788E-4	0.00199910142610744	0.00192134629091769	9.80578937162107E-4	0.00215350512856517	0.00131995964344814	-3.32500262670741E-4	3.62610331008646E-4	0.0010313080380864	-2.91306842941488E-8	9.56448072166734E-4	6.36102564998577E-4	1.14747124963069E-7	4.20398064147436E-4	0.00101033546438107	3.70908119395768E-4	0.00223011173732771	9.12635149580341E-4	-2.24820897206877E-4	8.59283378334497E-5	4.10529935533645E-4	0.00130436772134492	-2.47131038016001E-5	7.75206983102818E-5	0.00119181611248548	0.00116611945725155	1.42719032821061E-4	3.50225470502673E-4	2.0643112097072E-4	7.391052697131E-4	-7.21787509485747E-4	-2.56711809195922E-4	-8.37152442210903E-5	7.96167849728107E-4	4.10712328062051E-4	-3.12753836703582E-4	5.55414895526123E-4	-3.36298455559754E-5	3.20180918928069E-4	4.29656826341264E-4	4.66890298918661E-4	2.46344149063619E-4	-2.78065994155911E-5	1.79646572242843E-4	5.42311231595188E-4	1.7777497526586E-4	1.82494282016924E-4	-2.3542996411382E-4	3.19652455411018E-4	4.0938324643505E-4	2.26203627155174E-4	2.01413733429057E-4	3.99930654065643E-4	5.09809212192357E-4	6.2805861427205E-4	4.20138831334836E-4	-3.00628604831747E-4	5.99679491766472E-5	2.55694159397246E-4	2.09645124792094E-4	2.04690711749174E-4	4.16699909895426E-4	2.99657197448702E-4	3.49334068214679E-4	3.62138439829301E-4	2.67853379601394E-4	7.72089360091353E-4	4.1327194486561E-4	5.94571730065232E-4	-5.08953762314037E-5	7.56080432275555E-4	6.83200942833234E-4	2.69299908867218E-4	8.94291560013535E-4	4.33499840665228E-4	6.41110813272228E-4	7.39131415048875E-4	1.59524336949186E-4	5.09954026072629E-4	6.22216478701358E-5	1.89026625456962E-4	5.44153583111904E-4	6.38054246765804E-4	6.62034662156475E-4	7.45994286120507E-4	-5.24328266991219E-4	9.88534354436486E-4	3.09188585149758E-4	3.25863024853508E-4	6.62664059504944E-4	-3.72664673222313E-4	-1.82923505476331E-5	7.56402836481314E-4	1.24356153006748E-4	-4.59478029194665E-4	5.98027350776349E-4	4.02364565744975E-4	-2.95184036296472E-4	2.24736069478544E-4	1.37380490561014E-4	8.04236450937805E-4	3.5830146070156E-4	0.0012595267431355	2.37383057911554E-4	-8.45749350552286E-5	6.58854426927611E-4	3.71962328734289E-4	1.18726443976624E-4	4.43108646506815E-4	5.31666361007811E-4	5.18682004947156E-4	0.0010118258613631	4.05792876429133E-4	-2.50188581296318E-4	3.08983677617083E-4	0.00111100776943427	3.59132238876691E-4	5.23578317517663E-4	0	0	0	0	0	0	0	0	0	0	9.64241940557451E-4	9.59910053607389E-4	4.65041655865216E-4	6.62356101443693E-4	6.53604534593066E-4	0.00157130914205504	0.00113111488348077	3.89016710956995E-4	-7.11884724965586E-4	0.00104022078939149	0.00186347980635868	0.00171823329912441	9.83689026476486E-4	9.9728564386029E-4	9.70674511899932E-4	4.46289553718534E-4	6.61520658841939E-4	-0.00135065761726409	-6.35948666996801E-4	0.00223845082151478	0.00152754181750225	0.00549837252638578	0.0045634671933413	-1.3819020729849E-4	9.61377857906036E-4	0.00151815000906423	0.00130237309368183	0.0050664992225397	0.00402920838794481	0.00343271435445587	-0.00292643053277257	0.00389084256821641	0.00672546707197331	0.00737708852148695	0.0135346800635164	-7.13387437044279E-4	2.72054082682014E-4	0.00648591465520057	0.00719236428790745	0.00979320846576502	0.00818946909394865
646.728	0	0	0	0	0	0	0	0	0	0	0	0	0	0	0	0	0	0	0	0	0	0	0	0	0	0	0	0	0	0	0	0	0.00301448538673418	0.0040254461434399	0.00295491063656699	0.00259908625975372	0.00515518547048659	0.00333344637424244	0.00388371727330759	0.00334339048294064	0.00175439926050739	0.00180731312108939	0.0026570046604249	0.00164673970224317	0.00241348948920779	0.00161283547144093	4.44705552945075E-4	3.75179649936609E-4	0.00165967527410123	0.0034375218168602	0.00206395897340555	0.00259025469084215	0.00106420708922657	0.0012547594016095	0.00170145969842562	0.00124475708071359	8.12432481891912E-4	0.00169459577553737	0.00240072712327062	0.00439006038277342	0.00109114346331044	-4.2082618207783E-4	0.00220266945488785	0.0019841209692224	0.00257007295777863	0.00165493614817954	0.00205475212848449	0.00109466898619326	0.00198435959939985	0.00146087065011375	8.34280957194871E-4	0.00128591795470607	0.00279107683367238	0.0012737212806653	0.00106518274146765	3.24406236747755E-4	6.00079409905165E-4	0.00204025506090364	0.00115284489286374	7.66003225755729E-4	6.2153926103008E-4	0.00121660570739322	0.0022556650625697	-1.82083419116633E-4	-1.76768580268363E-4	0.00177807034174902	0.00187273351226438	3.05067097567614E-4	0.00126861476857825	3.69213822987255E-4	9.5211209833404E-4	0.00143459704636213	4.67890948712056E-4	0.00103699759013759	-4.74389143668441E-5	6.73510096182677E-4	4.76752830061857E-4	2.66031706911599E-4	-2.60442760147702E-4	6.15526624593609E-4	-2.60025649404878E-7	3.76700179578421E-4	9.32584660616525E-4	3.69111389540446E-4	7.88240473067024E-4	0.00175987781290106	8.54400420989355E-4	1.42232994421742E-4	-2.20303270449557E-4	6.76283624260404E-4	5.03790640398435E-4	3.71093240804238E-4	0.00108136211813759	5.89795722717411E-4	4.04761728105018E-4	2.85925233561993E-4	6.54815286167037E-4	5.44336866365648E-4	1.62970120527501E-4	-1.20715941458383E-4	5.16643051574506E-4	2.16351813506603E-4	6.58945572415533E-4	0.00102985310426295	4.10694213106203E-4	2.2620280110354E-4	0.00130650623785742	8.65469471317278E-4	4.98697808636402E-4	3.60162159077516E-4	0.00177094397673735	5.13982905802139E-4	9.58913031282035E-4	-2.84990431705794E-4	9.94836816145738E-4	6.88612504533947E-4	9.11642846829742E-4	8.18071121766054E-4	7.98328273698183E-4	7.46230967795418E-4	0.00111570785332445	7.13654417878217E-4	0.00112710874319941	3.93736610019548E-4	6.87249773759651E-4	0.00146771791874652	6.31618848076166E-4	9.36848595739983E-4	9.5411163006689E-4	8.33841244062009E-4	3.25281656425998E-4	9.35173183765631E-4	6.89132161491968E-4	-2.00932502881382E-5	0.00137080523125891	0.00101034138072017	0.00113233632164635	5.85316660686065E-4	5.00926987810237E-4	7.48388609235961E-4	7.75085967002573E-4	4.29821984232431E-4	5.52676272685585E-4	2.48278723277603E-4	6.15738542082741E-4	4.02302583468853E-4	3.46480539898862E-5	1.38635016276759E-4	4.32273580776957E-4	9.31703505451636E-4	8.42386618631313E-4	6.85863156635858E-4	-5.14736963793435E-5	2.22647901642059E-4	4.29746636122768E-4	6.74019213541307E-4	6.78020665136079E-4	5.43173633523275E-4	0.00104344031064215	0.00105515475688352	8.15472665753568E-4	9.02723965514567E-4	0.00163271387508653	6.32453894539221E-4	0	0	0	0	0	0	0	0	0	0	1.9632652453385E-4	6.26201771433375E-4	8.19489826015026E-4	0.0011000596641183	0.00158462773582563	0.00126948913753567	0.0013084180057825	0.00161713136644862	0.00322107078900374	9.81804483922776E-5	0.00226726126759642	3.42078946250584E-4	0.00210193238319347	0.00149156693896708	2.01598981557381E-4	0.00243703794158189	0.00294122690266904	0.00172507918219112	0.00263748849464233	0.00268632043702982	0.00198628832800669	0.00172729215468372	0.00538695721627488	0.00244662067686921	9.81239696042434E-4	0.00149782012342691	0.00202053151479672	0.0035203881663936	-3.89422619516236E-4	0.00322203373674137	8.37316210900191E-4	0.00377467909427978	0.00257719639263847	0.00800839401026874	0.00594193451829868	0.00664208345167574	0.00771914243403776	0.00766221686048093	0.0134631320264726	0.0182164780568743	0.00690483093110764	0.0150340856516074
651.455	0	0	0	0	0	0	0	0	0	0	0	0	0	0	0	0	0	0	0	0	0	0	0	0	0	0	0	0	0	0	0.00470656748809156	9.15457059544988E-4	-0.00105151696716163	-0.00189561720250317	-3.86342481928028E-4	-0.00166630636626785	0.00236941720480027	7.9493874914037E-4	-9.20234139486422E-4	-6.95591418517575E-4	-0.0022708001317718	9.55642753780463E-4	-6.09926119102152E-4	6.04217130870888E-4	0.00133227413670927	-0.00144786374401322	-0.002662649768338	7.0252840142933E-4	8.77464128827584E-4	-0.00122960132458552	-0.0021055318233797	-0.00293438695436675	3.35906679056921E-7	-0.00189239338890245	-0.00130260564345441	-8.98887166448171E-4	-0.00119108323029532	-5.07965214286016E-4	6.49602953961464E-4	3.9287941923091E-4	-1.93979614475968E-4	1.42783748159497E-4	0.00112197348166806	-9.6572261880483E-4	-2.26063502821914E-4	-8.88281225769135E-5	-8.72901643290682E-5	-4.72543313071168E-4	-9.69904932205969E-4	2.89589513299657E-4	5.67568202187493E-4	3.94599686170455E-5	-3.50782217879632E-4	-4.58624649604769E-4	6.36359519458629E-4	1.46892146271397E-4	9.72473217308522E-4	1.4101766065958E-4	-9.33296944530955E-4	6.11415958327617E-4	-6.31800928476545E-4	-1.2819215460936E-4	-2.84481414351814E-4	-2.4757650319406E-4	-7.87779061915258E-4	-1.15497484154156E-4	-2.01141326249742E-4	-2.5361117449616E-4	-5.50387580608406E-4	-0.0013971995648655	3.14995546099643E-4	-6.92573800552927E-4	0.00110479757915276	2.70431654326511E-4	7.22254575038565E-5	-2.37074142852529E-4	-3.70353548719581E-4	-4.06941945817447E-4	-8.83978634278981E-5	-1.73388683104367E-4	3.58549587717797E-4	1.91102720567221E-7	3.9933923134624E-4	-1.25583330601564E-4	-8.73854991717715E-4	2.09092016626446E-4	-3.07416822188006E-4	6.43718932832513E-5	3.29932411435445E-4	1.1501637567201E-4	-3.71192830969412E-4	-7.14745498914824E-4	-7.87467657752556E-5	4.2440942448121E-4	5.60697072726015E-4	1.0688065949215E-4	-1.12811236723897E-4	1.84969240582565E-4	-1.45963211285414E-4	-2.23422764237499E-4	-2.0345970467057E-4	-4.12841107819473E-7	3.64016481155604E-4	-2.3648267385622E-4	3.09004848224074E-5	-5.45124168012337E-4	5.21879485088847E-4	5.1858868288817E-4	-2.15807913233607E-4	-2.71057499375405E-4	-1.71062733003445E-4	1.30993861368005E-4	1.84519468834856E-4	3.16010142223914E-8	7.65158303477509E-4	-4.21447903579382E-4	1.05099972724136E-4	1.95280653583779E-4	1.62820903335644E-4	4.63736925909575E-4	-1.06770706695854E-4	-1.86735595535797E-4	2.72673705060549E-4	-7.64040095272351E-4	4.94649583839364E-4	1.68481332016741E-4	4.72612557003596E-4	-3.25602831781659E-4	1.73280318351549E-4	-8.13175342762526E-8	-1.45182566215398E-4	-2.0326310322946E-4	-2.00851328180129E-4	-7.01142048789338E-4	6.78880832279842E-4	0.00114917348917578	4.50233676143282E-4	4.04266796307169E-4	3.78534682261768E-4	8.93455366403436E-4	-2.7589724702135E-4	2.01247279654601E-4	-5.9994160984028E-4	-1.62708411015144E-4	-3.23305045805809E-4	-4.45877718421619E-4	3.19294410801159E-4	-4.067463193898E-4	-1.05961955259383E-4	-3.69375639282458E-4	-2.6303677736399E-4	1.04872170691335E-4	8.55471155897959E-4	-4.54199167261969E-4	5.25327526257798E-5	-2.11333292025069E-4	3.19028278572399E-4	5.18088600738678E-4	-3.06501230094779E-4	3.28371517513984E-4	4.43558806932819E-4	0.00108939189759395	-5.72751210683278E-5	0	0	0	0	0	0	0	0	0	0	0.00120266987310828	-0.0017265521671955	-4.59856928647132E-4	-4.43838087082775E-4	4.27227647215565E-4	2.19075902316592E-4	-8.39828393676038E-5	2.03073205577384E-4	4.19381537403345E-4	-5.92581271489987E-4	-8.60012332212718E-4	-2.61944057903457E-5	-0.00178914415567877	2.22277339222822E-4	-0.00116884828303144	-1.64230010794082E-4	9.58581892388826E-4	-9.21881178693169E-5	-6.8392067111251E-4	-0.00118927141600834	-0.00202660317182239	9.2499087768257E-4	-7.28645470674959E-4	-0.00140451558464389	0.00256146154558052	-0.00228741164040013	0.00106948378825601	0.00189875560292037	-4.48965500520765E-4	-0.00345751393717329	0.00240879196830304	-0.00232390662791247	0.00233683302236022	0.00262831381408377	0.0114679281111637	5.85295261891038E-4	0.00109038754343429	-0.00221386399668586	-0.00920857427617574	0.00670507060663989	-0.00742825631227027	-0.00792026296109287	-0.0111111087894419
656.183	0	0	0	0	0	0	0	0	0	0	0	0	0	0	0	0	0	0	0	0	0	0	0	0	0	0	0	0.00273703384706178	-3.61986539096424E-4	0.00329118782822982	0.00399200391439822	0.00109624024358216	7.38508518680303E-4	-0.00248431041848825	0.00125399257790953	0.00299575727406644	-5.25850620495841E-4	0.00102699271084058	0.00243984331831214	-2.82159719950475E-4	2.09652368245645E-4	-6.92578307547158E-4	0.00357337672674242	1.36194047883215E-4	0.00148493060473147	-3.34367715614472E-4	2.62768996503385E-4	-0.00213822561149205	0.00286241085564674	0.00236998173606842	-0.00122015478852404	0.00107094343754426	5.22198210475058E-4	7.90325253232612E-4	-4.96129929401102E-4	0.00305987079537617	0.00126034168542503	5.6617599475632E-4	0.00136807458756907	0.00269525888615341	0.00240639284935955	-3.38151448266194E-4	0.00166040523463117	1.39882202734751E-4	-5.95836688560591E-4	-5.855647627711E-4	6.19729683353307E-4	-8.71413429615792E-4	0.00102670341646478	-1.25899729194155E-4	0.00123328598628556	0.00116861421333594	-2.37223667591711E-4	0.00143390652428633	7.21854314330083E-4	4.1020939226785E-4	0.00127846528370109	0.00114555193372292	0.00203662051673367	3.45150276349263E-4	0.00118632687553862	9.30858212752805E-4	3.59595453570515E-4	4.75369008125813E-4	-7.07586908462809E-4	1.22988906335728E-4	2.34910826282213E-4	0.00108684585055747	8.37464715149552E-4	4.63277125183583E-4	-1.86558258528604E-4	4.16301911028271E-4	2.54717205338393E-4	-1.49730024895515E-4	2.20301941742495E-4	2.16093754280001E-4	-2.81738032786185E-4	2.75065529212373E-4	8.94198914040619E-5	3.29385995880821E-4	8.55962282709319E-5	5.12549099337031E-4	2.5081982154972E-4	3.09156397409649E-4	3.19093280506224E-4	4.23948784179776E-4	-3.46511589647212E-5	4.89323251723063E-4	-1.51834637275254E-4	4.35989980098462E-5	6.51707236016977E-4	1.70677533691481E-4	3.46138522863623E-4	1.91322983699826E-4	2.57573183887618E-4	-2.95688834042258E-5	1.81226461013227E-4	-9.87184735882242E-5	8.41746400446872E-5	-1.36226210373048E-4	1.57981064203986E-4	4.87274652176431E-4	5.96506866180146E-4	2.69775332468149E-4	1.57405959575634E-4	2.6786692665024E-4	5.4764811584331E-4	4.48537135813138E-4	-3.57053624783858E-4	-2.1575191440778E-4	1.91236588619752E-5	5.69560221297775E-5	3.74321383672999E-4	2.94297366949966E-4	1.62308638876371E-4	4.09431073060934E-4	-1.9600709203435E-4	5.58293685279185E-4	4.22287048733352E-4	3.952001501424E-4	4.14638362815139E-4	3.02705009279969E-4	-1.96914715456615E-5	7.34109954283087E-4	-2.09474739156383E-4	4.70393409769985E-4	3.69943379757986E-4	4.18368738421409E-4	-1.76004641531339E-4	0.00105696655978441	5.46880052873345E-4	5.55543333385388E-4	-1.01587350924218E-4	5.28123181861487E-4	1.0132441911481E-4	7.83561250608459E-4	-5.94906235605544E-5	6.44414323385426E-4	0.00165033682675278	2.64244057806996E-4	3.73047141105506E-4	0.00118613683961197	5.71677804142254E-4	8.25331520376455E-4	4.36873984003836E-4	3.43654603421517E-4	3.77895242207773E-4	1.43579835025983E-4	8.23021812730554E-4	6.24522126144775E-4	-6.22376483375014E-4	-5.49673693766625E-4	5.31538604221921E-5	0.00115192660013719	-1.77814181306385E-4	1.60677813043776E-4	4.3147804193807E-4	-3.08053526149734E-4	3.292316524802E-4	0.00131352078639966	6.74967464675494E-4	0	0	0	0	0	0	0	0	0	0	9.39615467465556E-4	6.85966401826665E-4	3.48556359264009E-4	0.00114224179222957	-4.40403681476646E-4	1.32400609371351E-4	4.06297796817769E-4	0.00194428640160366	0.00119932388349647	9.71247829347087E-4	-6.41091178071395E-7	2.4739965573498E-4	-5.1578465301626E-4	4.44316104561482E-4	0.00199120649286112	-5.23500313114136E-4	1.58087466962977E-4	7.09570478191067E-4	-0.00190170757780895	7.95542391056794E-4	0.00104084893950448	0.00125882310584315	0.00516723361922277	-1.17007519055894E-4	9.85539227355593E-4	0.00220225704898658	0.00348667002130991	0.004277801015187	0.00147291580585372	0.00158926917936221	0.00127474088433518	8.01998382051675E-4	0.00211155285961706	0.00359978246174669	0.00334689000512514	-0.00235337428121851	-0.00264464659627726	0.0126899188437111	0.00953253421798564	2.48842096227962E-4	0.00509653367061967	0.0119810483313424	0.0237612747548121	0.0022321989944175	0.0364830327265916
660.913	0	0	0	0	0	0	0	0	0	0	0	0	0	0	0	0	0	0	0	0	0	0	0	0	0	0.00111936427475992	0.00148228288061213	-5.54451326559731E-4	0.00174737629125426	-1.80918057488999E-4	0.00405170675826577	-9.42721901205334E-4	0.00483053729670706	0.00317041142699461	-0.00238687761354525	0.00280731437079977	-0.00106770682147784	9.67525287526622E-4	0.00152882916185816	2.14880474730638E-4	1.420344156442E-4	-7.73320380886368E-4	0.00237225938261091	0.00186852603609016	9.58836414897932E-4	0.00183008681784307	0.00153789660927634	0.00151299780578858	0.00238936799399272	-8.86581658281516E-4	-0.00204460783880677	8.46130154355729E-4	0.00182542302804496	9.16388026789611E-4	0.0011172626283692	2.72475164499302E-4	9.06325010266398E-4	6.80868209570009E-4	-0.00123553447296923	-4.04973760896291E-4	-7.98373738054673E-4	-5.39504711401753E-4	-3.37271973953492E-4	0.00146771504301914	0.00120957687213598	-0.00182890570497347	0.00125839720618888	-2.7238394674837E-7	0.00104240985497374	0.0010224466978385	-7.51607618665403E-4	0.0019237946836432	-8.02765228832567E-4	0.00141642065277827	6.17777488101065E-4	-7.56862806410008E-5	6.67675778335957E-4	8.73406207011085E-4	-3.35381226104352E-5	2.4628429588651E-4	-2.02077208085129E-4	7.42894141851187E-4	2.00580729993025E-4	6.47660516252008E-5	4.3858577692297E-4	9.2407451926835E-5	0.00139882353785149	6.09872501587561E-4	7.08465619093666E-4	7.47246028522759E-4	6.22040936347496E-4	7.66237994867582E-4	9.56593948103903E-4	-3.28991149211284E-4	1.24483373159972E-4	-2.19334069922441E-4	-1.43075731313833E-4	7.21688010704016E-4	-8.19700733996867E-4	-4.01116293120093E-4	6.73617251604333E-4	1.66463919227626E-4	2.35052220876652E-4	5.54141266359301E-4	3.77628435186454E-4	2.33070987341559E-4	5.10038855798093E-4	5.62943552161474E-4	8.02167440057442E-4	-1.46709690213418E-5	5.44055596978585E-4	1.29876549543655E-4	1.89216143919529E-4	-2.79204165610512E-4	3.26784809768272E-5	1.10064201198904E-4	1.16197809957248E-4	-1.40648476227164E-4	2.46349060802872E-4	1.95398069770803E-4	-3.20533113710071E-4	3.34392694618386E-4	7.20986486622921E-5	9.11578092641264E-5	6.07192821458377E-4	4.2552341364401E-4	2.59714161130361E-4	-4.94115895285778E-4	4.83839933250493E-4	4.19176806370916E-4	9.7638488911443E-5	-3.46947230383283E-4	-1.52112283747934E-4	-5.79053431962907E-4	4.7658101085048E-4	-2.71017148267557E-4	3.61506337351335E-4	-1.81742294431676E-5	3.91208216131882E-4	3.8216433118351E-5	3.2949813880051E-4	-6.53260408981521E-4	6.22296041239987E-4	-8.27100702900854E-5	8.06871212331428E-4	8.46466141219962E-4	4.98494747174695E-7	6.70598393585543E-4	-4.22860537684418E-4	3.94184190247272E-4	-1.27985713315564E-4	3.55418830087881E-4	8.48469001482178E-4	4.12715255288039E-4	-4.73075142925756E-4	-1.63328903516221E-4	4.83805402480613E-4	2.18207041631342E-4	-2.14268591107507E-4	6.90069093911954E-4	-3.76411255945325E-5	2.25652673007871E-4	2.80960925550661E-4	7.63377831026074E-4	1.66386839247606E-4	9.3737401846465E-4	3.65464915947673E-5	1.64034923137793E-4	3.26834645414771E-4	6.34058002699331E-4	3.42975939841254E-4	-3.60046663992124E-4	-3.41559350847715E-4	2.87951496332649E-4	-7.21755494834765E-5	5.07900598617308E-4	2.92124990661663E-4	6.07205114343089E-4	9.84082400914478E-4	8.45004768785661E-4	0	0	0	0	0	0	0	0	0	0	7.67405521167562E-4	7.5825935402068E-4	8.95331421108914E-4	2.5145726058723E-5	-7.72858649282813E-5	8.68210041319436E-4	6.18359509953856E-4	4.39950753135743E-4	0.00107153189936623	2.61983859209272E-4	6.28086878376133E-4	-0.00111218957625093	1.5570093355546E-4	0.00202085167922996	1.05550052462979E-4	-0.00122757419080322	3.78881704998052E-5	4.41891716487447E-4	1.27835711116044E-4	-3.13622742909878E-4	-4.75107025417349E-4	0.00176119841616633	0.00298144842268618	0.0017485437950985	0.00190601287607632	8.75425047747911E-4	1.3161051531999E-4	-2.0838910330376E-4	-6.62299704598562E-4	7.0839947797969E-4	-0.00203979457572842	-0.00110830795832321	0.00111980120789871	0.00225732744459187	0.00226864351288202	-0.00184018852878105	0.00684737140051765	0.00465187191924223	0.00604024949116594	-0.00495046000989783	0.00481348133804594	0.00661003974729787	0.0144662129169772	7.72684115419487E-4	-9.04681947489669E-4	-0.0125281673763176
665.645	0	0	0	0	0	0	0	0	0	0	0	0	0	0	0	0	0	0	0	0	0	0	0	-0.00273833910067307	0.0028214178157925	0.00264727712419781	0.00525550681840611	-0.00290680593215925	0.00400288259376611	-4.57530557989092E-4	0.00250050327762296	-0.00112757988485457	0.00126511301632991	-9.88854082940851E-4	-8.05445644509684E-4	6.31941699027884E-4	0.00169861954386	0.00301659482854385	-5.8891788450909E-4	-3.72084588017007E-8	0.00114834042226574	-7.12856136399132E-4	-9.88630090014875E-4	0.0025931277252516	0.00423585263210995	0.00535473621505749	0.00169322333233776	5.32781954151727E-4	2.52824052796613E-7	5.77103776486319E-4	1.25158548762718E-4	-2.44468893602355E-4	8.34089710454049E-4	0.00180006975438916	-3.95720356493798E-4	4.96417359597739E-4	-0.00151220981248417	2.1258381647942E-4	0.00260684386388183	0.00138639657233559	0.00116220314576423	5.96144900761111E-4	4.91269726436659E-5	-4.77849990944935E-5	-1.88489552193131E-4	0.00134279277752784	4.55209573442236E-4	0.00214955152023814	8.77273448431347E-5	0.0013374041596652	0.00173382579263277	5.39120472563386E-4	-4.06119642135341E-5	8.76472513320239E-4	0.00136842364943456	-1.14653306649587E-4	3.38760759970557E-4	1.49654064311675E-4	1.11541849499161E-4	8.86843966554826E-4	-0.00121316551637344	-0.001494005493434	-1.32208729797157E-4	2.60063650629476E-4	0.00107721122803258	1.24439066549625E-4	0.00111503453658408	9.1151616379494E-4	-6.60116874903336E-4	6.44490866770794E-4	-3.83054516596404E-4	2.9446638124841E-4	2.63432665953853E-5	2.82109876653901E-4	1.76382404973944E-4	8.39642922112938E-4	-7.0004207186221E-4	3.5365032662516E-4	5.7624535848452E-4	0.00106093492187643	0.00101225110328235	-2.31838544069523E-4	1.19017513424452E-4	8.97800499689531E-4	-1.79583350447579E-5	3.62129178487245E-5	3.74008773831647E-4	5.86836668499473E-4	4.67921464665728E-5	1.19879410553554E-4	6.25353169138755E-4	6.43033868487395E-4	-5.47500440214004E-5	4.91626993413874E-5	6.0675300579729E-4	2.33055586377248E-4	-4.90335650099272E-5	3.65745460823195E-4	2.49738794291007E-4	2.67937127734273E-4	1.73910140765424E-7	7.99139517008107E-4	-3.65078789733409E-4	5.86236935615919E-4	4.69419335579694E-4	1.37487571550105E-4	-5.81489804074055E-4	7.01218359890184E-4	6.53443691402364E-4	3.23144910200752E-4	0.00115005088020742	4.68485472489653E-4	8.846779002058E-4	7.37623253981601E-4	2.22797417520521E-4	5.49093151259794E-4	-1.28153928180027E-4	6.66598238968207E-4	3.58858588494952E-4	9.87032353996514E-4	5.9333891630607E-4	4.86659395928399E-4	6.50672335288024E-4	2.51724402024043E-4	7.09715028989085E-4	-3.07652659047709E-4	-2.4645100938101E-4	-2.2636407380024E-4	0.00124154694536007	2.223296167745E-4	-1.9460673096165E-4	7.62052318070953E-4	5.44559668900223E-4	-3.76021825135205E-4	-1.66551542621147E-4	-2.68600331812004E-4	4.10289653977903E-5	3.21372664561993E-4	1.18561371724115E-4	5.8293967331283E-5	2.6864640471252E-4	5.14408696032304E-4	8.1543965618899E-4	1.88539695807693E-4	4.30761617750224E-4	1.30592326313742E-4	5.18332938046027E-4	1.2930912544566E-4	2.39286483172068E-4	5.50626094021472E-5	9.14838028950242E-5	-5.47344051536914E-5	5.46244109777592E-4	-1.45637661172437E-4	6.94612326857113E-4	6.61218698779957E-4	-3.32703827860204E-4	-1.48934776153385E-4	1.504391487155E-4	0	0	0	0	0	0	0	0	0	0	2.39034761471247E-5	7.77143226140074E-4	3.46830571481711E-4	1.25872741670306E-4	2.55854948089435E-4	-1.82629261700438E-4	4.79655565319656E-4	4.35616666840797E-4	5.84753066230911E-4	-1.42653468590654E-4	-2.61935637817018E-4	1.52624083482862E-4	7.18203381459483E-4	0.00109635758099529	5.03614846419406E-4	3.14203169886734E-4	-6.21705930892134E-4	0.00138553272263982	-8.11966169632492E-4	0.00145942371479684	-7.72262435505249E-4	2.40448770300032E-4	-2.59529102586011E-8	-0.00248013650537328	0.0018849271799594	-2.41238742527761E-4	-5.06620186206937E-4	-1.33412345631143E-4	0.00274053181335211	0.00298185855170187	0.00119587481082847	6.04087677331247E-4	4.69445931122743E-4	-0.00133908444496766	0.00228574488726646	0.00166091712150271	0.00172065539602037	0.00145165350962211	1.82849506418066E-6	-0.00366971830342104	9.14641528499116E-4	0.00769665120783211	8.73443590433793E-4	0.0123183868850029	0.0019458636171278	-0.00871826805565592	-0.00937221434514811
670.378	0	0	0	0	0	0	0	0	0	0	0	0	0	0	0	0	0	0	0	0	-0.00145721749170288	-0.00186709250093479	-8.55025848404296E-4	-0.00153486036915943	0.00186173574448182	0.00123800361437061	-0.00123142758100105	-2.01728640672166E-6	-0.00131590941440361	-0.00387346544599756	-0.00180325517906632	-1.61106204993403E-6	9.36012317066625E-4	9.93692491403486E-4	-0.00243917880514635	-2.39337917662577E-4	-7.80767789303062E-4	2.27146261748328E-4	0.00185881256906737	-8.05328603618399E-4	0.00151847532962862	3.57953280127635E-4	-0.00263762140632385	-1.42851170215701E-4	4.19120868283141E-4	-0.00117884859348078	6.72085766475442E-5	0.00221675109588812	-0.00329977052958313	6.47353164834719E-4	6.95690935867804E-4	-0.00129746437890332	-0.00180637242979042	0.00134547356648216	-0.00177078777279444	-0.00217205055456303	-8.17573500692729E-4	-2.15376540878462E-4	-9.99639657786271E-4	-3.12736307477569E-4	1.02064675823831E-4	-0.0019543345433953	-0.00157697069833575	-6.29014700068824E-4	-9.98490742404036E-4	-1.86872533687407E-4	1.83441619464248E-4	0.00144485545675967	-0.00137598974359619	-0.00104460364678905	-0.00196321858193925	0.00196458303315981	-8.20007876958231E-5	-4.82307931634912E-4	-3.86415870395788E-5	3.87331567635596E-4	-3.78059600504813E-4	6.32038152793397E-4	5.84117341890166E-4	-5.34761476104597E-4	0.00172055240210706	1.71889004750803E-4	2.34438830998764E-4	1.63494797823512E-4	3.15224678543824E-5	-1.5648398765332E-4	1.21102752500753E-4	-6.52889955404766E-4	-4.92171224052547E-4	-0.00113118087879226	-4.97777461115188E-4	-5.94258452208719E-4	6.86676548769924E-4	0.00118980003731342	2.02514791062263E-4	-8.47457299389006E-4	-0.00102293183709125	-0.00913236393903505	5.57995544512572E-4	6.60200942999676E-4	7.10203025495023E-4	-1.27497623000635E-4	6.60166476729708E-4	-6.9833732276072E-4	-2.94517623682312E-4	4.0310729310306E-4	2.51583059678792E-4	4.56891434442452E-4	2.05169378203048E-4	-1.05901859563205E-4	4.20235876761576E-4	1.62062773281097E-4	1.10457605382421E-4	1.61281109480084E-4	4.11828703249081E-4	3.06664197319055E-5	-2.27513375919614E-4	-6.18770801136671E-5	-2.19264041203597E-4	-8.28470119094794E-5	5.0000850631469E-5	1.36088689706317E-4	-1.53323434852462E-5	3.57680931174082E-4	-3.10403726016924E-4	1.64611335943305E-5	-1.52688387761919E-4	4.03252478224825E-4	-5.98087828611565E-4	-0.00107979357973144	5.96615250666836E-5	1.37758795139058E-4	-1.35663473439996E-4	-2.10126460405058E-4	-3.9327449039361E-4	-0.00116375390390921	5.71917145081831E-4	4.85397161253167E-4	-5.90561048846085E-4	-9.78615091839187E-5	-7.47864182680614E-5	2.74705589890142E-4	5.12256013276795E-4	-4.44398399402678E-4	6.0677876857993E-4	-2.21910050441599E-5	8.96269463520507E-5	6.16611281465666E-4	3.86512027898748E-4	-8.06361863245012E-4	-5.23610003343739E-4	-2.78068780788035E-4	6.32343775586336E-5	-2.11252204117299E-4	3.56965235988302E-4	-1.66961124275756E-4	3.49605982510409E-4	2.63174291619736E-4	4.57586460558683E-4	3.32781317023302E-4	-2.90775925045404E-4	-2.50136557011459E-4	4.97149051465053E-4	-3.23390793104678E-4	-4.16392718201057E-4	2.81392119545733E-4	2.23934797889607E-4	2.22828236445147E-4	-1.11724234230043E-4	4.44118998789431E-4	-4.06027697450898E-4	-1.65475922670401E-4	-1.85272633288782E-5	-0.00104771686346337	3.68602327313414E-5	-1.11183838036145E-4	8.57836414584553E-4	3.7570138025773E-5	0	0	0	0	0	0	0	0	0	0	-9.12051941303101E-4	-3.35373998365264E-4	1.96021370324742E-4	-4.58992349018394E-9	2.03469118340657E-4	-4.13065544008664E-4	-4.28852186160237E-9	2.68325769856704E-4	-0.00131849655571305	-6.74239836812058E-4	-8.63044584280245E-5	-3.82498132872398E-4	8.85887405047562E-4	-6.94216038274831E-4	-7.83495014967218E-4	7.43313149286302E-4	3.50450317317522E-4	-5.90001032136176E-4	-9.31604367539714E-4	0.00106504126306951	7.7902870389524E-4	-9.2452939942301E-5	-8.7348496506798E-4	2.04859768530324E-4	-4.34710112921482E-4	-2.88145595105246E-4	-0.00279898262282112	-0.00134150061533677	-0.00261930455514898	9.93640173992981E-4	-0.00248199783047256	-0.00185056359903919	0.00225435231987578	-0.00188941598733176	-0.00322352167109811	0.00149693753833411	0.00746636328254567	-0.00246064822753016	-0.00488222675555638	-0.00987639037604225	-0.00802200622483686	-6.93545455043772E-4	-0.00621209784862348	0.00117134695376345	-0.00336091182753168	0.0191559730832936	-0.02778119798072	-0.00278697284268034
675.113	0	0	0	0	0	0	0	0	0	0	0	0	0	0	0	0	0	0	-0.00104579653777853	0.00125912567268778	-0.00214881925864918	1.08980513580628E-4	-0.0043039321133356	9.29333240342975E-4	0.00287042400797229	8.64456244345231E-4	-0.00210333999124278	-2.03579994055436E-6	9.31031759800448E-5	0.00157962014797794	-0.00163868750928959	-0.00123830136852072	-1.72355728336736E-4	-0.00134455130150573	0.00270626749277567	-0.00128650153727451	8.6428854511682E-4	5.3708457822618E-4	0.0013486194727797	-6.64927318670102E-4	1.44416146494741E-4	0.00195660720747932	-7.19840994579761E-4	6.41661687153663E-4	-0.00169659616363198	0.00195707292322319	-2.08088485101457E-4	-4.07709298048671E-4	-0.00159919520073499	2.61429694521972E-4	6.24103037646266E-5	0.00130807936823717	0.00260868897290282	-4.88590351158745E-7	0.00138101299484019	9.54875027504811E-4	0.00137373099603789	0.00123979866871573	0.00111376570207657	0.00187903999676351	-6.69576297542604E-4	-1.51969770733049E-4	-1.99307064275183E-4	0.00126889713232465	0.00201438388257179	-0.00188569092871246	1.8507986160189E-4	-8.20829979580175E-4	-2.69687524443838E-4	-9.22418831062655E-4	0.00137772756750108	8.38811318448101E-5	5.38037735020284E-4	3.24567417408947E-4	-3.96899730528235E-4	1.56670142055148E-4	3.94060026674766E-5	0.00120070625972527	2.58112501282665E-4	-9.01227275970822E-4	-2.47633718458862E-4	-4.16207000771724E-4	4.72470951806683E-4	0.00175195712329964	5.48301435790062E-4	4.08535635784882E-4	0.00101194842163392	-9.02224656334347E-5	-3.50558801732135E-4	-3.71223639788325E-4	4.17514200400911E-4	-6.2704707727214E-4	-9.33416259311897E-4	4.95910795483399E-4	-5.89647155101132E-4	6.28599729719115E-4	3.68613605401711E-4	-7.6804184482804E-4	-2.96036907308416E-7	-2.06996310048265E-4	-5.15577473380073E-4	-2.35813050218276E-4	6.8646025414989E-4	1.90198379919897E-4	2.2248625267578E-4	4.99281895985084E-4	2.81629601087053E-8	1.36758346532347E-4	-6.32593474501613E-5	-7.63130243631927E-5	4.51815921758477E-5	-1.93453011208848E-4	3.34419360685409E-4	6.08343662231325E-8	1.12716108365467E-5	-9.28611172115696E-5	-1.89658196333787E-4	2.99658114736495E-4	1.21109853234664E-4	-2.96827519755858E-4	6.35302008446871E-4	-2.34815283193337E-4	4.30579090387586E-4	-7.874259236706E-5	4.88581493775353E-5	5.95732665004891E-4	-0.00120537128759188	-2.86220839486582E-4	3.11182172457416E-4	-1.64919459026179E-4	6.05318318846855E-4	-2.98178594395286E-4	4.50357360904549E-4	-6.74137495324051E-4	0.00162489099602774	-5.61054124999879E-5	1.48952703751858E-4	4.14458466162163E-4	9.59716373624914E-5	7.2845218653288E-4	-1.92190587395295E-5	-3.17368046316664E-4	1.03140175010328E-4	2.06392765403115E-5	2.62188465763155E-4	-6.71944577825374E-5	2.50495890820696E-4	3.22649628698383E-4	-7.36548002940377E-4	-1.81900891489387E-4	-9.02762431895134E-4	0.00127108866705058	-5.75859081265836E-4	-1.27959426898058E-4	2.09909153529383E-5	0.00119855393306339	5.39910223341969E-4	5.10859632996153E-4	8.02234821012439E-5	1.96659794339854E-5	-4.49725528917224E-4	2.13190579614833E-4	-4.44259671509589E-4	1.72770446327439E-4	-2.10235605842705E-4	-4.93045538565052E-4	1.50583692336452E-4	-5.63602253825217E-4	3.74074582388582E-4	-3.74587847254304E-5	1.85773408104335E-4	-7.42070077737122E-5	-0.00114936881360328	-2.04148722474692E-4	1.30230737438476E-4	0.00104724278453979	1.69382744459904E-4	0	0	0	0	0	0	0	0	0	0	-5.07065110107715E-4	-8.73206599144832E-4	-6.28433392054012E-4	-3.46145828797935E-4	0.00219385785766094	1.53913402513301E-4	5.73439954104588E-4	0.00111582523967022	-2.7142985608662E-5	-1.38631079901236E-4	1.13373103937054E-4	0.00151191790383465	-0.00161105352981775	5.54957247126324E-4	2.22588441865952E-4	-0.00138173052750296	3.06881282856696E-4	-4.96407186522249E-4	0.00197315891915298	1.16978629095132E-4	4.96036085615279E-4	0.0012671592984971	0.00134185716297547	9.79606476194787E-4	0.00124485188289288	0.0012081076114069	2.90742629745554E-4	-0.00178085334386404	0.00109605221906213	3.53061801429336E-7	7.16193363209421E-5	-0.00212570739920754	-2.44323703238787E-4	1.7278785406419E-4	-0.00105090384380226	2.07741134773059E-4	-3.44789753117334E-6	0.00129845250320429	-8.77626953258196E-4	0.00311854916707627	-0.00793824784357504	-0.00207736619520638	0.00974402238223062	0.00339385586588626	5.91048462651178E-4	0.0057613023346312	-0.00435177862656516	-0.0116824222101166	-0.00169638366864507
679.85	0	0	0	0	0	0	0	0	0	0	0	0	0	0	0	0	-0.00753616742616199	-0.00840742903223686	-0.00587032353394968	-0.00661809332619261	-0.00445842716244029	-0.0072754695661526	-0.00293705290218917	-0.00584728777829512	-0.00680888206159929	-0.00437966450606493	-0.00792128675677869	-0.00965761341250083	-0.00421793086203971	-0.00253995834225877	-0.00376686363027063	-0.0045575794794627	-0.00651347658565854	-0.00728947069483263	-0.00530932150687283	-0.0031711125583031	-0.00691551566006388	-0.00504679007877435	-0.00584565082054908	-0.00485501229005491	-0.00251276507750379	-0.00498621078875674	-0.00240063198610045	-0.00375126176467747	-0.00643222230102475	-0.00417069719669247	-0.00362541945295585	-0.00349858291612662	-0.00471340837099775	-0.00508287366619589	-0.00161444521480653	-0.00289858992257642	-0.00141063615633314	-0.00340631923431872	-0.00209665489326889	-0.00335162600911395	-0.00138984426037573	-9.82089166511447E-4	-0.00311245005509186	-0.0047016168124799	-5.71242030806609E-4	-0.0032218232143684	-0.00200924073965684	-0.00552907674108622	-0.00174664816920726	-0.00257442025197173	-0.00492061260648715	-0.0016599241127031	-0.00244522154754881	-6.66300522986688E-4	-0.00300361462895414	-0.00132196433508522	-0.00305506496366447	-0.00307550682615404	-0.00152670252773653	-0.00228865292399331	-0.00231896899501202	-0.00128494761733871	-0.00285993644446454	-0.00178629688501752	-0.00214831116612472	-0.00231115651342183	-0.00284373242053618	-4.68190490768492E-4	-0.00205475571766522	-0.00146458700471444	-0.00238874534983141	-6.05395523541945E-4	-0.00106384698814979	-0.00184654975632874	-0.00236816921540401	-8.81583369214389E-4	-0.00153654683572446	-5.54428707269406E-4	-0.00142535512929998	-0.00233912728564398	-0.00164035007935452	-0.00135922567276719	-9.01964196874814E-4	-7.20780724732787E-4	-0.00101952787898643	-4.34074504925893E-5	-0.00204187921242333	-0.00111689070248947	-8.44267659074505E-4	-0.00101018161799233	-0.00117365888788891	-0.00119129679956467	-7.23779335270799E-4	-9.7186220513996E-4	-7.04962534218672E-4	-0.00111344994613466	-9.30045976804959E-4	-9.36687371853868E-4	-6.02035622249437E-4	-6.99019737375702E-4	-6.66302350379267E-4	-3.87135348212144E-4	-5.58144479161203E-4	-9.71620987052992E-4	-3.46913102200157E-4	-6.96653935934676E-4	-3.15488950226844E-4	-0.00149298971982763	-0.00128316117142988	-0.00127651428029593	-0.00110223285243497	-5.56561367384896E-4	-0.0011980169910801	-8.10917573571759E-4	-0.00130665570230454	-7.83783341500779E-4	-0.00144550293650808	-8.76489164252719E-4	-5.15946861033923E-4	-4.33279552990428E-4	-0.00103601069112181	-0.00118182993941244	-0.0013015668895458	-3.7858334004555E-4	-6.8714488843748E-4	-0.0010616279386602	-3.13961285499057E-4	-4.52895339002017E-4	-0.00161575632175121	4.29972060852722E-4	-0.00119959871190941	-0.00100219984746418	-0.00134763508816691	4.56027824645408E-5	-6.45534037190934E-4	-6.5341016666207E-4	-0.00109947070798582	-0.00137634428837942	-0.00160794318010462	-0.00142541417107565	-0.00109291576032785	-9.51074624806121E-4	-5.07872999599975E-4	-8.39451071380835E-4	-0.00126388397844863	-0.00182400499892311	-0.00146410297937416	-2.13544642822281E-4	-0.00123402167691581	-6.51245290675107E-4	-8.95525977768874E-4	-0.00102543738812825	-0.00130696424365003	-5.2887969898717E-4	-0.00131767993971092	-7.32027740532977E-4	-6.37234089172972E-4	-8.06561817547177E-4	3.77059455226739E-5	-0.00111613245707898	0	0	0	0	0	0	0	0	0	0	-0.00106790954729686	-0.00191128315479531	-7.6370850651422E-4	-0.00141757139732642	-0.00155036978888399	-9.69075772421789E-4	-0.0019194397865537	-0.00126516864179394	-9.13449740396174E-4	1.07561104063021E-6	-0.00266325531156053	-0.00146225355353761	-0.00202840863881219	-0.00120674163571146	-0.00180541324621168	-0.0022531208141078	-0.00336112092459355	-0.00248245335785299	-0.00229406061682334	5.26829695186173E-4	-0.0036837518759981	-0.00225894136262424	-0.00384459780939347	-0.00219990706177417	-0.00356627859456409	-0.00225621867912214	-0.00249822139540138	-0.0041755799474891	-0.0055275080282112	-0.0045640498379069	-8.91799390045955E-4	-0.00405312325812157	-0.00828919659583475	-0.00254439746528721	-0.005584404912905	-0.00125209325297802	-0.00381769456709115	-0.00647055432237939	-0.00617546213993527	-0.00250836395342025	-0.010626029401481	-0.0123159488843836	-0.00692463901631394	-0.0131395686996703	-0.0200733843540641	-0.0107851312595855	-0.0298200175593989	-0.011970652360523	-0.0434675336910629	-0.0477087719531543
684.588	0	0	0	0	0	0	0	0	0	0	0	0	0	-0.00613104209748538	-2.49788843625876E-4	0	-0.00145214823187993	0.00120180279976262	-4.67577642696982E-7	0.00129841030790175	-5.79740253277995E-4	-0.00124646639043944	-0.00110235754082645	9.51940557258782E-4	-0.00111455347231626	-0.00266342209491062	-0.00626612000038556	6.85173751552024E-4	-0.00242899272976962	0.00295895799613499	-3.71489794762103E-4	0.00163044527969139	0.00140862679492878	-0.00188784954742257	-5.88863430471587E-4	-7.41220520955811E-4	-9.66056103863852E-4	0.00267558691601174	4.62512024495837E-4	0.00105995097791642	2.99749476256278E-4	-0.0028232510180883	3.7005197240983E-4	-0.00197457244725241	-9.41787088951115E-4	-0.00150434026551341	-7.77287742194027E-4	-0.00403229092915788	-0.00334425678508682	-0.00100363606294681	-0.00222459258302024	0.00440753806213294	-0.00192870385706206	4.849083342559E-4	-0.00354220530718764	-0.00178539858356555	-0.00191587420188008	-0.00121652343249005	-0.00201271135110553	-0.00128493496430881	-0.00121234108487703	5.18346137595168E-4	8.64992571628517E-4	-5.50253683201447E-4	-0.00142615265235892	1.93314680107926E-4	-0.00151998753844423	-9.34622399612267E-4	-4.36418939517184E-5	-1.80091532540845E-4	1.78172036481115E-4	-0.00233435675705843	6.78992610139839E-4	-0.00182840741543247	-3.23971123026111E-4	-9.19441157842142E-4	1.96554598238722E-4	-7.28606367843505E-4	7.91015986015717E-4	-0.00158898979233017	-3.26207874555994E-4	7.09846082671653E-4	0.00138920989524683	-5.42158620917843E-4	6.2808770363198E-4	-8.38802471206302E-4	-0.00128904913488275	-3.06850669552283E-4	-0.00134778001344815	5.26451204451946E-4	-8.85905765296285E-4	2.79319858518694E-4	-6.01208922988204E-4	-1.87213577065752E-4	-8.66847541036333E-4	-0.00180377329598913	-8.06118364930235E-4	-6.64303677871373E-4	-1.01148589336654E-7	4.00404573146363E-4	-2.5253952235654E-4	-0.00114366600392422	4.06483955309471E-8	-0.00103447568100526	2.85320781601979E-4	-7.01461608855497E-4	-2.78802674581424E-4	1.74211239065053E-5	-6.52108590260108E-4	-2.34504784434251E-4	-1.08777265617109E-4	-0.00131163874475634	1.57110550467537E-4	6.42010037140781E-5	-6.90880406559147E-5	-6.34436920981542E-5	-1.6372558317771E-4	-8.49522191588984E-5	6.80365180951516E-5	-2.44002620949644E-5	-1.31038898542416E-5	-2.40044963864311E-4	1.36889762730695E-4	-8.03327785476669E-5	1.52231411051066E-4	-2.69278217812961E-4	-7.7934367388261E-5	-2.04519099883486E-5	2.55851940378275E-4	-6.53072858915681E-4	-5.17406598241083E-4	6.10980581386009E-5	8.02670944071448E-5	3.35713523061218E-4	9.69692260182988E-5	-8.59649136281014E-4	1.33942949969361E-4	-3.66683015048015E-4	5.91983196925795E-5	2.62733689912788E-4	1.73951865996909E-4	-0.00127949196008747	-1.06155696908667E-4	-9.40699868863641E-4	-5.38246955379374E-4	3.89947355434176E-4	-0.00142620463867323	-1.88989316255796E-4	-8.71237209708207E-4	6.25006062267045E-4	-0.00101535851325582	-4.39352918177145E-5	-3.93675888197783E-4	5.23167596495324E-4	1.30507221223041E-4	-0.00101351886938511	3.85470460687123E-7	-6.07965809099137E-4	3.70305982018141E-4	-2.22817241646919E-4	-9.0096957080922E-4	-3.18014857553416E-4	-0.00104869732819523	-1.96733799083648E-5	-0.00103576341721396	-5.82229976578817E-4	-4.05559762788926E-4	7.3186179633425E-4	5.3742195166846E-4	5.55235797365291E-4	-2.47772749722764E-4	-2.47344925336408E-4	-0.00115900210160191	-7.59948959935489E-5	0	0	0	0	0	0	0	0	0	0	-6.54075898269328E-4	8.95426264592092E-5	-6.44761251320685E-4	-6.85125362727372E-4	-5.80523323465797E-4	7.43339420468202E-4	7.6026741261822E-5	5.68693021635218E-4	-4.2063365675182E-4	-8.01568609530507E-4	-5.4383838159625E-5	-0.00108197160607528	2.8398020707924E-4	-4.6500325749877E-4	-8.34256019106568E-4	-5.80915984366274E-4	-6.94224667402545E-4	2.60978456007362E-4	-0.00128217982595659	0.00216729740641869	-3.99355294282929E-4	4.96066400846206E-4	-0.00152558872980821	0.00127212675932432	8.98827860892655E-5	-0.0019924468387627	-0.00225917884113347	5.31897364249693E-4	1.69162818226751E-4	-0.00321893553393318	-1.69575178907341E-7	-0.00218089338531336	0.00111134461121389	-9.53671930235104E-4	-6.99948889527849E-4	-0.00307871443277773	6.29945191363786E-4	2.94473677719188E-4	5.38144865993432E-4	8.34046409737929E-4	0.00266284707144291	-0.00284209860519434	-0.00370155994568776	-0.00510704405501225	-0.00340378078506351	-0.00642104196763736	-0.00803187486840223	-0.0115413321349265	0.0225847072365165	-0.00971982158531299	-0.0119711610042326	0.0017347665572668
689.328	0	0	0	0	0	0	0	0	0	0	0	-0.00190079801150757	0.00317922069417351	-6.44836101726609E-4	-0.00622060071253101	0.00162408041175302	7.36854558773851E-4	0.0013383522966815	0.00868195615548161	0.00477391606224757	-5.86957220168774E-4	-0.00252813209458616	-0.00245615067637997	0.00268194145050107	2.05967615166095E-4	-0.00150050382428409	0.00307636181150353	-4.95030726866897E-4	9.86426633904678E-4	2.91117358734959E-4	-0.00188582890309398	-6.41271404309941E-4	2.67934612703733E-4	0.0048765979533395	-0.00102219274774694	0.00225485345972817	6.54097355941068E-4	-8.76571308977895E-4	7.02959330841744E-4	0.00276151906712346	3.03548965436097E-4	-0.00127988615280008	0.0026908459281324	9.64311545742907E-4	0.00132171012464543	0.00297704321434281	7.16678506573833E-4	0.0051425355402303	5.54370926405314E-4	8.80934780473679E-4	7.9724032477271E-4	-0.00174689399788251	0.00151429771846795	0.00257772979648022	-7.76065649720584E-4	-8.16074496695519E-4	-0.00159760029953609	0.00106553837676134	0.0014892339203295	-1.05809257114993E-4	0.00112114047130673	0.00141813709166421	0.00139382312729333	-0.00233173002480058	8.47344676433609E-4	0.00186051538670083	-9.6247440120584E-4	0.00151638157006503	0.00107072996650265	-2.28083706835946E-4	3.15124809091314E-4	-4.36330994885085E-4	9.0284691284974E-4	8.85530480899135E-4	7.86771704079716E-4	3.65091547840583E-4	-0.00130959001579208	7.7821396159148E-4	0.0017175342302418	0.0022846447718077	7.41735011864995E-5	-2.51476698607743E-4	3.16569915398381E-4	-4.11908350020017E-4	1.34414263125278E-4	3.9352521526928E-4	-1.91095217765582E-4	0.00130581988588667	6.67587165759392E-4	8.59760459866454E-4	-1.15119356933579E-4	5.68364894037566E-5	0.00160608347463216	0.0012472980483266	7.98632542104649E-4	7.91018806926328E-5	1.27691814786976E-4	1.49707054987259E-4	-4.84758331424428E-5	-3.57982575827295E-4	-6.97133788337517E-5	2.45046392116674E-4	-1.46714923462985E-4	7.31777458686772E-4	-9.61747204273257E-5	3.84293255347151E-4	7.90956297232641E-4	3.36806887177282E-4	-1.8204675471969E-4	4.76148812417122E-5	6.29080978959091E-5	0.00105090561467154	7.23662966817898E-5	8.31839431180752E-4	1.98278264844162E-4	-1.17852631456396E-4	5.28740765423855E-4	-1.2860728532723E-4	3.32834769015421E-4	2.21929696174221E-4	5.80672603950264E-4	2.58032846992528E-4	4.17106763333649E-4	2.44800259441739E-4	6.50527325177984E-4	-1.997464036012E-4	9.33463955145984E-4	5.7176149491573E-4	7.55506106203194E-4	2.56155283507484E-4	6.08260064411122E-4	1.03210276186099E-4	4.67561109499679E-4	-3.97622906289346E-5	2.16105724093513E-4	-2.32270406172862E-4	1.35660791147797E-4	-4.89248962056799E-4	6.58725239722925E-4	4.12855275102298E-5	-8.03707450806148E-4	9.466698651301E-4	6.5019823180118E-5	9.97907540992339E-4	0.00122765787714348	5.34786124109531E-4	2.37453890597102E-4	9.57564844157147E-5	-2.61910065561824E-4	5.63636259066261E-4	2.28676575989027E-4	0.00127608138610696	1.99464009778763E-4	8.83768288512757E-4	3.52375882409967E-4	3.71371639426182E-4	-1.07661374913163E-4	5.94649491234783E-4	6.67753034838833E-4	3.49178107627163E-4	1.02102172177148E-4	4.43290313214962E-4	1.2046157630103E-4	1.3958987804722E-4	7.52880942031282E-4	-3.53526695514322E-4	-6.84882409754909E-4	-5.84942334987964E-4	-1.16430596200327E-4	1.16466869380568E-4	4.25553944617954E-4	3.46896112856338E-4	3.08453373951875E-4	0	0	0	0	0	0	0	0	0	0	4.73986387912335E-4	7.95517953779292E-4	-4.76758362692689E-4	0.00109686465932844	5.74490002282825E-4	4.41233917405656E-4	-1.50472414619494E-4	2.05413883857749E-4	4.97687716592357E-4	7.72136695956511E-4	0.0011093202727784	-0.001048317732185	0.00101726307736721	0.00112261837890291	0.00123661504785884	-9.05007343771703E-5	9.31337489877176E-4	6.07646135284223E-4	0.00125593047632921	3.75236517662554E-4	0.00106265774402289	9.94329422304982E-4	-7.74695078167246E-5	6.50869943014996E-4	0.00279299842215716	0.00204220579318137	4.33613106888749E-4	0.0037641133450172	-4.844459246119E-4	-9.12488809226407E-4	9.05973002007848E-4	-0.00204140968830906	-6.70721035194981E-5	0.00168888446755912	0.00103926425561908	0.0031531651848927	0.00328883393691955	0.00528087587177427	0.00326812131786134	-7.60755308975758E-4	0.00302203561028737	0.0013526102817136	0.00424603446600058	0.00596879289674915	0.00325949841051602	0.0109916460146785	0.00193109728742537	1.83867283004082E-6	0.00431053427142148	7.05271241596355E-4	0.00412026649891857	0.0145592245662822	-0.0081559920118603
694.069	0	0	0	0	0	0	0	0	6.79610319689638E-4	9.63335710392185E-4	0.00514719118782507	2.71050996154502E-4	-0.00375600851751981	0.00235539055372358	-5.18301366874833E-4	0.00340144433910384	3.71852708067331E-4	0.00307405391450814	1.21240226829597E-4	-0.00604192519575903	2.36440477871569E-4	6.95528535525502E-4	-3.41831593880697E-4	-0.004017638727366	-1.04130988863241E-6	-0.00293584863021983	3.00339741497138E-4	0.00220651052834179	-0.00279168892978025	-6.86717248106852E-4	0.00114479163387782	9.27405481417256E-4	-0.00198673355662127	8.45699165976903E-5	-0.00138031688771213	-0.00185992408133277	-9.09928230026394E-4	0.00411608288894021	-3.96048565799081E-4	-7.76520557752483E-4	-6.15770678164556E-4	0.00167483458488691	-0.00310154694818474	0.00389912640607515	-8.18505975007872E-4	0.0013952108912884	-0.00232190695589653	4.26270514598004E-4	-0.00105077554055145	-9.6010524396962E-4	-0.00174605975414347	-7.13902818069985E-7	-8.93467957354831E-4	0.00391275882298766	-3.03765051939293E-4	0.00141637038721532	-5.78218731325619E-4	-1.14142429969023E-4	2.22024382086073E-4	-7.70640072507985E-4	1.07812898232047E-4	1.06162200019861E-4	-7.33005359244681E-4	9.23555106462038E-4	-8.07315320596311E-4	-5.94726876199053E-4	-3.40836006688929E-4	-1.44129628030363E-4	-0.00112924507671447	5.54138230061864E-4	-8.14027139860595E-4	1.78239879642264E-4	3.91682466105454E-4	-0.00200420179265579	5.01466870437618E-4	0.00118968511987179	-2.81826273459747E-4	-0.00145677119713894	3.47054328110395E-4	4.96411425226259E-8	8.9173310615427E-4	0.00109166582528759	-3.57137040200236E-4	-8.35057237999318E-4	-6.10761583874784E-4	-2.99257681140736E-4	-7.42197396045233E-4	-3.77834028526824E-4	-0.00113646395025611	-4.8033076480374E-4	-4.3992143740749E-4	-3.14918956491063E-4	2.78142615790327E-5	0.00134467981302953	-7.27671312645355E-4	-2.91431939467294E-4	1.29084227532053E-4	5.54927797512686E-4	2.21969846228637E-4	3.62292734122786E-4	-6.1238602397864E-4	9.03495275340543E-5	-1.910738668029E-4	-2.40331206486544E-4	3.31575698474017E-4	-3.50184557266338E-4	4.19424387159022E-4	3.41125418263137E-4	-5.68460170223566E-4	-7.8599629039524E-4	-3.5924595071627E-8	1.25014248289864E-4	4.24827584483184E-4	-4.86856535679543E-4	2.71627398636594E-4	-2.7115091424951E-4	1.15473406851167E-4	-6.57873241657574E-5	-3.48822588859141E-4	-7.11017982032908E-4	-2.72348895339559E-5	-1.02072680944374E-4	-3.18039937368793E-5	-3.34793081431036E-5	-1.36990982583775E-7	-2.40144404611555E-4	5.02021039254952E-4	-2.36165930301988E-4	2.17671025638963E-4	-1.94979178114547E-4	-3.60805745668761E-4	-4.19376444867747E-5	3.09079692975662E-4	3.84403713985776E-4	-1.7885764643763E-4	-2.5522371917374E-4	-1.76425458157647E-4	9.8960717831283E-5	-5.05238407758542E-4	3.31242983795291E-4	-5.3588160358696E-4	3.53441578242814E-4	6.73683401995152E-4	3.36493578811414E-4	8.50550219944779E-4	-7.76605107611973E-4	0.00107892504445781	-8.72267709355519E-4	6.75568430767258E-4	1.4219130658702E-4	-3.47347445088852E-4	8.83117772822963E-4	-4.71297423640707E-4	1.78529926251655E-4	-2.00733705621428E-4	-6.6475991731602E-5	9.39122656329638E-4	3.2227578999257E-4	6.54338098195953E-4	8.28319552122385E-5	-1.02750665698978E-4	2.44465577774682E-4	8.11608183306546E-4	-9.8890735218316E-4	4.00542925419527E-4	5.37249349008714E-4	5.74395237538094E-4	-1.58169573165971E-4	4.921146983337E-4	7.26516174209625E-4	9.76517465789932E-5	1.36576521309861E-4	0	0	0	0	0	0	0	0	0	0	-3.62980592580841E-4	2.18205776449416E-4	-1.34171903832731E-4	1.83893983742278E-4	3.07027995830374E-4	3.63456416171589E-4	-6.45101024058361E-4	-5.08740112938037E-5	-9.8777565428218E-4	2.38619474117889E-4	-1.88831464646403E-4	0.00125988787707057	7.82226348701325E-4	-0.00108113296312837	1.45644262945212E-4	9.83560473354406E-4	-9.16904936669218E-4	0.00109882198334904	-2.91346169057222E-4	3.3463233202881E-4	-0.0013141925780946	8.95441694185653E-4	-0.0010062138295595	9.78617811688319E-4	5.34829954974851E-4	-1.30582658568901E-4	-4.59933230189313E-4	-0.00150935295736554	-0.00118426767119253	9.26801902245136E-4	7.50282988445248E-4	-8.55960335457778E-4	-0.00277590231200756	-0.00196550667391079	0.00114020091317669	-0.00383595937526896	-3.99275234299032E-4	-0.00315912091593297	0.00184166471406336	-0.00380757308800327	0.00110176060055489	0.00317591859488491	-0.00205153091436728	0.00184093146668272	-0.00172658241307282	0.00232297342926281	-0.00720018534257715	-0.00927249993935226	0.00274391779834923	-0.00467504570552151	-0.00214070620580636	-0.00332628357266576	-0.0132608217630355	0.00176759603758966
698.812	0	0	0	0	0	0	0.00314138547553819	0.00445335385559986	0.00620205041648695	8.36185783453711E-4	2.8107287951969E-4	9.73634009355418E-4	0.00338435261519778	0.00172329795846096	0.00363724542947104	0.00790353253338518	0.00301563307189429	0.00435050375010875	0.00320383169861491	0.00560938803776815	0.00407909546069097	0.00775386805812115	0.00445527167060829	0.00197320253673576	0.00347047916068335	0.00132892194638886	0.00202992508159157	0.00192879736340528	0.00271687628382144	0.00187769711637	0.00578633394404647	0.00337716466055744	0.00364597613125319	0.00311350001518239	0.00226374597308946	0.0010245480307985	-8.30442473243114E-5	0.00122315424019408	0.00326854090265213	0.00391958188513252	0.00124140414244952	-6.91555866073878E-4	0.00244325536118959	0.00136387760773933	0.0024016916563602	0.00259702911934761	-4.39004334716571E-4	0.00489689360720622	0.00247390519717654	0.00138522227509086	0.00196615719200325	1.32862136290601E-4	9.67656188385648E-4	0.00583297219943481	0.0018939249717771	0.00208774755777708	0.00198470092190409	0.00286397527245219	1.13085844693067E-4	-4.42536678819064E-4	0.00387599735193174	7.51775014785631E-4	0.00379760764960919	0.00191751269205006	0.00101872100087054	0.00100072456440355	0.00177105223504094	1.94777542413747E-4	-7.57858126336352E-4	7.92517694909549E-4	-4.40873966307332E-5	-4.40227842258999E-5	0.00232802548086262	-1.28721221160668E-4	5.06973199378273E-4	0.00149135103242289	0.00117719889058818	7.54868239115117E-4	8.19292700797921E-4	0.00221929513125072	5.64652538154381E-4	0.00246333520781254	0.00111523540064746	9.12343984799528E-4	6.50406499185902E-4	3.01406315822613E-4	5.53860650333739E-4	3.17974338475693E-4	-9.31240300968605E-5	6.66389643444068E-4	0.00133210163612036	6.36430155873847E-4	0.00166943165555161	-0.00130213074253922	5.46029916361748E-5	5.36196532143796E-5	-1.30318588514955E-4	1.78460791822479E-4	-9.96937045457967E-5	2.44077867843019E-4	1.66775065609444E-4	0.00104740717426277	6.43537666858817E-5	-1.00987335011032E-4	5.51683050079503E-4	4.91003884416599E-4	7.6982700039212E-4	9.05077054062034E-5	4.72717962337598E-4	7.61151903968943E-4	2.25213440759699E-4	5.84356708515748E-4	-4.43547674690557E-5	1.59344543669265E-4	3.09915830010488E-4	8.10262007573118E-4	1.05940099799687E-4	1.43142570999162E-4	1.29129451215368E-4	5.79601606770059E-4	1.21769755368165E-4	3.07147399843943E-4	7.90796932464399E-5	2.16984592831683E-4	5.77190620194454E-4	2.97765791585662E-4	3.85968067667874E-4	0.00140714702251603	3.09234053139123E-4	2.62444635540337E-4	3.43192395730784E-4	4.85178088376281E-4	7.27229565237099E-4	2.86277329366776E-4	9.82778129288164E-4	5.93702463321457E-4	7.91404984676079E-5	4.80584188312554E-4	0.00110132625047793	7.11077343343506E-4	3.00655146619201E-4	0.0011779642823411	0.00162522228311851	7.47417821213121E-4	9.29317756615799E-4	1.18617891085033E-4	4.36549304565507E-4	3.91369905843014E-4	0.00148781626638204	4.8039534664168E-4	-2.10139826064066E-4	6.88930020410095E-5	0.00113193863246781	0.00151243438240441	8.3271281551374E-4	6.92058154760912E-4	8.60138509213664E-4	9.11436727283795E-4	5.11948809567731E-4	3.77704507594952E-4	-2.27818944223058E-4	0.00127626364998568	8.40325711788439E-4	6.11235986413191E-4	2.22621819784999E-4	-2.2099251091464E-4	7.20118903187646E-4	8.01105438106644E-5	-5.89156921012913E-5	9.51566629207783E-4	6.32501887188846E-4	0	0	0	0	0	0	0	0	0	0	3.81029758476619E-4	0.00109971578354814	8.79919030580189E-5	9.93507914820574E-4	9.97460044522202E-4	4.77564147000024E-5	0.00149216900446526	8.26598501568137E-4	6.4158933554681E-4	0.00104969251154225	9.10126552203707E-4	0.00127841387798145	-8.64114308815495E-7	0.00121273993984584	0.00141232284126209	-8.83322882942457E-5	9.62847473329283E-4	0.00114167032901462	0.00110985577938003	6.5378999549961E-4	-1.01417986623697E-4	1.39471693878986E-4	1.09192983911163E-4	0.0013552035907701	4.34516859988029E-4	-4.56948790065027E-4	8.34865969729063E-4	0.00102078249819946	8.35859860273269E-4	0.00337875388005569	8.81543635186841E-4	-4.66888266945039E-4	0.00166650759990557	0.00345425082380036	0.00396862546502196	0.00172605087143762	0.00197385479421621	0.00128888376740933	0.00146592200141205	0.00270065493636476	0.00435108278347136	0.00445453895844575	0.00777902248529938	-0.00620337426972885	0.00371901577267277	-3.47723543313458E-4	-0.00744097567473561	-0.00198159340108162	0.011825884192532	0.00693138602436534	3.09045794613461E-6	0.00611851871922697	0.0272509650729102	0.0124033193764444	-0.00595199498137775
703.556	0	0	0	0	-0.00129496376485236	-0.00241581728346603	-0.00564108034847621	-0.0063411470047605	-0.00726258243364022	-0.00550159923843719	5.70144239711671E-4	-0.00421877856365429	0.00205860232099812	-0.00737390404522105	-0.00170858149355496	6.4388796293567E-4	-0.00127251093179652	-3.76038686233629E-4	-0.00949057972318666	-0.00555899531720052	-0.00668791436544004	-0.00309660986142128	-0.00439437780994361	-0.00388567319557129	-9.56691639866224E-4	-0.00434554614251636	-0.00575460947480615	-0.0016426404916012	-0.00407740485414468	-0.00370178641638146	-0.00566656277261156	-0.00161589628999527	0.00175585179642015	3.62780723725037E-4	-0.00555922042889748	-0.00648690033583451	-0.00380426687437684	-1.64087321171938E-4	-0.00177603289075952	-0.0029396854869441	-0.00526555075349517	-0.00124661170237205	-0.00239804279047636	3.07034383955972E-4	-0.00113920259900831	-0.0016538281245121	-0.0032614057925576	-0.00160462486895771	2.86924791482329E-4	6.98265596712275E-5	-0.00123676392101231	-0.00402133957082289	-0.00398380519402871	-0.00241489134249798	-0.00396350406745799	-0.00187195582684483	-8.86808682364208E-4	-0.00371481268521923	8.56767604503394E-4	-0.00168479622499584	-0.0028192004230307	-0.00320954366549936	-0.00512839650931467	0.00126114711794813	-0.00288919810578305	-0.00202849037520871	1.00454955362321E-4	-9.79376440965448E-4	-0.0027431657069128	-8.50555446900065E-4	-0.00106399458460505	-0.00190546205491651	-5.78695387529893E-4	-9.16183285973584E-4	-0.00290889048186091	-0.00121708557026843	-6.98752234210982E-4	-0.00112770068233793	2.37717456458863E-4	-0.00244320391199345	-6.08202089461421E-4	-0.00160084113062645	3.66221015800064E-5	-0.00113769177578931	-0.00131848524004054	-7.10161174112651E-4	-0.00122086305862019	-0.00190004382590478	-7.23181442333849E-4	-5.82839481907238E-4	-0.00191866326813891	-0.00131870345943685	-0.00120438546121394	-8.42413990283285E-4	-8.22668702445993E-5	-7.57415256237073E-4	-3.17266989203316E-4	-0.00154934259709654	-0.0012877859678069	-1.48141683013943E-4	-0.00139764223266781	-6.95263677546746E-5	-4.34414457363364E-4	-0.00100389832284103	-3.59225073018618E-4	-5.37186683553121E-4	-1.56101044165061E-4	-8.45138622136289E-4	-8.55700579293222E-4	-4.92294975411114E-4	-5.05190654754996E-4	-4.32177091170272E-4	-6.14606963342217E-4	-3.90551260916034E-4	8.45831201627211E-5	-7.43601018302564E-4	-5.47717003207754E-4	-1.44303557441843E-4	-2.84747932219304E-4	-2.41853866247534E-4	-1.50104034688442E-4	-4.14784881589947E-4	2.40608440116459E-4	-8.9538763681794E-4	-9.57067161373236E-4	-2.25473694046172E-4	-1.83473262436039E-4	-0.00100772179553368	-5.58842699841473E-4	-1.32701269139724E-4	-2.38573230171952E-4	-3.20628489423953E-4	-8.00725603461997E-4	-3.72603010190519E-4	2.03327327342268E-4	-5.21069742566098E-4	-7.41128062891825E-4	-0.00154090288774703	-6.81721286792753E-4	5.72567645941424E-4	-5.48025051378718E-4	-0.00104409647225403	-6.00735159417664E-4	-0.00123906903763663	-8.239450207523E-4	-6.0184933842976E-4	2.70370979256998E-4	-0.00133886449617566	-7.16910782618461E-4	-7.7733199009849E-4	-0.00118396870148462	-7.6431316389771E-4	-8.02713358225295E-4	-0.00130379044297599	-1.59369518881875E-4	-1.12731541655809E-4	-4.46770180101085E-4	-7.03665219318101E-4	-9.72218783755446E-4	2.76672087195469E-4	-7.77350453011047E-4	-9.59563430372737E-4	-2.69898055201927E-4	-1.03238597222309E-4	-4.09894293112382E-4	-7.12558753065577E-4	-1.4176005277959E-4	-8.0776549139119E-4	-2.81558793250202E-4	8.05028287269536E-5	0	0	0	0	0	0	0	0	0	0	2.32491292672352E-4	-2.35892180029661E-4	-2.18069666384972E-4	-2.90297164458664E-4	1.14617999540016E-4	-9.87669191298171E-4	-0.00118448874245104	-4.9589762548209E-4	-6.34586339402553E-4	-0.00103970826777377	-8.5129869345595E-4	-0.0011663092789461	-2.21930906292699E-4	-0.00112242672337961	-3.14193311820765E-4	3.07258368774389E-5	-6.2626264208493E-4	-9.45491944119543E-4	-5.62940224284359E-4	4.82550219823548E-4	-5.29719294726656E-4	5.82026390163396E-4	-0.00116857025365924	-2.56049077024121E-4	-7.61391668289984E-4	-0.00196243061215873	-4.2085857658045E-4	-0.00124577249475854	-0.00164456599179497	0.00129535282948887	-0.00384651339201895	-5.50053231240985E-5	-0.00112266096357338	-8.75852305412034E-4	-0.00383222208771289	-0.00471646339480608	-0.00306369578656012	-0.00246428214962093	0.00285758248210413	-0.00270579051863946	-5.65268290017182E-4	-0.00358699417583368	-0.00135327112252068	-0.00175027004286845	-0.00125589082272422	-0.00345463957405573	-0.00211836375717491	-0.0039659935691719	-0.00222985926979187	-0.0199651800708311	-0.00898963863525454	-0.00987904170651693	-0.013853974658207	-0.0165283969816205	-0.0155790900713176	0.00544983563205987
708.302	0	-0.00951733749738502	0.00263444928139707	0.00256323717415712	-0.00232184613428009	-0.00462322261897775	-0.0039851357560605	-0.0022968621497306	-0.00398732162058061	-0.00186924498486869	-0.00537735048390863	-0.00315990617357563	-0.00391601459279936	0.00369307033455636	-0.00201083423163269	-0.00434404458484017	-0.00103763701421696	-0.00565321707193711	-0.00407806227765562	6.32788927616651E-4	0.00161364769077335	2.43984036439376E-4	1.23793041754288E-6	-0.0029455654562597	9.78526821857396E-4	-0.00697214096463424	-3.13077131049907E-4	-0.00198951789729314	1.03659110013738E-4	-0.00500265190772852	-0.00478535720652374	-0.00543050412510659	-0.00518448736981931	-0.00147181848181885	0.00234177021471254	2.64923941080631E-4	-0.00241382631971192	7.59215953339776E-4	-0.00271983206406825	-0.00202679723650124	-0.00104249640502037	-0.00453612270504483	-0.00150003501771333	-0.00101802410478268	-0.00100694847608941	-4.60241622119396E-4	-0.00166458911338438	-0.0040951774291817	-2.19410049443763E-4	-9.31612360612758E-4	-0.00147210702118706	-0.00287283017085343	4.00058968633237E-4	5.19062856232979E-4	1.91253601891368E-4	-0.00234339228652122	-7.23989140018737E-4	-2.95778381640297E-4	-3.48740126397019E-4	-9.1723257071547E-4	-0.00146640716934952	-0.00172036659752713	-0.00256185587050387	3.75625560814479E-4	-0.00152621954156867	5.18411167384449E-5	-4.57108219042652E-4	1.11451916201436E-6	-0.00152178696459304	-0.00216967058737954	-0.00113370428630126	-1.85138046427061E-4	-0.00131735798475143	-5.78718381145658E-4	-3.48332731588929E-4	-4.26438982714044E-5	-0.00176253736564472	-0.00201347019081142	-5.63991219636089E-4	-0.00201778587848436	1.94629381786158E-4	-0.00178697321255542	-0.00219316917534162	-0.00127015160415446	-4.95620264561704E-4	-0.00127771756846592	-0.00111106460641341	-0.00193844310064972	-6.41476846698873E-5	-9.0815678701378E-4	2.14177024844845E-4	-9.56616644981582E-4	-6.14616309796723E-4	-1.71939957871634E-4	2.81008501197052E-5	6.90140241614125E-4	-2.9670181270877E-4	-0.00121183077490956	-3.86791773021331E-4	-0.0010596141095024	-8.11416564991243E-4	-5.65410674991333E-4	-8.86691945551415E-5	4.59951086286626E-4	-4.68214985563407E-4	-0.00119773839541656	-1.1946303685563E-4	1.87277575813679E-4	-6.28688031013495E-4	-2.34411454948962E-4	4.99511820925075E-5	-4.94058547993875E-8	-4.74158081389641E-4	-6.7325274997777E-4	-5.91822223109175E-4	-4.07676771619344E-4	-4.82156935355675E-4	-3.96892170705286E-4	1.33585452186185E-4	-2.59963458008721E-4	-2.65065658881823E-4	-0.0011040827006619	4.24281053568482E-4	-0.00127564843720088	9.07562686446215E-5	-8.26993589219671E-4	3.36132573892357E-4	-5.14297555704212E-4	-5.47048142318026E-4	-2.02839970991428E-4	-6.64366342439894E-4	1.09111548769047E-4	-7.74088056721027E-4	-4.01447792802834E-4	2.07485169661474E-4	-6.13802113990427E-4	-4.49801028322211E-4	7.03633396171231E-4	-8.22182967347253E-4	3.02703947214607E-4	1.24271551942165E-4	-1.30216730367648E-4	4.56001794909086E-5	-8.90435904203096E-4	-0.00103295658084613	2.45706334893309E-4	4.50937615312005E-4	-0.0010119247432462	-3.77876385198213E-4	4.46845595238635E-4	-0.00101497283273648	-4.72742606839067E-4	5.62329551397625E-4	-7.46777296723645E-4	-6.51544182855788E-4	1.61632794386108E-4	-4.55859305510221E-4	4.49171998289968E-5	8.83277714996239E-5	1.30195359852462E-4	-7.93281710954877E-4	2.34280076815727E-4	-2.32964307368577E-4	-7.37521920999265E-4	-1.46209291396791E-4	-0.00106001637918261	-2.0670261795241E-4	-2.46932013387091E-4	0	0	0	0	0	0	0	0	0	0	-5.46337215009463E-4	1.9109539938112E-4	-1.93661884578283E-4	-6.78530722516918E-4	-4.45012183438952E-5	-5.92293550578459E-4	-3.03449050444662E-4	-8.87814698458384E-4	-0.00106049201479401	-5.56591019137417E-4	-4.14387362485349E-4	3.18847015806954E-4	5.6990270341976E-4	1.11074035937516E-4	-6.76867501349269E-4	-0.00194595965015171	-8.45609962996942E-4	-2.97256924334042E-4	-2.05740046695459E-8	-0.00149375407258995	-4.14841502616963E-4	-7.21209966228516E-4	-0.0016558772566697	3.49076381335565E-5	-1.447856994422E-4	-8.98759086164655E-4	-0.002412514861256	-8.98922587961119E-4	-0.00257958143157776	2.27425385035579E-4	9.60387135559751E-4	-0.00101644963794452	-0.00166667981099029	2.85030473144236E-4	-0.001265472911623	-0.00204270182931651	-0.00222500270603948	0.00120300605140503	-0.00148873041788941	-1.58056077692098E-4	-2.49911371477937E-4	2.67668365191375E-4	-1.91765933917444E-4	-3.12401105821098E-4	-0.00149550083430755	-0.00625602622270652	9.32365029625705E-7	0.00496764492667507	-0.00288308186121865	-0.010936120464768	-2.26139230683163E-4	-0.0109509494592448	-0.00343904186942999	0.00130042752060135	-0.0234354988714443	0.00521227179230855	-0.031795957109071	-0.0110940041300755
713.049	0.0187859674951224	1.71451955138899E-6	0.0194916510128674	0.0116990941817976	0.00907560744871104	0.0028152363325915	0.00209568796718712	0.00422855279605327	0.00794663369619036	0.00759338891565449	0.00324095420782594	0.00757442408181687	0.0032641341898595	0.00971113119353496	0.0046272360596309	0.00948638298070777	0.011583864030566	0.0108171597853716	0.00310130045461745	0.00511290965289336	0.00478103183478899	0.00406536437030709	0.0124499458704276	0.0077008619452403	0.00793673352611405	0.0097450862639993	0.00755033140114899	0.00106197271595344	0.00506372880807597	0.00890676020425494	0.0118289921888911	0.00295103096019404	0.00248511083727454	0.00382593720161917	0.00903893809963159	0.00340096498755454	0.00245041615078298	0.00358983106129555	0.00292557084579651	0.00230192131543279	0.0041473555489643	0.00621459132273111	0.00448411409643106	0.00166808482967904	0.0044054057179861	0.00536900305529721	0.00583029468887129	0.00468131244701899	0.00289063127697347	0.00733855059174394	0.00291484366600918	0.00374559410424749	0.00344611224482809	0.00447258707528708	0.00301224506998586	0.00268877353141326	0.00538573787002766	0.00324334200666096	0.00200889853761912	2.33763419939995E-4	0.00377755082226297	0.00303982054596984	0.00387258785113143	0.00347818816435353	0.00304407963785977	0.00251870513266884	0.00201190896178763	0.00269041016837723	0.00284070672185998	0.00361791962295159	0.00220466389855056	0.00333429678326193	0.00290207975930824	0.00257341813224231	0.00332089890893578	0.00338860576221814	0.00297840952240123	0.00216736892377088	9.00177385555319E-4	0.00136470490830053	0.00295574587865264	0.00304601357930601	0.00158418826574956	4.41626872933035E-4	0.00258495334650281	0.00396013088953019	0.00153634347726264	0.00109961802619725	5.52922784436119E-4	0.00285787061010833	0.00145913652470892	0.00121286148189774	9.49529063919484E-4	8.13626624192159E-4	0.00116945814028592	0.00131523591163568	0.00213375573593836	0.00109524070926855	0.00190739144716476	0.00150947485301621	0.00132162295792182	2.38918052503446E-4	0.00155066025496967	0.00165335458712854	7.22748288905773E-4	0.00162648567425377	0.00145325113402542	9.69239574992208E-4	3.71954533380542E-4	0.00132429871835493	6.74903844816939E-4	0.00101026998613484	5.11833035432093E-4	5.99072477791648E-4	9.87690929603646E-4	2.06699911607011E-4	8.33363006029317E-4	8.74644236725447E-4	7.62228572361929E-4	3.83145310568165E-4	7.78188496276133E-4	9.66672722138485E-4	8.2713436703536E-4	0.00115384506442315	8.06893682033903E-4	6.63461075579868E-4	0.00131958955538882	7.48496432743876E-4	0.0010640161731849	0.00135007499200958	0.0015728288834629	2.43296655439137E-4	0.00152571560818117	9.21775219540687E-4	8.20235377945138E-4	0.00159774087770839	6.8446963234526E-4	3.98796383353442E-4	6.41423264436998E-4	0.00122808972840952	6.09142554855011E-4	0.00121304749950482	0.00145086373185154	2.37862019048662E-4	0.00202189645245179	9.46700817199379E-4	0.00223452198349212	7.18281592376638E-4	0.0015859708047819	0.00168455124354375	0.00147017185346028	0.00139075114500278	0.00116290113632933	0.00123055507673962	0.00143942050251563	0.00126403009173559	4.16262247520631E-4	0.001729469182225	0.00107344047996758	0.00180375501605811	0.00152195590495494	0.00155438681125409	9.67092637917676E-4	0.00100426170167391	0.00135850277132143	0.00175016630700313	8.60273587788156E-4	0	0	0	0	0	0	0	0	0	0	0.00118240927997649	0.00170463583021894	8.61830769763164E-4	0.00124457841077352	9.54461231194467E-4	9.26803365984468E-4	9.23850610967797E-4	6.62970222767845E-4	0.00216520457854619	5.50203055216349E-4	6.4135737241282E-4	0.00165489975218439	0.00169538249903345	0.00121086629031609	0.00185289783915672	0.00119788198350551	0.00145004878503207	0.00186301555198091	0.00156972018903487	0.00145015831244933	0.00116757960032819	0.00148850088630982	0.00239431054288768	0.00222751356716315	0.00180665058113803	0.00106212815853142	0.0019736158949542	0.00149938116822055	6.62940530581814E-4	0.00348828584147469	0.00142742347271037	0.00204297011509605	0.00401942489668612	0.0036525963106863	0.00144371582439221	0.00348273088474504	0.00194191026501117	0.00348640647700909	0.00365977419874486	0.00143339743880323	0.00167287132810742	0.00304127600271509	0.0076805799195194	0.00848573551348079	-6.36466358784649E-4	0.00338645488118671	0.00647133707876713	0.00520551390874749	0.00909853529156548	0.0115127380681626	0.0199179230714742	0.0122455481859331	0.0167885310391866	1.97057470225286E-6	0.0029687050480723	0.0286746486594609	0.019332068981903	0.0457701442013232	0.0481326512133725
717.797	0.0038481874827219	0.00244419742225587	0.00103954384732229	-0.00188008852254047	-0.0030625243340423	-0.00379739590520304	-0.00545459545942373	0.00383919806441158	0.0027774902761077	0.00118144469804383	8.96333413411638E-4	8.84926679420516E-4	-0.00402175382918278	-0.005478044499557	0.0016536309426523	0.00298041279423943	-1.32462060708504E-4	-0.00224251630458246	-0.00392454596263679	-0.00194089547289479	0.00471269160506104	-0.0019917741098307	-0.00351544479270473	-0.00151198304696595	-0.00390602553221031	0.00108539378494517	-5.38229365726252E-4	-0.00161321948584957	0.00427172270553028	2.08248833796206E-4	-6.15292356180046E-4	-0.00189157502447335	0.00164509426171309	2.81761926416219E-4	0.00120152930554673	-6.33865070964425E-4	-8.83741603413949E-5	3.45985944351685E-4	-0.00211597074020229	-1.66485395981922E-4	0.00131727192981482	0.00179726266132013	-0.00178303145646951	9.64742657615931E-4	0.00557408061900389	0.00212655952003724	-3.1137770642782E-4	-1.51850835473379E-4	-0.00307556131265155	-4.4122965974072E-4	-5.75015403969057E-4	-2.10679299542487E-4	2.73873914384277E-4	0.00259717261324509	0.00175114068757404	6.31603518109435E-5	3.08944534270945E-4	-0.00115420919192072	-4.18096700430646E-4	0.00188467406414357	0.00173965059149287	5.76203382403295E-5	7.86439095255621E-4	4.40552650957371E-4	-0.002107008849367	-1.06187695461583E-4	4.18001558743232E-4	-8.73243675412641E-4	-6.06262835982535E-4	6.92812562827294E-4	0.00116363660933557	-3.32814961947903E-4	0.00163196490724116	-9.59568963195945E-4	-8.06481489455445E-4	-8.77823825375851E-5	-0.00120597253818832	6.3218999741568E-4	0.00124118293426205	-0.00142130590028922	-1.1983600277335E-4	-4.6819141521382E-4	8.02046964173738E-4	-3.72410276381331E-4	-1.08979276311867E-4	-6.01905344066516E-4	5.18567375547825E-4	-0.00155134188462146	-4.60871819742551E-4	-6.10511020715128E-4	-4.39783768747965E-4	-3.07197309903962E-4	-3.60436028405096E-4	4.4109501819197E-4	2.31088772820107E-4	-1.13200733970466E-4	3.8767888432639E-4	7.57279112865156E-4	-3.70329032302874E-4	5.9556103807106E-4	2.52204448926933E-4	-4.83354515079883E-5	-4.09433360887E-4	4.28199151632339E-5	-2.07104282021744E-5	3.3338216106485E-4	-1.63438283380687E-4	5.96353707515495E-4	-2.68919571872486E-4	-1.37528837334425E-4	3.41290016442137E-4	-1.17276699831355E-4	-2.1978438851783E-4	5.49973386905901E-4	-2.65724184000948E-4	-2.44086787951428E-4	3.48649033583286E-4	1.04833310011153E-4	-1.74447752869701E-4	1.47375793755332E-4	-8.59631333432487E-5	-3.26243247266379E-4	5.02623597902589E-4	2.83243462890925E-4	-5.01064755535591E-4	-3.89952421213916E-5	1.50880821586505E-4	4.36534667888636E-4	9.28855922300324E-5	6.02182030907497E-4	-2.95450680304409E-4	2.23548483059083E-5	-1.10368775613576E-4	-5.64006388224901E-4	1.49054052062283E-4	4.20051733053166E-4	8.39550848196674E-5	3.18649997134641E-4	3.03013690135197E-4	8.8667691410165E-5	3.19073600591557E-4	4.46408009279495E-4	-8.62725076697031E-4	3.61029267951361E-4	-1.2351729211695E-4	2.01666607304047E-4	2.82970917487699E-4	-3.89477595910829E-4	2.33350924039343E-4	-8.9078904407999E-4	4.9536291835325E-5	-2.98554040350685E-7	3.60564495262991E-4	5.9895912626133E-4	5.49412773639527E-4	-2.37818283977829E-5	1.40709056768078E-4	-3.91627914797082E-4	-3.62045560976462E-4	-1.55804269217556E-4	-3.95889033953729E-4	0.00115818284340785	1.95826395490828E-4	2.59542004893653E-4	-2.36009088833846E-4	8.5380553056879E-5	0	0	0	0	0	0	0	0	0	0	-0.00108130736933086	2.77922152793157E-4	-7.11716141154982E-4	1.74546384771403E-4	-6.62596664007155E-5	-1.79698124136521E-4	0.00107565870982086	3.97415073362603E-4	4.79377123118135E-4	-9.84562476329887E-5	-4.555925656614E-4	3.89506723233322E-4	1.33165733037064E-4	4.63669004452769E-4	2.22725567339795E-4	-9.37293007520014E-4	-2.89411771959802E-4	-8.81818494212813E-5	-3.29215806437404E-4	7.64139659031518E-4	-4.0599547713152E-4	0.0010859766948979	0.00124461977831135	-0.00114415739130537	-4.85471079728796E-4	0.00136264398822259	-3.70902500770214E-4	-7.68316412746205E-4	-8.01730300540462E-5	4.19264215915E-4	8.8283075693951E-4	-0.00228342585653841	4.43002849516753E-4	-5.19601841808961E-5	-9.93355970104085E-4	-8.93085993109001E-8	-8.04554163969525E-4	-0.0023586759067284	2.76884638748701E-4	-0.00123484931621854	-8.40267974172906E-4	0.00120887857380423	0.00230888045071092	5.48862013930765E-4	-0.0018744044611958	0.00128939969748368	0.00484314266018	0.001310200106237	0.00395258359165629	-0.00131569549331332	0.00610530063384323	-0.00311793656024717	-0.00490677232462336	0.00261788405639142	-0.00294364844354086	0.0103479044197451	0.00649187795815846	0.00223077348265535	0.0105299555307686	-0.0101268509564968
722.547	-0.00574944865066892	-0.00338066566291088	0.00737757826416356	-5.71523474336957E-4	0.00932597252540636	-0.00128399523775983	4.62034022693191E-4	-0.00179804064710202	0.00133597274246445	0.00495213321448156	0.001213009472026	0.00134507168595259	0.00451769686224105	0.00527490803041044	0.00559155602352803	0.00178353343304713	-0.00270483262860213	0.00294564469034799	9.29180523345337E-4	3.93297779789839E-4	0.00245554676817301	-0.00303832412005754	-3.69357252198699E-4	0.00377809928983659	0.00328362499644207	5.5167222778142E-4	0.00251216363790256	-0.00251355194876008	-2.16635957315735E-4	0.00276571055541223	0.00156171610308924	0.00242492941684925	0.00117867232469254	-0.00182139659221442	-0.00215767054939498	-8.27547675275128E-4	-4.50299490395948E-4	-0.00193153415731945	0.00257625047763511	-7.60046278098914E-4	-3.34932883623605E-4	0.00480916576126123	0.00238468346894138	0.00155015450534617	0.00129270928581347	0.0040763262505986	-5.51054263218047E-4	0.00155156820267456	0.00434000193030518	0.00231437118673091	0.00248366282514609	0.00163894381294398	-1.39742304989825E-4	0.00128432257632049	9.22265946645343E-4	-0.00115650383123723	0.00157288854846836	4.93927906623027E-4	-0.00121290924002242	7.1818402870104E-4	8.83434901246263E-4	-5.19718169540063E-4	1.71337765441188E-4	0.00329442300943091	4.39246486929461E-4	-2.15640748740182E-4	7.95049365154465E-4	4.16945874942834E-4	8.43118930894717E-8	0.00271242894164283	0.00226433778344108	-1.44336616172894E-4	-9.45565495402711E-5	-1.3912198768468E-4	-8.63906109646146E-4	0.00218701706856627	-8.30589890009629E-4	-3.00587857404905E-4	-7.13441229297263E-4	-2.88528912657208E-4	-4.45601521985459E-4	-3.96050700484589E-4	-4.26676106425413E-4	-8.69548009215011E-4	2.21027900628472E-4	-1.79159771644495E-4	3.50576865133855E-4	2.73842484252746E-4	3.00689797864754E-4	9.77956637749138E-5	-4.78291546664493E-4	-3.73975417947369E-4	-1.52505328216454E-4	0.00164202045365828	5.85846506849462E-4	4.60023831523699E-4	0.00118043193861574	-7.13534555213191E-4	8.59167522439995E-4	3.1526646029598E-4	-6.66145064758414E-4	3.9264090577546E-4	6.0034991583063E-4	3.26639780007668E-4	-3.39504927644099E-4	-6.13405063165997E-4	4.14758035575504E-4	6.04981798099738E-4	4.54681521922379E-4	3.31348496818821E-4	-7.79890492607062E-4	1.71724710050855E-5	9.56069570170456E-5	5.15327544789613E-4	2.44043205915538E-4	-1.29770585018374E-4	-3.42515841004104E-5	2.24668254469976E-4	-2.90631702238911E-4	8.13597994119221E-4	2.03343016621811E-4	-7.8857511155352E-5	-5.60986233074768E-4	3.60481739606704E-5	3.20157043140925E-4	-8.05306476694826E-5	7.21697101021965E-4	0.00135180087260544	-9.53508592419397E-5	-7.062088044487E-5	-2.7671500651187E-4	-5.22687420852039E-4	-4.49080823944314E-5	7.70735323548066E-4	1.08204566654364E-4	4.05108691484029E-4	3.19475329441022E-4	4.09453507878061E-4	6.59340419702652E-5	-4.50681832324185E-4	-4.75021552641141E-4	8.836396737573E-4	7.08080702512635E-5	-4.39145451196929E-4	4.7523617459439E-4	-5.6302716059499E-4	9.64770492692025E-4	1.05415801639185E-4	-2.88422950618066E-4	7.23457772271609E-4	5.79057158942076E-4	4.96016614144612E-5	7.07264896605793E-4	-7.28839316457658E-5	2.42426409696158E-4	5.29119362387037E-4	1.66278234983225E-4	3.50763932770295E-4	6.89531645232142E-5	9.03605553191609E-5	-4.01764697386226E-4	7.98359550292084E-4	4.4143115381223E-5	3.29297324465464E-4	3.27693439267019E-4	0	0	0	0	0	0	0	0	0	0	4.70554271514859E-4	2.15149747353167E-4	2.16949402614208E-4	9.19442207130918E-4	6.64185691225054E-5	-4.93447854860644E-4	5.47299605138277E-4	2.5550979245898E-4	-9.95615921813068E-8	-9.72496171233567E-5	8.24787092471782E-4	6.42453079390872E-4	3.6900642405751E-4	1.62135659028584E-4	-8.21177557942785E-5	-4.52558030145279E-4	5.76868839821039E-4	-1.76061746288146E-4	-3.57561976712239E-4	-0.00115445798453894	3.40932978894145E-4	0.00196537005316364	-3.89051599048478E-4	8.97624094722024E-4	4.78349930676048E-4	0.00130262762591104	-2.5473831236979E-4	0.00214523458697096	8.19069419631371E-4	9.73469024181722E-4	0.00127692141024878	-4.48103821044147E-4	0.00156122355706831	0.00124941650899953	-7.93215684963337E-4	5.60110691566904E-4	0.00219566633607349	9.41803339713383E-4	0.00119705878475456	-0.00147510426797023	-5.89832697939286E-4	9.29938450101129E-4	0.003273043587283	0.00208265480157261	0.00176544435359082	-0.00190388239409542	0.0023971595878921	0.00107895330387477	-7.96471190274238E-4	0.011440218704911	-0.00534160564195209	0.00356711359622806	-0.00147540146459575	-0.00617048107157264	-0.00344858896986512	0.00896267159082198	0.00542256539381673	0.0286834308473534	-0.00270651182010603	-0.00534356407044234	0.0122007562789878
727.298	-0.00163142155491243	-0.00845785580266461	-0.00576868268615192	-0.00212660820191529	-0.00367472433973065	0.00114160626345418	-0.00327499859152117	-0.00197134043603438	0.00135587634730348	-3.01833979018215E-4	1.53512305265231E-4	-0.00652537130713138	-8.87139251492481E-4	-8.65724239270006E-4	0.00298331613971409	1.40735392256625E-4	-0.00329131337030555	0.00258120435024525	-0.00161537157825583	0.00240079820736177	7.8692494152147E-4	-0.00102592217651221	0.00150064070945096	-0.00371270194212991	-1.11683769534323E-4	-0.00234154729931689	1.11051394986123E-4	9.99830549573187E-4	-1.08073617392227E-4	-0.0028072548613605	-0.00305259056649382	0.0013334590094539	-9.95839458217619E-4	0.00398927780311582	-2.84543620449814E-4	-0.00139891425892284	0.00273664823483585	0.00391990672527971	8.77706694066109E-5	-0.00248461448613777	1.70815755979149E-4	-9.25093313744657E-4	-0.0027533280958021	-8.22316145912884E-5	-0.00245755240904582	-0.00218785785251799	-0.00104036416768129	0.00306984718932136	3.09555601531922E-4	7.54329789834987E-5	-0.00177712627619709	-5.05546795668162E-4	-0.00162049665179202	-0.00191887168544906	-0.00233667542407911	0.00247795867079027	-0.00325160083742761	7.53933560743388E-4	9.25568996605169E-4	6.70228778215503E-4	-8.32568971293477E-4	-3.515005000497E-4	2.32657748926026E-4	0.00203888780873366	-0.00111234895423823	-0.002187358832217	-6.45004637408631E-4	-0.00190388103048208	-0.00223284462076937	4.07624513710113E-4	-4.48714554199797E-4	5.87766241473774E-4	-3.35910229538725E-4	-6.11320371429291E-4	4.15375850957295E-4	8.15024468371043E-4	8.91417541445191E-5	-5.20795137795119E-4	-5.10999396482353E-4	1.25616320800446E-4	-1.62653942197399E-4	-0.00104443760515097	3.94023878296887E-4	-4.60180840342206E-4	1.50215519354521E-4	-5.4589004121122E-4	-2.13236434512622E-4	-0.00145834780535372	0.00101673089811987	1.98859231779069E-4	-9.62225351305908E-5	9.48795546544811E-5	-9.58729295133113E-4	9.10301450031124E-5	-5.92397835812199E-5	2.33891203097945E-4	-3.42088110737106E-4	0.00114169411280686	7.08239369796523E-4	-9.86169200707253E-4	4.16011624954415E-4	-0.00104553870326739	-5.85547095918588E-4	-4.38998171668492E-5	2.79809458285343E-4	-1.28826277761845E-4	3.15494719370632E-4	-3.7650096432365E-4	9.18686335421421E-5	-3.36004253711083E-4	3.69363150404243E-4	-6.73072603704579E-4	-8.56683696942597E-4	-6.09826648319637E-4	-1.69419643582977E-4	-2.39340428580819E-5	-6.9488426524262E-5	-1.67501843940476E-4	-3.07352710570591E-4	8.29151379505408E-5	-1.42505906188565E-5	-4.63581651307618E-4	3.27834950489404E-4	-1.8176609112896E-4	-5.54050793328868E-4	0.00103710582430233	-8.20194230593469E-4	9.55449282505073E-5	0.00110951224911574	-6.90990453993803E-4	-1.40368138945358E-4	-4.84083230976209E-4	-7.04402176649778E-4	-7.14599414769042E-4	-4.38314306373102E-4	3.24472052059703E-4	-2.3772674938483E-4	-6.11584324015339E-4	6.69618494290608E-5	-4.54517949428534E-5	-1.96747752041321E-4	-5.05667292685491E-4	-7.19705204732217E-4	-1.23670210553916E-4	-6.85421821227855E-4	-3.63156039517295E-4	2.70923501362333E-5	-8.0191591267176E-5	5.38650742633203E-5	-2.08802384420168E-4	6.38542410949389E-4	0.00107498040081514	-3.46089300932738E-4	-5.42575910444668E-4	-4.67131366289162E-4	-6.34158887498482E-4	3.6175762994732E-4	-4.50429461227922E-4	-5.82220313430359E-4	-3.20917942476168E-4	2.9510599730656E-4	-6.70182334468295E-5	-5.14828369235926E-4	-8.46170410127033E-4	0	0	0	0	0	0	0	0	0	0	4.10215926123083E-4	-5.85987707874864E-4	-4.14645903606186E-4	1.98099846292029E-4	4.21933970211063E-4	1.12592475111606E-4	1.36779601574805E-4	-2.30946415979409E-5	9.44699771388581E-5	-4.09420133290002E-4	-3.45454270290176E-4	-0.00121714899985789	-6.77573930605526E-4	2.13905113046256E-4	-6.0193070420367E-4	3.37111063866648E-4	-0.00126213170263163	-5.843785799903E-5	-1.19221134352825E-4	3.32421531733013E-4	-7.70437752269751E-4	-6.91457585873432E-4	5.78777336546499E-4	0.00124970123077772	3.37349532268469E-5	-0.00100496249303678	-4.28356291858264E-4	-0.00125533176856597	-2.29549030166248E-4	9.10596455330381E-4	-3.28017234244015E-4	2.58953292630846E-4	-3.17497096652951E-4	-0.00172692570779435	-9.62703123813021E-4	0.00112823340624304	3.40768699799967E-4	6.62107787955749E-4	-6.36906637502331E-4	-0.00296823273932985	0.00249289584864142	3.73901230966845E-4	-0.00212360515273214	3.31339117011797E-4	9.68746127897325E-4	2.82744306617109E-4	-0.00284615112178679	-0.00287245041655971	-9.71955710388833E-4	-0.00215976441088792	-2.99629700499655E-4	0.00152541849540541	-0.00209478248696347	-0.011126861873409	-0.00288650215216382	0.00135360046377315	2.41084031283413E-6	-0.0144332822297736	3.9461690937323E-4	9.2992255020957E-4	-0.016802109815657	0.0117291861035867
732.051	-0.0132393219303071	-0.0055653194101186	-0.0132269121000758	-0.016682427438568	-0.0120845385873835	-0.00909048267452742	-0.00537810299846722	-0.012790974674496	-0.0111498799513756	-0.0087989978399899	-0.00950639858622753	-0.00307941983390558	-0.00900045128182468	-0.00835994963126532	-0.0100644438499564	-0.00932220151105693	-0.00932586672406176	-0.00716178423043768	-0.00655517723780866	-0.00635477043390816	-0.00944127499978383	-0.00885596727787575	-0.00809906327062607	-0.0066788716693137	-0.00489535102627799	-0.00849289462775827	-0.0119146958619346	-0.00741487825720572	-0.00880958993031584	-0.00689723273935415	-0.0025637241948632	-0.00498968153346035	-0.00464752128516001	-0.00601661354491235	-0.00646623070930718	-0.0054864162596959	-0.001480380665912	-0.00569056732132258	-0.00185373796933342	-0.00338892425612101	-0.00404149781046413	-0.00537323230888847	-0.005501498841104	-0.00553954002295244	-0.00474003048848114	-0.00369936815307675	-0.0035686471284556	-0.00199611753706517	-0.00493568072551538	0.00145882862638872	-2.24478249392814E-4	-0.00498455526779616	-0.00421357720242145	-0.00132006521727774	-0.00203073621002511	-0.00105805400869983	-0.0023276706387694	-0.00247512579375184	-0.00530559807360167	-0.00239697378777604	-0.00241875721547038	-0.00148731991464897	-0.00198754656531855	-0.00315889663097026	-0.00389420482775032	-0.00410415334975278	-0.00223521003797479	-0.00198441300952029	-0.00321287411791884	-0.00232542382082948	-0.00425390207758635	-5.45528228054696E-4	-0.00321356058653956	-0.00162244947005884	-0.00266754109346865	-0.00192857482563927	-0.00197892110659073	-0.00515512099823884	-9.07804099630972E-4	-0.00258725308019337	-0.00154069591231894	-0.00395374015562455	-0.00103590081092525	-0.00163362572881678	-0.00197314127018367	-0.0031481982900766	-0.00328496198511615	-0.00193724833776861	-0.0030594527460314	-0.00154388648060081	-0.00164043893183848	-0.00144218518496704	-0.00144295856659311	-0.00208846207058882	-0.00235137979619911	-0.00144936488165511	-0.00144565179325956	-0.00110133121482045	-8.28546764439428E-4	-0.00205504369798023	-0.00152881523914691	-0.00131269731212489	-0.00178158546417825	-0.00154595210678234	-9.16679321203755E-4	-0.00184965370448833	-3.19994540999838E-4	-8.63858551357627E-4	-5.98774288872792E-4	-0.0015073746939538	-0.00112309833979377	-0.00145295077753578	-0.00101639626330222	-0.00101601909962352	-0.00100428832869967	-2.06330867894237E-4	-2.93619438960251E-4	-7.05425321698051E-4	-5.06548135327125E-4	-6.98610030553854E-5	-0.00122615771065634	-7.4594307568106E-4	-6.99345027167691E-4	-7.39266878680596E-4	-3.49140322500079E-4	-0.00171248051333171	2.69397978197793E-4	-0.00141498351761071	-0.0013447144731246	-0.00111255197617665	-8.55089507670694E-4	-0.00266532034779877	-0.00138239729635155	-0.00158574939647646	-0.00237861032625758	-0.00210522388348942	-0.00111775444064803	-0.00197344331212201	-0.00164994823379133	-0.00206271102398829	-0.00133230485990974	-0.00102584157584292	-0.00204466230428579	-0.00140609421988196	-4.37795193430207E-4	-0.0021061612116018	-5.09627883538301E-4	-6.5073155688239E-4	-7.29270056173898E-4	-0.00108972831058763	-9.32298341304328E-4	-0.00114056561696643	-0.00100383909492747	-0.00160136127410952	-0.00212001411407057	-0.00202910935907077	-2.20151682130275E-4	-0.00192414865717396	-5.4350893209862E-4	-0.00192973896340719	-0.00158551829636679	2.28350487289375E-4	0	0	0	0	0	0	0	0	0	0	-0.00174459154088747	-7.63747074040401E-4	-0.00135730175602669	-6.82139856948999E-4	-4.41734773633936E-5	-3.34758430059738E-4	-0.00126121515044632	-0.00123000682928922	-0.00149983130195685	-3.04974504494738E-4	-0.00241359532533075	-0.00126959719262366	-0.00145151316113459	-0.00126022685959141	-4.49162013817699E-4	-0.00216923773745844	-5.82765372669229E-4	3.41549641372203E-4	-0.00148364209717338	-0.00166136879880243	-0.00153885592102422	-0.00220754881623084	-0.00221920105868093	-0.00216967667238684	-0.00179366194449013	-0.00150092697369094	-0.00290721748544925	-5.27345685616751E-4	-0.00181103669449957	-3.744304543135E-4	-8.13449453963493E-4	-0.00204568498613924	-0.00100096479753283	-0.00350336878579877	-0.00276534958346496	-0.00170353345323366	-0.00226207177405955	-0.0044109722062561	-0.00357261198557763	-0.00134301663384908	-0.00213155945743949	-7.52616363239723E-4	-0.00556361388661319	-0.00591621157134887	-0.00183427855896528	-0.00244098943393855	-0.00473210746609886	4.7848888928832E-4	-0.00453711703104225	-0.00190617959889443	-0.00617056396624383	-0.00465279641248586	-0.0085595289146706	-0.00841450613854271	-0.0175760334283883	-0.00542474035519135	-0.0209981960084984	-0.00736879828461251	-0.0147513352234504	-0.00836561632204619	-0.0203369772491787	-0.0148521845689725	-0.0225358781523632	-0.0429471438349224
736.804	0.0016711383188213	0.00774320280611736	0.00241341597481238	0.00377334566662344	-7.16669492703505E-4	0.00384636301344798	-0.00191947043495831	3.11804554038412E-4	4.65352526063398E-4	0.00328118638779864	-6.27587697381184E-4	6.23123613041612E-4	-0.00773826475484269	-0.00133299641860611	0.00305733266399788	0.00314469447320524	-0.00154823058414261	0.00251110147338222	0.00110577170561307	0.00218623557541685	0.00309470788486232	-0.00553192658097302	-0.00140844472107918	7.37844062351668E-4	-3.53296051595527E-4	3.44733475472853E-4	0.00477522864181482	-0.00272661678903698	1.50946738670917E-6	-5.53901254096399E-4	-0.00507877314450972	-8.39779173567036E-4	-8.17109716492954E-4	0.00219540441979418	0.00165994298072521	-4.78322352085162E-4	-0.00112105762092994	-3.64781758529451E-4	-0.00116357596605101	-0.0028126117796285	0.00156552944536911	0.00250340579130002	-2.5681234948449E-4	-0.00365098544341858	0.00143163637277171	0.002911483839951	0.00164207753473203	4.63475175947556E-7	8.72218104244316E-4	-0.00139824830784606	0.00570101561971992	4.17130660164641E-7	4.36166017566386E-4	0.00197063627036816	-4.08592266296339E-4	-6.49437610652134E-5	4.59123355578012E-4	-6.22105783559377E-5	0.00145488326264512	0.00149316644239563	9.80000263456804E-4	0.00162485915259038	-7.08350003693965E-4	2.32226487803313E-4	0.00131326070865181	3.92802767156592E-4	-0.00187517832768088	3.79630774977635E-4	-5.85165865834929E-4	4.18211255294929E-4	-0.00169112758804649	-5.51503110059E-4	0.00167480423638949	7.24646508196548E-4	4.73639922656676E-4	0.00167231776400193	-2.2764694956687E-4	-1.78453346810956E-4	-0.00144301610150724	9.87360793712572E-4	-9.26719443461551E-4	0.00156643577438248	4.44271394814325E-4	1.57355671946016E-4	1.28458225670756E-7	5.24263834262778E-4	-7.29678905494542E-5	-6.41280976103849E-4	3.47675203609803E-4	-1.69802854570682E-4	0.00109525989102208	-2.59183164166283E-4	-2.85359215107442E-4	0.00111871386655408	-7.92720681837702E-4	-2.98469577587018E-5	2.92739868472967E-5	7.42730758363671E-4	-5.57732410414297E-5	0.00134045921754043	2.66788612302005E-4	-5.87531760189424E-4	-8.1692073121188E-4	-4.75795718497848E-4	2.219513226211E-5	-7.70387632614575E-4	6.47392651223743E-5	2.64073401151899E-4	-3.80527032149774E-5	-4.35594957725469E-4	7.22833938731836E-5	-2.47890332294613E-4	4.97526480061226E-4	-2.23465613876526E-4	2.40634012585033E-4	-3.68300461684033E-5	-2.61388085542419E-4	1.60114993126586E-4	9.21686092195971E-5	1.83977393313047E-4	-9.08481668554083E-5	3.32329888924639E-5	1.94438965141124E-4	-5.97734743116656E-4	2.35609352620416E-4	8.40110760946908E-5	-3.40079186234785E-4	-8.23893891807334E-4	-8.90311040526333E-4	-6.36110249981652E-4	-8.64604371304821E-4	-5.2027344326086E-4	-7.46033959011746E-4	-4.12317138785869E-4	5.84763295165171E-4	-2.43810798679339E-4	-6.64838724067692E-4	-6.7096368520263E-5	3.88718411735791E-4	9.38057138017706E-4	-4.94073406695024E-4	4.24777283223736E-4	1.72298080753256E-4	3.04975324392893E-4	4.4305313737106E-4	-2.39403152298213E-4	7.33614280401377E-4	6.85745285246946E-4	5.46823818169633E-4	-2.68136655193679E-4	-0.00115279748414986	3.07696009748519E-4	0.00116796931865571	5.32041718894239E-4	-6.558510052502E-4	-4.25416895274811E-4	-1.72683192104049E-4	7.54436912566287E-4	-8.84446906843823E-4	-3.7611844244831E-4	4.65969088001935E-4	0	0	0	0	0	0	0	0	0	0	1.32509783339047E-4	-0.0148889094390954	1.76726467078457E-4	2.21761308819539E-5	3.11518127218149E-4	-8.06244164871743E-4	-4.51486762427021E-4	7.29077024523703E-4	-7.60070739338459E-4	-2.31703709116062E-5	-8.30621424346448E-4	-1.4464135027193E-4	-1.97795569783657E-4	-1.01083815574847E-4	7.54056127752949E-4	2.94410504929844E-4	9.32665179509795E-4	0.00106748769975638	4.89256346619011E-4	0.00114766774032783	9.60452812318512E-4	-5.80241232115994E-4	0.00161277581598077	6.32733126300268E-5	9.36118152638193E-4	1.64952041124049E-4	5.06116593148701E-4	4.88390292119933E-9	4.26656065432154E-4	-0.00113579832523305	-0.00185613604443289	7.04655863365822E-4	6.49628428648706E-4	0.00105498181398723	-3.5456453402716E-4	3.72982096908861E-4	5.4176246891545E-4	-4.16316322378377E-4	9.36791919345783E-4	-1.16602364331031E-4	-8.63600527253983E-4	0.00143742233332841	-0.00173030537476931	-0.00431263457489684	-0.00222525466476488	0.00217811174435213	-0.00127640451821175	0.00325169321556976	0.00173910933602797	1.06977952141803E-4	0.00226915497517636	-2.49003994646591E-4	-0.00318296495416168	-0.00494576787952659	0.00156383659988915	-0.0107460942620743	-0.00241413728562399	-0.0024652381722978	0.00497499771354541	-0.00528241599575744	0.0102271808447426	0.00282295348171876	-0.0037497789272336	2.81372174753014E-6	-0.00734472263852743
741.559	0.00339994027283219	0.0011926237486744	0.00312405237257192	-0.0113028067845436	-0.00584640867538345	0.00119003469250253	0.00390339882265269	0.00697513913348141	0.00141394275243458	-0.00174457924375782	-0.00303980443900438	-0.00126613758982472	0.00385645252655179	-0.00105706075149032	-5.89370401765194E-4	0.00101871128733675	-0.00429312659781532	0.0082182341320091	0.00842802946906004	0.00472651203781165	0.00136775586441716	0.0113832465984855	0.00390680792262984	-0.00287232283630885	-7.18117169442382E-4	5.83939021491843E-4	-2.30744078071308E-4	0.00589473054515081	8.02501323629923E-4	-0.0235207466253179	1.5727786769344E-6	0.00566724325898767	9.35046606701471E-4	-3.04125069337085E-4	0.00665013467310324	0.00107081118939947	0.00627822550423703	-0.00148649752455113	0.00272465911010052	3.57406484521803E-4	3.54494814535739E-4	0.0020184426281848	0.00139258577009039	0.00207186229894357	-9.40901670687475E-4	-0.00152322369570226	-0.00125014450206174	0.00155958041187767	0.00145041563063094	0.00189557718224205	-3.0815463301048E-4	0.00196003188868941	8.10529670980158E-4	1.44208168283287E-4	0.00216155735257065	0.00129244786502299	0.00379210162806012	1.30761896709183E-4	0.00244152042151477	1.8980903123685E-4	0.00248851573944092	8.56588331184752E-4	0.00144340044656384	0.00147672218315704	-3.48208512995651E-4	0.00205342674193689	4.48754149713088E-4	3.31022216210248E-4	0.0013547615883118	0.00255098314446225	0.0022922057069494	-5.13300636110907E-5	3.00594234484179E-4	8.83362992988719E-4	9.62951091648628E-4	0.00221944026151962	0.00171113345800777	8.15442416577546E-4	0.00177813216516975	-0.00117729861495311	6.00045013507096E-4	0.00150774371063251	0.00139439220309984	-4.80372262554429E-4	-7.41233917679682E-4	-2.27763012947248E-4	6.68499874333376E-4	0.00144889170557432	-8.48470175754488E-4	7.59708318328587E-4	-6.74841733170091E-4	-1.317452845072E-4	-1.61316600944594E-4	6.63380428484188E-4	1.23877946410946E-4	4.56005262521353E-4	-8.9185084774574E-5	0.00151027531683972	0.00218728695141034	-5.55804278393173E-5	3.25496943863506E-4	2.07579737872805E-4	2.93102785957897E-4	-2.07236656525448E-4	-1.12282831961346E-4	3.58155962973061E-4	-1.09725368545709E-4	-4.14794048333412E-5	-5.00487683238508E-4	-3.50715889986609E-4	4.40070856331765E-4	2.70075739190702E-4	2.69755260631849E-4	-3.03081517099558E-5	2.85388254996328E-4	4.86811360925497E-4	5.55605732306576E-4	3.78480311139954E-5	3.60972440010517E-4	-4.31046253063579E-5	-3.07736607749344E-4	7.67579038351112E-4	2.87765179398548E-4	1.52424854083881E-4	-1.79078782650528E-4	1.48861931439507E-4	6.01796706096118E-4	-2.70664551191006E-4	0.00100647316219193	7.447950589409E-5	3.42182573672604E-4	7.93490545054293E-4	-4.7385955468251E-5	0.00111843035966108	6.17245234746519E-4	5.63868616757337E-4	8.11227203219312E-4	-1.36866338541969E-4	6.50968219794016E-4	3.5769205241399E-4	-1.3697970142647E-4	4.79261919079127E-4	4.9980499862711E-5	0.00160109987505447	-2.64762389761009E-4	-1.08256991206773E-4	8.28012778709123E-4	8.36563991510401E-4	3.06607083727352E-4	2.73741961336449E-4	3.99502515876328E-4	8.0794376869507E-4	9.8011751957815E-4	5.65876240063446E-4	0.0012569400812314	0.00127265471391512	5.28123048241994E-4	5.19519815577167E-4	5.1054421497373E-4	-1.1931803738158E-4	0	0	0	0	0	0	0	0	0	0	4.95372401313739E-4	3.81718985919243E-4	4.51953629261737E-5	5.38733728688429E-4	0.00103571770489651	4.29920943396219E-4	0.00102466314060826	3.4431150337323E-4	9.03326895130469E-4	0.0011477132485802	0.00140046060764053	3.86129475012551E-4	6.39203496024465E-4	8.53443009355228E-4	6.43825760055968E-4	6.0773258088284E-4	0.00130518294179831	5.01968182395011E-4	6.28267289375348E-4	7.31286554142903E-4	-2.39360848179734E-4	0.00115948915859833	0.00127194510339252	9.4576420382129E-4	-6.42794792150019E-5	0.00187046938005204	-0.00103973539228769	0.00123487972010042	-2.46222142372973E-4	2.89104330014005E-4	0.00130372183559222	0.00107823216238783	1.59183518771911E-4	3.71515278634404E-4	0.00287375311623113	-8.72492429090741E-8	7.11355782954867E-4	-9.98567321101095E-5	9.51383273556927E-4	0.00190453331314353	-0.00100743543479191	8.16089141628418E-4	0.00252367910633019	0.00197019933282796	-3.71909816675208E-4	7.80058594708329E-4	2.4596143548013E-4	9.51268185429824E-4	0.00348969953180696	0.00245575969591846	-9.53450022505625E-4	0.00784127913390646	0.00330080385762612	-5.62412053451192E-4	0.0116334985456482	8.84905763676953E-4	0.0107284731829286	0.00312910454153145	0.00351777607434474	0.00870622601472864	-0.00252758274270242	0.00215096648511894	-0.0020492235760937	0.0124283487371032	-0.00282526133747492	0.0142662277930668
746.315	0.0057046543186638	-2.42166280564453E-4	-0.00386850725092504	0.00226178058522847	0.00185973547883792	-0.00346720172994217	9.97197891886608E-4	-0.00129225484103159	0.0044840361361829	-1.65902684797817E-4	0.00342608495061623	-0.00226418538439265	-0.00267742780121138	0.00230692128123746	-0.00105874900866986	0.00518173853775394	0.00233284132214414	0.00693369667202034	-0.00243637119464141	-0.00354896828273636	-1.40282055501217E-4	1.35846680010448E-4	-7.99031297563472E-4	-0.00458811153094973	-0.00342245200678645	0.00605580169728187	0.0047160547134456	0.00600922631992551	1.17477091622227E-4	0.00183737496807738	-0.00157063268842371	-0.00392679733434116	-0.00148431060281801	-0.00258636613143532	0.0035429744322298	6.94348322278129E-4	0.0011639450728645	-0.00180053950738789	0.00157544882362982	-0.0015496609282998	8.092663426537E-4	4.46740896130016E-4	0.00203986910757234	0.00343223397269624	-0.00157163592745235	0.00232779282173764	-0.00170157120883814	-5.85911094147302E-4	1.36138877082069E-7	5.63924856349887E-4	0.00157617107132626	2.31011760934206E-4	-8.24859606646189E-4	0.00248065137454331	9.24511006691509E-4	-8.32098225679555E-4	4.74264821447489E-4	-0.00173052313689574	0.00104797639658018	-7.10012397794551E-4	0.00323449985472537	0.00118558196767679	-0.00122700592284977	9.03502076377556E-4	-6.51235128794616E-4	-6.98106590153399E-4	1.71475290045725E-4	-0.00112489640410878	-0.0016578158617565	-8.13078476763877E-4	-2.1215985860323E-4	0.00114548925488708	0.00112354982690636	0.00195217696444423	3.9307400688782E-4	-0.00125261900192291	-2.83215139940333E-4	0.0012944570514317	9.06049106424219E-4	0.00169056603266592	-0.00201018852021897	8.5386104776815E-4	8.33187232489594E-5	-3.67843917999262E-4	3.98125044745943E-5	0.00151430178890373	6.06019038199108E-4	6.27882260624384E-4	2.16357752570816E-4	-0.00130277610827359	-0.00158394160079888	8.06514708211418E-4	2.30057143984442E-4	-4.51128491078288E-4	1.89776913750001E-4	-2.17289240789506E-4	6.36949668390243E-4	2.96403481618301E-5	2.89370858847793E-4	-2.26922067693765E-4	-4.14783347943501E-4	0.00105927279338041	4.98326835211321E-4	2.34805860404682E-4	-2.52045808385064E-4	1.37005018654815E-4	-1.5662886806392E-4	-1.26201581923048E-4	1.37583436430669E-4	-3.95314014436518E-4	7.44862662938924E-5	-1.10144671537007E-4	6.87828365600247E-4	-4.6301676261076E-5	3.18827875029543E-4	-3.69211030873754E-4	3.20319944181878E-4	-1.2781805513449E-4	-8.19109410468186E-5	2.63605479460185E-4	-6.27866324748923E-5	-6.97874625699756E-4	1.28192605602428E-4	3.48615177161477E-4	-2.85003700909697E-4	3.67377181581979E-4	1.64123455276668E-4	1.25140507758473E-4	5.09578799560617E-5	7.60872717067014E-5	-5.02164531051179E-5	-4.90558620493586E-4	2.42659991436846E-5	-7.84414471868976E-4	6.99007486104178E-5	-0.00131137337940648	4.36823916059592E-4	2.55723547432606E-4	3.78986786369373E-4	8.26693044567002E-4	2.09640466381756E-4	1.95251899344894E-4	-5.36612936608472E-4	8.69108888740704E-4	4.04657976633057E-4	-4.97491794470334E-4	-1.6934627336818E-4	3.69724857357235E-4	-9.63888720106656E-4	-8.92647627050765E-4	9.50726877404619E-4	2.39095077060087E-4	-8.68166244201948E-4	7.85481158694136E-5	7.58537744776158E-4	4.40945360837028E-4	1.79275914383107E-4	-7.31722814383166E-4	1.73615411086564E-4	0	0	0	0	0	0	0	0	0	0	6.91481978957387E-4	-4.8244694465362E-4	-5.03881553920748E-4	-1.14218905318438E-4	1.60351519649377E-4	3.67373605192749E-4	5.54028266433354E-4	3.9476907696986E-4	-5.15046046021863E-4	4.72411518303364E-5	7.64402085257191E-4	-7.26186144201058E-4	-0.00118116700195681	4.01246444026329E-4	-1.02660165077345E-4	3.41575255941387E-4	2.15432391589628E-4	-3.60366758300331E-4	-2.84427808972179E-4	-5.82667799592087E-5	-5.37047836850965E-4	7.6284110020961E-4	9.02513957808504E-4	-5.69498605174423E-4	5.46829976062277E-4	3.27797883372254E-5	-1.33713072789115E-4	-2.394519938113E-4	7.34713848408562E-4	-0.0010763166598629	1.47434861089245E-4	7.57762872817583E-5	0.00133544831981144	3.12201839049302E-7	-6.45819024657514E-7	0.0023620827575886	-1.37846022560986E-4	-0.00154706601992193	-2.55969523848696E-4	-2.70329408540855E-4	-5.75536444887927E-5	-0.00114831250530698	-9.78245548386257E-8	-0.00176118968567705	9.32967004975532E-4	7.58059165554401E-4	-8.75122352756653E-4	-5.84707114328453E-4	-6.16654739248409E-4	-0.00112398695004032	0.00150130569031094	0.00172791959820609	-8.24872190968626E-4	-0.00634166326099948	2.86626192714432E-4	0.00497052009996713	0.00900640508252414	-8.0962365687178E-4	-0.00569083074510891	-0.00614711897625595	-0.00916510915867806	0.00128794932497353	-0.00365994683239423	-0.0142221523594422	0.0107017245454774	-0.025369909862086	0.0159309425718391
751.073	0.00932222150641651	0.00642388716965201	0.0152406512103328	0.00355439284913722	0.00416662028629173	0.0045754164668442	0.00370667139136523	0.00689426716663779	0.0112209025719686	0.00493390450708921	0.00282441552250976	0.00459137375196408	0.00239749701187962	0.00609210089291577	0.00643379000472675	0.0049625538575309	0.0117083582968075	0.00836498012514241	0.00683513649335517	0.00115369415463006	0.00382438185223285	0.00540958353427215	0.00350503669491319	0.00375179641801891	0.00310139034482778	0.00494385509343937	0.00442853475029044	0.00347321694702203	0.00380106715040717	0.00641068619379343	0.00250460267845089	0.00531262564247879	0.00236732076580919	0.00472783846722871	0.00832371403545745	0.00221598642926441	0.00187077557745726	0.0025973675314793	-3.75506199415237E-4	0.00111023755648101	0.00311358140382942	0.00290718874644231	0.00261346996320335	0.00196704948227622	0.00442949657379382	0.00218862890694686	0.00466427943169722	8.74369581473819E-5	0.00558993337769508	0.00237069734126965	0.00408241713864718	7.93534889609583E-5	0.00152366698477345	0.00140778856682229	0.00130126027054973	-9.12208530099337E-4	3.45550121567597E-4	0.00155408055117217	0.00352409810515074	0.00215996143320545	0.00180443834816708	0.00278741702254029	0.00168121079822706	3.67313591994152E-4	0.00312495293407719	6.4961350679412E-4	0.0017995683296322	0.00268489136890443	9.53816237801546E-4	6.05247140947276E-4	0.00323638483749016	0.0015859947418698	0.00171084968541337	4.57447152712244E-4	0.00224279889128614	0.00249352482348685	0.00263443031847656	0.00206336871173124	0.00128884327115008	0.00117439280827528	0.00346086649715651	0.00156300946259921	0.0011889318851813	6.21360404287766E-4	0.00105088296785211	3.16677520400299E-4	0.00138399303598598	0.0020625467982667	0.00215949741139302	0.00182294091111931	0.00185134480365543	0.00143334473307596	1.33757755293403E-4	0.00225655845618983	9.95645758829297E-4	0.00160668531911986	3.38684049995119E-4	0.00138334080295296	7.05830063257996E-4	-5.18323804908378E-4	-3.92674438983276E-4	0.00107503349540074	3.54194417490983E-4	5.72642116034407E-4	0.00116235579158034	0.00108918995301479	4.08875495682359E-4	8.98020803954414E-4	3.38576444206215E-4	0.00137574309159817	6.45676773556743E-4	7.82970728550605E-4	9.94940540392685E-4	0.0012385820613325	8.43950637734829E-5	8.27097782425129E-4	-7.50378042773413E-5	9.58757830324776E-4	9.27008159564086E-4	-7.41818742173225E-5	1.91581731784199E-4	5.00981773307752E-4	0.00115495935771702	4.5252656564148E-4	0.00101120411843521	9.67080765483023E-4	9.65320936560758E-5	0.00130251079018996	7.85992843012626E-5	9.27429179901809E-4	9.60896935567352E-4	0.00151853136485316	7.35880953218505E-4	7.72193574756897E-4	8.28483528451012E-4	1.16681489223526E-4	9.8029794799337E-4	9.92117387550276E-4	0.00117887394404811	0.00116005236277498	0.00134770293774679	0.00228313174101095	2.59697318687964E-4	5.88386754808064E-4	6.03211260637901E-4	0.00123395494028307	0.0011717655104702	0.00303136921299783	0.00166935815589706	0.00141589017921308	-8.25914922204946E-5	8.10514328725158E-4	2.94189696209463E-4	3.19735211597357E-4	-3.98234046498123E-4	3.69193215638224E-4	0.00158850368541683	0.00105027851047797	0	0	0	0	0	0	0	0	0	0	6.57379892579331E-4	7.95564450712766E-4	3.73162244724959E-4	2.78970353734408E-4	0.0010452728155729	0.00199833268884234	9.32480704887118E-4	0.00145241854311348	0.00127301404556561	5.70337558571107E-4	4.07673406147114E-4	0.00135824744227035	0.00174485718470846	0.00102423717926888	0.00160383935187427	0.00155904908082405	0.00101305546815229	8.48302883860028E-4	0.00143558110525508	5.48562544976741E-4	0.00138948612340513	9.38619062169119E-4	8.05311144025336E-4	9.47679800526488E-4	0.001766868327311	8.1602393507898E-4	0.00126465394709067	-3.37470109462672E-5	6.59727079175468E-4	0.00181118680970089	3.64268286969549E-5	0.0012350424032061	0.00131132396900782	0.00139525740785597	0.0027205054634962	0.001708804708812	8.43934434803559E-4	0.00372997426247853	0.00103064215236282	0.00367957836064899	0.00224453363741566	0.00301503477562921	1.84039340667181E-4	0.00396507058115873	0.00481330179322975	0.00218546416498727	0.00246118352465189	0.00331121253217687	0.00186797985678844	0.00430085158080423	0.0038030694707101	0.001321897589938	0.0038423545762242	0.0027471365755538	0.00551980305949285	0.00874971700347585	0.00911717628251491	0.00603564724821102	0.00349749607735514	0.00555094226954979	0.00312249289092161	0.00959259308774946	0.00490934837747147	0.0185611861117403	0.00339930482634984	0.0173122361371604	-0.00175725638283687	0.0358822841377222
755.831	-0.00645724107727765	-0.0205244940325856	-0.00426319665113562	-0.00428579254764232	-0.00640698040794767	-0.00938744173737179	-0.0107154541847559	-0.00336798438210532	-0.00634102063994062	0.0021932006147466	-0.00578861896966691	-0.00840932114232599	-0.00884706840899228	9.1309708531131E-7	-0.00329929675283193	-0.00709289103017577	-0.00151887031859478	-7.51115777857042E-4	-0.00776018459966403	-0.00295056704518046	-0.00523099997451043	-0.00455041273962713	-0.00290064190961893	-0.00411324497214398	-6.35556794819141E-4	-0.00383524331610446	-0.0012269406240169	-0.00220947922808236	-0.00901639118566331	-0.00382599398146362	0.00128680336422948	-0.00193049747969946	-0.00309086630740712	-0.00668144179380037	-0.00295239752690849	-0.00175697564462205	-0.00373613559483772	-0.00157887793105957	-6.73892987513288E-4	-0.00104435668093484	-6.56240368746589E-4	4.65972210750373E-4	-0.00397490356353133	-0.0018340302169671	-1.82433783004197E-4	-0.00206627659702938	-0.00292401485967254	-0.00610402408371372	-0.00770246592983118	8.34649710232331E-5	-0.00246103225148258	-0.00104043320747768	-0.00218391093000917	3.05746172478922E-4	-0.00421954328336669	-0.0018025772617082	4.93942173031063E-4	-0.0013860512246754	-0.00150016391687011	-4.6729054005092E-4	-7.9244051995139E-4	-0.00220996074949027	-0.00153207263699274	-0.00351434990513912	-4.31279986206342E-4	-0.00109090550401169	-0.00274016148980879	-4.68907369550588E-4	-0.00339524828974346	4.51764232658491E-4	-5.5478116412634E-5	-9.76369424325851E-4	-1.06384347708981E-4	-0.00104285578975078	-2.03852416209847E-4	-6.0191537686867E-4	-0.00226047674187589	-0.00153907807604853	-2.81838851768596E-4	-0.00259523303039182	-0.0012280267931949	-0.00387435911755903	-9.14043204434159E-4	6.37826758034017E-4	-0.00348276731053457	-0.00141594259994541	-0.00189267605450903	5.00863524178945E-4	-2.2550225789302E-4	2.93352734795161E-4	-0.00146918077344267	-0.00133081747369005	-0.00123369708332281	-1.67645840075399E-4	-8.2360729703483E-4	-0.00206804713990556	-0.00176931951499115	-9.25679819312905E-4	3.32352215347574E-4	-0.00274781165744708	-0.00109453127726861	-9.38145905356503E-4	-0.00129781905858289	-1.4684893519887E-4	-3.1008306991496E-4	-0.0011889675354769	-3.26402845643996E-4	-8.56109661768634E-4	-1.23078594252122E-4	-3.9281713371985E-5	-6.62314202733325E-4	-9.75581723802946E-4	-6.62829647736978E-4	-0.00101376110099974	-6.93179271756103E-4	-4.77470708570416E-4	-3.08025338042593E-4	-2.39084215820661E-4	-1.41627061669347E-4	-2.8967049205034E-4	-1.46592606333121E-4	-4.60552088399052E-4	-4.58111876166136E-4	-7.46809819976018E-4	-7.62315111944672E-4	-3.37458584378457E-4	-0.00149902456846041	-7.0713622963227E-4	-9.61425140357563E-4	-3.43631144203973E-4	-9.59781865996623E-4	-0.00107290661272743	5.00587352599932E-5	-7.4274392777098E-4	-1.93942575301104E-4	-3.11372508137172E-4	3.35707748026036E-4	3.15379708220212E-4	-9.87923493371683E-4	-0.00106394180559725	-0.00148003930575071	-0.00104400355425774	3.99128885430096E-4	-4.37872590393555E-4	-0.00120960609747118	-4.60223501541216E-4	-7.03301082460991E-4	-6.22208688954702E-4	2.97529961961389E-5	-2.0323972319503E-4	-2.26378266248889E-4	-0.00110761391243824	-9.31776900934911E-4	-9.84119661647275E-4	-8.72153450882624E-4	-2.15889575068083E-4	-0.00146897774443705	0	0	0	0	0	0	0	0	0	0	-8.68757161067709E-4	-5.77688104817721E-4	-7.9238244709878E-4	-9.56868749819743E-5	-6.44292774981106E-4	-8.81745854652768E-4	-0.00190755824107335	-3.82724835965085E-4	-7.45454128897132E-4	-2.17601023587321E-4	-8.77818302916774E-4	-2.45857514983524E-5	-5.47288618946455E-4	-9.83148506777377E-4	-4.09990425192616E-4	-0.00112202353089302	1.06145948040735E-4	-0.00120312767209781	-0.00177061745544391	-2.30987733633264E-4	-0.00157044894100319	-4.55016477761676E-4	-1.24088002730713E-4	-0.00158946357139126	-3.24159314046721E-4	-0.0012859674240736	-5.69601236580498E-4	-0.00198099301508652	-0.00268390783420763	-0.00124731976142912	-8.0186496778042E-4	-0.00134550745228376	-0.00130580932116326	-0.00118745609948115	-4.91132326772177E-4	-0.00131180886023297	-0.00140171232304981	-0.00127568746575708	-6.22168572841129E-4	-0.00166112107763319	-0.00159528751775148	-0.00157148886724677	-0.00303487328297823	-0.00201498622390506	-0.00220076560911537	-0.00324700416591182	-0.00201865656192707	-0.00307954925643524	-0.001077544515559	-0.00488184867537545	-0.0010129939728237	-0.00136539703769279	-0.00479904579462887	-1.09408676174545E-4	-0.00269521754917964	-0.00283225300701221	-8.92935276395506E-4	0.00117303321833165	-0.00487807937951687	-0.00232136835401779	0.00498457340936713	-0.00773727446186739	-0.0119308330051539	-0.0194742029770965	0.00304951016295872	-0.00304738455752296	-0.0187762973333522	-0.0132101920740331	-0.021660834157822
760.59	5.27885118977903E-4	-0.00804460790008072	0.00509856153736817	0.00856495786717993	0.00397803603440396	-0.00332801194436161	-7.10174940430467E-4	0.00965722555819474	-0.00222107133567898	-0.00155465234156283	-0.00139903125557573	0.00275810176104473	-0.00553808718116925	-0.00672780025162316	-0.0043451129592042	0.00205389422520171	-0.00108976958197689	-0.00863030510134344	0.00244440786374081	7.549661462474E-4	-0.00148761922307781	-0.00233090645707218	0.00198465341679557	0.00108879087033128	-2.63085231196632E-4	-3.82249267708309E-4	0.00251534058484986	0.00201038555783314	0.00199537809644769	-0.00416485329043617	2.37078815258015E-4	-0.00186028597720826	3.39447172733178E-4	0.00386108581830216	0.00237579871248236	-0.00243454987353819	-0.00134702125362925	-0.00232458355813801	0.00128580041226679	0.00359746683356965	0.00240476711564894	0.00286264983676092	-1.89456366939222E-4	-0.00206565459434508	-0.00241820425026155	5.51610450558257E-4	-8.17556671331813E-4	-0.00383937795457958	5.26503026719278E-4	9.45483946544004E-4	0.00428840958767776	-0.0012299733745836	0.00255880625922482	0.00404494092955691	0.00235201016494084	-7.40913175003502E-4	0.00238800196789989	-0.00184682169268742	-0.00104789004022171	-0.00137670138061969	-8.11656497378493E-4	-3.32856075703936E-4	-7.85330559385241E-4	7.07011845413557E-4	-3.15785688741553E-4	0.00117912093477049	-1.19221899908681E-7	0.00156045544920437	4.1320106191356E-4	0.00109862527498483	8.49865470947769E-4	-1.11405234725528E-4	1.63433264232589E-4	-1.06730978995837E-4	0.00188540403941585	0.00138731913204735	-0.00271780693036206	0.00138089345000737	-4.35133360259151E-4	-0.0012339119053472	-0.00209738294939634	3.64968264322667E-4	-8.89720374036933E-5	-3.04565265161788E-4	-3.3984832865195E-4	-8.69871930350244E-4	-2.82991144061468E-4	3.15565585977346E-4	3.46225363848101E-4	-9.76496376829444E-4	1.8356716568667E-4	-4.30017872894175E-4	-0.00122822059537679	-1.4757627344956E-8	-5.06416688653331E-4	-5.9644719370843E-4	5.82302797165241E-4	-0.00101107063643335	2.47091727556851E-4	0.00127060419491553	-2.36410502633601E-4	-7.62716936691324E-4	-3.98673164142609E-4	-4.51376420959562E-4	8.55018690835917E-4	-2.67756491223703E-4	-6.92274519564083E-4	-1.35016747469699E-4	2.50987244193034E-4	7.83049095254857E-4	4.58774057659033E-4	4.70067463142744E-4	-3.66872823317546E-4	2.14213432708745E-4	-1.77454613858099E-4	1.35761278459239E-5	3.94364401341518E-5	1.36386049870666E-4	-2.92183013424279E-5	-2.34319275831806E-4	-2.68032725414191E-4	1.2691215819701E-4	-1.17603203729817E-4	2.08546592594842E-5	0.0011276700536952	1.1529580536955E-4	6.79089259103965E-4	-1.07397155314119E-4	5.47523009962958E-4	-5.68230520207275E-4	-1.32803469987832E-4	9.41739211545301E-4	-4.12532494710016E-4	1.7784982767208E-4	-8.20772031257003E-4	3.43313177775882E-4	2.94403388140514E-4	2.23607748798597E-4	8.34556998107537E-4	3.88965372356438E-4	-9.19255679304515E-4	4.1705960800815E-4	2.72663952037438E-5	3.6481194052443E-4	1.44089624119519E-4	-3.82983958183378E-4	3.30607233710736E-4	3.03386279176479E-4	3.62601580548684E-4	-0.00127908317122503	-4.63461328421128E-4	8.79417505779637E-4	-0.00101068269160057	-6.15767413005314E-4	-0.00103245527475399	0	0	0	0	0	0	0	0	0	0	3.23890656302624E-4	-7.68940923944276E-4	6.42789215919982E-4	7.64313399969964E-4	-8.35969093636741E-4	7.33012959705123E-5	7.57381547583608E-4	4.88609869762353E-5	3.17531931578841E-4	-0.00100438214536366	-2.95459252080127E-4	9.91374295120929E-5	-5.99305540912762E-4	-8.06421986963636E-4	-0.00165611354540343	-2.57835407540869E-4	-1.31091015956737E-4	-2.1323383845336E-4	-8.23453895544938E-5	-2.23987530451269E-4	-1.72637801892435E-4	6.21165671212244E-4	7.28180879219966E-4	2.4855546182707E-4	3.18099498842924E-4	-0.0013996931933678	-5.31148305997851E-4	-4.72786094314818E-4	-4.11642333771819E-4	2.79849565472831E-4	0.00239178833312651	-6.2034380792592E-4	0.00108230955648018	-1.14802873773091E-4	-0.00141552441053523	-5.67543408270911E-4	-5.44570042059823E-4	6.49925814057012E-4	8.52701230527479E-4	-9.32077553210237E-5	5.8803039240878E-4	0.00206256978362709	5.4503882443118E-5	-9.20533188147565E-4	8.53045027805857E-4	-6.44617726125202E-5	2.73649179758655E-4	0.00195113910682759	0.00114831589905715	0.00242545864636208	-0.0014428715666418	-0.00303429554234622	9.46880344548555E-5	3.99796899626711E-4	8.55019225944087E-4	-0.00380943495364085	-0.00351260277375647	-0.00552272846384801	0.00214400755905795	-0.00205063959026498	-0.00422719202402647	-0.00129660962453882	-0.00607548236887549	0.00191453378358421	-0.00610797358635044	0.0113446606667105	0.00350853710462555	-0.0058005357953006	0.00832212319128662	-6.17060965581114E-4	0.0170022356623727
765.351	-0.00860835306091962	-0.00369317076520412	-0.00197399939310103	0.0107256567977003	6.02675400847657E-4	0.00508322507332038	0.00162179408572148	-0.0042108656775615	0.00121568179641651	-0.0101915413364343	-0.00797527846467803	-0.00227588857128462	-0.00170789075776773	-0.00233756383108227	-0.00327357423741371	9.70159154524919E-4	-0.00300796900019636	0.00298194828939398	-0.00264228517375383	-0.00907764138352087	-0.00802373569021915	-0.00622438168240044	-0.00172627218578129	2.76792943528164E-4	-0.00211967247838259	0.00128999151914541	-0.00473260684393121	0.00447653960057782	-1.2689972234683E-4	-0.00373770344017763	-0.00194414129882995	-7.08485215184954E-4	-6.89936077265786E-4	-7.84161369976139E-4	0.00329626911607173	-9.68984723503549E-4	1.74609688348559E-7	0.00329101134858527	-0.00362059670746328	0.00168153249278648	0.00117528265999502	0.00398186952890587	-0.00221667801314469	0.00430088101291231	9.67606232938394E-5	-0.00187167663218176	0.0010170489746456	-8.87245807350842E-5	3.5828407116111E-4	-0.00174873647153089	-0.00170893590988152	0.00133545693693815	4.08194810271409E-4	3.16808452944877E-4	-0.00138892187568041	-2.25052764570146E-4	-0.00184124180550289	-6.49363009895673E-4	-0.00312744175974693	6.99537700534292E-4	-0.00117042168924391	-0.00209933330768115	-0.00259494954699049	-0.00169972623124624	-0.00102783564532839	5.68245317693467E-4	-1.86193839787065E-4	-6.71080871065563E-4	0.00257847504930069	0.00123537443410061	1.73266549845372E-4	0.00107403489443922	-8.86825449953872E-4	0.00168432486349063	6.40065190510197E-4	9.40899482631461E-4	-0.00194541513996927	-3.50700829880418E-4	1.96833056216917E-4	-4.78516017400446E-5	9.96741932618105E-4	-0.00148459066915046	-1.80846443403413E-4	3.98456166422853E-4	6.04925930831033E-4	-0.00139052566658543	3.07057694435588E-7	-0.00144343246118098	0.00140883808090553	-6.49448021595642E-4	2.98914180739217E-4	-5.47299551757962E-4	-9.63937843027296E-4	-7.69256410726197E-4	-3.77256505086785E-4	-4.71268209362397E-4	-1.97390766649456E-4	-1.28629751396808E-4	-0.00157178255341231	-2.76981072606159E-4	-0.001440198698153	-0.00175315496094069	5.40834973373482E-4	5.86852443907123E-4	-4.96223794724161E-5	-3.96260201596422E-4	-8.01438438749168E-4	-5.71619570978645E-4	-6.81818048131998E-4	-4.08105167641423E-5	-4.87279732517891E-4	-5.37962878930238E-4	3.91905188513852E-4	9.38794740936865E-4	1.95550253472208E-4	-4.14502039804943E-4	6.68434887033953E-5	9.69995824110637E-5	-2.51136204320585E-4	-2.8549714046879E-4	4.76335927983256E-4	-3.68948165217158E-4	3.98760069397833E-4	5.0493048800045E-4	-7.50373100504387E-4	-2.34663167918345E-4	6.13864802037686E-4	1.91525674638013E-4	-5.84580326930088E-4	6.88409829449562E-4	-7.29458618568376E-4	1.86281772365147E-4	-3.41047529095143E-4	-1.02970993893295E-4	3.54411895695144E-4	-8.2372512664267E-4	7.46356338831014E-5	-1.25990610448393E-4	-4.11633016924838E-4	-1.58071388574295E-4	0.00123858649880806	8.75432468386157E-4	-0.00102535262563385	-0.00102912101478033	-2.34445340637959E-4	-6.29273644425902E-4	-0.00131344363058102	2.77807542760649E-4	-2.98759941267863E-5	-0.00145171797329421	6.19253328939892E-4	-6.05735109205973E-4	1.14487343164798E-4	-5.9747166409546E-4	0	0	0	0	0	0	0	0	0	0	1.22961729667019E-7	-3.29344850269578E-4	-0.00128705832578495	-9.30427440178232E-4	2.2594261559605E-4	-9.00485068325067E-4	-3.23807294014082E-4	-6.46272831152092E-4	8.94049905631356E-4	6.70834063210948E-4	-2.49068431961645E-5	3.75591316759889E-4	-2.77204626648595E-4	-6.85784729308578E-4	-1.53800691984727E-4	2.85871143377693E-4	-6.82517571167602E-4	2.13823069433736E-4	1.09131643400168E-4	-7.50565637398889E-4	-8.54436737544967E-5	4.0981571080163E-4	-9.62908358390591E-4	5.24760936813042E-4	-1.57962806545877E-4	-0.00110056482821555	6.62336762623859E-4	-5.40326418153018E-4	0.00113336217092626	-0.00129151510733205	2.84655117222147E-4	-9.44364411463831E-4	-0.00107665060360847	-7.2142635095248E-4	-0.00256974915907642	-0.00140012323483602	-0.00239152398315618	-2.80835954979605E-8	5.28832151556027E-4	-0.00150698125984486	-8.5480398117654E-4	-9.97372716462408E-4	5.77143775017523E-4	5.68669383117621E-8	-0.00163891134128253	-0.00105376305810782	1.31114699227993E-4	-0.0017366423953646	0.00147025111131661	-0.00124616256067693	9.04154121455552E-4	-3.45396888002189E-4	-0.00127112944785669	-0.00431283770985412	8.12966895579849E-4	3.26442592335111E-4	-0.00117179564419636	-0.0011478354415383	-0.00336968695515486	-0.00436049944080481	-0.00365163236371979	-1.94144150290833E-4	-8.78402879868092E-4	-0.00568343512603733	8.3193111869062E-4	6.21972881326343E-4	-0.00734613464103655	-0.015870489838057	0.00681095491876331	0.00370471465888237	0.0168967166282934	-0.0135309168068073
770.113	-0.00136270617256206	-2.64014507995665E-4	-0.00350430810772068	-4.50759912769154E-4	-0.00327495741296739	-9.50840612910066E-4	0.0014594561867565	0.00213719185972554	5.34039957108527E-4	-1.75401013377555E-4	-0.00323274144105169	-0.00585917861695205	-8.62492329169886E-4	-0.00507381395630481	0.0034794970298224	-0.00634946592356752	-4.78853579120087E-4	-0.00174556346919587	-0.00535474042642058	-0.00280235055023422	-0.00275999357797748	-0.00405481840308385	-0.00714828717738837	0.00672466986747827	-0.00590956310179897	1.32017235079738E-4	-6.47772460507872E-4	-0.00129639820816049	-0.0039854634459766	0.00302951088846496	-4.9070604606991E-4	-0.00191620041504028	-0.00431073381162703	0.00250505961235674	-7.78330779198317E-4	0.00141840119738344	-0.00159850481864776	3.13229042030191E-4	0.00224429190185378	-5.00670357183219E-4	-5.93793714744028E-4	-0.0020661102126695	-0.00331729212427658	-0.00164501934361092	3.85160732574351E-4	0.00256163290980889	-0.00186786753836298	-6.42844562949553E-4	-0.00216686896417853	0.00168253951231755	-0.00147183716073014	-0.00211291512118548	-0.00378852256055133	-9.61806328439191E-4	-0.00179458113409802	-6.09537887210449E-4	0.00253696243785564	8.79271993382409E-4	7.21640619374291E-5	-0.00219698741650728	0.00181403389155862	-0.00171511684621486	-8.0860753501005E-4	4.63812874051494E-4	-0.00143168778338034	2.34715335259844E-8	-1.25645979611374E-4	-8.04141540497176E-4	-0.0021855430466349	-0.00172824181162635	4.09171369609677E-4	8.59150561104329E-4	5.61953086837123E-5	-0.00121046873734736	7.01644272381481E-4	-0.00254147867862387	8.82392235396513E-4	-0.00101552597708079	9.46899044136368E-4	-5.86855872722218E-4	-5.76802337966367E-4	4.23326563705938E-4	-0.00128706048317366	0.00121178608516987	-0.00131234516403271	-7.25275000239336E-4	0.0012078913266581	-4.06037401504142E-4	0.00174428321573409	-2.32196746778439E-4	-4.1523647802214E-4	9.24192177508456E-4	-2.16687054234925E-4	-0.00184150962273131	-8.34022767021587E-4	-3.40597541285774E-4	3.33482408353945E-4	-1.95131328202056E-4	-4.7754715070292E-4	-0.00146557029761432	6.99219232461479E-4	-2.33081589631616E-4	-0.00189011834320236	5.94231602768795E-4	7.55316450393694E-5	4.01608325196801E-4	-4.92308383571626E-5	-9.96167885581872E-4	6.47315533069002E-4	-4.14151678714762E-5	1.62268504166903E-7	8.08364042469954E-5	1.89002572911083E-5	3.22693750952183E-4	-2.89537355763033E-4	1.39993725185479E-5	-2.16708381388378E-4	2.38671679249797E-4	4.79774581220142E-4	0.00114284595555394	-4.13847665305226E-4	-7.10326215752907E-4	-3.63109534258145E-4	-1.91473938015661E-4	-6.25835850208511E-4	-4.28357974905327E-4	1.561554214339E-4	-6.08222570768707E-4	8.50993249444692E-5	-3.62214875590041E-4	-7.66179139187275E-4	1.88846478673655E-4	1.59158878489803E-4	-6.79180059763771E-4	7.68770200222275E-5	-3.79182422146955E-4	-0.00106131723397492	2.55944330058501E-4	7.86354330245252E-5	2.40736213889145E-4	-5.88817493928885E-4	-4.03060020939002E-4	8.43063134706834E-5	-5.21339822930781E-4	-4.45059903961666E-4	-7.2873346046475E-4	1.23930361084966E-4	-0.00131330823431224	-7.78789358174016E-4	4.6065569029321E-4	-0.00104530684359973	1.75947870628107E-4	5.83951128087777E-5	0	0	0	0	0	0	0	0	0	0	4.68831424485837E-4	4.92234993168779E-4	-8.21921577646448E-4	1.53421428098028E-4	2.3000892189675E-4	-0.00111751264282614	-3.04096544927472E-4	3.78912911335189E-4	5.79132259813372E-4	-8.54877024804043E-4	2.51827358909287E-4	-2.77666606452097E-4	-2.53986311474027E-5	2.29810535451724E-4	5.91977940469205E-4	7.27293223305926E-4	9.46676182340438E-4	9.85585398881911E-4	-4.32751042005418E-4	5.51559060915171E-4	-4.50579312953563E-4	-3.17444968578111E-4	-1.70545913220059E-7	9.14593891364693E-4	-0.00150099533007439	-0.00102453477808743	-0.0012130785045039	-3.01989808866669E-4	6.1587797939653E-4	0.00111330360751683	-7.77930263672391E-4	0.00111740833726262	5.5182224003453E-4	-0.00112831490376277	-0.00115394909055253	-0.0012622209585868	4.46077837514899E-4	-3.75883962414883E-4	-3.45490229528137E-4	-7.14573996906089E-4	5.09431719446535E-4	8.18446839901454E-4	-3.03189761821983E-4	-0.00122194828094331	-0.00168405147114657	-0.00106650212279973	-5.65479965239129E-4	1.32883367616595E-4	9.14512323464403E-4	-8.1950044198761E-4	1.5778735583662E-4	-0.00591619781389977	0.00358629996160298	0.00202313918903254	8.73086131063631E-4	-8.23296530206104E-4	-0.00286142745021753	6.49064520831447E-7	-0.00348727449735111	-0.00312969995645786	-0.00315509316120902	-0.0031708131058364	0.00891297276549935	0.00623765334719514	-0.0102623279392378	0.00338056373997528	-9.3846856092294E-4	0.018784088893761	0.00442438263522786	0.00368154496315436	5.48707821328146E-4	-0.0202827312643907	0.0251536818797516
774.875	-0.00812080113253892	0.00906321064237882	-7.67161126275118E-4	0.00511281016840038	0.00421240303667091	0.00704465777359299	9.36657538387835E-4	-0.00200919755085083	0.00470028773321776	0.00292514323451849	0.00184853988997828	0.00218537484243404	0.00586133487283824	0.00312683769616091	0.00255450952295711	-0.00417969858018837	0.00428620812105369	0.00407726388395485	-0.00420588766697075	4.82175102342121E-4	-0.00204746593560223	0.0027744247913084	0.00164704988882495	-0.00100649560874671	0.00345045972538172	9.3874918805038E-4	0.00385983565558787	0.00452488221393983	0.00475647794126937	-0.00142803854165478	1.94084868270003E-6	0.00307760338703111	-9.56955489865461E-4	0.00537319802559831	-0.00205740696732928	0.00179286530671947	-0.0015323570756545	0.00395910075703054	-5.22153582493324E-4	0.00380814890467996	0.00407394859347719	-0.00121310952372945	-0.00340731215623772	3.97534263894689E-4	-0.00117948362496687	0.00126794275075999	4.81615245708186E-4	0.00132299411074535	0.00176262441681123	0.00227384268938383	6.23570400586374E-4	-0.00147631370751833	9.31959330512709E-4	0.00576426923553511	6.41984771653005E-4	0.00164362519679688	0.00160984014282601	0.00383492168407992	0.00133107440217444	0.00451239586844352	-7.09230744980588E-5	-0.00140946159199566	0.00214672610471905	2.72257022115495E-4	0.0037436609577897	0.00118248809773768	3.87562902801748E-4	0.00139789266408808	0.00155963687391612	8.56950054433962E-4	0.00114084955317893	0.00123462394634034	-0.00144185778882014	0.00243026234701393	-5.53344662909752E-5	9.79109993349796E-4	3.72503759915031E-4	2.09071439357103E-4	0.00189388666097095	-4.01831466417713E-4	-0.00177540329209299	-0.00115890602247586	0.00165324204905594	-2.76667826827453E-4	-5.84400865079995E-4	9.20952811981493E-4	1.27812880249106E-4	2.50120477375221E-4	6.10849527062602E-4	-1.98757577455441E-4	-3.88524412814148E-4	0.0010626230692854	1.85705293781257E-4	-0.0010912800192367	-2.13797609326995E-4	3.49985691060243E-5	0.00102752423746968	-0.00214094172600421	-0.00157008041405333	-3.52446464756171E-4	7.49279150958466E-4	9.57041933439231E-4	-2.25095122469812E-4	-9.28891578780552E-4	2.84509570341891E-4	4.38188107408919E-4	7.58088588874396E-5	4.75894579481548E-4	4.4265301089294E-5	8.4993844000305E-5	1.68903936022724E-4	2.48727605752285E-4	1.94182809989348E-4	4.35930351563196E-4	3.13104904042285E-4	1.72514534058812E-4	-2.22579769048155E-4	3.45888728347822E-4	-3.0657108092975E-5	3.47454648222103E-4	1.2358328213605E-4	8.06777135964612E-4	8.27324953428368E-5	-4.59269604058067E-4	5.05020139509088E-4	-7.27842196038379E-5	5.06401051627E-4	-6.5350121985525E-4	4.050531246518E-4	-2.28577582823107E-4	5.62366283018203E-4	1.38510060033672E-4	-2.18268927995833E-4	-8.06609812297503E-5	0.00100069827814972	-4.93932971510127E-4	7.00866826839254E-4	6.30730887268584E-4	5.89444196926283E-4	-0.00104315292976487	5.78752743120968E-4	0.00121448167701853	4.61602062642197E-4	0.00181431998636856	0.00131140126818415	-1.55849880443498E-4	-0.00158915847230895	-0.00131680184704121	-6.40316596468638E-4	8.81769073101974E-4	-1.83844131020618E-4	0.0010810636602698	0	0	0	0	0	0	0	0	0	0	3.49749508318881E-4	-2.67455270482103E-5	-6.10889634235227E-4	-8.45026966252505E-4	-3.67601309718961E-4	3.66116652168501E-4	9.13421566282928E-4	-7.80776531772941E-5	3.11115022005841E-4	4.13808212431297E-4	2.84266332502647E-4	-1.03375615614615E-4	-1.81520401948589E-4	2.34368797539895E-4	4.1966506704317E-4	-2.90629121959064E-4	1.60113248210059E-4	0.00129595737646853	2.73759060158174E-4	6.11404304443449E-4	-5.65341972634783E-5	-4.33861745344376E-4	2.66780961806802E-4	-7.61477799645526E-4	-6.25842233743939E-5	2.24831209533007E-4	4.60475135064396E-4	7.4107879600616E-4	0.00137832250115487	2.46049076024301E-4	3.57309623508439E-4	0.00181573219678396	-9.9964749583771E-4	2.2654952262689E-4	3.8629121127437E-4	-3.95077499981291E-4	-4.45666161320818E-4	-8.32444802755096E-5	9.01150176853674E-4	0.00128620714243807	0.00243052202031371	-1.41601511012315E-4	4.45091041365537E-4	4.14991482562175E-4	5.4511094804025E-4	-8.64784252183727E-4	0.00140057402750543	0.00187105358514686	6.82501804363664E-4	-0.00166269237460443	0.0028307342924312	0.00129663761033846	0.00410809556573371	-0.00242582169018015	-7.56090122371253E-4	-4.31859365329826E-7	-0.00137489784045718	0.00260191951684842	-0.00512559921258382	0.0061121246300457	-0.0140273815508494	-0.00113376013070932	-0.00706024136106527	4.06695298514793E-4	0.00663507844377388	0.00205739501616784	-0.00202308677682082	-0.0035510318608853	0.00946422305020074	0.00454379507307497	-0.00377753495854742	-0.00935715390529344	-0.0143232274473032	-0.01486710146301
779.639	-5.67400716235872E-4	0.012582616929937	0.0101997368536683	0.00852208106167912	0.0122111180408784	0.00617558092820165	0.00934614033664311	0.00297506560458895	-0.00220623494371168	0.00241721202814153	0.00375726425181588	0.00371769823662534	0.00922211734463727	0.00353875032543093	0.00711182332061469	0.00681269979721643	0.00184728676222492	0.00697368842026901	0.0024710776243971	0.00505316433355171	0.00705553310442466	6.30841632450263E-4	1.55429420960768E-4	-0.0021960925599896	0.00309203343840353	0.00573592505963162	0.00311885622483831	0.00365857010094558	0.00107460419717704	0.00528124104153991	-0.00180180587195071	0.00138176370101297	0.0063344766108817	0.00285340560781554	0.00232793441189189	0.00764171535421854	0.0015626501712259	0.00359501639848842	9.60725663836602E-4	6.28976498157244E-4	0.00103835194369999	0.00514318962069652	-5.08986594004253E-4	0.00404811393534758	0.00692034234877209	0.00327165370407261	0.00371887849647487	0.00269424456611452	0.00424936942251966	0.00203682837911664	0.00262763207051985	0.00229856901244763	0.00206842587305885	0.00234723469368458	-0.00114267742884618	-7.95769503668538E-4	7.79214925231451E-4	0.00489845833290827	0.00150599069704198	1.48296342861363E-4	0.00196940187129949	0.00344361105633881	0.00169213767290674	-0.00186939490260297	9.53058116909024E-4	0.00100313622178316	0.00164327523686781	8.41281378363265E-4	0.00133400152057115	0.00342684956960121	3.05405664452055E-4	4.79085107986016E-4	0.00187863988458542	0.00293488313415428	9.04015418199858E-4	0.00221459216142063	-6.50493161317692E-4	-2.64542001389381E-4	0.00109454763491456	0.00122812004572013	0.00185844212133828	0.00186680498500244	2.89728277857402E-4	9.84827894201339E-4	0.00109832401099389	8.03453447606823E-4	5.65386636749406E-4	0.0027604073915293	-9.53277383866287E-4	4.85834060732004E-4	9.8900859668543E-4	1.54715174328832E-4	0.00136147187056568	0.00100012603749621	0.00196327307914843	0.00196167612831992	9.76169243307984E-4	3.06508261444775E-4	4.66466319985019E-4	3.58604051313246E-4	-6.03527134051162E-4	0.00179607088405625	0.00114564135240948	-8.11975555664301E-5	8.687354564202E-4	0.00123302612006519	8.23119694424313E-4	4.1153717633695E-4	6.3162368244165E-4	6.49829254530254E-5	4.08743251859635E-4	5.48756496576323E-4	8.89471356777912E-4	6.92414229837854E-4	3.82415785233218E-4	9.51223813337377E-4	2.69046423184965E-4	4.84299500190033E-4	5.6450803299226E-4	5.89072907155716E-4	5.40544510719817E-4	2.54336647752486E-4	3.16940847324175E-4	7.58181084672052E-4	9.41038285939194E-5	7.7118845405963E-4	5.96753934450824E-4	2.8923894531523E-4	5.60378368892214E-4	-5.86247201715453E-5	1.71468967320676E-4	8.73894805747044E-4	0.00119428413140933	0.00133829848147299	9.65004364491148E-4	-1.58780380912809E-4	0.00140053001878125	0.00123004773515157	4.09530640715244E-4	0.00134163400842664	0.00131196817365535	5.33961351542461E-4	5.28687610469468E-4	6.05585403052065E-4	-6.18884716177937E-5	0.00101577003963768	0.00223260354329363	0.00173268163738388	0.00241187610139679	8.33300474934268E-4	9.05742792021544E-4	0	0	0	0	0	0	0	0	0	0	6.87983189544183E-4	9.85836524738927E-4	0.00138876576837352	8.38343253051789E-4	2.6889709893557E-4	5.61674224136555E-4	3.1975686206764E-4	0.00172742222804662	7.1536606386792E-4	0.00105602033106085	0.00110572451956543	0.0016568956948031	9.21147808588194E-4	7.1276643033027E-4	4.50882514809549E-4	5.07335859883148E-4	0.00139946580374064	8.96146409500982E-4	2.20426029404755E-4	0.00119707380331844	-2.82684116176642E-5	8.64787593128233E-4	0.00108894156961133	4.82911292352508E-4	0.00142625907804149	0.00127485599509332	6.86567112774423E-4	0.00143956662591526	5.1426581178018E-4	0.00168356652984229	0.00110887604679591	0.00156404717245058	0.00184829071924729	0.00116825425007635	-1.14978892023421E-4	0.00117961550670129	1.20648292507212E-4	0.00164953699993547	0.00186480948856179	7.42548592179705E-4	0.00234754991161917	9.7965895488853E-4	0.0017418621234535	0.0048764403644597	0.00137285079532955	0.0034450866105355	1.76371703223788E-4	0.00291247402410558	0.00459673927733185	0.00333475792414118	-4.41235374327443E-4	0.00311431518959598	0.00123738517960282	7.84010408094113E-4	0.00201195023661396	0.00230755874209079	0.00304527922669757	-0.00204495544687865	0.00598937066553817	0.00621767732474567	0.00257237278961702	0.00372129586564689	6.63527388604995E-4	0.00313424158397366	0.00331413938849145	0.00535722440549736	2.65263951103899E-4	0.00794890038305172	0.00526798283252661	0.0118590686042007	0.0189122755044154	0.00432990939054347	0.0173745911310628	0.0285009745451022	0.0135451018578463
784.404	0.00781983108945008	0.0167501578083547	0.00265567364558445	-2.40506602402653E-4	0.00870522628384152	0.00404836827768102	0.00852157552867966	0.00604185168739685	0.00112280833774326	0.00415850316793484	-9.00661726516761E-7	0.00527901559469025	9.16319641499354E-4	-0.00341232443813897	0.00246151210813704	-0.00293641238365958	0.00374596265348076	0.00489242653512589	-6.68272623314411E-4	0.00364055727272979	0.00146532068871182	6.38339680576182E-4	6.19137948710426E-4	0.00966694701818055	0.00641801109325501	9.69129969097201E-4	-1.37138150315455E-4	0.00618891565261556	0.00273134250070404	-0.00308339877754464	0.00104993996671073	-0.00165505729326144	0.00173144326595731	0.00169154231111346	8.27451586108455E-4	0.00498022073028305	0.00147305040477814	-0.00143846673106248	-0.00151421287575179	0.00457483612617795	0.00568360835146458	1.04716303019476E-4	-8.27870527438069E-4	0.00328889272771742	-0.00173090323630587	0.00392501088480591	-0.00148931813151945	0.00322587875015902	3.83797614450199E-4	-0.00357297016126524	8.28628329555804E-4	8.07872429429483E-4	-6.98669951773086E-4	0.00417071213484795	4.97343109287718E-4	0.00137678612934638	0.00332516866134766	-9.3198243802131E-4	0.00160541558662802	0.00120327783984478	-0.00125891518643082	0.00211280357297349	-2.14970716852154E-4	-0.00407804163205518	0.00207267780570821	8.8271661820868E-4	-0.00186883134426868	0.00203600542684642	9.02965521097307E-4	-0.00113883500033621	8.68295185591361E-4	6.01467824499545E-7	1.19238198341008E-4	0.00116817493236197	0.00160423293634803	-0.00129282358132818	8.81458307170383E-4	0.00129485729462222	0.00328137720764357	3.63673348930602E-4	-0.00107089541951716	4.48342990078212E-4	5.85749051111505E-4	0.00157195810679051	0.00130093368338206	0.00122458482018547	-0.00114897679278107	0.00168156842387102	0.00147305211018345	2.87632778051369E-4	0.00156671943611	0.00156968558857659	-2.68678553590212E-4	4.88926926122459E-4	-9.96609655572948E-4	8.6912589373187E-4	8.14185303892856E-4	9.33728501279776E-4	0.00202880339626984	6.62133142885786E-4	8.06831149458729E-4	7.1076748608132E-4	-2.6168236146251E-4	0.00112472147896728	0.001977571129493	7.99215191164794E-4	3.39559458227495E-4	-1.96788234284188E-4	2.52077433760527E-4	8.34989907928812E-4	1.31044734752537E-4	6.00104090347632E-4	-1.40491915551597E-4	6.30933431999578E-4	-7.76599553568788E-4	1.48598989279828E-4	-1.29423993940903E-4	7.45102552175195E-5	-1.43019049187046E-4	5.80958248522984E-4	-2.93046529818986E-4	-1.39446717225196E-4	-3.21018647293695E-4	6.55890879180239E-4	3.55858654411137E-4	-1.51496744817875E-4	-1.37871558293711E-4	8.51779661432701E-4	0.00134807826561462	2.06926444809118E-4	1.74477214530483E-4	7.15680334823117E-4	0.00124106557983897	9.15281856379808E-4	0.00122466659492529	-6.70931315457302E-4	6.70806496523647E-4	9.23216764431871E-4	2.77007381068006E-4	8.512030509031E-4	3.53655154736107E-4	7.9931271171953E-4	0.00110255388681616	6.76456618916854E-4	9.45941867161338E-4	0.00135356461371547	9.88308367107549E-5	0.00119509534536071	1.31277217012833E-4	0	0	0	0	0	0	0	0	0	0	6.26157292195722E-4	-3.65978208860181E-4	2.7802545894344E-5	0.00100124150401361	-4.42427010209024E-4	8.23948798835742E-4	2.45426195496126E-4	0.00146592852948312	0.00108216235691058	0.00126834600717463	0.00121062168881028	5.89854352664577E-4	4.81229365906283E-4	-1.06691059989935E-4	6.94838956768149E-4	4.55705987294541E-4	0.00110442357314133	-5.1488155638698E-4	-5.7360134579842E-4	7.72136356556115E-4	6.4194504530311E-4	4.52401721875859E-4	0.00155106749604072	0.00175560616207453	2.69094398037156E-4	-2.75776387531877E-4	2.83281348385231E-4	-3.23631198805269E-4	2.6558990991968E-4	9.17737779655413E-4	2.78518709739553E-4	3.20537355855503E-4	1.45279944175716E-4	4.06079237530914E-4	4.50383940027798E-4	6.12306347813798E-4	7.42349920416408E-4	0.00119784661076534	0.00126592032535937	-5.44359195163473E-4	0.00120503575755834	7.09437474401421E-4	-0.00105442100164258	0.00218010836233949	-9.86637441658835E-5	0.00143004578405672	-5.89907846416642E-4	3.94606148924608E-4	0.00107225240187031	6.26167897425938E-7	5.32344394110074E-4	0.00275145587862864	2.2417776645077E-4	0.00150268626372478	0.00376945444891875	6.19414522254853E-4	0.00287887981756459	0.00117226659745566	0.00185369518970602	-0.00131140134641001	-1.14980755632977E-4	0.00619155305255259	0.00219840685960666	0.00256873007586248	0.00402177275577572	0.00991924330592865	0.00357406949069735	-0.00449288355057511	0.00504881802237314	0.0053812070944995	0.00635263593144695	0.00489038102922517	0.0162161732078773	-0.00244101645178917	-0.00454381268730677	0.00874916624146802	-0.0016036342358
789.169	-0.00233621762483012	-0.0149091175212094	0.00106826363182143	9.70988974718224E-4	-0.00856523545524767	-2.02772281519841E-4	0.00195428294510012	0.00209373108809784	-0.00716938079225063	0.00362591487622893	0.00423357973874903	0.0019029174886285	-0.00222317021869726	-0.00163092347400499	-0.00373313238638891	-0.00558461889826356	-0.00395778156390874	-0.00357620435720865	0.00168925832973765	-0.00584624544097701	-0.00493225367022964	0.00627657215293366	0.00172366799807363	-0.00360508715510804	-0.00172791629312414	0.00111950217647005	-0.00472443551743753	0.00305623469274486	0.00413570389806289	-0.0014908081796398	0.00158323897259533	6.42744328621974E-4	0.00362227254864281	0.00219731565989711	-0.00286382011860705	-1.17123259506482E-4	-0.00182919839571884	0.00312750317200873	-0.00174728227630494	0.00236322919448635	-1.05427468455611E-4	-0.00158020285754489	-0.00156948729748602	6.23017104240339E-4	0.0010286247967271	0.00203260515210828	2.01290224776851E-4	-0.00167680256734082	0.00164675847041901	-0.00142470061848766	-0.00371541408727072	-0.00181238900815347	-0.00220911034820534	-4.30202052383383E-4	4.18225538530276E-4	-0.00146929126510657	0.0011194173183162	0.00164807558212355	-0.00100329920682643	3.03519966314689E-4	0.00231710384744899	-9.56421302127582E-4	-5.04852333153254E-4	4.9686581348619E-4	0.00132520693596926	-0.00315403187340397	0.00121320459686056	-9.28964836811662E-4	3.90044999887554E-4	-6.38856640144566E-4	0.00131538960017688	-0.00184092810590045	-6.62141025911245E-4	0.00123900702549185	-0.00115677283977525	-0.00181639595693603	-0.0028357217365662	-1.64096441510972E-4	-9.07962120852404E-4	4.71791062506164E-4	-0.00118513980637846	1.51322969297447E-4	-5.92078013402456E-4	1.44400764375738E-4	1.87715269197498E-4	-2.74870985502058E-4	-0.00102662455938546	-0.00156751194801349	-0.00101986175678257	3.73816008539899E-4	-6.49272963239711E-4	3.96045961213145E-4	1.1647488232162E-4	0.00151872647956383	3.72459424853786E-4	3.63952880506653E-5	4.28885676054608E-4	8.95813598618677E-9	0.00122894008152704	4.67953502512175E-4	0.00143378394776777	-8.11348736827806E-4	4.99279482366337E-4	-7.20246770108834E-4	-7.82645426642683E-4	-8.05008861628259E-5	-8.17605256306149E-4	-1.24207672074697E-4	5.78395154587446E-4	1.99682983834904E-4	-1.76532985498911E-4	-3.24614702298645E-4	4.05326701277234E-5	-4.36869697020736E-4	8.16649051577595E-5	-7.50262737490735E-5	-5.6627700147644E-4	2.70522545208235E-4	2.89308946136466E-4	-1.88460777429094E-7	-6.10399387748725E-4	7.21569333104663E-4	2.38006589443478E-4	-0.00146253471206507	-3.59474762718174E-4	-0.00122434444925213	1.39015615389818E-4	-6.22614183278254E-4	3.01140243610524E-5	-2.08914573110449E-4	2.64292810717996E-4	-5.7868938834619E-5	-5.41081799542826E-4	-3.36286940415125E-4	7.9694452033956E-4	3.7955378935635E-4	-8.12739858410381E-4	7.1269276237186E-4	-2.75939631764635E-5	-0.00100313964542114	-8.23456107491418E-4	-1.72996642915285E-4	4.51285961129131E-4	4.96729738219928E-4	-0.00143301481324673	-4.55438884729108E-4	-1.98970834618228E-4	-6.03364445053995E-4	0	0	0	0	0	0	0	0	0	0	4.96653769832148E-4	-4.60117298574549E-4	-2.8414915866123E-4	-5.92486269586204E-4	-3.65032413367808E-4	2.23353582926389E-4	0.00119188086106587	-6.3349305198583E-4	-8.22047257834293E-4	-4.91773828100056E-4	2.99676115966795E-4	5.70440507623747E-4	-9.20298109695063E-4	-1.88970113129511E-4	-7.5528097826571E-4	-1.34763087523707E-4	8.12588193150875E-5	-1.906942713978E-4	-4.92459577402018E-4	-0.00118602425263509	-3.61908523888507E-4	3.10413880750774E-4	1.14261443057489E-4	-0.00124713740180499	2.95355525490446E-5	6.03104620574513E-5	6.19453312400053E-5	0.00101731306349242	-5.22916580466751E-4	4.69309560617767E-4	4.46233164214347E-4	-1.40669308778331E-4	0.00100699463402852	2.56686083418419E-4	-5.22258494009199E-4	-0.0014404304330805	-0.00127514118815758	6.31177256326767E-4	-0.00137077649289731	4.12345888273946E-4	-6.76528113689971E-4	-1.30341064058503E-4	1.79357069406324E-4	-7.86967259070966E-4	-4.30652637519522E-4	-0.00114118026388199	-0.00128838792663162	-0.00108309280180029	-0.00148128216568575	6.04041147710889E-5	-0.00235117403406644	-4.70341704049789E-4	-0.00113974397472723	-0.00143388803767152	-0.00471044283787277	0.00245291461435026	1.78341273025905E-4	0.00300063522567445	-0.00108428181097065	-0.00270657086549705	4.41864569590092E-4	0.00259882379377476	5.13889664864671E-4	0.00526784938370629	-0.00137201189707234	-0.0033840226274479	-0.0103952058420658	0.00743034041053866	0.0035820244670358	-0.00912452904497561	-0.00180856576718809	0.00405270417331189	-7.60879762686151E-4	0.00991246454169182	0.0128176266866069	-0.00344067458024999	0.0122333265440089	-0.00981258322824681
793.936	-0.00902520541277412	-0.0194635542572174	-0.00441631084055674	-0.00699323522604802	-0.00813620963079098	-0.00609300880694658	-0.00482869088418475	-0.00392463927872395	0.0011634186204383	0.00195945955501681	-0.00970950884894013	-0.00528748207757538	-0.00171590149866113	-0.00765001760288645	-0.00969594499956045	5.31852866937518E-4	-0.00831991071112348	-0.00788655231372335	-6.96864856326338E-4	-0.00138328246832411	0.00422879926917469	-0.00877726352851948	-0.00177084156111432	-0.00494530033505873	0.00162721777943941	0.0041736561637981	-0.00528994253736824	-0.00700457902021882	-0.00269642246425696	-0.0026468423976387	-0.00435187286856634	-0.00172004397698521	-2.57459150775083E-4	-0.00652227392277134	-0.00159623484533865	-3.61318888975089E-4	-0.00129475432329064	-0.00574344652224213	-0.00550608759951498	1.10310869845443E-4	8.7336651662836E-4	-1.11737711887954E-4	-0.00118391538975525	0.00117324058728321	-0.0022213652894042	-0.00554351750156924	-0.00443318311189275	-0.00223378973747445	-6.97377346237647E-4	-0.00293008398087914	-0.00133864438036024	-0.00233037974902073	-0.00354282099040808	-0.00283067000679518	-0.0032745425013287	-2.53501386233708E-4	-8.32340394956777E-5	-0.00185727402424117	-0.00198611716180275	-1.57801563078065E-4	-0.0055398264994077	-0.00325372247634562	-0.00297370285234792	-0.00328683277411532	-0.00287100309150213	-0.00134014349119299	6.90264651690394E-5	-0.00361619078282708	0.00194089999261363	-0.00328585915856628	-0.00109627671148009	-0.0029042400861806	-8.05074482510969E-4	-0.00236696328447161	-0.00392862515729509	-0.00186870604921537	4.00024247884136E-4	-0.00140076047702123	-0.00142960572040339	-0.0013489034310174	-0.00169554321702	-5.18610917403074E-4	-0.00324623944847022	-0.00306711452835663	0.00120580418683669	-0.00315634940234158	-8.27004747261641E-4	-5.37534252526321E-4	-0.00170484090697451	-0.00140912046035244	7.51491456948117E-4	-0.00110116573557482	-9.17621522654759E-4	-7.81384107847386E-4	-0.00149575978256434	-0.00105322603020306	-0.00121357031216627	-0.0021907216978482	-0.00147536905989759	-8.94375474618391E-4	-0.00100560987464816	-7.70434395267047E-4	-0.00126883088781452	-2.85110735245853E-5	-0.00113838501945171	-7.75191545683017E-4	-0.00119375912576895	-1.27406310770875E-4	3.80836163595708E-4	-0.00127812133488535	-2.72334644972412E-4	-2.89634731018908E-4	-8.96469492439651E-4	-0.00144182520313734	-4.87355663243136E-4	-2.77841196137771E-4	-7.16890607858584E-4	-2.1700595783397E-4	-8.29512764837312E-5	-1.07159644374456E-4	-0.00144586470725535	-8.30037129649198E-5	-0.00106741605242138	-8.69562208781576E-4	-0.00106054169000339	-5.51260205415367E-4	-8.29687116711135E-4	-6.10458714700961E-4	4.34769391892025E-4	-0.00202983488108393	-9.67028803883445E-4	1.78311118111294E-4	-5.85613178734656E-4	-5.76125108671175E-4	-3.95949567930422E-4	-4.74414065498809E-4	-0.00164444695624164	-3.38813883687162E-4	-6.32430686159684E-4	-0.00120920507130651	-0.00129918931478379	-0.00180844465380939	-2.17252160954053E-4	-0.00143745776533336	-4.58610170770629E-4	3.01017138401739E-4	-2.34034265441118E-7	0	0	0	0	0	0	0	0	0	0	-6.11862589001654E-4	-3.00699926272252E-4	-8.57584127638025E-4	-0.00146164248262595	-2.32393119130288E-4	-2.60114878605673E-4	-0.00126372208663509	-0.0011986701383754	-7.93539510645061E-4	-0.00234028917427574	-5.06184457662571E-4	-1.96403857935055E-4	4.19027214750475E-4	-0.00116976553876101	-2.77607984993602E-4	-0.00180310991786068	-0.00122103074507938	-0.00128066895096304	-6.9976645988743E-4	-0.00140761114081405	-5.10869319551957E-4	-3.43676950907056E-4	-3.47738492452133E-4	-5.88386188396818E-5	-0.00155148558117415	-5.16734153063529E-4	-6.5177764712261E-4	-0.00159146023612286	-5.55863299498761E-4	-0.00131112026835774	-6.5518734884802E-4	-0.00155367672486176	-1.08772717864133E-4	-5.17897937413834E-4	-0.00105644093010726	-4.98800069016057E-4	-0.00171548112419853	-2.78254574850141E-4	-0.00186668201633765	-0.0031933929157663	-9.75574674439243E-4	-5.21966309315917E-4	-0.00151992066105365	-0.00105951530823926	-3.33295278359303E-4	-0.00221525675141618	-0.00127668203313081	-0.0024931850291157	-0.00128098208052629	5.27293496814957E-4	-0.00291004186036429	-0.0015698951234123	-0.0011780700842895	-0.00263816266587523	-0.00108729537370227	-4.92040509350014E-4	-0.00382838074444995	-0.00202081667905897	-0.00125385242151504	-0.0052746650110364	0.0037473577361312	-0.00238415169879775	-0.0035214916221308	-0.00419564295804153	0.00199398438341373	-0.00831895083164758	-0.00348499858887661	0.00213629741418429	-0.00742671121093747	-0.00786079438077754	-0.00165730272544932	-0.00900389936218671	-0.0187514201115101	-0.016805464876495	-0.0226059060672779	0.0020251449173518	-0.0106461633424793	-0.0363518302103615	0.00166866716544985
798.703	0.00418864035115428	0.0178839581042169	0.00904433794636614	0.00471613986470535	0.00179885546239268	0.0100280669978807	0.00440137934560372	0.00253362405896381	0.011199063993741	0.00995203067785959	0.0133943185596067	0.00758843839251274	0.00929080714187438	0.00741688782263412	0.00727368579964913	0.00660594601626798	0.00193819709026874	3.48447487730319E-4	0.00587074417134996	0.00769022395063659	0.0030267387750172	0.00312602218467239	0.00208043638485998	0.0124382477142024	1.50024743086121E-4	0.00830130317789402	0.00753081452086799	0.00781404338767633	0.00704760601458509	-0.00165791763278873	0.00418958583684111	0.00657077923898329	0.00395981945491786	0.00124869543218511	0.00183073396820646	0.00526148350764297	0.00631533192381978	6.85141489509033E-4	0.00413334668229463	0.00593189905043103	0.00413074220282123	0.0076569155144729	0.00502931119826664	0.0027583807921837	0.00536188539059991	0.00353555847274384	0.0037953121545643	0.00343160748673699	7.9264099765255E-4	0.0047571798675897	-3.79609244736326E-4	4.63658522568315E-4	0.00551056241621707	0.00246186791943453	0.00411104131588998	0.0046796533208724	0.00302626888457298	0.00337147638461598	0.00213253458149472	0.00178666801989922	0.00290632479005288	0.00240721359890738	0.00184820864942365	0.00406611307077873	0.00627848482138072	0.00385625899480094	0.00103379976741561	0.00372998026483	0.00266370113989936	0.002547817430705	0.0028821949272557	0.00307527738510944	0.00153888331110857	-1.80957256248421E-4	0.0026037565169058	0.00296052685945815	0.0031840976642008	-3.32965052877702E-4	0.00311337700834146	0.00171648686273584	-2.62577913768938E-4	0.0024204103569353	0.00267010792412819	3.44192219998211E-4	4.86243722475787E-5	0.00248229467575466	0.00369677217149113	0.00155859187515339	0.00126013381898859	0.00106098681027602	0.00145146982423257	8.91778822440231E-4	0.00142763627850291	0.00194154118216556	0.00175348874635463	0.00201977707410658	6.94530705592572E-4	0.00367714921057906	6.28652610322429E-4	9.91367915199784E-4	0.00179920124264697	0.00162745479469087	0.00165174380113854	0.00104816335637141	0.00124196822915068	0.00104561668816247	0.00207667429026867	0.00109182100562229	0.00132459709175078	0.00142922465422892	1.80254046650479E-4	3.09834415320156E-4	0.00113985499054331	0.00121006265264715	5.17837745115069E-4	6.59789617893046E-4	3.41483358584932E-4	7.69557931378805E-4	7.71949194303731E-4	0.00178230191568927	4.73134009853085E-4	0.00129176073876694	5.75369528651917E-4	0.00198564381207061	4.41101443152643E-4	5.73170070628745E-4	6.27182405359976E-4	0.00151580275207332	0.00111304619263357	4.89444887076318E-4	0.00150119988895102	2.95609028932502E-4	3.20383735029776E-4	5.72767951588776E-4	0.00179863510489762	0.00144188395618664	7.20449170526298E-4	0.00168224143800155	0.00317230252936147	0.00137757523522633	0.00131943017389897	0.00185642157557093	0.00166171660811732	0.00130162225904789	0.00107496032617275	0.00149794504395772	0	0	0	0	0	0	0	0	0	0	0.00129823411047554	0.00109497696623316	3.58630404290731E-4	0.00217553653586765	7.26246172671388E-4	8.65760567317485E-4	3.73136385822987E-4	2.85660163108406E-5	0.00102116440408146	4.22910871685385E-4	0.00266292456084916	8.94263856950491E-4	0.00133710028228886	2.78182973605367E-5	0.00132890999109593	0.00173897921303687	0.00204062088086938	0.00151791211044484	0.00135634389601366	0.00211354940287764	0.00165155979682368	0.00172105125052891	0.00145206446524756	7.77765840899902E-4	6.71192428453894E-4	-1.18604928571218E-4	5.74260775474046E-4	0.00126532986952547	8.85934706131453E-4	0.00136537487645182	0.00130334570302759	0.00109694483761287	0.00193053181587048	0.00215698265386248	-3.67966636754348E-5	-3.74938669919418E-4	5.72089829712113E-4	0.00263571401593312	0.00221277582495139	0.00189563582570709	-4.12324120804866E-5	0.0010119769176258	0.0018160272458255	0.00195554372631382	0.00183168525730399	0.00118339298280988	0.00141923148472609	4.07704351151355E-7	0.00168620108232995	0.00127327559046172	0.00209768604387325	0.00319974970599972	0.00448491338830847	0.00199761948028848	0.00254950285362951	0.00216184866239567	0.00457207544575967	0.00294079031665509	0.00712486689930098	0.00431491644833225	0.00191455957118459	0.00531863383556381	0.00699937935942369	0.00603696632364467	0.00313079141072896	0.00779768228409438	0.0104515720918388	0.0105588759504052	0.00193267075563002	-0.0047763346335226	0.0148957532677186	0.00411797590110454	0.0114249055619603	0.0265785372698182	0.0291351357950829	0.0299676896097909	0.018150206126425	0.0176068241557183	0.0187616838409912	0.0350934957416
803.471	0.00269162269370111	0.0101176682942421	0.0133705820128293	0.00837666574402176	0.0151697266439692	0.0122258574111797	0.00450168165877262	0.00482645595515632	0.0057935764311414	0.00556527079277593	0.00650427396775435	1.47705407513801E-4	0.0110967127847627	0.0101546326582874	0.00968631599109577	0.0123242947522484	0.00198050684059218	0.0111071328360575	0.0137323768854472	0.00897404462642977	0.011480812611105	0.00592864181498541	-0.00179627410345925	0.00610657810409225	0.00607705036919005	0.00290084481472616	0.00661145700576266	0.0020242517884836	0.00878090266958409	0.00872265310405017	0.00486703915146944	0.00621220699465825	0.00373770605585019	0.00224637386029923	0.00302139716194933	0.00556317606781916	0.00420991833018166	0.00325629821018103	0.00519545651282356	0.00560473659544809	0.00432202327204251	0.00445034172880995	0.00176808961961265	0.00246810493828462	0.00323678965401387	0.0047592140723722	0.00223084740130515	0.00537424027390045	0.00549984532223467	0.00116537970052442	0.00327804531957964	0.00368498925479979	0.00298111571511319	0.00428639661206522	0.00391948446766061	0.00307263493592594	0.00269978884299641	0.00367257585192095	0.00260599711107663	0.00396554287139766	0.00447491957058979	0.00220095018706542	0.00177295497144699	0.00359558639147084	0.00107104195929944	-5.26052594891009E-4	0.00382663480799268	0.00335834052817054	0.00254720171875436	0.0026468656063259	0.00139312280176459	0.00320162475178333	0.00207825881281378	0.00321385077184099	0.00213027869072967	0.0030923400230696	0.00119416680664999	7.52758615563553E-4	0.00237848847710416	0.00177065124973159	0.00339735272396456	0.00212625543260393	0.00181439320081495	0.00261959777840976	0.00161966782461448	0.00224832104965892	2.05171256338259E-4	0.00273944780857926	0.00192374004794578	0.0012418746531578	0.00208432994529227	1.21855721633801E-4	0.001398299334172	0.001252687403828	0.00168715232349007	0.00193607349292986	0.00120673400357443	1.87626186494648E-4	0.0014671088538457	0.00146171467054763	0.0013751129677174	0.00158032601852532	0.00196024539696452	7.01239675231054E-4	0.0014495197232598	0.00185764657569651	8.09116215605581E-5	0.00133377899302882	0.00126016702768594	6.46883639318087E-4	6.59525028478478E-4	0.00127855095843647	0.00129062937173102	5.72629323807928E-4	9.90218882168404E-4	9.09497837962209E-4	3.67613997470628E-4	8.07906906026964E-4	3.4530871812634E-4	-2.62746271144496E-5	4.54134685339873E-4	8.77077980270983E-4	0.00109485296810983	0.00110430651063645	0.00125032003519947	8.80639885702747E-4	0.00151489688275484	0.00127351859826766	0.00173989174777881	0.00119308970792067	0.00135186352093933	2.88444192303622E-4	9.39521899534991E-4	1.93536957240612E-4	0.00210870241982561	0.00114428179746492	0.00122615236813558	0.00149328101659948	0.00167243566192683	8.79634409583877E-4	6.53101576545121E-4	0.00139308436560595	0.00120054266666916	0.00159639407715573	0.00197844937253773	0	0	0	0	0	0	0	0	0	0	3.75732828449444E-4	2.78413860348311E-4	0.001688382929123	0.00154705458231199	0.00169815165613744	6.76180799700809E-4	0.00106062019743986	0.0013787100375488	0.00100684325615899	0.0013192667873371	7.39917178110894E-4	7.77943787480421E-4	0.00142496753217335	9.82282397878281E-4	0.00154235403723124	6.85620074772452E-4	0.00182255346213286	0.00171723784562462	7.24836339795662E-4	0.00114221519474316	0.00114768191662831	0.00157512273954668	3.387510449809E-4	0.0018371747726723	0.00118821756130234	0.00111647033126412	7.56574391927603E-4	0.00217620456845573	9.49394438035292E-4	0.00161427101323371	0.00146344872766638	0.00240711674116402	0.00177467520607755	0.00113242017151856	0.00102501989717601	0.00135205204008495	0.00137894224806626	2.86142161747658E-4	0.00174482634023312	0.0013341413976728	0.00323790042049918	0.00123733157896427	0.00183494206002082	0.00194654854089594	0.00120018813522791	0.00144295463017231	0.00124313101852003	0.00201965418164615	0.00270200745414944	0.00340230399704636	0.00153701563968839	0.00419672541727448	0.00263169258027224	0.00219431687380006	0.004597237919233	7.10532071960444E-4	0.00225844765854308	0.00294041317350352	0.00512679467940957	0.00671637753068283	0.00208635369514906	0.00552176462358786	0.00375016659494901	0.00736850366236796	0.00335240775901533	0.00753218505238408	0.00457385704508965	0.00444866635190145	0.0107747345512646	0.00362546679068779	0.00912125099530221	0.013007536795979	0.00926772655913206	0.0125067250925515	0.0189043265443306	0.0221511754078853	0.0274428939385044	0.0351759170152227	0.0202644407736416	0.0307633381877894	0.0332137844277219
808.24	0.00673604815131969	0.00484186798741451	0.00761176471825434	0.00782269854043916	0.00252875651295707	6.30241806341434E-4	0.00495403157271173	-0.00102061068354437	0.00623056650238286	0.007614932911761	0.00473306766376118	0.00540484189796393	0.00555035173383003	8.3685450888467E-4	0.00164059026079115	2.73218615761903E-4	0.0120155111304116	-2.59831570562566E-4	0.00518518856859231	0.00564468395388601	0.00630862011964844	0.0092663201151108	0.00492342134386722	0.00242065059980405	0.0034272630339485	0.00536987497714375	0.00362434837638878	0.00575526943998518	0.00433770539402918	-0.00186573248991274	0.00527430090088821	0.00493124463616634	0.00450492529804356	0.00187485993694201	0.0026554583734966	0.00197446475235057	0.00465045690850141	0.00882753891430099	0.00268417442018832	0.00123654028885901	3.27543729076784E-4	8.10597649791683E-4	0.0021691266749259	0.00191197627966735	0.00260470607377469	0.0029656943274531	0.00315636716944256	0.00492137416824192	0.00260137214186504	0.00269469704739486	0.00156864329399403	4.17901077138164E-4	-3.35567098128635E-4	-3.95226265094002E-4	0.00469366420573499	0.00144303077144109	0.00214825561930997	-9.62483653504367E-4	0.00106683669865627	7.02500570674365E-4	0.00120625416175364	0.00169332050637903	0.00127569036462769	5.45707368239242E-5	0.00176700463667339	0.00289367239482392	0.00129321062772799	9.67312385834129E-4	0.0041968518415289	0.00151962866282735	0.0011536669986006	0.00113055753917634	-1.84770127224804E-4	7.24610742087505E-4	-9.31658563335241E-4	-0.00143727374650733	0.00204807932477437	0.00246568120906999	4.51757232773454E-4	-5.63104858222432E-4	-3.93313600447402E-4	0.00197189929005173	0.00109810128692607	0.00199256584302041	4.6781316355207E-4	0.0010894532366507	0.0012327659795103	6.01690493866842E-4	0.00101086961792712	1.91407500695361E-4	0.0016807867258815	3.09478609935528E-5	0.00145810804556992	5.24578467941097E-4	-1.4259315629613E-4	2.53069535001333E-4	0.00104238050240976	0.00179487921817566	-2.09391564351758E-4	4.36322366821355E-4	9.25276044287179E-4	6.94345877046189E-4	3.38031236102665E-4	4.67596441811236E-4	4.97331623997115E-4	4.12968391533582E-4	6.07103299171332E-4	-3.04913699312542E-4	4.7934291659601E-4	0.00100457698005717	4.05940118484198E-4	0.0011791014969343	6.53149298827065E-4	2.09427302297959E-4	6.0169193256773E-4	2.64821451837308E-4	4.56764588837522E-4	8.54566315951549E-4	4.68466321089677E-4	4.23954669244046E-4	4.54460781351594E-4	4.62041376492608E-4	3.4884645865066E-4	8.0650663118795E-4	3.49722245752546E-4	7.04700088563765E-4	-2.12110807460634E-4	0.0010701074160514	0.00164722072476933	9.64012597345205E-4	0.0014190730712534	-2.88326789417195E-4	-3.71772767656445E-4	-1.28457310742456E-4	4.00867913270338E-4	3.1240583147232E-4	6.23817387574152E-4	0.00145191087767171	6.64952606420771E-4	8.57903155442652E-4	8.63732594726429E-4	7.29892641252181E-4	2.31270734050213E-4	0	0	0	0	0	0	0	0	0	0	4.03889340213188E-4	4.49581376604784E-4	9.86429676026386E-4	3.02075589887946E-4	9.13179121960633E-4	9.41807317630371E-4	0.00149995279330271	-2.15728440038156E-5	6.4962339826785E-4	0.00122826907045961	9.64092910783071E-4	4.26242759967208E-4	5.50225752049843E-4	5.88939115640009E-4	0.00117393767545889	6.48508518038797E-4	8.13003144657212E-4	0.00116369829924358	6.62744706216781E-4	8.48568669627457E-4	9.93966114571115E-4	8.10028811283934E-4	0.00114775132192056	8.61243561338925E-4	3.81120125383096E-4	2.56370082665736E-4	8.21299513989615E-4	6.59853382653274E-5	7.34457023961705E-4	2.497022633752E-4	0.00108829518958499	0.00175694315260797	1.4633035646526E-4	7.02143460050705E-4	5.91614765525651E-4	0.00131691539517425	0.00116000725397462	-5.52321692495271E-5	0.00166053201155175	0.00154532513701152	7.26967659900762E-4	9.19154482900796E-4	0.00127129697812552	6.18701830564128E-4	9.8082534925338E-4	6.16470974878377E-4	9.33890522461458E-4	0.00192420457426613	0.00181152380479084	5.87215159069054E-4	2.67123257449485E-4	4.74910306204484E-4	-4.15921098637038E-5	1.31440809801029E-4	0.00110870292859738	0.00268262604551717	0.00268663445992492	3.2787579987692E-4	0.00318448419384463	0.00208224959034537	8.43752022816135E-4	0.00123327360163653	0.00561207354285296	0.00302448993570861	-0.00151932226750068	0.0026259931356795	0.00308208301847745	0.0013726819778353	0.00287313921645752	-0.00444580829012423	0.00376650037597412	0.0056549274855984	0.00553978184832496	-1.81451889959097E-4	0.00597515860123933	0.00370668355772262	0.00984756333421484	2.9161650872001E-4	0.022156198564355	0.0158887648907467	3.2758437263368E-5	0.0198188531992213	6.33378115807506E-6
813.01	-0.00268956937712867	-0.00175743249004667	0.0100821227040946	0.00447081240383623	0.0084293430064229	0.00658319109665855	0.00225251404194399	0.00365588660574257	0.00739218341622622	0.00263672630126836	0.0113844618092705	7.3271883843873E-4	0.0049785646134363	0.00473004715052018	0.00736720153540843	-5.36351548189203E-4	0.00132288573010294	0.00483408945015278	0.00738737427928602	-0.00217817472094063	0.00555145742955271	0.00506398282965211	0.00456114711035383	-0.00138368730118982	-0.00143754653536216	0.00161311370171271	2.14843402890571E-6	-0.00202627600205215	0.00592437265513345	0.00176745940127598	0.00152039270826833	0.00572136189377091	0.00642220591217973	0.00402211112986809	0.00192375321973154	0.00448729518870221	0.00412512379910202	0.00471316468725102	6.71958056356618E-4	3.29903234258459E-4	-4.88811842974564E-4	0.00493738901920858	-0.00304994457105692	0.00477794931754255	0.00473378038967555	0.00257485863290589	0.00269329543190265	0.00105998243802732	0.00453370192627379	0.00327847587320652	0.00171029620240272	0.00285133273758073	0.00494637579891429	0.0021756564350858	0.00212145050433195	5.0110139894447E-4	0.00251595524890525	0.00301119407013323	0.00242904663806976	0.00239111488736673	0.00286839281647154	0.00169322701713884	0.00205117854255863	7.62955086176247E-4	1.07048492786032E-4	0.00152587125910178	0.00165499531351912	0.00244280384089411	9.99684287906998E-4	3.43173147746867E-4	6.2502985591092E-4	0.00183670537391119	8.31489179630577E-4	4.52573079189672E-4	0.00159862640473181	0.00139396348565908	8.10722886774859E-4	0.00112838739060473	0.00369004371248382	5.63539292787024E-4	0.00162042391102645	-1.92559496144915E-4	-2.64376702134325E-4	3.3188785037107E-4	0.00161988346516892	-0.00126401229912257	0.0019862910295223	1.67047106563634E-4	0.00169588454676894	5.4131427311404E-4	6.23393453623257E-7	-1.52116744629424E-4	0.0010413847354683	-2.03973539217198E-4	8.86431494324172E-4	0.00176821857280304	-1.097289281464E-4	1.87465664074195E-4	0.00180794882945208	0.00112870532569031	7.00072261643787E-4	5.50639740945398E-4	0.00148730477713887	3.61382108446402E-4	2.90288059788132E-4	4.54104821060624E-4	6.67885113120636E-4	-1.14364780566868E-4	9.58521098693793E-4	6.4695416174595E-4	4.73446445066327E-4	0.0010961291069218	1.86629827482292E-4	5.58844373119507E-4	-2.50846894083937E-5	3.45442065058509E-4	6.68384476954514E-5	2.77305193564633E-4	7.52009753063668E-4	6.35561341155491E-4	4.11497161772504E-4	2.46544814174508E-4	0.00202444284525941	8.24274816116757E-4	0.00136056426347966	0.00111588797534855	6.61885605852539E-4	8.42005624537386E-4	0.00106749839527412	1.15053269182261E-4	0.00119419990289917	-1.77434695690212E-4	2.18422935398316E-4	7.94977470657739E-4	0.00145514359091454	1.87645759937095E-4	2.08232844348776E-5	5.26188629621861E-4	0.00141543774408595	7.69775044602761E-4	4.21399076450414E-4	1.75720897686031E-8	0	0	0	0	0	0	0	0	0	0	0.00152398151795327	2.61404748425013E-4	0.00146686972286061	2.36800873343719E-5	2.55058480168437E-4	4.3391052563794E-4	4.71205574285662E-4	1.76354731430686E-4	0.00113371029770843	3.89934829816773E-4	5.38695569494828E-4	7.71333521800111E-4	8.09137090196032E-4	4.65307293386149E-4	7.57114222425404E-4	-1.67647800086816E-4	1.46566516597895E-4	3.75282277180923E-4	8.1055708173939E-4	7.87101751956324E-4	6.83044463147968E-4	3.5232006410349E-4	0.00128772087604488	-6.88856727208618E-4	-1.47038114737755E-4	0.00129160988172428	4.27419681735593E-5	9.93891008724914E-4	-5.47186654089762E-4	3.33851572667078E-4	0.00158717292565619	9.95911508475274E-4	6.64830233900739E-4	0.00165878757736286	7.02192790301778E-4	-3.85862916497524E-4	5.00411234418248E-4	5.39712227041012E-4	8.55525227239963E-4	-8.43964213026919E-5	0.00114492758739211	0.00104711306406837	0.00219426936817385	0.00190711730121915	4.95010466164138E-4	0.00193018710494209	2.59593172302614E-4	9.67264202933273E-4	-3.43328285029197E-5	9.59065873900039E-4	0.00113882747710417	0.00140803637763376	0.00193888390556606	0.001661858711859	7.43285609504279E-4	5.08104994039722E-4	0.00180439604056544	0.00113646318281059	0.00131196148252837	0.0017955758794637	0.00385941256646416	0.00194726386732487	0.00651128977660244	0.00201471164984369	0.0027988288581379	-3.99130130915848E-4	0.00448940285621603	0.00335374307961018	0.00508712908829219	0.00202165495018299	0.00667294696647078	0.0035064588692643	-0.00420473407380468	0.0087981738774724	-0.00421381017999431	0.00308920563036037	0.00556025640278938	0.0163160886335881	0.0119532573291262	0.00826977561281459	0.0105933095834839	0.0158523417560366	0.0229443214368951	0.0106583163445818
817.78	0.00449695289452865	0.0105613110508078	0.0080318175168855	0.00614835475562988	0.00691339354553718	0.0109763508019115	0.00540464268002459	0.00863032354011715	0.00652245433279111	0.00820547513221579	0.00325637042863837	0.00438418713902745	0.00668982175557818	0.0069598750995883	0.00477815183730991	0.00616922898354813	0.0109621670570404	0.00758405344906621	0.00777589074783598	0.0056458114615297	0.0069408307509429	0.004696614571211	0.00600530005429365	0.00311364213312327	0.00464374839156849	0.00580465976784375	0.00149496924868696	0.0053318442313254	-2.11382822311038E-4	0.00301535680665748	0.00365395847744382	0.0044418147194525	0.00278024288791009	0.00664530464100065	0.00247289165064633	0.0070006850688105	0.0076340547060571	0.00471391723225756	0.0026001067486379	0.00577092290592155	0.00432397620002876	0.00113507924442183	0.0036953326044007	0.00501854649251888	0.00544567692933081	0.00140469735339801	0.00423374787656292	0.00325650037922608	0.0036434443886914	0.0014565054997775	-2.13071677504691E-4	0.00215631623650737	-7.45618639989629E-4	0.00237514280176319	0.00308685574570334	0.00163240223698065	0.00478716173249458	0.00391579929667291	0.00177754896089537	0.00349906944648496	0.00396087890508034	0.00457265384310303	0.00155460593031547	0.0014712400216161	0.00385575329152303	3.1575629545699E-4	0.00196563732578102	0.00193480964587362	0.00174965822374936	0.0034810344117231	0.0027880828485927	0.00447488626133802	0.00157068771782055	0.00208306463437863	0.00213267619247156	0.002570666700358	0.00192091546964796	0.00296824583269939	0.00258424415406595	-0.0010459367771591	0.00193683009530949	0.00247523703896705	0.00208056329368894	0.0021038607585689	0.0026645809534839	0.00115973677630776	0.00147300729038908	0.00173785550025782	0.00241336840145505	0.00200653660579842	0.00149481215417508	0.00164237886474093	1.78813197752713E-4	4.66543806489028E-4	0.00128751458608731	5.90243380814776E-4	0.00156373277330943	0.00155404974764036	0.00125779947668376	9.49360935871898E-4	0.0017008417000094	8.62106450611145E-4	0.00117207551231945	0.00114812364205195	7.04497876784189E-4	3.92601076712372E-4	1.6191266855678E-4	7.42969727199855E-4	4.7910971853968E-4	3.9187059187018E-4	2.87785378110816E-4	0.00142852191978501	2.17758355598755E-4	9.77074560810004E-5	1.6293614711432E-4	2.41834738945132E-4	2.78546609213044E-4	6.1231559510536E-4	8.6694436510766E-5	5.3000197131879E-4	8.65693094349157E-4	1.84992856708432E-4	7.14008809207544E-4	0.0015083250145548	6.81018827982859E-4	4.89954057991306E-4	6.41271718815356E-4	6.60910543428147E-4	9.98752577571914E-4	7.34671042136111E-4	9.91948975296083E-4	3.5502385511266E-4	0.0010489985404703	0.00191306726885237	-2.31704541758695E-4	0.00110317469221958	0.00122688649402329	8.20805703611997E-4	8.58472785580572E-4	9.2388394873186E-4	0.00151724553489597	0	0	0	0	0	0	0	0	0	0	0.00110688200275695	7.62555139893755E-4	1.19177487248753E-4	4.74615223584913E-5	6.81303558765233E-4	0.00118346086527461	0.00136959282187512	4.71060242491479E-4	8.6054527868014E-4	6.10507729319013E-4	9.31265852319362E-4	7.11120429617184E-4	1.07157797452742E-4	0.00100067181720889	6.76904654411302E-4	0.00124119289385159	6.71192206652294E-4	0.00138040528632454	3.75376608141154E-4	0.00135128579387008	9.73535553178019E-4	0.00211111567547152	0.00101504121658812	4.36289031201253E-4	3.75579933016346E-4	4.20245295637086E-4	9.95265437841477E-4	5.34232564469875E-4	9.51267978082937E-4	0.0010513741784802	0.00213683943815	0.00106586659571323	0.00104210983192384	0.00170969476357656	5.60962028971404E-4	7.52459868746598E-4	0.00118342358470786	5.26899487976563E-4	5.66681228386006E-4	0.00124195009745201	0.00132308669175357	0.001287891048167	0.00151245039554107	0.00100829414767889	0.00205838791152122	0.00133045773542836	0.00107592801938065	0.00146031878225937	0.00116743367452308	0.00281808079787146	9.23580662456548E-4	0.00128528733066801	9.90576765418868E-4	0.00166263534440994	0.00340695741974478	0.00135619146193305	8.32172411652194E-4	0.00161028045591455	0.00258471138604825	0.00218671320170367	0.00144869928474053	0.00465570883079013	0.00259656254983774	0.00267254518394176	0.0049653159651293	0.00310172234952746	-0.00135940150226893	0.00144038939353613	0.00598160342818924	0.00821795098323233	0.00681070923856254	0.0039826719514412	0.00727503141713657	0.00667262198145634	0.0104284457396647	0.0108139964956287	0.00597552707201479	0.0150622219977868	0.0256496050195876	0.0119562515047444	0.0142267542353299	0.0302695133900573	0.0312905804796584	0.0271215909870572	0.0131762946922494
822.552	0.00246774281060366	0.00396251993669971	0.00185117718112936	0.00260947038101896	-0.00488826323174467	0.00501883179898583	-0.00239939286532531	0.00497086781769527	0.00420203261844216	-7.30600829284723E-4	2.09401744530429E-6	-0.00189822105489089	0.00142353082214104	0.00403525930041322	-0.00340942992546257	0.00362539585768522	-0.0022440430490886	-3.89963485593925E-4	0.00207361484061022	6.3937214529802E-4	0.00189305690389857	0.00308990411929364	-0.00179950892520426	6.91993749970626E-4	0.00287337155500755	8.59344635440882E-4	0.00234547483462817	-0.00149216618459151	-0.00349087455556701	-0.00197513811316561	-0.00263497410287253	4.93103898482363E-4	0.00134232303534576	0.00112215770832	0.00238113059668696	-0.00116681141109652	-3.50691376459155E-4	4.28366940328527E-4	-1.68172476449815E-4	-3.29843149004058E-4	-0.00269248764047617	-0.00210385916458629	0.00112530385173538	-0.00222985968764158	-0.00394416997068969	0.00374539255003116	-7.62916842271646E-5	6.80947293293879E-4	0.00141260471987118	-0.00131190440880042	8.56021551514799E-4	-4.17225385375507E-4	0.00257721145698394	-0.00131939380337462	0.00173656899030473	-7.51941521805383E-4	-3.68134305699356E-4	4.82431553757882E-4	0.00183699720787502	-3.48429995622999E-4	-2.28806282547285E-4	0.00107258940990953	8.32250083157822E-4	-5.996336630956E-4	3.75034017813501E-4	-4.73628933839997E-4	-6.726478560323E-4	5.59998543817932E-4	-5.49389190371434E-4	-0.00142195249414489	-5.28536090789749E-4	-8.47631919270867E-4	-8.77756493173565E-4	-2.26299008855808E-4	4.47558422634159E-5	0.0014811661812198	-0.00140823708014459	0.00121231784477352	0.00110799664438987	-2.01389940011768E-4	8.69745096092005E-4	0.00131536849797654	7.568490308535E-5	-5.16586132695171E-4	1.80247535716205E-4	7.73543805496049E-4	5.13614781180717E-4	-5.01389009423457E-4	7.17601665503331E-4	-2.86676187980629E-4	4.36472508648588E-4	1.21897242426965E-4	6.84431657126527E-4	2.3316037909378E-4	-8.00794905469113E-4	9.26191127587122E-4	-2.74334851133962E-4	-8.04425507272989E-5	0.0016510506670983	-7.95291620764275E-4	4.7536957680178E-4	-5.26851648187503E-4	9.24118481310497E-4	5.31506528600551E-4	3.72849005131692E-4	-1.44567271542715E-4	4.0473294195662E-5	-7.24340445166891E-4	-4.43869855587287E-4	-8.49961739813974E-5	5.0779323803096E-5	-7.30813602114544E-4	4.66626639817373E-5	4.19204692162071E-4	1.25451980595079E-5	5.29764555742673E-4	6.68596589549484E-5	-4.04164878559509E-4	-2.2182885973508E-4	1.72669421197895E-4	-7.09220784076244E-5	-9.19856406194401E-5	3.31892010079228E-4	-1.57611076792831E-4	3.12977437250294E-4	-3.91077713599755E-4	5.76664578680751E-4	1.5940418503007E-4	9.27985253492384E-4	5.50723401798525E-4	1.80623078239248E-4	0.00124221899013477	-6.55586047865028E-5	6.01747228117668E-4	3.1639071865367E-4	2.29267068723412E-4	6.02864877677336E-4	8.20515617961412E-4	-4.29387722502557E-5	7.48022135652312E-4	0	0	0	0	0	0	0	0	0	0	-6.38795135279523E-4	0.00170776944999668	2.38289401514216E-4	4.27426421408197E-4	8.044535010379E-4	-9.15719701980233E-4	-4.8716212278268E-4	-1.34541201085649E-7	3.36492477476166E-4	-0.00116909716893002	6.54239023055124E-4	-2.60058108414258E-4	-4.29917515722547E-5	7.28594349689942E-4	8.50530620646106E-5	-2.32820706313442E-4	1.89415859926093E-4	9.22451176528477E-4	-6.24447657653202E-5	-2.0782790851951E-5	-3.94258976817731E-4	1.4496110319946E-4	-2.27392148571337E-4	-4.12306990454791E-5	1.03896292769241E-4	-8.34416198703659E-5	-2.31054155161281E-4	3.17719953042425E-4	-0.0011325986380633	-4.32328858110971E-5	-5.69173351174026E-4	-1.78080592860343E-4	2.94776905022361E-4	9.72708044630161E-4	2.13804618925434E-4	5.85449425500348E-4	-7.77539433235965E-4	0.00126070814879774	-1.31726477589366E-4	4.58639647429567E-4	1.65614298514642E-4	-1.12627019047808E-4	2.86248293536138E-4	-0.00107660470943575	5.93186338907889E-4	9.07668651526426E-5	0.00133059772589597	7.59547336692022E-4	0.00100603767238137	-3.00294959074763E-4	-5.49821719611545E-4	-6.39513495994468E-4	4.04019519628529E-4	6.12009801011387E-7	1.58277435574968E-4	-0.00108052637178695	-5.68569758679902E-4	2.36993610625939E-7	4.87701135219898E-4	0.00113703243250903	-8.20182131897513E-4	-6.94619622132818E-4	6.73120074651446E-4	0.0014931585147924	-0.00137174359415616	-0.0021591156511428	4.54309370166615E-4	-0.00247582904236397	6.77642047017021E-4	-0.00172094739725107	-7.80501013470132E-4	0.00276744832065818	0.0035126027110351	-1.27429875721252E-4	0.00638304055870019	-0.00260775729715008	-0.00421572547189218	0.00267560296152325	0.00324409211655443	0.00777318273170967	0.0131200817812815	0.00397417685112963	0.00908247861857047	0.0110188097506276	-0.0109513683900989	0.00438497556833284
