Sample - Blank	700	698	696	694	692	690	688	686	684	682	680	678	676	674	672	670	668	666	664	662	660	658	656	654	652	650	648	646	644	642	640	638	636	634	632	630	628	626	624	622	620	618	616	614	612	610	608	606	604	602	600	598	596	594	592	590	588	586	584	582	580	578	576	574	572	570	568	566	564	562	560	558	556	554	552	550	548	546	544	542	540	538	536	534	532	530	528	526	524	522	520	518	516	514	512	510	508	506	504	502	500	498	496	494	492	490	488	486	484	482	480	478	476	474	472	470	468	466	464	462	460	458	456	454	452	450	448	446	444	442	440	438	436	434	432	430	428	426	424	422	420	418	416	414	412	410	408	406	404	402	400	398	396	394	392	390	388	386	384	382	380	378	376	374	372	370	368	366	364	362	360	358	356	354	352	350	348	346	344	342	340	338	336	334	332	330	328	326	324	322	320	318	316	314	312	310	308	306	304	302	300	298	296	294	292	290	288	286	284	282	280	278	276	274	272	270	268	266	264	262	260	258	256	254	252	250	248	246	244	242	240	238	236	234	232	230
nm																																																																																																																																																																																																																																												
Normalized by 10307.053																																																																																																																																																																																																																																												
245.154	0	0	0	0	0	0	0	0	0	0	0	0	0	0	0	0	0	0	0	0	0	0	0	0	0	0	0	0	0	0	0	0	0	0	0	0	0	0	0	0	0	0	0	0	0	0	0	0	0	0	0	0	0	0	0	0	0	0	0	0	0	0	0	0	0	0	0	0	0	0	0	0	0	0	0	0	0	0	0	0	0	0	0	0	0	0	0	0	0	0	0	0	0	0	0	0	0	0	0	0	0	0	0	0	0	0	0	0	0	0	0	0	0	0	0	0	0	0	0	0	0	0	0	0	0	0	0	0	0	0	0	0	0	0	0	0	0	0	0	0	0	0	0	0	0	0	0	0	0	0	0	0	0	0	0	0	0	0	0	0	0	0	0	0	0	0	0	0	0	0	0	0	0	0	0	0	0	0	0	0	0	0	0	0	0	0	0	0	0	0	0	0	0	0	0	0	0	0	0	0	0	0	0	0	0	0	0	0	0	0	0	0	0	0	0	0	0	0	0	0	0	0	0	0	0	0	0	0	0	0	0	0	0	0.00917966009836975	-0.056241691467715	-0.270878721682574
249.632	0	0	0	0	0	0	0	0	0	0	0	0	0	0	0	0	0	0	0	0	0	0	0	0	0	0	0	0	0	0	0	0	0	0	0	0	0	0	0	0	0	0	0	0	0	0	0	0	0	0	0	0	0	0	0	0	0	0	0	0	0	0	0	0	0	0	0	0	0	0	0	0	0	0	0	0	0	0	0	0	0	0	0	0	0	0	0	0	0	0	0	0	0	0	0	0	0	0	0	0	0	0	0	0	0	0	0	0	0	0	0	0	0	0	0	0	0	0	0	0	0	0	0	0	0	0	0	0	0	0	0	0	0	0	0	0	0	0	0	0	0	0	0	0	0	0	0	0	0	0	0	0	0	0	0	0	0	0	0	0	0	0	0	0	0	0	0	0	0	0	0	0	0	0	0	0	0	0	0	0	0	0	0	0	0	0	0	0	0	0	0	0	0	0	0	0	0	0	0	0	0	0	0	0	0	0	0	0	0	0	0	0	0	0	0	0	0	0	0	0	0	0	0	0	0	0	0	0	0	0	0	0.0231791949842185	-0.0144690661431826	-0.195496785629569	-0.466342464678936	-0.750137607301574
254.115	0	0	0	0	0	0	0	0	0	0	0	0	0	0	0	0	0	0	0	0	0	0	0	0	0	0	0	0	0	0	0	0	0	0	0	0	0	0	0	0	0	0	0	0	0	0	0	0	0	0	0	0	0	0	0	0	0	0	0	0	0	0	0	0	0	0	0	0	0	0	0	0	0	0	0	0	0	0	0	0	0	0	0	0	0	0	0	0	0	0	0	0	0	0	0	0	0	0	0	0	0	0	0	0	0	0	0	0	0	0	0	0	0	0	0	0	0	0	0	0	0	0	0	0	0	0	0	0	0	0	0	0	0	0	0	0	0	0	0	0	0	0	0	0	0	0	0	0	0	0	0	0	0	0	0	0	0	0	0	0	0	0	0	0	0	0	0	0	0	0	0	0	0	0	0	0	0	0	0	0	0	0	0	0	0	0	0	0	0	0	0	0	0	0	0	0	0	0	0	0	0	0	0	0	0	0	0	0	0	0	0	0	0	0	0	0	0	0	0	0	0	0	0	0	0	0	0	0	0.023732345156367	-0.013601136240458	-0.0400366144052925	-0.103576356248891	-0.299820696088832	-0.478941612665347	-0.529351287649367	-0.464915973437156
258.601	0	0	0	0	0	0	0	0	0	0	0	0	0	0	0	0	0	0	0	0	0	0	0	0	0	0	0	0	0	0	0	0	0	0	0	0	0	0	0	0	0	0	0	0	0	0	0	0	0	0	0	0	0	0	0	0	0	0	0	0	0	0	0	0	0	0	0	0	0	0	0	0	0	0	0	0	0	0	0	0	0	0	0	0	0	0	0	0	0	0	0	0	0	0	0	0	0	0	0	0	0	0	0	0	0	0	0	0	0	0	0	0	0	0	0	0	0	0	0	0	0	0	0	0	0	0	0	0	0	0	0	0	0	0	0	0	0	0	0	0	0	0	0	0	0	0	0	0	0	0	0	0	0	0	0	0	0	0	0	0	0	0	0	0	0	0	0	0	0	0	0	0	0	0	0	0	0	0	0	0	0	0	0	0	0	0	0	0	0	0	0	0	0	0	0	0	0	0	0	0	0	0	0	0	0	0	0	0	0	0	0	0	0	0	0	0	0	0	0	0	0	0	0	0	0	0	0.0298475172964105	0.00147944028949421	-0.00678337892895853	-0.0512373938611274	-0.201475103747749	-0.275844916509032	-0.372224776817895	-0.282731420505085	-0.161028666896384	-0.0193886038066384
263.091	0	0	0	0	0	0	0	0	0	0	0	0	0	0	0	0	0	0	0	0	0	0	0	0	0	0	0	0	0	0	0	0	0	0	0	0	0	0	0	0	0	0	0	0	0	0	0	0	0	0	0	0	0	0	0	0	0	0	0	0	0	0	0	0	0	0	0	0	0	0	0	0	0	0	0	0	0	0	0	0	0	0	0	0	0	0	0	0	0	0	0	0	0	0	0	0	0	0	0	0	0	0	0	0	0	0	0	0	0	0	0	0	0	0	0	0	0	0	0	0	0	0	0	0	0	0	0	0	0	0	0	0	0	0	0	0	0	0	0	0	0	0	0	0	0	0	0	0	0	0	0	0	0	0	0	0	0	0	0	0	0	0	0	0	0	0	0	0	0	0	0	0	0	0	0	0	0	0	0	0	0	0	0	0	0	0	0	0	0	0	0	0	0	0	0	0	0	0	0	0	0	0	0	0	0	0	0	0	0	0	0	0	0	0	0	0	0	0	0	0	0	0	0	0	0.00877757498483963	-0.00697697681767442	-0.0165288304790664	-0.04797715619029	-0.14249302396737	-0.248518090568727	-0.291816868178281	-0.254708127998598	-0.156977570109031	-0.063783048444396	-0.0516228536878887	-0.0114120622227742
267.584	0	0	0	0	0	0	0	0	0	0	0	0	0	0	0	0	0	0	0	0	0	0	0	0	0	0	0	0	0	0	0	0	0	0	0	0	0	0	0	0	0	0	0	0	0	0	0	0	0	0	0	0	0	0	0	0	0	0	0	0	0	0	0	0	0	0	0	0	0	0	0	0	0	0	0	0	0	0	0	0	0	0	0	0	0	0	0	0	0	0	0	0	0	0	0	0	0	0	0	0	0	0	0	0	0	0	0	0	0	0	0	0	0	0	0	0	0	0	0	0	0	0	0	0	0	0	0	0	0	0	0	0	0	0	0	0	0	0	0	0	0	0	0	0	0	0	0	0	0	0	0	0	0	0	0	0	0	0	0	0	0	0	0	0	0	0	0	0	0	0	0	0	0	0	0	0	0	0	0	0	0	0	0	0	0	0	0	0	0	0	0	0	0	0	0	0	0	0	0	0	0	0	0	0	0	0	0	0	0	0	0	0	0	0	0	0	0	0	0	0	0	0	0.0103808376205636	-4.12085403895387E-4	-0.013272553290063	-0.0320056435438255	-0.0827757890654858	-0.184474937700614	-0.210449448740736	-0.192802548051177	-0.113672595702646	-0.045313905931521	-0.0102698543413487	-0.00582014529109232	0.00365947101835389	-0.0228896703211619
272.082	0	0	0	0	0	0	0	0	0	0	0	0	0	0	0	0	0	0	0	0	0	0	0	0	0	0	0	0	0	0	0	0	0	0	0	0	0	0	0	0	0	0	0	0	0	0	0	0	0	0	0	0	0	0	0	0	0	0	0	0	0	0	0	0	0	0	0	0	0	0	0	0	0	0	0	0	0	0	0	0	0	0	0	0	0	0	0	0	0	0	0	0	0	0	0	0	0	0	0	0	0	0	0	0	0	0	0	0	0	0	0	0	0	0	0	0	0	0	0	0	0	0	0	0	0	0	0	0	0	0	0	0	0	0	0	0	0	0	0	0	0	0	0	0	0	0	0	0	0	0	0	0	0	0	0	0	0	0	0	0	0	0	0	0	0	0	0	0	0	0	0	0	0	0	0	0	0	0	0	0	0	0	0	0	0	0	0	0	0	0	0	0	0	0	0	0	0	0	0	0	0	0	0	0	0	0	0	0	0	0	0	0	0	0	0	0	0	0	0	0.0440316471999182	0.00729812255333048	0.00638372306635513	-0.00307076865660408	-0.0208615604454904	-0.0724312582902295	-0.138709680385473	-0.204854172190924	-0.183828727046442	-0.103016523520258	-0.0343659703750469	0.00557917912477482	0.00299774952113248	-0.00244344608122689	0.00832992918682013	-0.0181692333660565	-0.0331613941069282
276.583	0	0	0	0	0	0	0	0	0	0	0	0	0	0	0	0	0	0	0	0	0	0	0	0	0	0	0	0	0	0	0	0	0	0	0	0	0	0	0	0	0	0	0	0	0	0	0	0	0	0	0	0	0	0	0	0	0	0	0	0	0	0	0	0	0	0	0	0	0	0	0	0	0	0	0	0	0	0	0	0	0	0	0	0	0	0	0	0	0	0	0	0	0	0	0	0	0	0	0	0	0	0	0	0	0	0	0	0	0	0	0	0	0	0	0	0	0	0	0	0	0	0	0	0	0	0	0	0	0	0	0	0	0	0	0	0	0	0	0	0	0	0	0	0	0	0	0	0	0	0	0	0	0	0	0	0	0	0	0	0	0	0	0	0	0	0	0	0	0	0	0	0	0	0	0	0	0	0	0	0	0	0	0	0	0	0	0	0	0	0	0	0	0	0	0	0	0	0	0	0	0	0	0	0	0	0	0	0	0	0	0	0	0	0	0	0	0	0.021700613990991	0.0124924189959229	0.00168610674355262	0.006234903975093	-0.00731353765836315	-0.0453618401170327	-0.115657854540685	-0.142103266758462	-0.130377224636732	-0.0773539753287988	-0.0145401049238125	-0.0105695182362504	0.0126318321085812	0.0125143466016152	-0.00209785814277045	0.0133364169771887	-0.0147120660192395	-0.00506813216346856	0.0415686254379862
281.087	0	0	0	0	0	0	0	0	0	0	0	0	0	0	0	0	0	0	0	0	0	0	0	0	0	0	0	0	0	0	0	0	0	0	0	0	0	0	0	0	0	0	0	0	0	0	0	0	0	0	0	0	0	0	0	0	0	0	0	0	0	0	0	0	0	0	0	0	0	0	0	0	0	0	0	0	0	0	0	0	0	0	0	0	0	0	0	0	0	0	0	0	0	0	0	0	0	0	0	0	0	0	0	0	0	0	0	0	0	0	0	0	0	0	0	0	0	0	0	0	0	0	0	0	0	0	0	0	0	0	0	0	0	0	0	0	0	0	0	0	0	0	0	0	0	0	0	0	0	0	0	0	0	0	0	0	0	0	0	0	0	0	0	0	0	0	0	0	0	0	0	0	0	0	0	0	0	0	0	0	0	0	0	0	0	0	0	0	0	0	0	0	0	0	0	0	0	0	0	0	0	0	0	0	0	0	0	0	0	0	0	0	0	0	0	0.0135793811506669	0.0103449249151388	0.00781797067706572	0.00384576507984904	-0.00782715300716816	-0.0394546038672313	-0.0801067247318672	-0.110187123313291	-0.127835538133023	-0.0764951768525088	-0.0350874641825177	-0.013841941923876	0.00873506119246417	-0.00617893928397798	0.0184070633597371	0.00470003912731704	0.00665929496115028	0.00146897189774913	-0.0080582351284325	0.0128753313572995	0.0109254389268888
285.595	0	0	0	0	0	0	0	0	0	0	0	0	0	0	0	0	0	0	0	0	0	0	0	0	0	0	0	0	0	0	0	0	0	0	0	0	0	0	0	0	0	0	0	0	0	0	0	0	0	0	0	0	0	0	0	0	0	0	0	0	0	0	0	0	0	0	0	0	0	0	0	0	0	0	0	0	0	0	0	0	0	0	0	0	0	0	0	0	0	0	0	0	0	0	0	0	0	0	0	0	0	0	0	0	0	0	0	0	0	0	0	0	0	0	0	0	0	0	0	0	0	0	0	0	0	0	0	0	0	0	0	0	0	0	0	0	0	0	0	0	0	0	0	0	0	0	0	0	0	0	0	0	0	0	0	0	0	0	0	0	0	0	0	0	0	0	0	0	0	0	0	0	0	0	0	0	0	0	0	0	0	0	0	0	0	0	0	0	0	0	0	0	0	0	0	0	0	0	0	0	0	0	0	0	0	0	0	0	0	0	0	0	0	0.0128780348359917	0.0116249681696072	0.00992191787668324	0.00539076348028103	-0.00451878862717302	-0.0280335450293859	-0.07371463986383	-0.108309696626425	-0.103607694856187	-0.069669961323515	-0.0333406138814629	-0.0132763779345775	-0.00720693912246662	0.00452901917142971	0.00655806911694042	7.39417678697589E-6	-0.00678863141245438	0.0203976526304588	-0.00121321052811022	-0.00187552115448621	-0.014648999074564	-0.0118070686568995	-0.00702139404719806
290.107	0	0	0	0	0	0	0	0	0	0	0	0	0	0	0	0	0	0	0	0	0	0	0	0	0	0	0	0	0	0	0	0	0	0	0	0	0	0	0	0	0	0	0	0	0	0	0	0	0	0	0	0	0	0	0	0	0	0	0	0	0	0	0	0	0	0	0	0	0	0	0	0	0	0	0	0	0	0	0	0	0	0	0	0	0	0	0	0	0	0	0	0	0	0	0	0	0	0	0	0	0	0	0	0	0	0	0	0	0	0	0	0	0	0	0	0	0	0	0	0	0	0	0	0	0	0	0	0	0	0	0	0	0	0	0	0	0	0	0	0	0	0	0	0	0	0	0	0	0	0	0	0	0	0	0	0	0	0	0	0	0	0	0	0	0	0	0	0	0	0	0	0	0	0	0	0	0	0	0	0	0	0	0	0	0	0	0	0	0	0	0	0	0	0	0	0	0	0	0	0	0	0	0	0	0	0	0	0	0	0	0.0321265577631919	0.0190792002210029	0.0167593944405611	0.0190365532640035	0.0118474089889969	0.00339683916899625	-0.0201912229067838	-0.0531256410238513	-0.0923558853762322	-0.0847113151136233	-0.0606154400657604	-0.0268645925871022	-7.49426139220309E-4	0.0043401881140074	0.00201707976391059	0.0101622321076349	0.00318684491429233	0.00359389239697771	-2.65580651521549E-4	0.00945969698385214	0.0107389119659756	0.014766093818286	0.0162998032688932	0.0128582239340858	0.00413386172116815	0.0148013630443385
294.623	0	0	0	0	0	0	0	0	0	0	0	0	0	0	0	0	0	0	0	0	0	0	0	0	0	0	0	0	0	0	0	0	0	0	0	0	0	0	0	0	0	0	0	0	0	0	0	0	0	0	0	0	0	0	0	0	0	0	0	0	0	0	0	0	0	0	0	0	0	0	0	0	0	0	0	0	0	0	0	0	0	0	0	0	0	0	0	0	0	0	0	0	0	0	0	0	0	0	0	0	0	0	0	0	0	0	0	0	0	0	0	0	0	0	0	0	0	0	0	0	0	0	0	0	0	0	0	0	0	0	0	0	0	0	0	0	0	0	0	0	0	0	0	0	0	0	0	0	0	0	0	0	0	0	0	0	0	0	0	0	0	0	0	0	0	0	0	0	0	0	0	0	0	0	0	0	0	0	0	0	0	0	0	0	0	0	0	0	0	0	0	0	0	0	0	0	0	0	0	0	0	0	0	0	0	0	0	0	0.027346693383717	0.0225937168040995	0.0218210695534848	0.0242871957928918	0.0229014712235259	0.011951454499759	-0.00536913155854539	-0.0344984325447029	-0.0614567920049391	-0.0724931504780374	-0.05313548303748	-0.0137764301593495	0.00601452925273516	0.0099453615970276	0.0143572431189959	0.0112795299292537	0.0113154838462345	0.0153284948049613	0.0122941201421018	0.0211474582941753	0.0202085854052596	0.0161823943108944	0.032019238236833	0.0384052455131731	0.0484939930228896	0.0438552136204091	0.0633332857400657	0.0410497139631316
299.142	0	0	0	0	0	0	0	0	0	0	0	0	0	0	0	0	0	0	0	0	0	0	0	0	0	0	0	0	0	0	0	0	0	0	0	0	0	0	0	0	0	0	0	0	0	0	0	0	0	0	0	0	0	0	0	0	0	0	0	0	0	0	0	0	0	0	0	0	0	0	0	0	0	0	0	0	0	0	0	0	0	0	0	0	0	0	0	0	0	0	0	0	0	0	0	0	0	0	0	0	0	0	0	0	0	0	0	0	0	0	0	0	0	0	0	0	0	0	0	0	0	0	0	0	0	0	0	0	0	0	0	0	0	0	0	0	0	0	0	0	0	0	0	0	0	0	0	0	0	0	0	0	0	0	0	0	0	0	0	0	0	0	0	0	0	0	0	0	0	0	0	0	0	0	0	0	0	0	0	0	0	0	0	0	0	0	0	0	0	0	0	0	0	0	0	0	0	0	0	0	0	0	0	0	0	0	0.0218677616701125	0.0234918814498793	0.0278644028203479	0.0278875497627271	0.0282360138621167	0.0249254872165106	0.00737805315722219	-0.0148881285635239	-0.0448702344349923	-0.0482148809685258	-0.0341055285180443	-0.00484904487152279	0.00574056319607686	0.0126001262700461	0.0186919466292628	0.0174162634320233	0.019063632577764	0.0168666016622279	0.0101790221039472	0.0167404498236358	0.0176417335182332	0.00672339778654648	0.0130918673729491	0.00561788847299157	-0.00367301505151656	0.0216218575523467	0.0247855558348303	0.0361754031760373	0.0544143596015342	0.0370551890242829
303.665	0	0	0	0	0	0	0	0	0	0	0	0	0	0	0	0	0	0	0	0	0	0	0	0	0	0	0	0	0	0	0	0	0	0	0	0	0	0	0	0	0	0	0	0	0	0	0	0	0	0	0	0	0	0	0	0	0	0	0	0	0	0	0	0	0	0	0	0	0	0	0	0	0	0	0	0	0	0	0	0	0	0	0	0	0	0	0	0	0	0	0	0	0	0	0	0	0	0	0	0	0	0	0	0	0	0	0	0	0	0	0	0	0	0	0	0	0	0	0	0	0	0	0	0	0	0	0	0	0	0	0	0	0	0	0	0	0	0	0	0	0	0	0	0	0	0	0	0	0	0	0	0	0	0	0	0	0	0	0	0	0	0	0	0	0	0	0	0	0	0	0	0	0	0	0	0	0	0	0	0	0	0	0	0	0	0	0	0	0	0	0	0	0	0	0	0	0	0	0	0	0	0	0	0	0.022758605993542	0.0251731869441546	0.0278129439600507	0.0307726364866872	0.0331051700437255	0.0333213024134607	0.0173117648539142	3.12704000126583E-4	-0.0216081301652978	-0.0253475792652337	-0.0158211470973683	-8.06843151989112E-4	0.0194512949026754	0.0236041485752726	0.0252953242281131	0.0239253886805019	0.0195545278306991	0.0271448382248148	0.0127744036340402	0.0249432222560386	0.00884259873885786	0.0143029965024919	0.0104135057768154	0.0209508808349171	0.012499292455291	0.0149728725314574	0.0286881650324701	0.0495167443117631	0.0506447116764257	0.0360169261367541	0.0864433030508061	0.0410381918548825
308.191	0	0	0	0	0	0	0	0	0	0	0	0	0	0	0	0	0	0	0	0	0	0	0	0	0	0	0	0	0	0	0	0	0	0	0	0	0	0	0	0	0	0	0	0	0	0	0	0	0	0	0	0	0	0	0	0	0	0	0	0	0	0	0	0	0	0	0	0	0	0	0	0	0	0	0	0	0	0	0	0	0	0	0	0	0	0	0	0	0	0	0	0	0	0	0	0	0	0	0	0	0	0	0	0	0	0	0	0	0	0	0	0	0	0	0	0	0	0	0	0	0	0	0	0	0	0	0	0	0	0	0	0	0	0	0	0	0	0	0	0	0	0	0	0	0	0	0	0	0	0	0	0	0	0	0	0	0	0	0	0	0	0	0	0	0	0	0	0	0	0	0	0	0	0	0	0	0	0	0	0	0	0	0	0	0	0	0	0	0	0	0	0	0	0	0	0	0	0	0	0	0	0.0231401684051316	0.0203251060416919	0.0212218600314729	0.0264846420928374	0.0305288041531839	0.0343587020162963	0.0295456870058563	0.0306337766816533	0.011120362058006	-0.0106353390427385	-0.0146381169234668	-0.00855730630694298	0.0131555520479723	0.03043955188413	0.0348263159109314	0.0340905164479277	0.0330679755638526	0.0329314431476756	0.0293079657643642	0.0271823535125904	0.0216225480380742	0.0246071884153662	0.0200142584793475	0.0235401883029545	0.0297999388816113	0.0217188763974829	0.0402134354992543	0.0251100816938996	0.0203498014871649	0.0442180478355485	0.0504958706461989	0.0683968619326094	0.0410100727655169	0.0596474386558968	0.0916250479331126
312.721	0	0	0	0	0	0	0	0	0	0	0	0	0	0	0	0	0	0	0	0	0	0	0	0	0	0	0	0	0	0	0	0	0	0	0	0	0	0	0	0	0	0	0	0	0	0	0	0	0	0	0	0	0	0	0	0	0	0	0	0	0	0	0	0	0	0	0	0	0	0	0	0	0	0	0	0	0	0	0	0	0	0	0	0	0	0	0	0	0	0	0	0	0	0	0	0	0	0	0	0	0	0	0	0	0	0	0	0	0	0	0	0	0	0	0	0	0	0	0	0	0	0	0	0	0	0	0	0	0	0	0	0	0	0	0	0	0	0	0	0	0	0	0	0	0	0	0	0	0	0	0	0	0	0	0	0	0	0	0	0	0	0	0	0	0	0	0	0	0	0	0	0	0	0	0	0	0	0	0	0	0	0	0	0	0	0	0	0	0	0	0	0	0	0	0	0	0	0	0	0.0154821192744386	0.017712431316376	0.0209506530875155	0.0252169249709942	0.0291360560778638	0.0308045596281531	0.0353802613158246	0.0267901687281999	0.0219782678131213	0.00707226564992452	-0.00532110232223894	0.00846299655891826	0.0232113451222041	0.0422012988664369	0.0496832864329102	0.0506508334184299	0.0478643393433834	0.0446169201436883	0.0430677019801664	0.0382710221465287	0.0364280457379923	0.0341369019477827	0.0360162608685915	0.0362069259823792	0.0324900825726817	0.0333165943599588	0.0306692338399982	0.042143332969438	0.0383109548157447	0.0467358738180715	0.0511838970135128	0.068570452241454	0.163973615864511	0.0705473088436459	0.0877399315308082	0.124389740456255	0.0487049430285022
317.254	0	0	0	0	0	0	0	0	0	0	0	0	0	0	0	0	0	0	0	0	0	0	0	0	0	0	0	0	0	0	0	0	0	0	0	0	0	0	0	0	0	0	0	0	0	0	0	0	0	0	0	0	0	0	0	0	0	0	0	0	0	0	0	0	0	0	0	0	0	0	0	0	0	0	0	0	0	0	0	0	0	0	0	0	0	0	0	0	0	0	0	0	0	0	0	0	0	0	0	0	0	0	0	0	0	0	0	0	0	0	0	0	0	0	0	0	0	0	0	0	0	0	0	0	0	0	0	0	0	0	0	0	0	0	0	0	0	0	0	0	0	0	0	0	0	0	0	0	0	0	0	0	0	0	0	0	0	0	0	0	0	0	0	0	0	0	0	0	0	0	0	0	0	0	0	0	0	0	0	0	0	0	0	0	0	0	0	0	0	0	0	0	0	0	0	0	0	0.0147415683637949	0.0184764649855671	0.0190642788421353	0.0195203768680829	0.0241717818132009	0.0255114834831199	0.0302965685520344	0.032242213950629	0.0214898921187048	0.0125898066209046	0.00328065523582857	0.0192685843869382	0.0279824716252072	0.0446551061153946	0.0550681951857386	0.0521201873517991	0.0538441218361889	0.0510016606058664	0.0481185330347013	0.0455087608269355	0.0409024920212055	0.0378844576799398	0.0364833428525365	0.0351377112196568	0.0380388915979356	0.0403648396194135	0.0418278251245654	0.0353392905852665	0.0296050643833423	0.0284373216141231	0.0409029553828028	0.0326088244378235	0.0391067445182906	0.0448077740454923	0.0511634891406474	0.0723892926729646	0.0867442915553776	0.100618542963638	0.145355448955553
321.791	0	0	0	0	0	0	0	0	0	0	0	0	0	0	0	0	0	0	0	0	0	0	0	0	0	0	0	0	0	0	0	0	0	0	0	0	0	0	0	0	0	0	0	0	0	0	0	0	0	0	0	0	0	0	0	0	0	0	0	0	0	0	0	0	0	0	0	0	0	0	0	0	0	0	0	0	0	0	0	0	0	0	0	0	0	0	0	0	0	0	0	0	0	0	0	0	0	0	0	0	0	0	0	0	0	0	0	0	0	0	0	0	0	0	0	0	0	0	0	0	0	0	0	0	0	0	0	0	0	0	0	0	0	0	0	0	0	0	0	0	0	0	0	0	0	0	0	0	0	0	0	0	0	0	0	0	0	0	0	0	0	0	0	0	0	0	0	0	0	0	0	0	0	0	0	0	0	0	0	0	0	0	0	0	0	0	0	0	0	0	0	0	0	0	0	0.0157021098691361	0.0157840623513067	0.0176053230093064	0.0196819780508464	0.0243777337707133	0.02426081191009	0.0282621106982506	0.0250699293012429	0.0244276709798744	0.0110642338575615	0.0154320421563135	0.0172912144368288	0.0382434931142942	0.0469920993769882	0.054963376837911	0.0585125491090047	0.0574832485896352	0.0591607125905685	0.055542416860724	0.06101553357192	0.0508018591476975	0.0496136829447812	0.0415719665949652	0.0484722112833282	0.0422827158659087	0.0406869562510642	0.0458800346390908	0.0409315448772993	0.042422293343578	0.0391210095671276	0.0420482256561296	0.0401060988667891	0.0393592214857234	0.0429317522707348	0.0483484179446775	0.0413331998252895	0.0538506642307593	0.072955185780697	0.0917919052607848	0.0979914278233411	0.12343667745272
326.331	0	0	0	0	0	0	0	0	0	0	0	0	0	0	0	0	0	0	0	0	0	0	0	0	0	0	0	0	0	0	0	0	0	0	0	0	0	0	0	0	0	0	0	0	0	0	0	0	0	0	0	0	0	0	0	0	0	0	0	0	0	0	0	0	0	0	0	0	0	0	0	0	0	0	0	0	0	0	0	0	0	0	0	0	0	0	0	0	0	0	0	0	0	0	0	0	0	0	0	0	0	0	0	0	0	0	0	0	0	0	0	0	0	0	0	0	0	0	0	0	0	0	0	0	0	0	0	0	0	0	0	0	0	0	0	0	0	0	0	0	0	0	0	0	0	0	0	0	0	0	0	0	0	0	0	0	0	0	0	0	0	0	0	0	0	0	0	0	0	0	0	0	0	0	0	0	0	0	0	0	0	0	0	0	0	0	0	0	0	0	0	0	0.0203323211926736	0.0162837066586416	0.0181297033757784	0.0187410897106281	0.0225910784914323	0.0252695651350693	0.0255146847771974	0.0275758871923702	0.027327626234047	0.0240353611946108	0.0192759419474542	0.0164173491057679	0.0206058694128145	0.0380193900271401	0.0484949660923499	0.0605360947639807	0.0621425835943509	0.0663968218616661	0.0647479433519198	0.0657767135084013	0.0609978216703949	0.061676776096763	0.0575242528492033	0.0620617329016069	0.0543305666237806	0.0481571230750991	0.0519826005340319	0.048542710934455	0.0507218498570769	0.0449898893861761	0.0443335926412971	0.0477826762238559	0.0442835727645567	0.0455668899913154	0.0343308072710767	0.03680219441597	0.0604038237630803	0.0579404162971701	0.0624117471679882	0.0678019882450666	0.078669806914215	0.0965297055890257	0.113790999382264	0.158320686293247
330.875	0	0	0	0	0	0	0	0	0	0	0	0	0	0	0	0	0	0	0	0	0	0	0	0	0	0	0	0	0	0	0	0	0	0	0	0	0	0	0	0	0	0	0	0	0	0	0	0	0	0	0	0	0	0	0	0	0	0	0	0	0	0	0	0	0	0	0	0	0	0	0	0	0	0	0	0	0	0	0	0	0	0	0	0	0	0	0	0	0	0	0	0	0	0	0	0	0	0	0	0	0	0	0	0	0	0	0	0	0	0	0	0	0	0	0	0	0	0	0	0	0	0	0	0	0	0	0	0	0	0	0	0	0	0	0	0	0	0	0	0	0	0	0	0	0	0	0	0	0	0	0	0	0	0	0	0	0	0	0	0	0	0	0	0	0	0	0	0	0	0	0	0	0	0	0	0	0	0	0	0	0	0	0	0	0	0	0	0	0	0	0.0182299427905746	0.0199995673526858	0.0215841413976723	0.0222943655281951	0.0239541060296004	0.026937236735548	0.0316354530702617	0.0292983451999857	0.0311724816631349	0.0250235513178729	0.0201405090305563	0.0204753043366117	0.018220297741776	0.0344913950782469	0.0518308762008705	0.0617738216036189	0.0662662252919329	0.0686708344835094	0.0715804133210414	0.0726181838127496	0.071661860171714	0.0734875732819533	0.0707673849000791	0.0690586928003696	0.061966787425763	0.0636156879411155	0.0605556524047006	0.0523579533768936	0.0586069877237435	0.0565156694230888	0.0558210903373002	0.0494738927667359	0.0643086620947671	0.0542667595110307	0.0414760310358823	0.0484636777348188	0.0492625891440198	0.0662492419323055	0.0576642195923149	0.0776446607000452	0.0795074245719806	0.0761096109173779	0.115298641701202	0.130240317801502	0.134315663399422	0.150054279907164
335.422	0	0	0	0	0	0	0	0	0	0	0	0	0	0	0	0	0	0	0	0	0	0	0	0	0	0	0	0	0	0	0	0	0	0	0	0	0	0	0	0	0	0	0	0	0	0	0	0	0	0	0	0	0	0	0	0	0	0	0	0	0	0	0	0	0	0	0	0	0	0	0	0	0	0	0	0	0	0	0	0	0	0	0	0	0	0	0	0	0	0	0	0	0	0	0	0	0	0	0	0	0	0	0	0	0	0	0	0	0	0	0	0	0	0	0	0	0	0	0	0	0	0	0	0	0	0	0	0	0	0	0	0	0	0	0	0	0	0	0	0	0	0	0	0	0	0	0	0	0	0	0	0	0	0	0	0	0	0	0	0	0	0	0	0	0	0	0	0	0	0	0	0	0	0	0	0	0	0	0	0	0	0	0	0	0	0	0	0	0.0201946627794814	0.0203547426620885	0.0219906724695242	0.0244202053331117	0.0242025870071547	0.0285628318844451	0.0274826209883686	0.0336410213838471	0.0314374991973488	0.0307228855044097	0.0232169933861066	0.0242925926591093	0.0219448305190078	0.0346042961033774	0.0469260574282398	0.0573086529136972	0.0668407233255122	0.0699601370536098	0.0709217073084385	0.0752686726322048	0.0759834870553914	0.0735135093373866	0.0750409487517242	0.0772887839073334	0.074888670679272	0.0688026141060535	0.0689237752055102	0.0668289418362121	0.0651756354661309	0.0665300913186797	0.0587773148424267	0.0643318303190576	0.0516757479441185	0.0602247163535853	0.0509394722542097	0.0501502071296962	0.0563333327548736	0.0551294641554233	0.0574425559285183	0.0616647523898725	0.0801448745963463	0.0641243023933243	0.0974301066168909	0.104458179192987	0.117700649407192	0.0988116845246349	0.166382255245791	0.151282451322389
339.972	0	0	0	0	0	0	0	0	0	0	0	0	0	0	0	0	0	0	0	0	0	0	0	0	0	0	0	0	0	0	0	0	0	0	0	0	0	0	0	0	0	0	0	0	0	0	0	0	0	0	0	0	0	0	0	0	0	0	0	0	0	0	0	0	0	0	0	0	0	0	0	0	0	0	0	0	0	0	0	0	0	0	0	0	0	0	0	0	0	0	0	0	0	0	0	0	0	0	0	0	0	0	0	0	0	0	0	0	0	0	0	0	0	0	0	0	0	0	0	0	0	0	0	0	0	0	0	0	0	0	0	0	0	0	0	0	0	0	0	0	0	0	0	0	0	0	0	0	0	0	0	0	0	0	0	0	0	0	0	0	0	0	0	0	0	0	0	0	0	0	0	0	0	0	0	0	0	0	0	0	0	0	0	0	0	0	0.0210496632328011	0.0229822468124444	0.0242805852679789	0.0246955167593429	0.0279161387574287	0.0306926682695996	0.033053250317973	0.0345839254699609	0.0366549223425442	0.034653780577152	0.0289249659988041	0.0258990942994443	0.0307440883670325	0.0384602013054775	0.0479619291615913	0.0588406457856155	0.0642956001497743	0.0697063518496875	0.0742651403312647	0.0759859040410451	0.0734268987420257	0.0778671420998736	0.0777415148043754	0.0778191849570381	0.0764600738465788	0.0793368376503999	0.0761832627002436	0.0721946950871085	0.0750265871561806	0.0714434567411738	0.0680393322428536	0.0656933590243635	0.0637926200881436	0.064128164392829	0.061574004182657	0.0634369790664231	0.0578656523936422	0.0653618527102441	0.05819950286436	0.0631468242613565	0.0663293752112211	0.0748309168772598	0.0741064371318407	0.0780149489668219	0.0984162771769819	0.10567136987161	0.0935952896262633	0.10271571729084	0.127516661428917	0.16522750948991
344.526	0	0	0	0	0	0	0	0	0	0	0	0	0	0	0	0	0	0	0	0	0	0	0	0	0	0	0	0	0	0	0	0	0	0	0	0	0	0	0	0	0	0	0	0	0	0	0	0	0	0	0	0	0	0	0	0	0	0	0	0	0	0	0	0	0	0	0	0	0	0	0	0	0	0	0	0	0	0	0	0	0	0	0	0	0	0	0	0	0	0	0	0	0	0	0	0	0	0	0	0	0	0	0	0	0	0	0	0	0	0	0	0	0	0	0	0	0	0	0	0	0	0	0	0	0	0	0	0	0	0	0	0	0	0	0	0	0	0	0	0	0	0	0	0	0	0	0	0	0	0	0	0	0	0	0	0	0	0	0	0	0	0	0	0	0	0	0	0	0	0	0	0	0	0	0	0	0	0	0	0	0	0	0	0.0278006159077818	0.0233979874705504	0.0248047912699648	0.0267924644437752	0.0297553669678481	0.0322090982963191	0.0367643268299328	0.0383370538058073	0.0388990871268753	0.0431115347204153	0.0396068258716452	0.039179579945868	0.0347676405468484	0.0375709677700952	0.0436135019938968	0.0530311199743324	0.0585572066571108	0.0653137635902344	0.0687782089027005	0.0735753493680633	0.074352853303597	0.0792740441693362	0.0819947631570927	0.083658322403791	0.0831821669510534	0.0856100515350806	0.0840193624542113	0.0791751537944206	0.0844275370326186	0.0815528305152812	0.0790353281760885	0.0779680600488261	0.0761167817755553	0.0718120320307631	0.0737668995731834	0.0756640299333442	0.0713373687924166	0.069419627235046	0.0758685656775554	0.0762997806147154	0.078006385789751	0.074601897835936	0.0730583623566784	0.0779540815890938	0.0827208250228355	0.0844400755804521	0.0939225652792294	0.101983300520523	0.117357804096055	0.131442221496051	0.1475226240174	0.144497366177992	0.146125906491512
349.084	0	0	0	0	0	0	0	0	0	0	0	0	0	0	0	0	0	0	0	0	0	0	0	0	0	0	0	0	0	0	0	0	0	0	0	0	0	0	0	0	0	0	0	0	0	0	0	0	0	0	0	0	0	0	0	0	0	0	0	0	0	0	0	0	0	0	0	0	0	0	0	0	0	0	0	0	0	0	0	0	0	0	0	0	0	0	0	0	0	0	0	0	0	0	0	0	0	0	0	0	0	0	0	0	0	0	0	0	0	0	0	0	0	0	0	0	0	0	0	0	0	0	0	0	0	0	0	0	0	0	0	0	0	0	0	0	0	0	0	0	0	0	0	0	0	0	0	0	0	0	0	0	0	0	0	0	0	0	0	0	0	0	0	0	0	0	0	0	0	0	0	0	0	0	0	0	0	0	0	0	0	0.0279378439707178	0.0266211927360108	0.0281246371170358	0.0285123370864106	0.0320634279890425	0.0346520968980712	0.0382356392695521	0.0422576302594134	0.0432501819075134	0.0485465036425991	0.0465119348508598	0.0479153694325519	0.0454697975707016	0.0454805939300273	0.0484037174964475	0.0575006718046945	0.0638454148427338	0.0717585862437175	0.0732609912782455	0.0755580813615346	0.076933956888292	0.0807457841435568	0.0817785441522115	0.0853581955119284	0.0867660010844682	0.0904660147476377	0.0872557309655981	0.0856558865553454	0.0872492925794265	0.0869227532991627	0.0837511926189395	0.0853873024702724	0.0837780737930141	0.0785254139633955	0.0785275545115001	0.0798574387963697	0.0822563954175917	0.0746420064279267	0.0754313855344144	0.0802663136962738	0.0684614672244034	0.0825589783712367	0.0828286070293364	0.0837348634204409	0.0859022101589949	0.0898444707311198	0.092496802580718	0.0856728679381421	0.0889064551697149	0.110457403619089	0.0939487240717146	0.118064426680519	0.111901843408394	0.104469481022829	0.0933270721447903
353.644	0	0	0	0	0	0	0	0	0	0	0	0	0	0	0	0	0	0	0	0	0	0	0	0	0	0	0	0	0	0	0	0	0	0	0	0	0	0	0	0	0	0	0	0	0	0	0	0	0	0	0	0	0	0	0	0	0	0	0	0	0	0	0	0	0	0	0	0	0	0	0	0	0	0	0	0	0	0	0	0	0	0	0	0	0	0	0	0	0	0	0	0	0	0	0	0	0	0	0	0	0	0	0	0	0	0	0	0	0	0	0	0	0	0	0	0	0	0	0	0	0	0	0	0	0	0	0	0	0	0	0	0	0	0	0	0	0	0	0	0	0	0	0	0	0	0	0	0	0	0	0	0	0	0	0	0	0	0	0	0	0	0	0	0	0	0	0	0	0	0	0	0	0	0	0	0	0	0	0	0.0276185012248626	0.0306041344085661	0.0320121472606745	0.0349529360576089	0.0391186186027101	0.0432012308703876	0.0468798324263946	0.0497023197847273	0.0531655657375125	0.0562855200659778	0.0566211363184297	0.0552184187282392	0.056357231427016	0.0564611218705259	0.0587461414367224	0.0664856348495053	0.0756643750647789	0.0785464019852065	0.0830975970881497	0.0838465691138374	0.0872185434386734	0.0901564771030414	0.0908933690696809	0.0927155588667964	0.0953701797865378	0.0966428375355342	0.097150503961575	0.0980635921542658	0.0958291101518088	0.0985647064514761	0.0960594504882826	0.0966355391935983	0.0948280983382911	0.0985590284308964	0.0942873055383526	0.0919579008505366	0.089487884561818	0.0911081310476163	0.0900955680292775	0.0905402169990653	0.0901191155872832	0.0951262639493199	0.0995773461468218	0.100252026709715	0.101496787902146	0.108931417105268	0.116296802529153	0.106900292218484	0.127374204338758	0.121917360678771	0.147239628698629	0.123217933213056	0.15025794286812	0.164560977757685	0.162749436884447	0.206215230947262	0.191130024421172
358.208	0	0	0	0	0	0	0	0	0	0	0	0	0	0	0	0	0	0	0	0	0	0	0	0	0	0	0	0	0	0	0	0	0	0	0	0	0	0	0	0	0	0	0	0	0	0	0	0	0	0	0	0	0	0	0	0	0	0	0	0	0	0	0	0	0	0	0	0	0	0	0	0	0	0	0	0	0	0	0	0	0	0	0	0	0	0	0	0	0	0	0	0	0	0	0	0	0	0	0	0	0	0	0	0	0	0	0	0	0	0	0	0	0	0	0	0	0	0	0	0	0	0	0	0	0	0	0	0	0	0	0	0	0	0	0	0	0	0	0	0	0	0	0	0	0	0	0	0	0	0	0	0	0	0	0	0	0	0	0	0	0	0	0	0	0	0	0	0	0	0	0	0	0	0	0	0	0.0455277020057952	0.0310725070653009	0.0342011862203878	0.0374541039977487	0.0412217032530683	0.0452518108110224	0.051094850427981	0.0526473727232812	0.0572481253004735	0.0611858291907147	0.0653511656605455	0.0671501889622759	0.0709313877420813	0.0670935866771012	0.0672565991812865	0.0731053071761459	0.0807127328430819	0.0853842600762388	0.0927859089940731	0.0957768780304587	0.0957899983654055	0.0995892183843024	0.102291917441544	0.10386546907779	0.104640539925394	0.103681609050625	0.108553824362292	0.107765890695853	0.10806354369371	0.108370676305033	0.109113625572376	0.107143734790971	0.1095184730746	0.105791326636974	0.107528437701916	0.107261264477192	0.106309309264342	0.10788044629863	0.103826917195332	0.103158078622878	0.101809464813169	0.109583904631712	0.110427240708711	0.110212965279014	0.110240480145523	0.115643978657332	0.117613338018142	0.123752533970125	0.132793110698777	0.138145726011802	0.155140809045787	0.155492168834038	0.151903203809575	0.167093938353299	0.185407288598062	0.194211431583336	0.216734029022851	0.213003444866278	0.238677593516853	0.242381739319477
362.776	0	0	0	0	0	0	0	0	0	0	0	0	0	0	0	0	0	0	0	0	0	0	0	0	0	0	0	0	0	0	0	0	0	0	0	0	0	0	0	0	0	0	0	0	0	0	0	0	0	0	0	0	0	0	0	0	0	0	0	0	0	0	0	0	0	0	0	0	0	0	0	0	0	0	0	0	0	0	0	0	0	0	0	0	0	0	0	0	0	0	0	0	0	0	0	0	0	0	0	0	0	0	0	0	0	0	0	0	0	0	0	0	0	0	0	0	0	0	0	0	0	0	0	0	0	0	0	0	0	0	0	0	0	0	0	0	0	0	0	0	0	0	0	0	0	0	0	0	0	0	0	0	0	0	0	0	0	0	0	0	0	0	0	0	0	0	0	0	0	0	0	0	0	0	0.0368166222088613	0.0307744586098944	0.0345221626523945	0.0378536548145601	0.0425572228535504	0.0486182168892252	0.0519357080900762	0.0569982771699369	0.0622997654231925	0.0677470211470944	0.0712608303371471	0.0736997027065125	0.0774264420018391	0.0748058200733725	0.0748119697616188	0.0785576069418271	0.0885079148142808	0.0941813635467058	0.101941550721948	0.104115888260672	0.105748634171568	0.108121881438182	0.111852093306754	0.111549042767341	0.113115279451502	0.114441520204594	0.116702852585661	0.114833365812819	0.116747395864545	0.116895926276446	0.117514188131084	0.115779526130298	0.117797870652468	0.114827330177298	0.115456315263154	0.114649022827627	0.113134882637444	0.113250851871518	0.110234704504401	0.110900370878374	0.115212202484816	0.114189320646379	0.11295973998548	0.113956438083332	0.116238202356221	0.119253311413413	0.125362750514734	0.125615853409346	0.129115809497744	0.133459324126445	0.147905383415438	0.14472779719219	0.148210658437474	0.15055259105511	0.16448740061144	0.166571348329035	0.188002115952252	0.185659787394018	0.188094281206459	0.208197143961744	0.225653468048897	0.16411006999565
367.346	0	0	0	0	0	0	0	0	0	0	0	0	0	0	0	0	0	0	0	0	0	0	0	0	0	0	0	0	0	0	0	0	0	0	0	0	0	0	0	0	0	0	0	0	0	0	0	0	0	0	0	0	0	0	0	0	0	0	0	0	0	0	0	0	0	0	0	0	0	0	0	0	0	0	0	0	0	0	0	0	0	0	0	0	0	0	0	0	0	0	0	0	0	0	0	0	0	0	0	0	0	0	0	0	0	0	0	0	0	0	0	0	0	0	0	0	0	0	0	0	0	0	0	0	0	0	0	0	0	0	0	0	0	0	0	0	0	0	0	0	0	0	0	0	0	0	0	0	0	0	0	0	0	0	0	0	0	0	0	0	0	0	0	0	0	0	0	0	0	0	0	0	0.0335882998124225	0.032094392452661	0.0357020178645419	0.0412820917535456	0.0451339317499438	0.0506738092013583	0.0578996237691691	0.0626901800430168	0.068075107589355	0.0731363469496955	0.0800460975074133	0.083884721522665	0.0859914796468888	0.0900803547343906	0.088925232386298	0.0967632836523736	0.100684944832775	0.106900253582443	0.114612262878626	0.116798451373032	0.122457158023641	0.1235682434262	0.126538883025622	0.128066143812687	0.129623816779703	0.131218441167486	0.130531182576723	0.13014427911928	0.129644626949788	0.134328663444014	0.129851801303087	0.132444438340333	0.13003450853771	0.131703081077983	0.128768508114103	0.12921169365272	0.127997230626456	0.127529558931737	0.123082245173753	0.128555243254489	0.126154965222449	0.127686879441689	0.130455851279538	0.125039079409024	0.131055605943311	0.132564945147859	0.137027129339119	0.144401114800305	0.146099844321082	0.153229134716164	0.167653999824921	0.16389784833251	0.168916698688214	0.186908906544679	0.205151782100829	0.19145585560124	0.2036373103306	0.238745193304268	0.22556507009648	0.226999074567434	0.258797584736898	0.258324653780876	0.271318961506175	0.271436807604155
371.92	0	0	0	0	0	0	0	0	0	0	0	0	0	0	0	0	0	0	0	0	0	0	0	0	0	0	0	0	0	0	0	0	0	0	0	0	0	0	0	0	0	0	0	0	0	0	0	0	0	0	0	0	0	0	0	0	0	0	0	0	0	0	0	0	0	0	0	0	0	0	0	0	0	0	0	0	0	0	0	0	0	0	0	0	0	0	0	0	0	0	0	0	0	0	0	0	0	0	0	0	0	0	0	0	0	0	0	0	0	0	0	0	0	0	0	0	0	0	0	0	0	0	0	0	0	0	0	0	0	0	0	0	0	0	0	0	0	0	0	0	0	0	0	0	0	0	0	0	0	0	0	0	0	0	0	0	0	0	0	0	0	0	0	0	0	0	0	0	0	0	0.0313281028379365	0.0336537952634107	0.0378267565651421	0.0416349718061823	0.0467262990209124	0.0541786273586669	0.059948843039413	0.0674657392907703	0.0733862928430949	0.0796915801924226	0.0881673621780375	0.0921387872564837	0.0984607141008794	0.101125024040638	0.103775629952503	0.10742596730164	0.111696554782825	0.119502716076837	0.125873721659744	0.130606562770485	0.136225350870657	0.138349253663407	0.14386039176788	0.144960231684054	0.148384771443634	0.148910106273487	0.149960229614673	0.151085332847302	0.150710991335819	0.151546048213345	0.149893142800549	0.14889516917857	0.150336366734044	0.149381713278886	0.145839954175767	0.147752007920177	0.147141698234323	0.145695879192415	0.147547196715057	0.142379608890321	0.145160907960706	0.146106508753177	0.144628082744429	0.144312494245234	0.150267289451787	0.144488429599683	0.152237452661937	0.158488900648505	0.166759358148425	0.169075988322228	0.176031550397948	0.177765069920498	0.186845416573286	0.192034961123547	0.209811703826259	0.213059910603258	0.226118730020585	0.237428596559143	0.24423816829405	0.257284512948353	0.243131851283083	0.283782734203343	0.293097782645206	0.327977683878566	0.328223776322357	0.374928959030324
376.497	0	0	0	0	0	0	0	0	0	0	0	0	0	0	0	0	0	0	0	0	0	0	0	0	0	0	0	0	0	0	0	0	0	0	0	0	0	0	0	0	0	0	0	0	0	0	0	0	0	0	0	0	0	0	0	0	0	0	0	0	0	0	0	0	0	0	0	0	0	0	0	0	0	0	0	0	0	0	0	0	0	0	0	0	0	0	0	0	0	0	0	0	0	0	0	0	0	0	0	0	0	0	0	0	0	0	0	0	0	0	0	0	0	0	0	0	0	0	0	0	0	0	0	0	0	0	0	0	0	0	0	0	0	0	0	0	0	0	0	0	0	0	0	0	0	0	0	0	0	0	0	0	0	0	0	0	0	0	0	0	0	0	0	0	0	0	0	0.0416761311149091	0.0281519548867208	0.0332173472915271	0.038965402267697	0.0417951330149098	0.0483516285557721	0.0550039126394055	0.0616093293743148	0.0685698734704504	0.0760546997178873	0.0834880625986749	0.092493189251969	0.0991641955195488	0.105216257536613	0.108228565524333	0.11250247046976	0.115193082622435	0.127478208258048	0.132643365407067	0.140892818933802	0.148006116939726	0.152518757131991	0.157575631598836	0.160782331289886	0.164224173411479	0.165385447846688	0.169802836337161	0.17014287369857	0.172904299035912	0.173147941916293	0.170410716087535	0.175152515669511	0.171852603991755	0.170094809080639	0.170207087272032	0.168409789120307	0.167838008121282	0.165846274851998	0.162630844755416	0.161234280612187	0.160165079888894	0.15907927521652	0.15934154524117	0.159652603154645	0.15692275992329	0.164126884901342	0.165129723171218	0.165347821040373	0.169048003860707	0.167394670684561	0.17291305329161	0.181931056879191	0.187918118113766	0.190035057774524	0.200109201961797	0.212116913154023	0.221206280804048	0.229201923363179	0.240274967732031	0.249956290653382	0.255445136320894	0.278710639966292	0.282312851868344	0.299895182806319	0.305182186526481	0.313862118051798	0.314158379192007	0.321637295630968	0.298383929888863
381.077	0	0	0	0	0	0	0	0	0	0	0	0	0	0	0	0	0	0	0	0	0	0	0	0	0	0	0	0	0	0	0	0	0	0	0	0	0	0	0	0	0	0	0	0	0	0	0	0	0	0	0	0	0	0	0	0	0	0	0	0	0	0	0	0	0	0	0	0	0	0	0	0	0	0	0	0	0	0	0	0	0	0	0	0	0	0	0	0	0	0	0	0	0	0	0	0	0	0	0	0	0	0	0	0	0	0	0	0	0	0	0	0	0	0	0	0	0	0	0	0	0	0	0	0	0	0	0	0	0	0	0	0	0	0	0	0	0	0	0	0	0	0	0	0	0	0	0	0	0	0	0	0	0	0	0	0	0	0	0	0	0	0	0	0	0	0.0356177726393906	0.0309072870008229	0.0353424554033558	0.0400946057210173	0.0443240160785037	0.0528067380827864	0.0570309202405488	0.0633924456020775	0.0697650617205847	0.079690707442701	0.0882051666551741	0.0952549197264187	0.105652437779401	0.11232071027288	0.118187238000868	0.126511537995907	0.131543687430014	0.136746926837342	0.144889682991503	0.152500905634879	0.162880655252594	0.168607927608473	0.17332563955194	0.176189293867317	0.181772554583799	0.184528807166534	0.188976666369559	0.190133979417286	0.194043851552195	0.196135915634595	0.196948223133701	0.199839556572373	0.197319421739404	0.195329756297253	0.195555592467759	0.191629591750529	0.192173190062235	0.187827839840307	0.188663641512129	0.184466392616493	0.186141210027681	0.18422747770897	0.182794649943307	0.181693488334713	0.184377401917954	0.181868578464945	0.179242978330996	0.182907343967695	0.186467291976011	0.190981030301898	0.192363377765451	0.199629641796967	0.203440721950266	0.21470296632537	0.222668748921924	0.231824690038788	0.240780375698806	0.250551644160587	0.259258426862516	0.274141986303108	0.29477276978888	0.301460095490152	0.30073145619615	0.312903132264701	0.32833821445934	0.346546374148378	0.351065258097178	0.372382100170999	0.389270047541312	0.409262046000014	0.440674058152778
385.661	0	0	0	0	0	0	0	0	0	0	0	0	0	0	0	0	0	0	0	0	0	0	0	0	0	0	0	0	0	0	0	0	0	0	0	0	0	0	0	0	0	0	0	0	0	0	0	0	0	0	0	0	0	0	0	0	0	0	0	0	0	0	0	0	0	0	0	0	0	0	0	0	0	0	0	0	0	0	0	0	0	0	0	0	0	0	0	0	0	0	0	0	0	0	0	0	0	0	0	0	0	0	0	0	0	0	0	0	0	0	0	0	0	0	0	0	0	0	0	0	0	0	0	0	0	0	0	0	0	0	0	0	0	0	0	0	0	0	0	0	0	0	0	0	0	0	0	0	0	0	0	0	0	0	0	0	0	0	0	0	0	0	0	0.0310539167765423	0.0315578976078655	0.0358121280934734	0.0402571876639103	0.0460665852494046	0.0523813489823237	0.058680970591385	0.0662440196721804	0.0727357224591387	0.0821981106776463	0.0893016150309923	0.0986351880282764	0.104933988979194	0.117015593675147	0.126308991452761	0.132632523161765	0.139599106694811	0.146646116766391	0.153244507237297	0.165939241643447	0.173099830703912	0.179845073003278	0.187331017364817	0.192956748079699	0.198232411486368	0.205174348510938	0.209264576093521	0.210542511885214	0.213359855104019	0.219329106366487	0.219016925453729	0.220132478472261	0.220600849038253	0.220531079382354	0.217929381769073	0.219874165690625	0.220229885053413	0.217722494655783	0.213984734636523	0.211297329871317	0.208856998750168	0.213065260948787	0.206662545454519	0.20427479315941	0.201529845730873	0.202844858968646	0.202547459670374	0.203139104583319	0.199856315642494	0.206413928618702	0.205955449833434	0.208583706639435	0.21378043659215	0.22058958227455	0.233144422264695	0.23632704101706	0.254106453551453	0.25657714841106	0.275332844168629	0.285956553382574	0.305136049136929	0.311241943789719	0.326918313308794	0.344407033392948	0.360045385472451	0.367789974976522	0.381263584132988	0.408578240260831	0.422577768772881	0.431069940202422	0.422079022573906	0.445611775698307	0.479935076813996
390.248	0	0	0	0	0	0	0	0	0	0	0	0	0	0	0	0	0	0	0	0	0	0	0	0	0	0	0	0	0	0	0	0	0	0	0	0	0	0	0	0	0	0	0	0	0	0	0	0	0	0	0	0	0	0	0	0	0	0	0	0	0	0	0	0	0	0	0	0	0	0	0	0	0	0	0	0	0	0	0	0	0	0	0	0	0	0	0	0	0	0	0	0	0	0	0	0	0	0	0	0	0	0	0	0	0	0	0	0	0	0	0	0	0	0	0	0	0	0	0	0	0	0	0	0	0	0	0	0	0	0	0	0	0	0	0	0	0	0	0	0	0	0	0	0	0	0	0	0	0	0	0	0	0	0	0	0	0	0	0	0	0.0382979743686454	0.0286182130729797	0.0327065319207989	0.0361744975472238	0.0416326490889205	0.0469667684399962	0.0523756831112592	0.0603545020569734	0.0671829525090833	0.0730215334097567	0.0811634411314055	0.0889919899260554	0.0981486476500055	0.107577874971714	0.11623772864765	0.124289892780162	0.13213413630144	0.140841553159263	0.148433329300327	0.158162656830847	0.169521909864653	0.177989693469865	0.184995858897033	0.195208660400955	0.200423878408393	0.204900819844342	0.21264433880964	0.215916911482701	0.22304177933196	0.226464611076075	0.231482958303706	0.234701664612037	0.235153371185225	0.23636529358132	0.240203027473277	0.241202409197024	0.239739982339872	0.239496227201443	0.235316116855979	0.235869610206907	0.228787287023217	0.22973610783898	0.227748239252472	0.224202382044878	0.218414784578748	0.219445793437463	0.216766771277298	0.217488815702516	0.214371618523696	0.212599898565644	0.213074482415904	0.215002119203552	0.220253609633248	0.221044107259163	0.230493203983134	0.232528338559838	0.23936004671571	0.250917898196733	0.258310921079889	0.2723207626023	0.279462905477354	0.295440988203615	0.313584351484832	0.323309616454286	0.343072736455108	0.353003760409309	0.374530817459782	0.382369363333133	0.400049155863151	0.423305988055045	0.426021006196371	0.443707501314352	0.428634930075757	0.446481519887554	0.485829759631828	0.507697116599432
394.837	0	0	0	0	0	0	0	0	0	0	0	0	0	0	0	0	0	0	0	0	0	0	0	0	0	0	0	0	0	0	0	0	0	0	0	0	0	0	0	0	0	0	0	0	0	0	0	0	0	0	0	0	0	0	0	0	0	0	0	0	0	0	0	0	0	0	0	0	0	0	0	0	0	0	0	0	0	0	0	0	0	0	0	0	0	0	0	0	0	0	0	0	0	0	0	0	0	0	0	0	0	0	0	0	0	0	0	0	0	0	0	0	0	0	0	0	0	0	0	0	0	0	0	0	0	0	0	0	0	0	0	0	0	0	0	0	0	0	0	0	0	0	0	0	0	0	0	0	0	0	0	0	0	0	0	0	0	0	0.0337565926270892	0.0320565095150446	0.0349590031682676	0.0393681203084345	0.0435140297416599	0.0494197891537606	0.0566019679248429	0.0622733896394872	0.0694721329319722	0.0765228370784899	0.0843822548423871	0.0921552549375114	0.100537530326942	0.108998607420565	0.118702522320765	0.127066732633051	0.137203531029292	0.143400111090161	0.150446657408192	0.161581527330563	0.172138221625421	0.183945895182235	0.192817173705424	0.201598195855201	0.211049228064789	0.216055430171259	0.224425079934176	0.231388828605937	0.234139096259417	0.2408122971786	0.245335959749868	0.251080110280674	0.25599383112637	0.256325290677666	0.257084990941545	0.262718247942525	0.262120537055898	0.261324267566422	0.264291374505899	0.25732664248281	0.257441471517913	0.255276827894007	0.252123656949805	0.245850868406479	0.248701930654896	0.244118207555397	0.239248898045851	0.239583401350204	0.239321266532467	0.236841369692606	0.23544851965732	0.236313345503409	0.236421027131864	0.240642321499835	0.246110759395304	0.24501978386637	0.253321578005292	0.264071074386941	0.268077549869981	0.282231366930633	0.289609394552178	0.30837175917377	0.322275507765476	0.338981955264271	0.353680600435803	0.36620223673541	0.383017187583448	0.413209365431393	0.421558399104178	0.427829586023724	0.459392414080971	0.463483526851387	0.486893320666088	0.518623184813567	0.497017401472439	0.55411132091485	0.566829960512731	0.546787948333293
399.43	0	0	0	0	0	0	0	0	0	0	0	0	0	0	0	0	0	0	0	0	0	0	0	0	0	0	0	0	0	0	0	0	0	0	0	0	0	0	0	0	0	0	0	0	0	0	0	0	0	0	0	0	0	0	0	0	0	0	0	0	0	0	0	0	0	0	0	0	0	0	0	0	0	0	0	0	0	0	0	0	0	0	0	0	0	0	0	0	0	0	0	0	0	0	0	0	0	0	0	0	0	0	0	0	0	0	0	0	0	0	0	0	0	0	0	0	0	0	0	0	0	0	0	0	0	0	0	0	0	0	0	0	0	0	0	0	0	0	0	0	0	0	0	0	0	0	0	0	0	0	0	0	0	0	0	0	0.0276987853125505	0.0298260073564652	0.0317335247461979	0.037338135387168	0.0429354243865268	0.0472326236321928	0.0523691810133858	0.0596153346869528	0.0655949441107807	0.072568100371625	0.0816590663850556	0.0882885515595055	0.0980740466490333	0.107655072302384	0.113965184235658	0.120896529794165	0.129314093014961	0.138782293174993	0.144568142945451	0.15675807867027	0.164432428942424	0.17810719611532	0.187934667005114	0.195185545526826	0.20517697822995	0.214469477061957	0.220553142841959	0.228737628080686	0.236188265559973	0.239892778038143	0.246208867711248	0.2500423416243	0.255495160777445	0.26104290681939	0.263148534089391	0.263811108320375	0.269256763309705	0.267564100741092	0.269501776782949	0.268561425966916	0.267753203165182	0.264737839032903	0.263649337100257	0.259938096036734	0.255411355636161	0.252711908807394	0.25193420791986	0.247693969778986	0.242103654709133	0.24273038786124	0.238899227699298	0.241745013243069	0.241610667522502	0.238173522997144	0.241699892464113	0.246183817921135	0.244406730279014	0.251300564603863	0.259604850617571	0.265995763846236	0.275728859738159	0.28713463740387	0.297805196312213	0.307771807390336	0.331664010800601	0.345269505175736	0.363844252306803	0.372540434306068	0.398331638982647	0.405630179221387	0.416249861211556	0.435965170246396	0.440422218774031	0.481656900648886	0.496367264819067	0.508010716623171	0.50335844050886	0.53389632488773	0.517324521966231	0.581152945039383
404.026	0	0	0	0	0	0	0	0	0	0	0	0	0	0	0	0	0	0	0	0	0	0	0	0	0	0	0	0	0	0	0	0	0	0	0	0	0	0	0	0	0	0	0	0	0	0	0	0	0	0	0	0	0	0	0	0	0	0	0	0	0	0	0	0	0	0	0	0	0	0	0	0	0	0	0	0	0	0	0	0	0	0	0	0	0	0	0	0	0	0	0	0	0	0	0	0	0	0	0	0	0	0	0	0	0	0	0	0	0	0	0	0	0	0	0	0	0	0	0	0	0	0	0	0	0	0	0	0	0	0	0	0	0	0	0	0	0	0	0	0	0	0	0	0	0	0	0	0	0	0	0	0	0	0.0368563899062367	0.0272040954126985	0.0307073760527795	0.035454092268871	0.0384637807851054	0.0441023595379554	0.0494643579714737	0.0548628900380279	0.0631185146100554	0.069213157169443	0.0758750365325889	0.0831498931418142	0.0903763811755833	0.09869609448728	0.110979734724759	0.115441418058789	0.128161717053731	0.134993124929218	0.142071993434015	0.149614323262343	0.159597302860506	0.170831927934273	0.1822450759716	0.192586877268284	0.202606663403343	0.215475097887886	0.22122416932915	0.22973851402475	0.23858646001441	0.244894742682886	0.252444851544664	0.256882032434763	0.266115539094022	0.271296502239292	0.273731861691659	0.283177009724603	0.284342054149342	0.285123712468204	0.29084095183967	0.291863870273567	0.292796676096499	0.290620150761617	0.291150973186654	0.290085989651862	0.286601909312874	0.284456486792609	0.28075192926275	0.274693672138297	0.271379384085211	0.270513316970968	0.268832468669047	0.263232096005162	0.260207933632844	0.260247006865003	0.25917673726445	0.257735997303971	0.27893207127217	0.263499337588599	0.263989318637046	0.270932675438431	0.277557968465268	0.287533693895278	0.296832628937054	0.30622842602642	0.316841321319565	0.324219799764034	0.344125454216872	0.360123912914723	0.375352727878679	0.387490350752878	0.41189671169236	0.434720270000672	0.447811540786714	0.469327847087822	0.493430129603194	0.485887683610654	0.513409270965043	0.528977611888029	0.561831020253998	0.542980286823109	0.577568699464797	0.567722724114853	0.62229205245889
408.626	0	0	0	0	0	0	0	0	0	0	0	0	0	0	0	0	0	0	0	0	0	0	0	0	0	0	0	0	0	0	0	0	0	0	0	0	0	0	0	0	0	0	0	0	0	0	0	0	0	0	0	0	0	0	0	0	0	0	0	0	0	0	0	0	0	0	0	0	0	0	0	0	0	0	0	0	0	0	0	0	0	0	0	0	0	0	0	0	0	0	0	0	0	0	0	0	0	0	0	0	0	0	0	0	0	0	0	0	0	0	0	0	0	0	0	0	0	0	0	0	0	0	0	0	0	0	0	0	0	0	0	0	0	0	0	0	0	0	0	0	0	0	0	0	0	0	0	0	0	0	0	0.0296691506615958	0.0289550929614741	0.0328612844302272	0.0375988355934636	0.0426508118386314	0.0471866596672033	0.0510053660970438	0.058079223412828	0.0629328081739242	0.0724074456574252	0.0776425312161595	0.0866715201106297	0.0949888816232235	0.103193780050275	0.110510552779846	0.120500849594631	0.128781413320057	0.138114945678579	0.147102573813815	0.155954678293354	0.162947337535125	0.172953311712019	0.182767419455045	0.196345645159174	0.206870900551537	0.216231966054159	0.226847525726137	0.23542751204636	0.245603612559108	0.252202833477721	0.261871979324414	0.268876835196811	0.274467291761604	0.282545745953742	0.286130466800819	0.292089462768019	0.298346548980008	0.30127037041907	0.30412853272685	0.308442039997682	0.310199338701254	0.309232664168506	0.311605823780744	0.311455938858895	0.309096321950097	0.310631143082364	0.302397017767338	0.303873536605587	0.299286094743977	0.2955775533527	0.290140361135847	0.289193272444512	0.282649608920474	0.283117063259268	0.280846083042634	0.280643915485309	0.27824528374977	0.281093193201811	0.278471133499353	0.281232302418874	0.287096220944516	0.295716008689581	0.302752011511916	0.311466039162764	0.324420708782147	0.333539302287964	0.352208624951345	0.369981324788444	0.381000351537434	0.395517516280584	0.415836470793989	0.417289348548173	0.451273204708864	0.474657776264802	0.49231508223111	0.51390748085761	0.517894842641465	0.551230516010912	0.563189209625057	0.594341761491417	0.616053979411339	0.620059328641624	0.640595115638816	0.686647691906214	0.710916706415626
413.228	0	0	0	0	0	0	0	0	0	0	0	0	0	0	0	0	0	0	0	0	0	0	0	0	0	0	0	0	0	0	0	0	0	0	0	0	0	0	0	0	0	0	0	0	0	0	0	0	0	0	0	0	0	0	0	0	0	0	0	0	0	0	0	0	0	0	0	0	0	0	0	0	0	0	0	0	0	0	0	0	0	0	0	0	0	0	0	0	0	0	0	0	0	0	0	0	0	0	0	0	0	0	0	0	0	0	0	0	0	0	0	0	0	0	0	0	0	0	0	0	0	0	0	0	0	0	0	0	0	0	0	0	0	0	0	0	0	0	0	0	0	0	0	0	0	0	0	0	0	0.027691142198424	0.0293246030140644	0.0330038922475048	0.0379928553161914	0.0413956185730208	0.0481251087524238	0.052162919056	0.05845637354598	0.0648713471775895	0.0727002424045217	0.0796101919358682	0.0872837265192387	0.0947290209060448	0.103459350340471	0.11150609075726	0.120328930893156	0.129628215716009	0.138635636285029	0.149167379356503	0.154371813285149	0.164238989197207	0.174104784828688	0.185017068925114	0.195661921696989	0.205994476409279	0.217346719700095	0.226794650446228	0.237256643883948	0.246748674023569	0.255609684232867	0.263926606426914	0.272996495603664	0.279944781831229	0.288440118694018	0.292995383446052	0.301520658277463	0.307374138208691	0.30864695798441	0.315146912916707	0.319348092982914	0.321546911325689	0.325698763898407	0.326959175506433	0.32642877125112	0.324019253735339	0.32497323536259	0.323848805796012	0.322573601288371	0.317236502146695	0.315042074546165	0.308912784243811	0.30869638504822	0.303110595374603	0.298815925925067	0.295424907816509	0.291691032991379	0.293164512366878	0.288907171219797	0.292001438998168	0.292861058623746	0.297722238094949	0.30048207074682	0.306835729977797	0.316261592950328	0.329323801352071	0.332589873273574	0.343956870673942	0.354344867633842	0.370500397007518	0.381927530407538	0.402909239825298	0.423054691734716	0.439692425587085	0.455737847284625	0.480007018512459	0.498734809930344	0.519403855383821	0.541710858392257	0.579380778203515	0.587092440708098	0.604522313888183	0.632510477473684	0.641119657125289	0.689539359161679	0.711110810983438	0.746662508658363	0.765797850505113
417.833	0	0	0	0	0	0	0	0	0	0	0	0	0	0	0	0	0	0	0	0	0	0	0	0	0	0	0	0	0	0	0	0	0	0	0	0	0	0	0	0	0	0	0	0	0	0	0	0	0	0	0	0	0	0	0	0	0	0	0	0	0	0	0	0	0	0	0	0	0	0	0	0	0	0	0	0	0	0	0	0	0	0	0	0	0	0	0	0	0	0	0	0	0	0	0	0	0	0	0	0	0	0	0	0	0	0	0	0	0	0	0	0	0	0	0	0	0	0	0	0	0	0	0	0	0	0	0	0	0	0	0	0	0	0	0	0	0	0	0	0	0	0	0	0	0	0	0	0.0257545645388278	0.0286592974765228	0.032851416963383	0.0365688038585013	0.0412298487403192	0.0456534311296552	0.0524689096176767	0.0588469659658652	0.0639085853592104	0.0711316400738398	0.0777326136793793	0.0862717948080804	0.0927395871637924	0.101614686442958	0.110104843781114	0.119315847300097	0.127565978894154	0.138138963890315	0.147479419015349	0.155923747862543	0.164961567690103	0.173508911105911	0.181685657813835	0.194634975962362	0.203357895387122	0.21581131967892	0.224908379147801	0.232660514419981	0.241722714087221	0.252608761305658	0.262578030394168	0.272268553995488	0.280500842415291	0.288473248448498	0.296379320929729	0.301432469241274	0.308850053228849	0.31448406655749	0.319236297088111	0.323892210334099	0.330154029361581	0.3305532291992	0.330556155441738	0.335336704427392	0.334524884595104	0.334508772540569	0.336164326093448	0.333575571838877	0.334386799870285	0.330351798232486	0.327813703929003	0.32132837044066	0.318084934532001	0.314730425276994	0.309789105789964	0.307726053629866	0.303473588306768	0.300851148625365	0.300549890780735	0.302985648213255	0.299521586773449	0.302290067305394	0.303610939866127	0.317492227919152	0.317250544544949	0.328477707922092	0.337892910872199	0.352458747593494	0.358458665586714	0.375381983273551	0.392121452529158	0.405411360379797	0.421231568703522	0.438682848791365	0.461491350836819	0.483772215547648	0.499683881669173	0.518607087531611	0.534604918170986	0.560145436360138	0.583561493350682	0.598012705493487	0.614493765104222	0.647780324713656	0.660599340773477	0.676208617093736	0.70605442893756	0.711884566463474	0.754425852190394
422.442	0	0	0	0	0	0	0	0	0	0	0	0	0	0	0	0	0	0	0	0	0	0	0	0	0	0	0	0	0	0	0	0	0	0	0	0	0	0	0	0	0	0	0	0	0	0	0	0	0	0	0	0	0	0	0	0	0	0	0	0	0	0	0	0	0	0	0	0	0	0	0	0	0	0	0	0	0	0	0	0	0	0	0	0	0	0	0	0	0	0	0	0	0	0	0	0	0	0	0	0	0	0	0	0	0	0	0	0	0	0	0	0	0	0	0	0	0	0	0	0	0	0	0	0	0	0	0	0	0	0	0	0	0	0	0	0	0	0	0	0	0	0	0	0	0.0260055541859196	0.0248615697842271	0.0278677290938667	0.0327874678433551	0.0363389031360853	0.0409820680358439	0.0476994342878224	0.0516396023883475	0.0586151740417985	0.0646085332850782	0.0715195529979938	0.0774827082111128	0.0849893996512533	0.092941347838159	0.100396391813974	0.108742980104767	0.117771133079963	0.126532222396863	0.136690884019945	0.146888720057002	0.154602143083109	0.161358998295152	0.173420143189722	0.182792070029557	0.194834178196488	0.20371495083972	0.212146692655081	0.22118983292823	0.231815466992135	0.238890734029176	0.251547545110944	0.260302610825908	0.268561951473485	0.276967087408343	0.289252360375936	0.296697642139009	0.304082930869292	0.311808454241341	0.315254563949785	0.321946658961653	0.327654876580549	0.335242306120643	0.335922233378028	0.34087371608479	0.341701125123182	0.343972739668423	0.345964102113745	0.342588193427214	0.345558603972525	0.342629170582796	0.341063933232264	0.338659602889225	0.335353395521309	0.332768981422007	0.327012189437227	0.323278917578048	0.319855350561619	0.317312174078585	0.313051697846909	0.311091583197408	0.310841980833488	0.310753239274873	0.311987928602532	0.31239170902233	0.314264625659606	0.325602641289884	0.325865125167558	0.334603610716298	0.344308713340334	0.352935692496597	0.366730420503167	0.381491160776765	0.3912828033703	0.41105177365883	0.43103549668064	0.440343306719434	0.472260388453875	0.486662278540046	0.505688616668475	0.525816303138273	0.54440682068538	0.567981857298151	0.58666977750636	0.604078734312362	0.624087251505708	0.647593174028494	0.670886023612792	0.693748667569621	0.70342019536669	0.751826788944677	0.766978450053307	0.768071939284361
427.053	0	0	0	0	0	0	0	0	0	0	0	0	0	0	0	0	0	0	0	0	0	0	0	0	0	0	0	0	0	0	0	0	0	0	0	0	0	0	0	0	0	0	0	0	0	0	0	0	0	0	0	0	0	0	0	0	0	0	0	0	0	0	0	0	0	0	0	0	0	0	0	0	0	0	0	0	0	0	0	0	0	0	0	0	0	0	0	0	0	0	0	0	0	0	0	0	0	0	0	0	0	0	0	0	0	0	0	0	0	0	0	0	0	0	0	0	0	0	0	0	0	0	0	0	0	0	0	0	0	0	0	0	0	0	0	0	0	0	0	0	0	0	0.0236047764187262	0.0244991128090257	0.0285775506172596	0.0311254646506827	0.0359401429584658	0.0408591712692147	0.0445380541017271	0.0517169256343642	0.0558991645709595	0.0631172074681583	0.0699987299997781	0.0766742498328973	0.083074083166774	0.0914913531879991	0.0966947675043374	0.107052999280995	0.114310339945196	0.124178511672939	0.130560066551684	0.142461876163557	0.151404437020253	0.159802523443856	0.167784633900526	0.178790529208494	0.187842595631014	0.198687457313383	0.208049607585023	0.217869327830188	0.226161612018876	0.235626374547934	0.245504556557518	0.253257085173772	0.262950643984465	0.27425101323146	0.282377990178086	0.291690673009925	0.300201598755048	0.30585937204365	0.314861495566883	0.32098678364904	0.327675969410516	0.333015250911276	0.339200867190179	0.341902027796139	0.342151864775542	0.347068406683851	0.346027274016212	0.349775542183819	0.351273416422797	0.350509370311897	0.346336981569901	0.349903893149015	0.341559725072578	0.339748265752042	0.338162026560383	0.333176753473732	0.331306705482811	0.32576693447599	0.326017113154515	0.321738176213523	0.318541767458934	0.314468859840809	0.317421174681311	0.312881984283002	0.318190862228643	0.317966593713146	0.32099761598062	0.330073233288884	0.330905336003804	0.344960188414521	0.354511417556369	0.367235586785117	0.379532032450689	0.393140265871833	0.40609475685987	0.421155623793035	0.442269498271141	0.457966462737898	0.476910190382895	0.493779566817976	0.515988807323841	0.533509214352888	0.553568036932083	0.565894215462187	0.587021493511139	0.612552316563498	0.621601245676027	0.637888554967511	0.667751409592753	0.684210193158146	0.700843624471196	0.717325042616063	0.733481514806906	0.749569985210925
431.667	0	0	0	0	0	0	0	0	0	0	0	0	0	0	0	0	0	0	0	0	0	0	0	0	0	0	0	0	0	0	0	0	0	0	0	0	0	0	0	0	0	0	0	0	0	0	0	0	0	0	0	0	0	0	0	0	0	0	0	0	0	0	0	0	0	0	0	0	0	0	0	0	0	0	0	0	0	0	0	0	0	0	0	0	0	0	0	0	0	0	0	0	0	0	0	0	0	0	0	0	0	0	0	0	0	0	0	0	0	0	0	0	0	0	0	0	0	0	0	0	0	0	0	0	0	0	0	0	0	0	0	0	0	0	0	0	0	0	0	0	0.0221850796276006	0.0247804276101921	0.0288240697974212	0.03099278594147	0.0364552797667301	0.0402038463468976	0.0448340455057062	0.0512700830024511	0.0567609213981122	0.0633650144754736	0.0683499771105236	0.0745346950255146	0.0821626052312874	0.089165355080354	0.0958277035276964	0.104881208333806	0.113089631530429	0.121937058023858	0.12851464877339	0.138276120634886	0.147808371697058	0.155832571055103	0.166203084924906	0.174212818817281	0.185174352049958	0.193321759903017	0.204518735703401	0.213135858693339	0.22328759362962	0.232897995274918	0.242885464681783	0.251699724457646	0.256413536429896	0.266576289262972	0.277920289357723	0.283982475570516	0.293654560737878	0.304052091590007	0.313712407668591	0.319066355090017	0.32778706624557	0.331459629865997	0.339614822444634	0.343689686384614	0.346352688361931	0.352242829676562	0.352294529765809	0.354416616718968	0.353917538848771	0.357831830152788	0.352847526075966	0.353777391661319	0.355491714358169	0.34870874301848	0.347847735035614	0.345774268389063	0.342337557809621	0.336795891127737	0.333087021299244	0.327904471461057	0.325247398740665	0.32213230067969	0.321878680381763	0.320545489644171	0.321779608998263	0.32006219517129	0.325713750800211	0.327347989430907	0.333218659224223	0.34035810871787	0.348313384967019	0.356239646045737	0.369344080887446	0.38322676506335	0.394958197475506	0.409153434174958	0.420580613174186	0.437871387724635	0.461413834642071	0.476331326510733	0.488233852926719	0.513095349883305	0.535990362110121	0.553661134666081	0.576152114530964	0.58363281926432	0.596242438878157	0.633645167888215	0.64508176592399	0.653890655861115	0.680068739136741	0.7002046819488	0.735826206396061	0.746475011977161	0.773476745734652	0.820385037601965
436.285	0	0	0	0	0	0	0	0	0	0	0	0	0	0	0	0	0	0	0	0	0	0	0	0	0	0	0	0	0	0	0	0	0	0	0	0	0	0	0	0	0	0	0	0	0	0	0	0	0	0	0	0	0	0	0	0	0	0	0	0	0	0	0	0	0	0	0	0	0	0	0	0	0	0	0	0	0	0	0	0	0	0	0	0	0	0	0	0	0	0	0	0	0	0	0	0	0	0	0	0	0	0	0	0	0	0	0	0	0	0	0	0	0	0	0	0	0	0	0	0	0	0	0	0	0	0	0	0	0	0	0	0	0	0	0	0	0	0.0221146625875628	0.0214151068081431	0.0251792765867578	0.0271290942879556	0.0325166201349405	0.0355653348882998	0.040897950008331	0.0450982144283728	0.0489138279162983	0.0558632018283265	0.0611032012376376	0.0672490210732584	0.0741565399057685	0.0809082396578645	0.087197781118262	0.0951518478869772	0.102331101061528	0.110093346569708	0.118895409718308	0.128770895639883	0.136290294928408	0.144364038602061	0.152546024127596	0.160883861597798	0.171596454630291	0.180824900845043	0.19387652053683	0.20267935791091	0.210467475876122	0.219523304165924	0.23012288563227	0.238319502879193	0.246031690484266	0.256278138885808	0.26316062590232	0.27280972525002	0.281623274365396	0.290308705780245	0.299434647111268	0.309222120730016	0.317351336444459	0.323622714495952	0.331991968398382	0.33666676977426	0.341090501666318	0.349120825168481	0.351269595483356	0.35498872566563	0.356103399088076	0.356789363401018	0.363283434977445	0.359407720191787	0.357217100424776	0.357669000030141	0.359663760661737	0.357360423125159	0.355993421566448	0.351373481413719	0.348461800133709	0.347036684069627	0.337901655178649	0.337824623700706	0.333767012090929	0.331571121872428	0.327439871575901	0.328136732265189	0.325719464763132	0.328513567957562	0.332020526944157	0.333647846964655	0.336610267171844	0.344470511680375	0.353145174614123	0.352608790088502	0.374400190426866	0.378858890078472	0.392459973742607	0.409820582397254	0.425243229394746	0.436763358925235	0.456295973215285	0.477751977841244	0.495165585022158	0.511086391083555	0.53468946506619	0.550442326052247	0.56898742774905	0.583563255751014	0.609928219960638	0.623751979475106	0.647379958396768	0.662660385693789	0.678875275738897	0.715779238298425	0.716685002310806	0.735910313179064	0.763085183016419	0.793220142811117	0.792308267224482
440.905	0	0	0	0	0	0	0	0	0	0	0	0	0	0	0	0	0	0	0	0	0	0	0	0	0	0	0	0	0	0	0	0	0	0	0	0	0	0	0	0	0	0	0	0	0	0	0	0	0	0	0	0	0	0	0	0	0	0	0	0	0	0	0	0	0	0	0	0	0	0	0	0	0	0	0	0	0	0	0	0	0	0	0	0	0	0	0	0	0	0	0	0	0	0	0	0	0	0	0	0	0	0	0	0	0	0	0	0	0	0	0	0	0	0	0	0	0	0	0	0	0	0	0	0	0	0	0	0	0	0	0	0	0	0	0	0.0217721337050629	0.0222673428591405	0.0257424576027314	0.0297704946386465	0.0326008235407545	0.0365556939083332	0.0416205938634946	0.046729921516538	0.0503517477068579	0.0564475805034312	0.0616878364760604	0.0666731949110427	0.0739921896356901	0.0814113588120909	0.0872842131138259	0.0950787714268851	0.1013075232068	0.10944348603469	0.115230846869249	0.125593956533317	0.135063569627353	0.142309429622159	0.150193433180082	0.158200044411859	0.167468597292302	0.17724172102535	0.186353759860119	0.194702701883313	0.206225429369504	0.214583046725596	0.22570984584367	0.232346688459669	0.242886877200763	0.2527419366187	0.260700310441676	0.268710550221126	0.27562232461735	0.28334668902696	0.292722970179452	0.301216257278915	0.312867324054844	0.319968520722629	0.325614202127457	0.33370250656012	0.338693875979996	0.347874671136957	0.350309384625326	0.354931657548413	0.358389827323053	0.360867759155104	0.363412222737423	0.365735631171086	0.363506153116236	0.365164547470031	0.365328514813985	0.36161474118138	0.359707507844875	0.359004669505817	0.357377332285657	0.353332315742001	0.353261120385726	0.347613865612116	0.342851317190795	0.341491236314299	0.337570364107835	0.334877046468039	0.332913765623594	0.328954409955339	0.334373545963393	0.333559292442784	0.335505228711574	0.340517499829895	0.347596213701905	0.351793482742407	0.36296726225922	0.372259848100589	0.379904510813426	0.397934351933146	0.407797895456002	0.425914098506842	0.442158788846643	0.461207161326103	0.474602066306913	0.4906204150958	0.513024556488737	0.53535380550044	0.552279665881057	0.568958213343976	0.586294355633379	0.602510674255998	0.622257549838882	0.631467106624494	0.65529495357687	0.663020506923891	0.710253727998629	0.705320218559312	0.735084438134707	0.76331046265547	0.76935105400353	0.805117012422053	0
445.528	0	0	0	0	0	0	0	0	0	0	0	0	0	0	0	0	0	0	0	0	0	0	0	0	0	0	0	0	0	0	0	0	0	0	0	0	0	0	0	0	0	0	0	0	0	0	0	0	0	0	0	0	0	0	0	0	0	0	0	0	0	0	0	0	0	0	0	0	0	0	0	0	0	0	0	0	0	0	0	0	0	0	0	0	0	0	0	0	0	0	0	0	0	0	0	0	0	0	0	0	0	0	0	0	0	0	0	0	0	0	0	0	0	0	0	0	0	0	0	0	0	0	0	0	0	0	0	0	0	0	0	0	0	0.0214410179728604	0.0234563884367988	0.0261450000065312	0.0292066761359495	0.0327683877601516	0.0367826400987529	0.0391838119689992	0.0438496648896014	0.0501284920720755	0.055209974854037	0.0597184991979572	0.0645095123208556	0.0721338799659984	0.0779687164202374	0.0844487975434846	0.0907978554371244	0.0983060337573368	0.105402627846375	0.11211461493821	0.12121846099118	0.128265386109916	0.136850081665969	0.143673682104043	0.153167495170429	0.161234288338726	0.168014437952352	0.17868374405289	0.18753294307859	0.197213434953235	0.206562182273223	0.216833963966243	0.22539505964277	0.23225509317831	0.242786796728172	0.249181650722241	0.258981043852365	0.267721706058799	0.274692374153388	0.282017572422775	0.291290187110841	0.297607378698051	0.305101846712957	0.31326537477391	0.320571163799174	0.329060278461344	0.333540506891589	0.342734419568679	0.348103042095401	0.35188791352389	0.356348238750395	0.357918214674285	0.360566903106678	0.361569129597205	0.36429672535108	0.360709761325191	0.361672544883949	0.360052220986317	0.358343547359247	0.35884798448903	0.355862659713663	0.351624840876191	0.349944468056356	0.345218983758469	0.342645870533528	0.340992426396244	0.335345998003963	0.331481753991365	0.332594797229826	0.333250976753799	0.332679918578186	0.333144901499396	0.332918513124694	0.334125764339779	0.341617083563486	0.350701321508556	0.358159483402193	0.367580309672649	0.372952524436701	0.38581161930592	0.402524744836561	0.416066374640279	0.438765690688624	0.446528951101231	0.462343063372047	0.475082735993864	0.495524296405491	0.515188865527638	0.538556394315378	0.555273097120994	0.565293370536824	0.587664263563167	0.593034305656501	0.622637960978749	0.639398085442681	0.648840510592163	0.684894252765257	0.69223449135255	0.720237624484901	0.717616633101645	0.730195115065193	0.749258118762268	0	0
450.154	0	0	0	0	0	0	0	0	0	0	0	0	0	0	0	0	0	0	0	0	0	0	0	0	0	0	0	0	0	0	0	0	0	0	0	0	0	0	0	0	0	0	0	0	0	0	0	0	0	0	0	0	0	0	0	0	0	0	0	0	0	0	0	0	0	0	0	0	0	0	0	0	0	0	0	0	0	0	0	0	0	0	0	0	0	0	0	0	0	0	0	0	0	0	0	0	0	0	0	0	0	0	0	0	0	0	0	0	0	0	0	0	0	0	0	0	0	0	0	0	0	0	0	0	0	0	0	0	0	0	0.0223538663713723	0.0215134936895616	0.0235310385082739	0.0254250725716935	0.029127040858385	0.0317991831137257	0.034697323553748	0.0400742353116331	0.0433943590058722	0.0489936578289075	0.0538005526077535	0.0577565895902244	0.0643656817815561	0.070037987668855	0.0757937184324437	0.0815391226276156	0.0872489380678139	0.0960455698588559	0.101187597092212	0.107972095125896	0.115617670387331	0.121918029301544	0.130745980293136	0.138267073633818	0.145739079725029	0.153957004295185	0.160788531249872	0.171143612754105	0.179292640464201	0.188358858079965	0.196038942964618	0.202990981574187	0.214855981767291	0.223598306409276	0.232080544509665	0.240173595809979	0.246723488303202	0.257270040607137	0.263459351813323	0.270887717797992	0.278480238075383	0.287123301160051	0.29229674663282	0.300134309295374	0.307810853847733	0.315902099652807	0.324297423180691	0.329051867565222	0.335016745310471	0.342979266812286	0.346930227599314	0.349164228434066	0.35144242370912	0.354531642902832	0.358008030834607	0.357254673455314	0.357501392853646	0.358927148918271	0.357443657166685	0.35648427489304	0.352665895421509	0.35191739939246	0.34894886655784	0.345581720683995	0.345078686421866	0.339080074012083	0.338998143830127	0.335536118455013	0.330910645622576	0.329419074969715	0.328859417445091	0.328744850689947	0.327568285497006	0.331428009378744	0.336982164797942	0.335761772466183	0.345840495820558	0.351416306208027	0.358639015932106	0.370891670222397	0.378446007588934	0.392656497134624	0.407200209969898	0.424035437897992	0.435344892605148	0.451111545098137	0.460427533895843	0.482437927951189	0.496600853718234	0.520204312277776	0.538442934690138	0.550511614480571	0.565818948181656	0.588318362301865	0.610079149356651	0.621124357222005	0.63984916064127	0.65299655393224	0.672563304294325	0.690793435530952	0.717293293565783	0.720694381785489	0.751547050885181	0	0	0
454.783	0	0	0	0	0	0	0	0	0	0	0	0	0	0	0	0	0	0	0	0	0	0	0	0	0	0	0	0	0	0	0	0	0	0	0	0	0	0	0	0	0	0	0	0	0	0	0	0	0	0	0	0	0	0	0	0	0	0	0	0	0	0	0	0	0	0	0	0	0	0	0	0	0	0	0	0	0	0	0	0	0	0	0	0	0	0	0	0	0	0	0	0	0	0	0	0	0	0	0	0	0	0	0	0	0	0	0	0	0	0	0	0	0	0	0	0	0	0	0	0	0	0	0	0	0	0	0	0	0.020016327995516	0.0201564259453559	0.0225358040332828	0.0259846619157178	0.0285519020369601	0.0322967582942038	0.0349635969786264	0.0393356131738174	0.0430937869479056	0.047078107623701	0.051194437995708	0.056125776530922	0.0622289649708179	0.0678042598529228	0.0729332950608191	0.0796618066287932	0.0849400672524561	0.0902323980513402	0.0972726461873417	0.102786346124785	0.112386243299845	0.11713732164662	0.127103681158639	0.133227333203656	0.138188859725574	0.146262791020451	0.155147837345377	0.162265107252856	0.172093683837742	0.180074513784862	0.186883772934248	0.197982887922814	0.205503658281504	0.213482299245618	0.221475053566624	0.229290642045949	0.237982867824177	0.245416127727513	0.252484555017083	0.260764962776088	0.26954184836719	0.277335404314184	0.283216003145266	0.287176142412358	0.295203936922592	0.302317894016653	0.308911372233196	0.315292050064404	0.322282717041805	0.330069220269799	0.334081450104609	0.340824584599298	0.341108250348554	0.34632431514161	0.348374586738264	0.349965290950899	0.350966080091396	0.354350168410433	0.354300158092728	0.351717076146037	0.34978586352949	0.346282512684866	0.345120852958097	0.344688060064581	0.3415556979884	0.338074876399563	0.336136476648907	0.335349929290109	0.33339238257098	0.329774688626308	0.326142079651659	0.326612362122172	0.325897892531728	0.324183885520343	0.328196803764267	0.330192831245413	0.334801039603139	0.336389152691121	0.345362168943311	0.352223430204871	0.361896074105953	0.373114033345377	0.377604013308011	0.393965540951066	0.413382049460927	0.424161420915414	0.437411449157422	0.461479745783026	0.469697440617364	0.488529974759765	0.499600871559297	0.521374431375378	0.535030265882591	0.55906434567677	0.566081093929087	0.585388931917271	0.603573578681361	0.6244356433551	0.627833389474774	0.643891126324218	0.672302132314187	0.692716221915924	0.709741553805685	0.703895775404198	0	0	0	0
459.414	0	0	0	0	0	0	0	0	0	0	0	0	0	0	0	0	0	0	0	0	0	0	0	0	0	0	0	0	0	0	0	0	0	0	0	0	0	0	0	0	0	0	0	0	0	0	0	0	0	0	0	0	0	0	0	0	0	0	0	0	0	0	0	0	0	0	0	0	0	0	0	0	0	0	0	0	0	0	0	0	0	0	0	0	0	0	0	0	0	0	0	0	0	0	0	0	0	0	0	0	0	0	0	0	0	0	0	0	0	0	0	0	0	0	0	0	0	0	0	0	0	0	0	0	0	0	0.0171297909817401	0.0202196113808911	0.0225215741178567	0.0253992283105244	0.0274810810615128	0.0315701243430609	0.0354045810361683	0.0382519361757147	0.0426337752264452	0.0459314855562795	0.0503561162629046	0.0549174847884751	0.0599142314360791	0.0641609096459762	0.0704034614025538	0.0752258213354817	0.0812251224210911	0.0872310381756712	0.0915034387224018	0.0985642441923562	0.105399026234586	0.113097026342379	0.120427836273646	0.126923844469437	0.1323919796345	0.13858363450461	0.147695306871542	0.156291476419735	0.16330014109392	0.1697847133914	0.178511769750559	0.1870965184419	0.194840473480138	0.202190219626347	0.208953762341002	0.21802259935456	0.223817057881858	0.234455723225597	0.241621908449082	0.249055873752543	0.257636832850803	0.264048939128513	0.268479222371899	0.277912789721907	0.282873477813841	0.288438866138892	0.294713724132099	0.301016280212392	0.307998245892245	0.314424934928677	0.319918070744509	0.325911759737738	0.329462878945936	0.334198920249494	0.33726294266772	0.342253264753135	0.343812648001376	0.345548449179227	0.346136894900047	0.344501717994101	0.344711849097519	0.341152558204018	0.342319242956023	0.341481057111132	0.338193755858845	0.337899776181834	0.335313048258933	0.333133079003763	0.330658827932557	0.327301212135255	0.32526644082851	0.324694567324359	0.321884347573695	0.320760673920135	0.322909723318703	0.322521713745338	0.323217633035995	0.32799287190002	0.33464095711578	0.339189599137213	0.343093219209987	0.353062367416995	0.36451411710004	0.371935015334452	0.381589533645972	0.395778097573126	0.409875699226257	0.430405961368982	0.444119243775355	0.456627296419859	0.470764559732745	0.487400639421409	0.503951275434798	0.516107218420685	0.53528016087163	0.543899960129951	0.572700702621892	0.57541755134788	0.596731166120626	0.617374008885003	0.620597459306944	0.653330638186474	0.6601376017423	0.67409480204854	0.700162790142674	0	0	0	0	0
464.049	0	0	0	0	0	0	0	0	0	0	0	0	0	0	0	0	0	0	0	0	0	0	0	0	0	0	0	0	0	0	0	0	0	0	0	0	0	0	0	0	0	0	0	0	0	0	0	0	0	0	0	0	0	0	0	0	0	0	0	0	0	0	0	0	0	0	0	0	0	0	0	0	0	0	0	0	0	0	0	0	0	0	0	0	0	0	0	0	0	0	0	0	0	0	0	0	0	0	0	0	0	0	0	0	0	0	0	0	0	0	0	0	0	0	0	0	0	0	0	0	0	0	0	0.0215795256405148	0.0161993889516247	0.0180861729333901	0.0214265586047005	0.0246021365313906	0.0268849106683053	0.0308835566555584	0.0338465651188214	0.0372113825062553	0.0413022981746387	0.0442539642681183	0.0489095413771629	0.0526578982063617	0.0577947108888002	0.062264371025043	0.0665252754146874	0.0712057722732022	0.0775894304761222	0.0815968791097877	0.0880229588158652	0.0938649307975376	0.100307336041732	0.107296163783875	0.111355340682656	0.11965464851893	0.124955548357997	0.133157295311662	0.13967704995577	0.14569189419802	0.154778721174503	0.159465103051591	0.167008977040657	0.175620955224962	0.184147758700733	0.191877938097408	0.199757125261328	0.206200293493128	0.213578723455224	0.222107549540474	0.229417236699588	0.236724585659133	0.244387656872671	0.252438650617963	0.257486301917455	0.262821414180959	0.269556620182909	0.275397460411216	0.281786699000123	0.286810010277	0.29169512213956	0.297752907051386	0.303346517792045	0.307979109935589	0.314168192564159	0.317640450813473	0.324327244009308	0.325205021762726	0.328837639630669	0.333004066963769	0.334662988991765	0.333025696749407	0.335856630290491	0.33557012761852	0.33352959002107	0.330628715106359	0.332227598262131	0.328849228683163	0.330469761118774	0.32650328075737	0.326716500661518	0.321971662898685	0.321398442564402	0.317130127011379	0.317739161214417	0.316732798398801	0.315737092793919	0.314590931875333	0.316282211368088	0.314974444757693	0.320635225613486	0.324567676254429	0.332609087728076	0.331385528279601	0.343529547841276	0.354924029702168	0.360578093237757	0.374574872831816	0.382063605278891	0.396088359653414	0.405875833072229	0.429130245667684	0.43967279081148	0.450629683626751	0.470584319219648	0.485847024269643	0.500159633278215	0.510218951432865	0.527818586790686	0.546466088868515	0.552462860858326	0.573157527972701	0.585291950668705	0.604788942905507	0.621207250301232	0.641282860505733	0.641363282874674	0	0	0	0	0	0	0
468.686	0	0	0	0	0	0	0	0	0	0	0	0	0	0	0	0	0	0	0	0	0	0	0	0	0	0	0	0	0	0	0	0	0	0	0	0	0	0	0	0	0	0	0	0	0	0	0	0	0	0	0	0	0	0	0	0	0	0	0	0	0	0	0	0	0	0	0	0	0	0	0	0	0	0	0	0	0	0	0	0	0	0	0	0	0	0	0	0	0	0	0	0	0	0	0	0	0	0	0	0	0	0	0	0	0	0	0	0	0	0	0	0	0	0	0	0	0	0	0	0	0	0.0168464245300817	0.0154137123568692	0.0166765121979871	0.0193514697533975	0.0215957355828391	0.0244217394975369	0.0272887192125906	0.0308517542619619	0.0338578790146492	0.0381223120667471	0.0421882610826098	0.0464780748818838	0.0504077328661991	0.0539170492463615	0.0580062004623781	0.0618346762120466	0.0674682210243868	0.0709386910365586	0.0775932171684151	0.0819271211276049	0.0882526634499653	0.0922101051463883	0.0989502778866162	0.105978467274219	0.111323607676674	0.118081877917966	0.123000690280977	0.13130478012714	0.135976164831187	0.143887516190243	0.149591176473907	0.156568260955248	0.163285334478605	0.173841263886448	0.178563442453189	0.183560275269461	0.194719442857372	0.199551811066557	0.20652978650678	0.213375354499681	0.220447573222836	0.227242970145814	0.235930766795544	0.240977306360496	0.24893686573768	0.253428427197806	0.258130744210746	0.263348723971033	0.269524004427736	0.276060584774574	0.280759921037407	0.28416284827197	0.288966810957929	0.296249479212447	0.301095916923463	0.30291012794185	0.307831436803655	0.313086697548538	0.314370599936565	0.318592429759016	0.319058049804398	0.322091830540526	0.32280820601025	0.318982476332968	0.322713283915589	0.321367612447376	0.319326011941944	0.317755401469755	0.318269351166144	0.31673554400282	0.310991309763107	0.313353917859964	0.311080629837994	0.30695501502958	0.307382331609248	0.304450545196486	0.304093206706521	0.30208122710793	0.305198871491824	0.307122827241904	0.309331470803474	0.309055916324174	0.314354105418459	0.321068634054387	0.329166647286622	0.335291682298828	0.344800643299251	0.35738504060251	0.361609329586475	0.375631049875299	0.390326296936361	0.403799752997087	0.416405974253161	0.431137116165299	0.444804091210198	0.454585482754083	0.470638537341795	0.488345580065594	0.504091166336975	0.516865863509264	0.524412732256872	0.547144474604609	0.565537145183275	0.573979389226003	0.590570033653341	0.607222576438828	0.614885130015964	0	0	0	0	0	0	0	0
473.326	0	0	0	0	0	0	0	0	0	0	0	0	0	0	0	0	0	0	0	0	0	0	0	0	0	0	0	0	0	0	0	0	0	0	0	0	0	0	0	0	0	0	0	0	0	0	0	0	0	0	0	0	0	0	0	0	0	0	0	0	0	0	0	0	0	0	0	0	0	0	0	0	0	0	0	0	0	0	0	0	0	0	0	0	0	0	0	0	0	0	0	0	0	0	0	0	0	0	0	0	0	0	0	0	0	0	0	0	0	0	0	0	0	0	0	0	0	0	0	0.015134762382435	0.0149658804828479	0.0166024478538235	0.0187223373234777	0.0209171885140739	0.0237764616135644	0.0269022667377987	0.0293527488451163	0.0329405802127484	0.0357216458526785	0.0401423146689722	0.0432275117682831	0.0496014111079294	0.0516818120813054	0.0554369344594191	0.0603274636724998	0.0635788234849836	0.0694606158178921	0.072452847493323	0.0776564693893457	0.0823161995932902	0.0889642801475651	0.0936158347262022	0.100100039421544	0.105542877142871	0.110348419338003	0.116635590167378	0.122730710844659	0.128617771837752	0.136859078229887	0.142461666550369	0.14721320561743	0.154471965001247	0.162915245588431	0.168507375763289	0.175202991964488	0.181484663022795	0.187891811378735	0.195070194281161	0.201634787525617	0.20789791030296	0.216198966089681	0.218979707290039	0.226679507653159	0.233719814508267	0.240082409475369	0.245100064900701	0.250529344921939	0.257007472318353	0.261569492521482	0.267160541145259	0.272876928920456	0.276445525050338	0.27864797119109	0.284406410420822	0.289202454865375	0.292924095875372	0.297718970256492	0.299822476887115	0.302746113828308	0.306258477613473	0.309517534713172	0.311422489625252	0.312969551382899	0.313115257322247	0.312257882400684	0.312214793153817	0.311587932864518	0.309791795257746	0.31101977382838	0.307640266275834	0.306385566455696	0.304847843448842	0.304248715726968	0.301973231983736	0.302387119759532	0.29779739749235	0.299357590173601	0.29789725417899	0.297790554600236	0.299780242974484	0.303154492806931	0.303877802499205	0.307648482200867	0.309193708469656	0.31938833506798	0.324411229440737	0.331000770534973	0.341600835874783	0.354812817956609	0.364893106020103	0.375325358262505	0.389482609112785	0.404404647992735	0.419583665041361	0.428043781442105	0.43891663662805	0.452796589496593	0.471856254247424	0.48413435285918	0.492679594074384	0.506713750031976	0.522591194467207	0.535124100089727	0.552333481199409	0.561449485502777	0.58222635617707	0.600169941813269	0	0	0	0	0	0	0	0	0
477.969	0	0	0	0	0	0	0	0	0	0	0	0	0	0	0	0	0	0	0	0	0	0	0	0	0	0	0	0	0	0	0	0	0	0	0	0	0	0	0	0	0	0	0	0	0	0	0	0	0	0	0	0	0	0	0	0	0	0	0	0	0	0	0	0	0	0	0	0	0	0	0	0	0	0	0	0	0	0	0	0	0	0	0	0	0	0	0	0	0	0	0	0	0	0	0	0	0	0	0	0	0	0	0	0	0	0	0	0	0	0	0	0	0	0	0	0	0	0.0127729052970413	0.0145058888150767	0.0160235205115994	0.0177945827213439	0.0193272883338403	0.0219431961411209	0.0240189247556721	0.0265704790237478	0.0296335754427275	0.0327907911621416	0.036246046838716	0.0411441303253785	0.0447657139377911	0.0485005600270574	0.0519395778257323	0.0551597316321217	0.0604578310375055	0.0632610563641004	0.0677836345609042	0.0727485510104856	0.0767142702450127	0.0822511599961952	0.0867328761858076	0.0919503051001313	0.0977827392291338	0.102753622186171	0.10836833384999	0.113781829089017	0.11928053905621	0.125975983576306	0.131321619131858	0.138997316580784	0.144189951838108	0.150100851734265	0.155875687368619	0.161665330162847	0.168452957605943	0.177188319655862	0.182064650032798	0.190208814921269	0.195719900582933	0.199525455702974	0.205743233784482	0.211934050609484	0.218454819774223	0.224348488707322	0.230701082571687	0.235701462442481	0.241286552806767	0.245613895899912	0.250202290242803	0.25354256798132	0.261332597325062	0.263200992720356	0.26712085184521	0.269069963741305	0.274521080298226	0.279246782594653	0.283419653389962	0.288272932950075	0.290721205903009	0.292245668484714	0.296782552644735	0.296234528023455	0.298568449001246	0.297616530763763	0.299306505008188	0.299633686759637	0.29864205519165	0.298274578204195	0.29631023952859	0.295201025366095	0.293127107755725	0.290734002034935	0.29184274251947	0.289140316168626	0.288567448400573	0.289132762298637	0.288173095316973	0.288237675048966	0.286439414629519	0.291858475118559	0.290455048820729	0.289901750047297	0.295301027913352	0.299472573432971	0.302534163010386	0.313200881788853	0.317049079846138	0.323589790111149	0.338907576274366	0.345116843500818	0.354737849334261	0.365844699752939	0.381658231528223	0.39443180476678	0.406683145250622	0.423259769426722	0.432185817049459	0.444927452650914	0.453675443549311	0.470672615057375	0.4770237948983	0.498417147506127	0.508439541081429	0.517896691181042	0.533328465985924	0.548002268295264	0.559831211568803	0	0	0	0	0	0	0	0	0	0
482.615	0	0	0	0	0	0	0	0	0	0	0	0	0	0	0	0	0	0	0	0	0	0	0	0	0	0	0	0	0	0	0	0	0	0	0	0	0	0	0	0	0	0	0	0	0	0	0	0	0	0	0	0	0	0	0	0	0	0	0	0	0	0	0	0	0	0	0	0	0	0	0	0	0	0	0	0	0	0	0	0	0	0	0	0	0	0	0	0	0	0	0	0	0	0	0	0	0	0	0	0	0	0	0	0	0	0	0	0	0	0	0	0	0	0	0.0150491105192277	0.0127779212050875	0.014346321624628	0.0149870163530264	0.0169227655381836	0.0186804019710685	0.021414225807713	0.0232971293534191	0.0248017570847866	0.0279188633778323	0.0309750406346385	0.0336985560203631	0.0368559206940084	0.0417546077179249	0.0456112783808975	0.0474770120426189	0.0519427309395395	0.0560826178358382	0.0605016565343727	0.0629915142367429	0.0685911139791574	0.0728732647150976	0.0779361498064237	0.0807951499303454	0.084724820434118	0.0905140780004155	0.0960253985159524	0.101678120971433	0.107136849033918	0.113165566230002	0.117707495878234	0.122852208210727	0.130119348100586	0.135893794487459	0.139226814304802	0.146673488048395	0.15256645408008	0.157662821842855	0.163780432161305	0.168856766388865	0.175818466029754	0.18233963201807	0.18670173407401	0.192721132996191	0.198153261220125	0.204658735067986	0.210456448033032	0.215861176802473	0.22040606998046	0.227040839878805	0.233177416726102	0.236759062431197	0.241223068653051	0.2450001942328	0.249235245348673	0.252526455738195	0.256837147809554	0.259969936767115	0.262307034106995	0.266550357161762	0.270074823613698	0.272362848785991	0.275998332631765	0.279678255635152	0.28268349076226	0.285303701241989	0.286706683291303	0.286362227122566	0.289241570878313	0.287945000559216	0.288172980329605	0.28493064857888	0.287131197669324	0.28579481968671	0.284593035446168	0.284777375654239	0.282565818451068	0.281244205135173	0.280698790800622	0.279261504044597	0.278419613104393	0.280798317419786	0.278455392675938	0.278214860107848	0.281692927098232	0.282014937217729	0.285318147592135	0.287962336501266	0.292536480117209	0.299838414242585	0.30648935869227	0.311222390299399	0.320904453265327	0.331080384422038	0.341614693954534	0.350516520799314	0.363474818460753	0.373884554996317	0.385349833722471	0.399264722271638	0.418211502804952	0.42014257500466	0.434611923100202	0.448905782497476	0.457364447015723	0.472804048038937	0.485802452420193	0.499486992001081	0.510646243490934	0.524895311734196	0.532804753079019	0	0	0	0	0	0	0	0	0	0	0.652411664567193
487.263	0	0	0	0	0	0	0	0	0	0	0	0	0	0	0	0	0	0	0	0	0	0	0	0	0	0	0	0	0	0	0	0	0	0	0	0	0	0	0	0	0	0	0	0	0	0	0	0	0	0	0	0	0	0	0	0	0	0	0	0	0	0	0	0	0	0	0	0	0	0	0	0	0	0	0	0	0	0	0	0	0	0	0	0	0	0	0	0	0	0	0	0	0	0	0	0	0	0	0	0	0	0	0	0	0	0	0	0	0	0	0	0	0.0132149711483073	0.0127648937368151	0.0142807021551368	0.0152303626899915	0.0169892767691706	0.0183931864122863	0.0203854607670847	0.0225270257677765	0.0236986546061194	0.0258725605197496	0.0284250003087064	0.0316883969675608	0.034550242992566	0.0376269256517677	0.0411090449612996	0.0441405141531994	0.0481719241303621	0.0519904041615805	0.0569238871348719	0.0604071600446834	0.0642247654574864	0.0680074975057901	0.0715780588578566	0.0753364730126256	0.0805900864813507	0.0850019460788661	0.0883629131736299	0.0925751092992305	0.0983035629726992	0.104259201445813	0.110063786674572	0.113687632851598	0.118874489285328	0.124932431477369	0.130939556383518	0.135422581723084	0.140895892224463	0.146745317620802	0.151600706196185	0.157825799967291	0.162190133079633	0.17011652401924	0.174854550200893	0.180700083194433	0.185425373559776	0.191676781666116	0.196442968556733	0.201671350309786	0.204823494576847	0.211270810278254	0.217692234054005	0.222243527059733	0.227649248334409	0.232545825017554	0.234684527008388	0.236598579649573	0.244142656795798	0.24429433427823	0.247460405930486	0.252759525268558	0.253564526138222	0.258220669852395	0.260685758152863	0.264285017007169	0.269648185929482	0.26941941551461	0.27289512007261	0.272552003185587	0.275081125433073	0.275588503832868	0.275522630287055	0.277856256560821	0.276058186364753	0.276237366541263	0.276292469883528	0.272752642246897	0.272349504517676	0.271711473496138	0.271204711972221	0.271974525651705	0.271206554898695	0.270761727189829	0.271733000740704	0.267015018197807	0.270837078648341	0.272527263179753	0.271848669163382	0.27636113787325	0.280158303835353	0.282587195485844	0.286721885761399	0.290104620032516	0.299584506323679	0.305765767837207	0.310034480840671	0.324672064759318	0.333666748373039	0.345999386743855	0.359173986357655	0.369523505680721	0.379711680496828	0.388060072935656	0.403629516940834	0.417202194398522	0.426202678926975	0.437835870070979	0.449304159584413	0.466083693283654	0.47636313212831	0.484320928015167	0.497382051684336	0.499503785036078	0	0	0	0	0	0	0	0	0	0	0.595555370904838	0.567049917699196
491.914	0	0	0	0	0	0	0	0	0	0	0	0	0	0	0	0	0	0	0	0	0	0	0	0	0	0	0	0	0	0	0	0	0	0	0	0	0	0	0	0	0	0	0	0	0	0	0	0	0	0	0	0	0	0	0	0	0	0	0	0	0	0	0	0	0	0	0	0	0	0	0	0	0	0	0	0	0	0	0	0	0	0	0	0	0	0	0	0	0	0	0	0	0	0	0	0	0	0	0	0	0	0	0	0	0	0	0	0	0	0	0.0118230890179237	0.0130474217470415	0.0141364054769052	0.015742649892093	0.0171049383663819	0.0187367019162654	0.0199001568245115	0.021346849320624	0.0233055732369486	0.0254811503696892	0.0276197171510805	0.0298069361035897	0.0323370515319134	0.0360537007247994	0.0385328502677133	0.041666221077592	0.0440986293076828	0.0488683804408055	0.0532089429666697	0.0562800411015924	0.0606310665789014	0.0635881588998487	0.0670050507851044	0.0719256286892379	0.077137976063907	0.0804327820199354	0.0835774336429851	0.0880242470076152	0.0925126290243659	0.0959296249704446	0.101848666540507	0.10573074713993	0.111564116415179	0.116357402016741	0.121503170578384	0.126378856319478	0.13316295861616	0.138713868792348	0.14129784986674	0.1479597775701	0.152781417724092	0.157991585605324	0.162778852300558	0.167389775773214	0.173265323510396	0.178756682255032	0.185152280546553	0.188743378066987	0.195124473038487	0.198303354936718	0.202720613224714	0.2077101060377	0.211969735043375	0.217487079095471	0.222764082978299	0.223932889117768	0.229705426015683	0.233642572508884	0.237040205824349	0.24026208042253	0.241072157579619	0.244990812841276	0.247856774987728	0.248060884960255	0.253000735664675	0.25529224115459	0.256527269016396	0.260062221187274	0.260602956011816	0.262451960601783	0.264181635340339	0.265377455627948	0.264696407456782	0.264490311572524	0.264101241863714	0.265661311480263	0.262999770072875	0.265291195923833	0.265633023811646	0.264442522137001	0.261218529799766	0.259147279995348	0.260880428452868	0.264236330879221	0.261744768007534	0.260966862492838	0.262969927162791	0.263789680694901	0.267346875208564	0.266347445934428	0.270523137236031	0.274891980618025	0.279119786759968	0.286159247977362	0.294587672193284	0.301609541382901	0.310266420469016	0.320351353005779	0.328531542383295	0.343157335120028	0.349742887291835	0.366685605904609	0.373877629459623	0.388527438405676	0.403444461584699	0.409612180067157	0.419677508619239	0.428861671750399	0.440698605580501	0.448506887080211	0.467206625792944	0.47372391142557	0.483859366543746	0	0	0	0	0	0	0	0	0	0	0.562756096629973	0.596055321044316	0.515743378077706
496.567	0	0	0	0	0	0	0	0	0	0	0	0	0	0	0	0	0	0	0	0	0	0	0	0	0	0	0	0	0	0	0	0	0	0	0	0	0	0	0	0	0	0	0	0	0	0	0	0	0	0	0	0	0	0	0	0	0	0	0	0	0	0	0	0	0	0	0	0	0	0	0	0	0	0	0	0	0	0	0	0	0	0	0	0	0	0	0	0	0	0	0	0	0	0	0	0	0	0	0	0	0	0	0	0	0	0	0	0.0135052734406829	0.0121647876756295	0.0124215093188299	0.0143221044566428	0.0152670104727519	0.0165065634222178	0.0179560117785654	0.0197088323508546	0.0211908603269671	0.0228419861017042	0.0240195964139349	0.0264324107591418	0.0284817843509162	0.0303275076041998	0.0331568134447429	0.0364170083427635	0.0384973991503647	0.0405625662908184	0.0448482184603472	0.0477663914978661	0.0523817603548861	0.0555457238121388	0.0590813621753395	0.0625701463854515	0.0660016688907357	0.0711170178158751	0.0743764888813632	0.0778012981712353	0.0819536779053128	0.085329582190178	0.0890877208806863	0.0925097931611077	0.097463957115903	0.103169916087933	0.106742389957558	0.111336344102442	0.117451969576598	0.121098995158061	0.126493461992553	0.130937731200764	0.13783686205489	0.14121110539832	0.145603378424642	0.150330203678937	0.156527317936092	0.16072407971037	0.164514155050171	0.170816804274148	0.176462751311256	0.180786391103613	0.183674495732472	0.188652807716957	0.193444467978714	0.197083049795242	0.200485979285571	0.207042029430984	0.210506152128508	0.215483386493028	0.218227711841922	0.22108261735051	0.223279021584607	0.228000248626434	0.229221918904743	0.231543539408884	0.234751409131803	0.234809748110995	0.238887656807026	0.241901296401218	0.242155161452558	0.246295741739894	0.247344440118367	0.247686961350858	0.249869895897334	0.249052797974041	0.251495442088143	0.252030252944998	0.253074584143496	0.251913910335511	0.252161364593496	0.250613863005208	0.250209697798499	0.252080373673165	0.251059304970769	0.251316271199801	0.249694257658577	0.248698739453827	0.250340208241306	0.249427487247181	0.251754123582063	0.250271563781244	0.254758171307311	0.257685742822687	0.258989404419422	0.261641641657674	0.265348811644104	0.27168008669784	0.279989482833389	0.284736374382641	0.294805418552507	0.301249700646186	0.309746601577392	0.322341012197398	0.331195573535531	0.339318469158448	0.353383602514857	0.365423814861747	0.375499728118925	0.390312032558154	0.395208479971599	0.407629081259813	0.421357878612242	0.432140168839629	0.443271492753028	0.440171349532003	0	0	0	0	0	0	0	0	0	0	0.556277120232824	0.546870954939177	0.570975148301409	0.505341663971504	0.50285183538077
501.224	0	0	0	0	0	0	0	0	0	0	0	0	0	0	0	0	0	0	0	0	0	0	0	0	0	0	0	0	0	0	0	0	0	0	0	0	0	0	0	0	0	0	0	0	0	0	0	0	0	0	0	0	0	0	0	0	0	0	0	0	0	0	0	0	0	0	0	0	0	0	0	0	0	0	0	0	0	0	0	0	0	0	0	0	0	0	0	0	0	0	0	0	0	0	0	0	0	0	0	0	0	0	0	0	0	0.0104602591975681	0.0106998975536895	0.011176382127595	0.0125650157405173	0.0142784351741084	0.0147379725073481	0.016849654069177	0.0183089562914384	0.0197378248542767	0.0211955366605555	0.0226129944441634	0.0246692067704384	0.0262619971058201	0.0281762380458974	0.0307640422878888	0.0327826455862022	0.0351547557764165	0.0377605051804156	0.0401576215610321	0.0426842032050731	0.0445204224959104	0.0483179971704636	0.0531422116394878	0.0561767277524928	0.0605745465453455	0.0641757913432717	0.067750436612242	0.0714999070619106	0.075646040928777	0.0772256568182776	0.0822797318059938	0.0849029066846367	0.0882682523405092	0.0931957509267766	0.096390469166884	0.101978358727662	0.107270735317567	0.111158443897281	0.11492951642704	0.120048883824862	0.12464085693841	0.128204718718586	0.133093624059384	0.13782977535937	0.144356626503849	0.14684610215654	0.150074569815805	0.153803505229095	0.160349279880007	0.164587827906874	0.168759924307216	0.172287160916958	0.17694221833628	0.181284979943649	0.186758917917599	0.189661961205021	0.193342209941168	0.197807877826692	0.20213627024901	0.204880932412642	0.207591010879566	0.208650074860906	0.213053999100695	0.215140528695041	0.218171995459012	0.220493645294686	0.22203480913435	0.2232562293026	0.225391459284032	0.227662140551046	0.228792550586938	0.230787995106198	0.234160937567851	0.233959663740319	0.236859169595993	0.23683716832137	0.237372138456661	0.237612620380815	0.237617222233883	0.236683163316014	0.236327234506768	0.23664708417161	0.239784456561802	0.235932670951252	0.235023461582894	0.236279488650521	0.237197917677359	0.236459127848547	0.23759911689658	0.23669415771209	0.239349207188759	0.241182071717409	0.240477489666437	0.244156589508562	0.249049055946501	0.253116420921403	0.257116643820052	0.262400047718064	0.267452207373361	0.273274964534065	0.279144634416438	0.286255739522373	0.297978073702244	0.308909714423442	0.317330011056525	0.325929597640122	0.341537870925231	0.344766810076875	0.35945036634544	0.368663176969729	0.38022428199455	0.388606206646395	0.399138735979731	0.404425833754922	0.417416528524583	0	0	0	0	0	0	0	0	0	0	0.480386731815142	0.493881736257136	0.509024308716128	0.461655754721237	0.463824367113073	0.432781633410549
505.882	0	0	0	0	0	0	0	0	0	0	0	0	0	0	0	0	0	0	0	0	0	0	0	0	0	0	0	0	0	0	0	0	0	0	0	0	0	0	0	0	0	0	0	0	0	0	0	0	0	0	0	0	0	0	0	0	0	0	0	0	0	0	0	0	0	0	0	0	0	0	0	0	0	0	0	0	0	0	0	0	0	0	0	0	0	0	0	0	0	0	0	0	0	0	0	0	0	0	0	0	0	0	0	0.00986371623518091	0.0106109166825423	0.0113512269982506	0.0127901296111784	0.0142850217035716	0.015042061823317	0.0163086680181606	0.0175291072197878	0.0205691421710801	0.0203563767584513	0.0222047157365425	0.0238940659163932	0.025437580978712	0.0270931874355006	0.0293239692080639	0.0308490572671847	0.0339491286587167	0.0353426407845707	0.0374264256822655	0.0404484898874557	0.0427331177674961	0.0453080657311927	0.0483238691678464	0.0523660974808381	0.0553291705133282	0.0583194117137363	0.0620131044091385	0.0653719017381195	0.0701892124400344	0.0725219130441449	0.0769580759959239	0.079553405953628	0.0830774186195779	0.0867272242389006	0.0893464306622903	0.0929916338562995	0.0975442943168313	0.102454080383214	0.106766604802212	0.109825781965525	0.113503860614042	0.120244414098415	0.122200105366113	0.126765761747726	0.131358214361635	0.135370808193068	0.139103202496938	0.143904733147534	0.146571925642188	0.153657547497826	0.155250184730138	0.162269000427157	0.162208299700493	0.168909684727344	0.173763004877208	0.178054680537554	0.178723944177702	0.181739283312309	0.186809691570552	0.191073486984017	0.191968265433394	0.196517483423433	0.199974823208973	0.201924011232113	0.204104847903011	0.206344146721068	0.207413226525158	0.209578300504113	0.212192704612059	0.212900516721236	0.215245235958961	0.216945115872528	0.218166117669859	0.218915076583844	0.220229690262643	0.223450147525509	0.223578945654618	0.224990784778473	0.22584952679767	0.225734925695217	0.2256681103233	0.224675500641875	0.224007154646339	0.226990417658591	0.227528715640218	0.223383577399463	0.226250965594273	0.225492904341163	0.227027192401813	0.22656627367996	0.229096741206226	0.227477539931608	0.229587533196731	0.231399922367404	0.231878349626116	0.236090062424511	0.238426835019474	0.245344879553104	0.246419034590321	0.250824364140666	0.256070134353118	0.26369714621716	0.273651979079856	0.277761935316255	0.292511811165509	0.297242322214096	0.304224076484941	0.315526798287169	0.327623406220199	0.334916623547295	0.348826478729003	0.360594218057305	0.368481166898433	0.376113992565615	0.387114834662239	0.391078247564203	0	0	0	0	0	0	0	0	0	0	0.466028302408539	0.489783905928202	0.484327997231633	0.479982372730877	0.449317732303607	0.453412972478305	0.4518165493241
510.544	0	0	0	0	0	0	0	0	0	0	0	0	0	0	0	0	0	0	0	0	0	0	0	0	0	0	0	0	0	0	0	0	0	0	0	0	0	0	0	0	0	0	0	0	0	0	0	0	0	0	0	0	0	0	0	0	0	0	0	0	0	0	0	0	0	0	0	0	0	0	0	0	0	0	0	0	0	0	0	0	0	0	0	0	0	0	0	0	0	0	0	0	0	0	0	0	0	0	0	0	0.00993539703557357	0.00900441393547589	0.00980018951004366	0.0106631143304211	0.0117516739193826	0.0131717316897906	0.0136166814515416	0.0159442083400416	0.0168450393572409	0.0179936581020646	0.0189782570948818	0.0208549408911595	0.0225754978197881	0.0242151968712328	0.0257028515536736	0.0276943724042933	0.0295513198578685	0.0308187953706771	0.032331581043351	0.0350757961935155	0.0368375362536581	0.0389169440247237	0.0413424022162723	0.0441425683190073	0.046407642830163	0.0494291404068532	0.0524798290136872	0.0551749518410882	0.0585656274381201	0.0624872926048707	0.0659213481292594	0.0689093605413784	0.0720769413364051	0.0761190832749109	0.0785617567028273	0.080245715024937	0.0861386339259421	0.0884000685574705	0.0920359433104268	0.0958009417963212	0.0997544685590951	0.103602892893188	0.107781713472176	0.113416442576991	0.114879496813523	0.11799976722065	0.122961803406473	0.125710399582213	0.131386727547783	0.136001940313037	0.139636251288875	0.141484598134472	0.146706283324045	0.148045717591429	0.15326519285371	0.156515971372677	0.159946071925972	0.16268017657001	0.167214483999798	0.168962703792532	0.174933370487254	0.177967594021372	0.182227099875979	0.183152411472171	0.185728763422464	0.189114517917922	0.191532613965026	0.193407499482895	0.196582091516529	0.196068850513811	0.198466085347792	0.198620597738285	0.199713102068643	0.20231590280888	0.203450821204945	0.206202624233333	0.206443589902055	0.205875787934091	0.209842296505045	0.209830463498068	0.210180279402705	0.212030047734903	0.212162176067462	0.213167417462911	0.211455172250264	0.210882720042519	0.21332259548758	0.210562142656717	0.212099172480363	0.210933522633878	0.21323599876464	0.21220188392561	0.212259955995392	0.215698275866297	0.21741839601061	0.219253741894572	0.21927791385792	0.223658202044301	0.222277470396685	0.226014794785523	0.231246164358813	0.235334006973109	0.240859060975419	0.245503072207708	0.253594472373769	0.25889649563283	0.268627290973231	0.27506714847967	0.284183053024455	0.293430348846187	0.299815638952956	0.314442649464229	0.322508272128492	0.333809266711601	0.347812783856888	0.349094741906805	0.35683377270433	0.366249321924015	0	0	0	0	0	0	0	0	0	0	0.446707162806123	0.44545535865709	0.454297715942192	0.43762399172413	0.414594537216486	0.410193945625941	0.429715899916115	0.464192812105793
515.208	0	0	0	0	0	0	0	0	0	0	0	0	0	0	0	0	0	0	0	0	0	0	0	0	0	0	0	0	0	0	0	0	0	0	0	0	0	0	0	0	0	0	0	0	0	0	0	0	0	0	0	0	0	0	0	0	0	0	0	0	0	0	0	0	0	0	0	0	0	0	0	0	0	0	0	0	0	0	0	0	0	0	0	0	0	0	0	0	0	0	0	0	0	0	0	0	0	0	0.00824377920991759	0.00895097506920449	0.0103821837727121	0.0102133558524193	0.0108968468885959	0.0125044740052311	0.0129776788443641	0.0143687844207637	0.0153996768440266	0.0162356615738509	0.0186721025847642	0.0193303937201843	0.0209955430610119	0.0232667825290702	0.0240131597946785	0.0264866193547401	0.0280421623567137	0.0292384707230416	0.0302333236297243	0.032249798324712	0.0342332493274551	0.0358161651612039	0.0377897666021009	0.0393319592983834	0.0429187567377191	0.0449982417656509	0.0472674303658852	0.0500260815418038	0.052812829008064	0.0566024362730617	0.0596283383502147	0.0626646781425987	0.0658153707544259	0.0678373664849411	0.0701842812174037	0.0750001257724922	0.0774100236987905	0.0806665013517749	0.0838808325636958	0.0873631551007829	0.0902949857365897	0.0940355524620761	0.0974296762564086	0.101064840101307	0.104713050058064	0.108563939749975	0.112737903244981	0.113969655939733	0.118627165658451	0.12171795903462	0.126153031842788	0.12924136549895	0.133608965221346	0.135480481155553	0.139717392684549	0.143220481379344	0.146113761133408	0.150121907378882	0.154365846388815	0.15595993749756	0.159849006239634	0.162116682440076	0.165843697900925	0.168569425779073	0.170598640377345	0.173329738509193	0.176254403615367	0.177108802917865	0.179409174132361	0.182470218028	0.183576977322408	0.185708528977195	0.185070461427552	0.187610365208084	0.188678669790466	0.189698618805962	0.191169530869669	0.191798466481995	0.194163113959476	0.196307353240474	0.196859387650368	0.197186427852111	0.19699593862576	0.198750157223091	0.198982986136579	0.197282294058004	0.197227991555743	0.19822069463116	0.198519638985788	0.19913073050934	0.197619866910198	0.200418171592636	0.201491503980428	0.199773865186999	0.200334688948042	0.202704453248222	0.204189499056562	0.207302892618009	0.206900483909275	0.211549517548681	0.213686746354323	0.218528543027258	0.216947249725065	0.224797425845872	0.226710882898006	0.235633700097636	0.242985453142821	0.247168870353962	0.254485079601525	0.263830356351957	0.269568240216772	0.278509831146336	0.290247758142992	0.294459934987062	0.305909290623165	0.314005164465823	0.325894597779813	0.336531668722165	0.341950647019417	0	0	0	0	0	0	0	0	0	0	0.396280111655293	0.415047126703797	0.418011067145837	0.421671448943834	0.398917351061478	0.399924341727617	0.40043171122699	0.427771969772243	0.456098199660615
519.874	0	0	0	0	0	0	0	0	0	0	0	0	0	0	0	0	0	0	0	0	0	0	0	0	0	0	0	0	0	0	0	0	0	0	0	0	0	0	0	0	0	0	0	0	0	0	0	0	0	0	0	0	0	0	0	0	0	0	0	0	0	0	0	0	0	0	0	0	0	0	0	0	0	0	0	0	0	0	0	0	0	0	0	0	0	0	0	0	0	0	0	0	0	0	0	0	0.00731598155227507	0.00819045042166616	0.00980986434008689	0.0102407808777061	0.0109600786057654	0.0114896277629874	0.0129848211139531	0.0144362247232184	0.0151365185205282	0.0164312642514467	0.0172533364924621	0.0183436684994473	0.020347810207663	0.0209896191532715	0.0219545853447022	0.023894875946982	0.0257947623539688	0.0276059709706932	0.0288010981359277	0.0301780198569189	0.0316063851900856	0.0328606842041926	0.0348788329043218	0.0366650461947235	0.038825978440507	0.0410136647501075	0.0431857265747675	0.0458144872107569	0.0481365421021654	0.0499530857045797	0.0532178640216533	0.0562552863482112	0.0594360917334339	0.0611994732973646	0.0645783805442206	0.0672322752664665	0.0696176434854269	0.0735308893991359	0.0762420779295212	0.0783850377379158	0.0811096804699343	0.0843479796328052	0.087188466185819	0.0900248929681142	0.0938667111752452	0.0979588956332269	0.100505968072455	0.105719713683056	0.106854430498694	0.11108662534507	0.113540564189638	0.117907833043805	0.12128788066312	0.124213650428841	0.127304007331382	0.132162523169626	0.134012139181373	0.138597170809486	0.13879763791369	0.141622967417076	0.14461548062062	0.147620117212441	0.151226290764708	0.153818263603159	0.155363113490803	0.160703181178417	0.161223650876842	0.164627183288346	0.167217492095564	0.168906006712695	0.170565305386184	0.171335699932589	0.172413952278441	0.174944112144165	0.175149581313571	0.175046162391899	0.176792856513956	0.179647567069777	0.17951230431265	0.181421650140865	0.182006502363063	0.182653952283897	0.184063818899963	0.184989363228368	0.184562641787235	0.185144099651154	0.185486880763787	0.185795117172291	0.186281186252193	0.185211482437797	0.186678947575433	0.188915941909149	0.186802446759493	0.186697890356763	0.18914353702181	0.1888769693543	0.191243282958251	0.191572402592154	0.193965276825958	0.194687550055171	0.196661749231664	0.201061894195734	0.202308359926795	0.20591516886846	0.209054142971609	0.215118702135926	0.216738141779144	0.222956566273962	0.23026843864357	0.237434221544899	0.243581596773135	0.249337355080602	0.254304898921903	0.266177716019464	0.272425397181359	0.281633850320105	0.292251080678292	0.299927301616014	0.310380342267341	0.315686015830626	0	0	0	0	0	0	0	0	0	0	0.382343797236777	0.39382439652041	0.388997786706518	0.390299289487043	0.38044938528551	0.375692234817976	0.365151683083972	0.396031843036843	0.419677581597993	0.454738560772355
524.543	0	0	0	0	0	0	0	0	0	0	0	0	0	0	0	0	0	0	0	0	0	0	0	0	0	0	0	0	0	0	0	0	0	0	0	0	0	0	0	0	0	0	0	0	0	0	0	0	0	0	0	0	0	0	0	0	0	0	0	0	0	0	0	0	0	0	0	0	0	0	0	0	0	0	0	0	0	0	0	0	0	0	0	0	0	0	0	0	0	0	0	0	0	0.0073694469246227	0.00770960257439019	0.00700182132781912	0.00847340076805851	0.0098678877026951	0.0100231276454572	0.0111113935531535	0.0113698911541588	0.0131047098294237	0.0139327808880494	0.0144649210815415	0.0163875191431027	0.0170488335625564	0.0182563623486694	0.0193110415115587	0.0208363424932089	0.022175807415769	0.023092464007355	0.0252397241256431	0.0270097691319504	0.028387070109936	0.0291313117677304	0.030702786843692	0.032239003587533	0.0337624178111874	0.0349693765197292	0.0373977249965034	0.0387594195480922	0.0409180499378059	0.0438027144908529	0.0458787277398939	0.0467647297346102	0.0491488440638146	0.0520103913723785	0.0547236562519572	0.0572877779861873	0.0607102910946227	0.0635210493966158	0.0657108646353645	0.0681405502386433	0.0703145127843713	0.0730883314619293	0.0759343749729182	0.0787807652303118	0.0818618532101769	0.0834933429042302	0.0875899536155661	0.0909842316958649	0.0928408564580773	0.0963557872182791	0.100764585629208	0.10367346695059	0.106845008057329	0.110072442612587	0.112264202057496	0.115287962978105	0.11785533169531	0.121224342330965	0.123998569590116	0.126611338123842	0.128297967911394	0.131878205549956	0.133806716214388	0.138836827290304	0.140444193115672	0.142946157940375	0.144855483287829	0.14736138939844	0.148338001781723	0.152163438231273	0.153003094150157	0.155011377693775	0.157996945988511	0.158440757615353	0.16092137805748	0.161923713869366	0.163203745060939	0.163478520729983	0.164175816016797	0.165739591198493	0.165965050695502	0.166961918358041	0.169799396336104	0.167937296009756	0.171544351571717	0.170709970284527	0.173086619726252	0.171832535584194	0.171960752729839	0.17382134068364	0.173551814894822	0.174972638973268	0.174778855590032	0.174834636996395	0.173794567847381	0.174740537742392	0.175001655911154	0.177061416890369	0.176609177397497	0.178407841521514	0.181785077577355	0.18135308326334	0.184460900320536	0.183629531214583	0.186884651069262	0.189273102092111	0.192415875779986	0.199149152918755	0.199560432619241	0.207393121581271	0.211234343076027	0.216565983555445	0.22329963746846	0.229793040108002	0.236828712942978	0.243980114660406	0.251515745850512	0.258655026581564	0.267020161581492	0.276357420674802	0.284919171533108	0	0	0	0	0	0	0	0	0	0	0.351525145560098	0.357636738134906	0.354499565805865	0.352931994419779	0.358366797438305	0.354358496348048	0.358789578366012	0.366624595823748	0.356558011747754	0.37410903963412	0.422995583474209	0.423499871769346
529.215	0	0	0	0	0	0	0	0	0	0	0	0	0	0	0	0	0	0	0	0	0	0	0	0	0	0	0	0	0	0	0	0	0	0	0	0	0	0	0	0	0	0	0	0	0	0	0	0	0	0	0	0	0	0	0	0	0	0	0	0	0	0	0	0	0	0	0	0	0	0	0	0	0	0	0	0	0	0	0	0	0	0	0	0	0	0	0	0	0	0	0	0.00790322912034663	0.00793655527216124	0.00749865261726129	0.00934714903445469	0.00840193745241451	0.0105228402909996	0.010708660865334	0.0112666621307057	0.0129656471191787	0.0131950872181469	0.0141681205498716	0.0156132783764568	0.0160527411790243	0.0176634172578547	0.0185010257951709	0.0198723827690932	0.0211659866692914	0.0224043557506083	0.0232510681315861	0.0248640902249704	0.0267064213059236	0.0277126489354895	0.0291190588409385	0.0302643722597766	0.0313966239021092	0.0329594002968074	0.0338751472731909	0.035674610989036	0.0381367564889103	0.0393986256001176	0.0419732434926671	0.0430929380228256	0.0454843090938041	0.0475583877761671	0.0490771733619461	0.0528667474057727	0.0537109719417141	0.0574219052238641	0.0596040458886019	0.0623108423146019	0.065600660303145	0.0674952499064253	0.0703798812062767	0.0701700839983412	0.0738981812080108	0.0767371375383252	0.0800078685967969	0.0826574944240131	0.0837623290706856	0.0872272916487313	0.0906639535516666	0.0934925155374996	0.0964313136521273	0.0984734129020957	0.102216734361696	0.103573720368474	0.108051670200224	0.109757900174435	0.113072753620047	0.116669477233984	0.117090839182912	0.118955054469518	0.121582602438862	0.124384606019576	0.127391290834683	0.131000203092545	0.133927050592458	0.134982806429292	0.136663292518267	0.140181715144648	0.141330477411307	0.143948621048344	0.145163605424965	0.147668609248614	0.149125330513892	0.150455245525474	0.152276967641192	0.151855434915589	0.152688389922177	0.154143214415076	0.155287141491963	0.155434318685433	0.157376497814789	0.157227026058854	0.157273187956016	0.159307047675273	0.159082877526812	0.160988913196347	0.163094642103701	0.161118125501273	0.163206760463	0.163149018979205	0.163670674305879	0.162937253815662	0.163854125078411	0.163702558914497	0.165971846188068	0.165294262732152	0.166458913453514	0.166760799950563	0.166538635488164	0.169669950994219	0.171508530317195	0.171225371470176	0.174232394731795	0.176097044301796	0.179455822610755	0.180030366353225	0.186093452630088	0.189423193599111	0.19236135374156	0.195293788662114	0.201775225091518	0.207866528716209	0.212207279925434	0.216515905921315	0.224661232355937	0.233767917485783	0.239955312670917	0.24849295019781	0.258146560382462	0.26337249922623	0	0	0	0	0	0	0	0	0	0	0.323714823927865	0.335174778288843	0.342307205677753	0.342626110689253	0.335912142720871	0.335886879933934	0.328543723724167	0.329985028870599	0.367474409243016	0.379155996040671	0.37905362103351	0.370892967828675	0.432675441719098
533.888	0	0	0	0	0	0	0	0	0	0	0	0	0	0	0	0	0	0	0	0	0	0	0	0	0	0	0	0	0	0	0	0	0	0	0	0	0	0	0	0	0	0	0	0	0	0	0	0	0	0	0	0	0	0	0	0	0	0	0	0	0	0	0	0	0	0	0	0	0	0	0	0	0	0	0	0	0	0	0	0	0	0	0	0	0	0	0	0	0	0.00549984224510351	0.00671984536086171	0.00744187564344164	0.0079455137904355	0.00899480045316481	0.010366328831641	0.0104905993745613	0.0106624013908373	0.0120725076085686	0.0123415434428661	0.0137020318899999	0.013950591462541	0.0155774804933282	0.0159532188639016	0.0180684284399922	0.0187212486281356	0.0194358798239682	0.020132336793881	0.0211958666234472	0.0236315129628137	0.0233277961239608	0.024883286814741	0.0261575137094517	0.0287547374832832	0.0296300990269468	0.030959949587695	0.0321900311535103	0.0335930674168632	0.0345769272650132	0.0356238546081283	0.0378493468790493	0.0397243817214107	0.0409947429368581	0.043136144249283	0.0450330234743057	0.0468556929286034	0.0489070857487739	0.0501157565762854	0.0530147585100153	0.0562644509021929	0.0590250465518795	0.0615714638124921	0.0633124188347985	0.0660257774187282	0.0679273755085547	0.0701375695337591	0.0723607361248745	0.0736012302257134	0.0779441977080287	0.0795589619326044	0.0824829903120066	0.0853718548665392	0.0864628494794402	0.0909321800497011	0.0927701646459552	0.0944520989459402	0.0968913636719285	0.100906014264522	0.105337721458693	0.106470767055402	0.10807478684271	0.11019622023034	0.113223083648796	0.115158418910445	0.116248761448863	0.120469061509702	0.121575185583091	0.123324703067862	0.126822518806624	0.127883430479079	0.129953546249535	0.13133849603732	0.132903091961732	0.137257513594759	0.139600149541292	0.139003545514522	0.140765327875058	0.142633669241751	0.142807727632681	0.144341769424467	0.144523276153696	0.146068818241972	0.145369181012131	0.145701202633814	0.147224899774827	0.14834965591837	0.149803142414231	0.15056500417993	0.15087518254483	0.150711351484353	0.151488069447424	0.152928863687686	0.154914158244821	0.152791652875725	0.152974281319224	0.152866248388384	0.155830704724076	0.155728804933839	0.155798892455557	0.15666446900621	0.157607922356166	0.159790643509512	0.159537533199889	0.159863249795834	0.161261285804624	0.163866345993683	0.16479049913229	0.167995859867561	0.170586262615683	0.172818438041585	0.176383560347361	0.178255126371372	0.183496042203312	0.189596761154957	0.191774310738638	0.197914125972072	0.202788594610813	0.209576907538699	0.213439212137931	0.220341857376894	0.231260360457446	0.236495315294977	0.243755519944826	0	0	0	0	0	0	0	0	0	0	0.304462256017737	0.308161832216056	0.315519518730373	0.313579190091829	0.324335291181187	0.311071407850572	0.313301212814781	0.313464736815651	0.340112451428538	0.345815526855885	0.35722486428875	0.335249934202475	0.370514345333231	0.367918118874136
538.565	0	0	0	0	0	0	0	0	0	0	0	0	0	0	0	0	0	0	0	0	0	0	0	0	0	0	0	0	0	0	0	0	0	0	0	0	0	0	0	0	0	0	0	0	0	0	0	0	0	0	0	0	0	0	0	0	0	0	0	0	0	0	0	0	0	0	0	0	0	0	0	0	0	0	0	0	0	0	0	0	0	0	0	0	0	0	0.00423850193371655	0.00436083117418854	0.00535673308485415	0.00638888415843232	0.00665183667046048	0.00729626559413528	0.00766662164966077	0.00884490399787033	0.00899143557852177	0.0101858322069897	0.0112928771168234	0.0118100763380774	0.012920245782901	0.0127681347976964	0.0144636768852478	0.0150920921990548	0.0161123365200134	0.0172574802603655	0.0181750578026231	0.0194116560744659	0.0198678360989628	0.021266977480936	0.0229617512521148	0.0237717955288849	0.0256309202374186	0.0266423141459485	0.0283465080905282	0.0289144356927951	0.0310786297366463	0.0319056502066393	0.0326585795107529	0.0342574236281071	0.0357372085913558	0.0369292537050475	0.0382464518055227	0.0393098336598098	0.0423688143938719	0.0438680260090475	0.0450995898509507	0.0475143364158455	0.0486810298727941	0.0511659491640694	0.0547751678758607	0.0578990831730986	0.0586183072199477	0.0605090222931444	0.0631765712843341	0.0651990379119633	0.0682528535376228	0.0698937225662043	0.0714386322357674	0.0722217097150925	0.0763689719282545	0.0781978320079577	0.0803925021218749	0.084306935618797	0.0855401717162921	0.086760934785015	0.0896004316413898	0.0928824908130882	0.0946804088128626	0.0972304156469005	0.100755956386954	0.101371188228189	0.103378743913561	0.10570283745	0.108067660636789	0.110321878916463	0.112473614244844	0.114742705859963	0.116430329007926	0.11729366134756	0.119718087313058	0.122814571659873	0.124066469456422	0.125693823283996	0.128386225015306	0.129530872163415	0.131806785639661	0.131079635183291	0.132842484162533	0.133307187057236	0.134839529708869	0.134855030743567	0.135818323431488	0.136284866014839	0.137535758817313	0.13730103025791	0.138417308350138	0.139195986551336	0.138857251844418	0.140360384601117	0.140883925891172	0.142060215361759	0.141833538317074	0.143399943228094	0.142246217209498	0.142770091452001	0.144432661181601	0.14337764307085	0.145305767280143	0.144107839734165	0.146798560205333	0.145966728886865	0.148990994620977	0.148831058329326	0.149222334573369	0.151466534790708	0.15343583598828	0.154414643605293	0.157298090167742	0.159414235351788	0.162451125003106	0.164839640302133	0.168325528802328	0.172205626857003	0.176467222068215	0.181868061387396	0.185771941203845	0.194189861993225	0.197181978311274	0.205696644036608	0.208306440854418	0.218816173012336	0.220018666607013	0	0	0	0	0	0	0	0	0	0	0.277032727104366	0.272950644326271	0.290644079977853	0.298047210015325	0.291721206512964	0.286885888921848	0.278078339759196	0.282656760798218	0.305057823739	0.297349864173011	0.315734925213439	0.29992097581139	0.335929929713637	0.323932476071174	0.312868133892189
543.243	0	0	0	0	0	0	0	0	0	0	0	0	0	0	0	0	0	0	0	0	0	0	0	0	0	0	0	0	0	0	0	0	0	0	0	0	0	0	0	0	0	0	0	0	0	0	0	0	0	0	0	0	0	0	0	0	0	0	0	0	0	0	0	0	0	0	0	0	0	0	0	0	0	0	0	0	0	0	0	0	0	0	0	0	0.00481775373288813	0.00484630319762594	0.00515024394216459	0.00530080030138658	0.00584383730840643	0.00670830796602393	0.00733334893397923	0.00883039226877596	0.00911550494801257	0.0101444070606696	0.0105854265152814	0.0111355950212671	0.0118097051187109	0.0130632730487387	0.0143297251981469	0.0145371020459533	0.0149492293362764	0.0163495902475127	0.0180987902345694	0.0188282493064951	0.0194142507828266	0.0195901552806248	0.0209733782371521	0.0222826989378859	0.0231284838023238	0.024789736200292	0.025116190137954	0.0267081677565739	0.0287933017971553	0.0291779888601138	0.0306030034620544	0.0316954243375666	0.0330284235999259	0.0342593927551841	0.0359594756879152	0.037464376435162	0.0381146919505648	0.04115528714162	0.0417537018737294	0.0427967464407814	0.0453297295685722	0.0463600651515423	0.048893538929752	0.0515613520824668	0.0527726009038345	0.0553144185785604	0.0568996160659181	0.059351284329333	0.0624373174098306	0.0640903463370752	0.0657332952358619	0.0666121612325568	0.0691175629617344	0.0708298166039441	0.0734812773655389	0.0751428303690975	0.0783057343210336	0.0807526889073916	0.0821767259025315	0.0841707869703667	0.0863965691049776	0.088655190066981	0.0913428945070055	0.0941262212596357	0.0955483892153229	0.0961818291978368	0.0995303677588228	0.102070771948306	0.103762966143615	0.105244263799819	0.107972804111064	0.10976821407807	0.112193382761776	0.113180025619628	0.114776298346528	0.11601177887841	0.119020388219666	0.118879421514428	0.121395605934551	0.122868886906555	0.12455782940344	0.125434525559426	0.125636660900226	0.128324862525591	0.126857775107712	0.126396220995996	0.128775324897714	0.12963239509564	0.128803562789113	0.129803223746301	0.131821642345774	0.132198716406282	0.131966323929161	0.132937766268426	0.133703441061985	0.133063597454591	0.135192943560719	0.135756345588191	0.135792417703435	0.135778114295549	0.136131627516185	0.137009898112642	0.138446472258427	0.139079820460613	0.139227017013976	0.141250292844468	0.140100974101418	0.140837538524922	0.142565687255543	0.143767779799669	0.147097830922715	0.149628496629535	0.150404780485665	0.153245432958458	0.156735880303908	0.157772646434038	0.161331554319065	0.165394556137728	0.169112473441129	0.175111536761988	0.177595054894111	0.185453163148889	0.192212985641464	0.198338912029072	0.199573426849888	0.21035749052763	0	0	0	0	0	0	0	0	0	0	0.264214394168973	0.26359550744258	0.269135810492887	0.272125293016049	0.276457078449833	0.263962150005997	0.269266451343036	0.277024732646711	0.281126482501444	0.293187536656281	0.313547719470393	0.29867404691339	0.322291257295041	0.302235659269311	0.31033111411977	0.301009648843399
547.924	0	0	0	0	0	0	0	0	0	0	0	0	0	0	0	0	0	0	0	0	0	0	0	0	0	0	0	0	0	0	0	0	0	0	0	0	0	0	0	0	0	0	0	0	0	0	0	0	0	0	0	0	0	0	0	0	0	0	0	0	0	0	0	0	0	0	0	0	0	0	0	0	0	0	0	0	0	0	0	0	0	0	0.0028750944392003	0.00354333335089962	0.00455081563426275	0.00381030293164574	0.00499354498074947	0.00549644810321166	0.00610738395897461	0.00615816691296382	0.00673601650945718	0.00827847547369195	0.00779722668796637	0.00954686632344729	0.00996313232693173	0.010782218073031	0.0113560255943686	0.0127594838825444	0.0132824381026191	0.0143839423810107	0.0145629062350337	0.0158438027396188	0.0162862019534237	0.0175556562588506	0.0184239368801315	0.0196035220640936	0.0207043596593843	0.0212032870621349	0.0226900045902281	0.0242094941084062	0.0250341885166308	0.0262275659150006	0.0273667710754472	0.0291944535892731	0.0300480363042219	0.030962794892646	0.0320114312004157	0.0334261140881852	0.0351694420597048	0.0356510890416973	0.0371950169247241	0.0381516120632055	0.0399540903897422	0.0412901554000505	0.0439478254461315	0.0460886505152404	0.0464720767334097	0.0485313406355269	0.0519392517438658	0.0527919053760819	0.0553775866395965	0.0569815264231305	0.0596712177390505	0.0600291884575	0.0614153484467979	0.0638063745575223	0.0648986926628889	0.0670607639807258	0.068440488607221	0.0711788229345941	0.0734017946998297	0.0758877739170905	0.0780185385395594	0.0787294705908605	0.0818550449523713	0.0843931225073885	0.0852145151842759	0.0868962918849248	0.088866319755849	0.0910353393266462	0.0934983789306434	0.0958405253469446	0.0973926916728391	0.100033730156684	0.100822136208603	0.102176906612577	0.105008873787716	0.105037816222642	0.107676430574977	0.108685625034635	0.110712787494334	0.111410242293192	0.11381147497614	0.114352054106191	0.115127145469812	0.115273575950394	0.118223940904026	0.118733705168315	0.118914901303988	0.120015330432365	0.121400352034413	0.120520177304054	0.120198471529195	0.120279320615889	0.12275539280512	0.122132589978743	0.123703671776425	0.123262956009343	0.124580004619073	0.124181299471376	0.125247844265235	0.126068451039437	0.126431639056425	0.126879681179597	0.12768718165388	0.128799006456349	0.12640264584124	0.127966528907141	0.128739991455921	0.130797083445564	0.131601916121294	0.133267535915207	0.135613544959383	0.13383457614203	0.137256558273576	0.138789257758664	0.141205892100072	0.14205372580038	0.146097510794214	0.148241780563583	0.152978512811983	0.154060046910369	0.161832935068936	0.164540989738072	0.167369632530899	0.175158617616137	0.182377294429566	0.18627857699581	0.192494485263956	0	0	0	0	0	0	0	0	0	0	0.235657269641634	0.240978179969422	0.245611168823189	0.246210852776557	0.250567890462032	0.252367872106707	0.240388848634566	0.243749385810747	0.263902365272755	0.261009714132181	0.26671213893039	0.269381301063441	0.277369410975755	0.263274528365926	0.269832078501091	0.288924550085734	0.295405935192577
552.608	0	0	0	0	0	0	0	0	0	0	0	0	0	0	0	0	0	0	0	0	0	0	0	0	0	0	0	0	0	0	0	0	0	0	0	0	0	0	0	0	0	0	0	0	0	0	0	0	0	0	0	0	0	0	0	0	0	0	0	0	0	0	0	0	0	0	0	0	0	0	0	0	0	0	0	0	0	0	0	0.00324340148724395	0.00269125041501073	0.0043007367520811	0.004678220784409	0.00523282822303181	0.00500561061848117	0.00598250528694845	0.00585922262845944	0.0069715938911103	0.00814172528651144	0.00810174230600934	0.0087055756894834	0.00835386236082529	0.00983338757258567	0.0111281399812348	0.0114201915474024	0.0124128419716679	0.0123454296793742	0.0128240251320903	0.0147720402531957	0.014798396094693	0.0160494213467652	0.0178461623162149	0.0176930551932581	0.0179951482638669	0.0186157572083703	0.0201188983210557	0.0213745145727635	0.0225481358846716	0.0223559225286167	0.0235494288952458	0.0252325539900425	0.0262595546671185	0.0280976734854888	0.0282757766798859	0.0297554094709287	0.0308881160445853	0.0312680237370496	0.0332391379916807	0.0343699862387836	0.0348731639260065	0.0361988859161452	0.0383313761429361	0.0391841988432281	0.0403545473996623	0.0422678442934601	0.0436399315568368	0.0464292520901315	0.0471605483927154	0.0491963153629409	0.0514023713499527	0.053612074150005	0.0565155473629673	0.0569878848098004	0.0585410149792236	0.0590137809024101	0.0604801460036342	0.0617128513260527	0.0640060524759446	0.0648907958196572	0.068022697703582	0.0693748729854435	0.0726915427496902	0.0742549294396853	0.0767361868247395	0.077215666357925	0.0804914031073109	0.08246612291314	0.0823313563853354	0.0854622318325343	0.0872690353595689	0.0893538020904988	0.088880512785759	0.0899450375088066	0.0928606911440734	0.0945403183859928	0.0961033135222544	0.0987554464588835	0.0989413718899662	0.101111824253457	0.102894452528959	0.103137825105459	0.106624219168325	0.106351286102692	0.107736692415433	0.108587024761208	0.110162024608488	0.110334467935489	0.112316442900029	0.111323147394959	0.112951934595167	0.112991140180975	0.111829141405228	0.111710245031446	0.113566997825045	0.113698150963527	0.113796844264824	0.116470302950235	0.117189805594265	0.117232597579687	0.116340726744053	0.117528349630709	0.117994774573366	0.118053728755253	0.119814634252799	0.119743515621965	0.119838675515915	0.119792405502432	0.121350104917543	0.122646269337165	0.122577026585172	0.124594244090146	0.125037629106329	0.128124798488132	0.128853112647807	0.13082383064785	0.133624579271136	0.131993880419431	0.136074204822786	0.138234723529981	0.141290901958737	0.144430724953326	0.148314471641577	0.151172535185683	0.155581898810739	0.159837034254037	0.166086403711021	0.170374080086094	0	0	0	0	0	0	0	0	0	0	0.215644093215102	0.219814860602899	0.220922389175286	0.225698689507145	0.230571640873664	0.235264552798477	0.23484691196008	0.237043376223008	0.242810061900938	0.24101705748259	0.248178573791639	0.261422232719277	0.256103417126139	0.268091620896455	0.270024713067283	0.269058801860973	0.286593671169674	0.278785037211089	0.276208928990269
557.294	0	0	0	0	0	0	0	0	0	0	0	0	0	0	0	0	0	0	0	0	0	0	0	0	0	0	0	0	0	0	0	0	0	0	0	0	0	0	0	0	0	0	0	0	0	0	0	0	0	0	0	0	0	0	0	0	0	0	0	0	0	0	0	0	0	0	0	0	0	0	0	0	0	0	0	0	0	0.00329392792513237	0.00426041908913831	0.00303117530321577	0.00374751166478977	0.00534162325651642	0.00369446917979834	0.00507277141233756	0.00580301227609096	0.00581016933442866	0.00755465496112874	0.0076749848853602	0.00776407444595552	0.00813345528721379	0.00921708332517844	0.00963876255824891	0.00995620827684597	0.0115383273202297	0.0110656456821171	0.0119135701162045	0.013103183327334	0.0132860395776895	0.0146834564988087	0.0145879796868422	0.0166890123736895	0.0162611181632849	0.0170868894965615	0.0187197630054688	0.0193116915815216	0.0202564682828705	0.0213032840770721	0.0234499202689502	0.0230404199554736	0.024047329527414	0.0243864004694598	0.0250173228382404	0.0270248792316948	0.0281348186028212	0.0291474100617222	0.0299755946329379	0.0304512976918173	0.0312946728855358	0.0328999239723594	0.0335080100901629	0.0353772741768858	0.0366745713777106	0.037161704831538	0.0392224502694528	0.0406042426484562	0.0424792508696145	0.0446357547861548	0.0457967234937084	0.0475841665142574	0.0491438595478182	0.050189546179843	0.0523359314340423	0.0535015165251976	0.0543069278423783	0.0567611530921904	0.0588047249789017	0.0600435222283346	0.0601328317507129	0.0626908844454769	0.0639933052692382	0.0667882217251425	0.0670801033413948	0.0694491250164541	0.0710208620771091	0.0747020479784302	0.0750757412351869	0.0749773039054606	0.0783598189650464	0.0793963006489803	0.0816736628479404	0.0826108215907867	0.0839139572559177	0.0849142924924111	0.0877072839454966	0.0870625655143883	0.0906327757707359	0.0915755656514622	0.0922031295502096	0.0943614082678067	0.0960591226218435	0.0972631541923709	0.0974252525711229	0.0983865796471962	0.101156291392449	0.102031893541053	0.10173328220844	0.10218442770751	0.102568935102875	0.10211265691391	0.102918753321809	0.103238738733624	0.103308110670553	0.105218269919341	0.104458591087391	0.10663869794278	0.107615997197723	0.107502811124128	0.108191486659916	0.107228543428895	0.10874301525945	0.108382964962133	0.10930819217645	0.109482056730891	0.110555240932862	0.1112029141738	0.1114516576928	0.111272921367805	0.111316216171217	0.113253001268768	0.114192068928594	0.116325089498407	0.11757565888095	0.118778244194759	0.120047614247574	0.121848680065468	0.122773480814013	0.125294864778529	0.126778315196767	0.129261339752112	0.132146690335083	0.136956597113353	0.137364491849235	0.143220241772391	0.148889174025455	0.151458399623317	0.155059344482458	0	0	0	0	0	0	0	0	0	0	0.201289906849105	0.202652948751549	0.209219451935151	0.213141198296194	0.214207130478422	0.214221151326091	0.217803453835186	0.216026076306673	0.213246911151917	0.227319616939315	0.228747129083562	0.241386519933333	0.238834385494507	0.240597028513291	0.238885947045403	0.258399328400867	0.255627842235816	0.249594625078323	0.232084950595878	0.284353482215586
561.982	0	0	0	0	0	0	0	0	0	0	0	0	0	0	0	0	0	0	0	0	0	0	0	0	0	0	0	0	0	0	0	0	0	0	0	0	0	0	0	0	0	0	0	0	0	0	0	0	0	0	0	0	0	0	0	0	0	0	0	0	0	0	0	0	0	0	0	0	0	0	0	0	0	0	0	0.00241667455897898	0.00401541668118498	0.00164474924882447	0.00339697986846488	0.00409623282010036	0.00443764088278119	0.00323212637036821	0.00472731409032972	0.00500260335772179	0.00632150546779953	0.00636634467666744	0.0071470528867125	0.00781965883321347	0.00644067210304717	0.00890263781783472	0.00855684025906246	0.00848519613851682	0.0101471512018171	0.0105296578255368	0.0116007424300429	0.0123269662692256	0.0129197097158023	0.013543359183767	0.0132146204371785	0.0145041190225123	0.0153047209180659	0.0166209775231952	0.0174688997018924	0.0185295488507922	0.0187248294204499	0.0199543406537367	0.0201628318063016	0.0210723017309963	0.0218561457115778	0.0229726561665002	0.0236674497460681	0.0249972338422659	0.0262413698206436	0.0271217410141321	0.0274962618809968	0.0289243139486451	0.0291112218549604	0.0305497808679437	0.0315583425583681	0.0321808666514896	0.0335860188687284	0.0345268734787127	0.0366680841430951	0.0373658539438097	0.0384189126958622	0.039526812969721	0.0420072497570128	0.0433833327270525	0.0448836695473424	0.0452883951165915	0.0469252109536878	0.0492665023148326	0.0505959737914377	0.0524174859186674	0.0527546246454021	0.0548236696913686	0.0552198347885681	0.0566880064781867	0.0584152122313146	0.0610069670698808	0.0620949604350084	0.063213860639182	0.0645603534676977	0.0666616438152331	0.0671116530683533	0.0704175412545933	0.0705093674550685	0.0725596733513181	0.0752027562596083	0.0760708583680594	0.0774084289492694	0.0779152291777392	0.0795616913205481	0.0795339103702656	0.08126526955513	0.0836180132491233	0.0846570323698446	0.0869687712656075	0.0881049061744648	0.0895267842939284	0.0893196789637511	0.0903473745832555	0.0922877873191864	0.0926676835956812	0.0936902112150761	0.0956159555911081	0.0957067766432161	0.0964601671062524	0.0946917371675779	0.0964637402203299	0.0962070200601948	0.0962030621008452	0.0966925529779651	0.0973634099721232	0.098506215292843	0.0985696444707369	0.099617177317582	0.0996857777092341	0.10094624314889	0.0994176438115919	0.101379436370074	0.102514052707761	0.101582343487193	0.103089759815326	0.102479221711369	0.104478509230479	0.103833605006396	0.105502593268435	0.105059607632527	0.107345084808002	0.107721676900364	0.109260509154303	0.110064157445634	0.11156764012359	0.111798502343221	0.114013499900998	0.115168911163714	0.119104472378574	0.121351172651121	0.123798092097952	0.126698318772756	0.133742628342135	0.134451975097957	0.139504722579915	0.141981846804677	0	0	0	0	0	0	0	0	0	0	0.179894408233413	0.190366714307421	0.189062708984692	0.19472824422582	0.196628535267839	0.192223443201346	0.194201580170864	0.196972810973174	0.202119749311455	0.203369714588284	0.214055009260317	0.214073375736759	0.219676315476325	0.234505123268242	0.217265322822815	0.22700500543565	0.245152893972834	0.233838349732699	0.231111684692523	0.256031699649355	0.235275248064814
566.672	0	0	0	0	0	0	0	0	0	0	0	0	0	0	0	0	0	0	0	0	0	0	0	0	0	0	0	0	0	0	0	0	0	0	0	0	0	0	0	0	0	0	0	0	0	0	0	0	0	0	0	0	0	0	0	0	0	0	0	0	0	0	0	0	0	0	0	0	0	0	0	0	0.00373004240797737	0.00291954870487378	0.00261144556553052	0.00324101302146299	0.00417195834329427	0.00328715903359679	0.00444302265045756	0.00550078838179329	0.00464526210151253	0.00468621842069365	0.0057345028114728	0.0069036082537648	0.00622532528537028	0.00736901855486811	0.00735761097902834	0.00831653235166145	0.00913418092586609	0.0102686274577607	0.00914012754228835	0.00972451258738511	0.0109979237647786	0.0113671940366228	0.0118259387861842	0.012418063703811	0.0129575650865618	0.0136453759799545	0.0132027029051786	0.0150704464852382	0.0160800600635302	0.0159372508886876	0.0167462051465241	0.0175191918811602	0.0190684789615073	0.0188437924151847	0.0200128391752977	0.0203683854752593	0.0209930145760218	0.0225144599195002	0.0240143129292768	0.0237135272097367	0.0250746930379076	0.0260747021454331	0.0270734843709248	0.0276052609000525	0.0280043529384704	0.029371818316846	0.0297822104649308	0.0312794425529657	0.0320476277857317	0.0343955649592056	0.0342786111484669	0.035514964094473	0.0359862486725719	0.0378856892565844	0.0395693980888408	0.041127929370641	0.0432350123414497	0.0443199141654604	0.0462203957376218	0.0469412777048909	0.0488509771985673	0.0483806536362214	0.0510158625628585	0.0517661459826444	0.0529086880225258	0.0536790546968296	0.0567627449209409	0.0579869827603604	0.0589603208670498	0.0603950068273248	0.0616230911536927	0.0628805840553309	0.0650741893295747	0.0647394242123718	0.0667333103407469	0.0696342071802421	0.0701234772890848	0.0718909364237372	0.0716844587288689	0.0741230339479155	0.0745796931984478	0.0761363537991565	0.0777738935288862	0.0779664289130238	0.0793245755871363	0.0807334165280456	0.0819034001896929	0.0826989933655352	0.0834046192846732	0.0852695497360621	0.0858688974545765	0.0867490433038719	0.0876950392584765	0.0886740259297746	0.0882350688200577	0.0893831578542602	0.0888254792226198	0.0895229610690493	0.0900087030471477	0.0912533156952765	0.0923334525254228	0.091449399670635	0.0922876980629023	0.0916026347561493	0.0933698507304582	0.0926984528588518	0.093732498356092	0.0938932605728459	0.0929885579022264	0.0957331961475134	0.0953744309863805	0.0959303372655656	0.0977038560226612	0.0981388481048113	0.0976084246655295	0.0983350184388533	0.0998877458917199	0.101196170313469	0.0989625007809938	0.102488724525676	0.102980287729939	0.105337007349837	0.106523816032767	0.108414129627487	0.110254782832688	0.111368042610101	0.114669204523433	0.116354601939423	0.120098101154153	0.123354065349323	0.128442734368303	0.131476021846904	0	0	0	0	0	0	0	0	0	0	0.168509273224706	0.170656766737418	0.17099576505102	0.177620919157639	0.182707043543686	0.179752936282317	0.185132949810196	0.180904108652771	0.183622606467336	0.190793305450052	0.201491284485667	0.199800337145781	0.211174065577641	0.213910004625859	0.210379777667584	0.214389419633738	0.208535073211223	0.215823682819799	0.214156587858545	0.232403806992093	0.236178296298654	0.234993899830133
571.364	0	0	0	0	0	0	0	0	0	0	0	0	0	0	0	0	0	0	0	0	0	0	0	0	0	0	0	0	0	0	0	0	0	0	0	0	0	0	0	0	0	0	0	0	0	0	0	0	0	0	0	0	0	0	0	0	0	0	0	0	0	0	0	0	0	0	0	0	0	0	0.00222847430336862	0.00279013659308323	0.0032313027042112	0.00352355650253404	0.00396175436009764	0.00407347442964284	0.00438678547561381	0.00516079037079412	0.00535503486832835	0.00410789851286853	0.00423036806839962	0.0060198565181761	0.00496975476274648	0.00658935873548589	0.00604314731296256	0.00674988457085672	0.00829495949652845	0.00840563025182286	0.00936841442368939	0.00900771579083029	0.00892236637019948	0.0102571891360594	0.00974420026635568	0.0114766934376622	0.011775358913576	0.012515076154633	0.0131373865769966	0.0133502953232193	0.0137000534575282	0.0141249804962032	0.0149012276121898	0.015565840421192	0.0159117885436	0.0173684598268215	0.0177810971278301	0.018858888351031	0.0199968315524359	0.0201605347690536	0.0209297485196994	0.0223414067334	0.0224995803728691	0.0237350578887841	0.0239025683367477	0.0247994098866128	0.0262170395071632	0.0262239083650256	0.0277911991228586	0.0276648597425256	0.0288838681507749	0.0299113026208369	0.0309651455470984	0.0316078107463189	0.032785515473438	0.0339062324889587	0.0352525647075983	0.0358508038651095	0.0378265621313001	0.0382801865216315	0.0408583652833647	0.0421146430039645	0.0424093734831094	0.0447299225411239	0.0452308684360069	0.0468459863489255	0.0474775372576645	0.0486420833627774	0.0501704548944158	0.0509668824549891	0.052255774807868	0.0538056101631296	0.0552953812632601	0.0558204888037254	0.0571698086876797	0.0593075094555032	0.0611157348346286	0.0613591346483843	0.0625056862491228	0.0655406872564207	0.064415830130735	0.0666114684973559	0.0682867363537808	0.0694695562891507	0.0692560981941319	0.0706357188431861	0.0708955691934278	0.0738319707748166	0.0747875090992316	0.0755429119059468	0.0754221648365602	0.0771840389236039	0.0779281900667763	0.0793797154321271	0.0796359563579637	0.0802739099646002	0.0814978461816368	0.0823916953012905	0.0820713511547019	0.0831559629132568	0.0828357615537184	0.0846953800325172	0.0844849447544546	0.0829463108975974	0.0844888206622614	0.0836152362211497	0.085279707429576	0.0864720466578069	0.0858751817879769	0.0859560588256126	0.0869528537489993	0.0875471429235916	0.0880079040460038	0.0876588429079664	0.0894237185794573	0.0887991218888051	0.0890325335869568	0.0890587799852004	0.0922692477078287	0.0918753011574376	0.0915630097854676	0.0935378228457827	0.0924861197630073	0.0952543668517477	0.0966060702834929	0.0969566564588775	0.100436087645735	0.10268792845191	0.103330851637227	0.105843384018121	0.108359998998417	0.112505398783359	0.115184591829188	0.117443700450602	0.122297235779447	0	0	0	0	0	0	0	0	0	0	0.15457368283189	0.158105984002579	0.158930283172533	0.164392718921095	0.16446730483046	0.16534552141406	0.165600124444373	0.168897308648959	0.168507016792732	0.175861324203955	0.183093792730487	0.185500099802984	0.192642145438729	0.191976579558911	0.188417459414463	0.196656767862915	0.210581538093826	0.19768023280479	0.214468313736903	0.204228150925492	0.204093973806226	0.221402511905102	0.230202194820506
576.059	0	0	0	0	0	0	0	0	0	0	0	0	0	0	0	0	0	0	0	0	0	0	0	0	0	0	0	0	0	0	0	0	0	0	0	0	0	0	0	0	0	0	0	0	0	0	0	0	0	0	0	0	0	0	0	0	0	0	0	0	0	0	0	0	0	0	0	0.00550321429314109	0.0019096504551655	0.00102518183991575	0.00103996761058118	6.1269040617681E-4	0.00263250968064531	0.00186316800428392	0.00157082079946358	0.00257742873191269	0.00338719941249911	0.00289511295904452	0.00319473676052911	0.0042673775244195	0.00330686563567839	0.00440999880481675	0.00466782006060689	0.00530072769214564	0.00589967590950174	0.00628941268129907	0.00759196861416295	0.00685437519283714	0.00763161156947309	0.00841360732874324	0.00834228736338897	0.00819236937440955	0.0100842133770577	0.0100420385167614	0.0120459408574278	0.0123033837462059	0.0115141140020042	0.0122919419357296	0.0127093249596604	0.0148307430366983	0.0138666494227916	0.0149871023223301	0.0153807879123055	0.016232198426772	0.0170280520644222	0.0175977063180069	0.0181471865319192	0.0186249840988075	0.0190083757065633	0.0205359720300654	0.0213192684401584	0.0217269203238065	0.0231308993485988	0.0232226097698045	0.0243175274911878	0.0254659124867404	0.0261090084342086	0.0263531578943273	0.0272143793988547	0.0279357211565228	0.0291026009277608	0.0301796497549695	0.0308829959941237	0.0319146999232938	0.0325059618605529	0.0335329315210387	0.0352551315824098	0.0359604280485243	0.0378409102730067	0.0386321596946571	0.0393118805130006	0.0411158967969671	0.0424411194817998	0.0435505104399128	0.0445051420458285	0.0457712185123771	0.0463663137786736	0.0467034311382652	0.0485686699591889	0.0485698147672626	0.0513114576386996	0.0507443074856513	0.0521298445330335	0.0552876124691696	0.0549866113686989	0.0570232020403856	0.0584397643132699	0.0591439908500226	0.0618237597625457	0.0610430897778294	0.0621366960318761	0.0651073086968407	0.0644705303449226	0.064874509301244	0.0661571125517336	0.0678930578561937	0.0676118281137436	0.0683988065342896	0.0694161188754381	0.0717231235613636	0.0732948229934556	0.0722241002596621	0.0731819867356945	0.0745373025005579	0.0746820474640859	0.0760092940379889	0.075096618162291	0.0753179083553611	0.0771244668261005	0.0765682272221069	0.0769939895346836	0.0776023726642982	0.0767381086614156	0.0767944425189306	0.0782141510458754	0.077766442164915	0.0785007309280264	0.0796161108269995	0.0790515446138216	0.0801060865035821	0.0801753062201141	0.082480018491757	0.0827004974235118	0.0815105910269849	0.0830392996671539	0.0829070509553198	0.0839616280129588	0.0846477829244826	0.0861913050278431	0.0877791897967189	0.0880358222529671	0.0880955331586759	0.0901750127783616	0.0898713796927668	0.0913631516959252	0.0938742349252315	0.0966239874601617	0.098464069249576	0.101698987791648	0.103993053409761	0.105016013868209	0	0	0	0	0	0	0	0	0	0	0.135893467085787	0.138595123754358	0.146590247704138	0.145658341993652	0.148604689181192	0.146951911553922	0.151947873586521	0.150731197737628	0.149748093536564	0.157249801976797	0.160060996579587	0.162889318054421	0.162296881783229	0.165400361245888	0.167051229454116	0.176352352668053	0.172333439068582	0.176582852951829	0.184859299929107	0.18691932143924	0.189937482703963	0.191069916775399	0.180478257592834	0.20789964335321	0.200996133043363
580.756	0	0	0	0	0	0	0	0	0	0	0	0	0	0	0	0	0	0	0	0	0	0	0	0	0	0	0	0	0	0	0	0	0	0	0	0	0	0	0	0	0	0	0	0	0	0	0	0	0	0	0	0	0	0	0	0	0	0	0	0	0	0	0	0	0	0.00295383731805011	0.00162312775850453	8.54335971278111E-4	0.00174964804843426	8.94029309543537E-4	0.00210339634959155	0.0024750274062834	0.00111322239487393	0.00267686139196919	0.00239881676461826	0.00530910677334151	0.00336445134036974	0.00347844922384273	0.00418861550395418	0.00422939699065041	0.00415285384258835	0.00595733599612322	0.0054945256160105	0.00617105624305567	0.00696696140235394	0.00700436374451054	0.00728127642325597	0.00666558585022475	0.00724386130417076	0.00899986123362701	0.00914522821446835	0.00884295305219677	0.00983159123312831	0.00979671999835924	0.0115172234090688	0.0112164028033926	0.0111065627012148	0.012748202919266	0.0129532255563958	0.0138603336691472	0.0132778456885435	0.0144787106960263	0.0152140689034305	0.0154895410579104	0.0162286625153811	0.0173209338548432	0.0181232499790058	0.018687724157732	0.0182947588475817	0.0191426233839768	0.01997917806271	0.0205671962425111	0.0213164769023197	0.0227359786560619	0.0226735481892956	0.0246647250271899	0.0245274953939574	0.0249851764130836	0.0256782278970502	0.0264933337459024	0.0269443951841386	0.0283403454434705	0.0288686583988713	0.0304598268140217	0.0307928691834933	0.0310791474856708	0.0330343168575128	0.0341249759434213	0.0354365081236826	0.0365382644813462	0.0381811708415757	0.0383213133881773	0.0391141145264188	0.0399995832908842	0.0413667120423858	0.0423118764404156	0.0431596326403736	0.0445998221406377	0.0449840591695476	0.0460117547284291	0.0472068395129478	0.0483852212053091	0.0493877176881344	0.0516315895861568	0.0520812375636341	0.0518504848416819	0.0542418615405967	0.0551816338436524	0.056010844624275	0.0575835364458143	0.0591182214053656	0.0587158362951231	0.0589140214811608	0.0615185468524579	0.0615644670990006	0.0634990730033193	0.0630700980897461	0.0642877061838145	0.0652343497340338	0.0661227006970007	0.0672630646837963	0.0666462264917211	0.0685557151259578	0.069983408754679	0.0700327164193389	0.0696320319862492	0.0699314915201496	0.0720023464669872	0.0707463381688155	0.0717875141262306	0.07240451528427	0.071743852542548	0.0714890152646008	0.0730895531769541	0.0736185741453068	0.0732852138560869	0.0734036449887274	0.0747854580832811	0.0747024835401987	0.0743495737606789	0.0759462101498416	0.0767377836156079	0.0765708364644579	0.0757136783664842	0.0765007520545132	0.0773419640863406	0.0780645499827625	0.0784526558966189	0.0789050623771208	0.0799298327482676	0.0814522072251546	0.0834241789271276	0.0829997477007946	0.0844987162089937	0.0866699410971883	0.0888473294085262	0.0913141142808673	0.0935321565800602	0.0961633661002319	0.0970155475332141	0	0	0	0	0	0	0	0	0	0	0.123272141304884	0.128683641409524	0.13079609894391	0.134264687929726	0.137990101797696	0.138354228509714	0.141748312478267	0.140568114911091	0.140559010915881	0.141549142487929	0.146726295946001	0.153728458227962	0.150827315464804	0.155636579675302	0.158104055729022	0.154876304934641	0.166242021339465	0.151980617984295	0.166946407526225	0.174269201371088	0.164785605753477	0.167571411835928	0.169551798332664	0.164403901478521	0.164678429925962	0.170069465163574
585.455	0	0	0	0	0	0	0	0	0	0	0	0	0	0	0	0	0	0	0	0	0	0	0	0	0	0	0	0	0	0	0	0	0	0	0	0	0	0	0	0	0	0	0	0	0	0	0	0	0	0	0	0	0	0	0	0	0	0	0	0	0	0	0	0.00283810930996755	0.00337658666687593	0.00405035424087416	0.00239028474341174	0.00417949974254768	0.00150277404556636	0.00309206288730145	0.00317173511367516	0.00380059834283248	0.00328768406114352	0.00378734779696017	0.00299777493538997	0.00498684691344417	0.00388386871147343	0.00539704180583072	0.00625753139824193	0.00522704650458171	0.00533420891751888	0.00556397049520577	0.00519198551786956	0.00655671509791186	0.00571109645907147	0.00699090128867128	0.00706953826291178	0.00795372183220682	0.00826598521641533	0.00879240299857512	0.00981187906920911	0.0101196271789658	0.0102785503456856	0.00965792013869781	0.0101734767522422	0.0121239344644909	0.01207480488182	0.0117559014703308	0.0129662943595835	0.0136539889941921	0.0134627036192384	0.0150169780858435	0.0160271203860273	0.0151700540517327	0.0165951640089532	0.0174343591262587	0.0177331125206135	0.0178674086317841	0.0180177880340032	0.0180550582648747	0.0190769480481397	0.0198971608181088	0.0212624699018901	0.020960493044085	0.0219412168141077	0.0229348171423972	0.0228498879919804	0.0240428644327773	0.0246829925223145	0.0255374089814633	0.0262659733669052	0.0269876881423724	0.0278160737071314	0.0291538161222084	0.0298779978888859	0.0305134365424976	0.0322226735858561	0.0323456841618402	0.0338671570650271	0.0338949947013231	0.0359970236231455	0.0369121420669431	0.0371674539282023	0.0387441291833011	0.039991518370865	0.0398544939376267	0.0402325798505298	0.0417486767372579	0.0424255045510933	0.0423287743444395	0.0445662479193638	0.0455413500678123	0.045712749245715	0.0479477876448919	0.0491856947538706	0.0500459535210784	0.0508829625308882	0.0522047656175755	0.052342159053398	0.0541400153267649	0.0555372576611127	0.0547308493491874	0.0562814195386172	0.0561017131703289	0.0576589704113576	0.0588649380181421	0.0599281468275977	0.0597777719212016	0.0607461761167604	0.0613850445465814	0.0604528125547822	0.062324995140369	0.0631381545605421	0.0638624627814618	0.0637072101847898	0.0650758060559005	0.0655240751657519	0.0649621955779652	0.0663188196960687	0.0668587304379356	0.0671650367711045	0.0666373550383859	0.067019998089541	0.0663413566335226	0.0678793015041335	0.0676918147967154	0.0689921878636775	0.0690741923715181	0.0696892101438644	0.0683309504347916	0.0689307901259588	0.0701876726954934	0.0707624399175011	0.0703402374467788	0.0717181038272554	0.0712795960316435	0.0729866944382261	0.0735423094599495	0.0750544345001565	0.0758707924581311	0.0748276832593854	0.0780071336935525	0.078197407809378	0.0792105501753469	0.082143652981911	0.0838214168223572	0.085783303669448	0.0875197188102261	0.0896367219528959	0	0	0	0	0	0	0	0	0	0	0.113416964420958	0.115070498192091	0.119222054571266	0.121075789742066	0.124286493567534	0.12504707081942	0.124996152642876	0.130643412768101	0.12922491703672	0.131393332782706	0.133725597849322	0.138145388145697	0.142188267329575	0.143931034062797	0.151618898469384	0.149830984235801	0.150645345010496	0.150103688296751	0.156563483529137	0.166324044532034	0.168278565811155	0.165200864938114	0.170196004759631	0.175125220029034	0.16967843853166	0.187062645094665	0.179658835982196
590.156	0	0	0	0	0	0	0	0	0	0	0	0	0	0	0	0	0	0	0	0	0	0	0	0	0	0	0	0	0	0	0	0	0	0	0	0	0	0	0	0	0	0	0	0	0	0	0	0	0	0	0	0	0	0	0	0	0	0	0	0	0.00275763915462009	0.00154214565760598	0.00102767753981224	0.00265847513387274	0.00229506001003109	0.0013605431399697	0.00183542513436009	0.00176802214173464	0.00107184505156649	0.00206531686315393	0.00277056618203259	0.0030992649336431	0.0024597715243969	0.00398458153255111	0.00334941851558467	0.00431713275757191	0.00432498734353812	0.00330839508731359	0.0041844039076878	0.00294708441174273	0.00482077520496221	0.00446384564068631	0.00531663405926129	0.00546140919838098	0.0065001562009133	0.00657717913378551	0.00750457081036882	0.00700149988759998	0.0075092968309658	0.00714087719878869	0.00841480468840984	0.00880303110659887	0.0099621196387083	0.0088275731201427	0.00963775275207131	0.0100998153415736	0.0114577584387711	0.0111532696185559	0.0122913845838505	0.0126961806362158	0.0128269044138674	0.0127925548552321	0.0138489116844811	0.0142497345313762	0.0160962785100744	0.0153824083779159	0.0165948377461107	0.0163134623472094	0.016789142531061	0.0176750395113781	0.0181822093847522	0.0188807748307542	0.0205046196331013	0.0201077429953023	0.0209118047959856	0.0208387906796168	0.0219847037132566	0.022386839026176	0.0226307160403716	0.0237476181786728	0.0242024078233416	0.0247598558648367	0.0256999080681909	0.0270598671238612	0.0270467245286117	0.0282746207188204	0.0287413573162158	0.0297708541406766	0.0303503805906305	0.0322627608690217	0.033258741834974	0.0330236101917687	0.0344782521468399	0.0355883004539422	0.0362198843593261	0.0360564303271183	0.0369345805247709	0.0380890283936491	0.038725027428479	0.0399673532672042	0.0404769141220933	0.0421964946283538	0.0439653811592972	0.0438382706659154	0.0440778791061293	0.0456762799202963	0.0458589428581003	0.0478007520095267	0.0475288039487349	0.0479569199010594	0.0504840519706867	0.0516579431118539	0.0506488644667946	0.0511606792761905	0.052690234826815	0.0519177227029498	0.0534781071602582	0.0548057920784944	0.0560428636526664	0.055505951433199	0.058212554281329	0.0574780572252019	0.0580603181386347	0.058815407005983	0.0592841411125966	0.0601685089749794	0.0594674578928541	0.0596646253663719	0.0603936759025777	0.0601611843751338	0.0610717078547696	0.0599404555912243	0.0614568098147039	0.0617868000599706	0.0615621492874439	0.0621224360802596	0.0632608343792664	0.0629673733888148	0.0627674476269358	0.0637522128262218	0.0645695265185668	0.0649812462045392	0.0642983871160563	0.0656342525726078	0.0657653654704508	0.0657228132679073	0.0666057659509539	0.0666777905070993	0.0675230636412539	0.0692679507775475	0.0696468596477429	0.0705212555065168	0.071828098812599	0.0739318923198314	0.0758129328108679	0.0777033729796678	0.0800493674910417	0.0804751269209943	0	0	0	0	0	0	0	0	0	0	0.103140529852407	0.105059759964692	0.10613116122158	0.108119544996798	0.111587594481849	0.112292931230578	0.115310251618893	0.113832354204668	0.117766248630055	0.115475396888161	0.119344355868598	0.126681498252663	0.124954927660807	0.130726122627054	0.134180603101337	0.135476462887318	0.130157836522519	0.135624544191261	0.139848844968178	0.136492494367746	0.141398996395579	0.137210086947843	0.152044071443896	0.15548382603146	0.161441120449386	0.164991208913778	0.145210780345286	0.171066855060159
594.86	0	0	0	0	0	0	0	0	0	0	0	0	0	0	0	0	0	0	0	0	0	0	0	0	0	0	0	0	0	0	0	0	0	0	0	0	0	0	0	0	0	0	0	0	0	0	0	0	0	0	0	0	0	0	0	0	0	0	0.0018050983358703	0.00260120115941173	6.82586514297623E-4	1.25690530253529E-4	0.00197850080952856	-1.61188860442338E-4	0.00127333719311682	8.20767463106054E-4	0.00123019994920756	0.0035162466535618	0.00248791554824895	0.00182154047209935	0.00267794572532229	0.00276649833608717	0.00254076112396406	0.00457827971491207	0.00274042794969732	0.00408124675988028	0.00495071343799839	0.00431970690837974	0.00387150894365741	0.00308209552138886	0.00484678367477992	0.00451611513937284	0.005626075100817	0.0049703508536201	0.00458098032120847	0.00666496303307722	0.00782499219434406	0.00731265628096483	0.00555990139569737	0.00786630998703452	0.00757885672539076	0.00765141969088711	0.00877640088908424	0.00985062849667218	0.00922156534551307	0.00952674479598646	0.0103355333047266	0.0111539199947446	0.0109148676815582	0.011792135793753	0.0117618650750105	0.0121674255268887	0.0130856127203325	0.0132355780526388	0.0134822907713443	0.0142029281593621	0.014707518980151	0.0151547161598785	0.015835506043048	0.0160826882239064	0.0170440979267719	0.0174979265439948	0.01784509653071	0.0188422412017794	0.0188848945979959	0.0195245028352221	0.0203078245382247	0.0205177869077223	0.0212334146591817	0.0217309465923805	0.0221185778388022	0.0233874484794346	0.0237689312614401	0.0249519907885844	0.0251043925677458	0.025823344584565	0.0263919262938427	0.0276176472662281	0.0286231636701765	0.0298809581862965	0.0300520453635872	0.0306811124113209	0.0311650872473282	0.0311972615555656	0.0342542519922211	0.0337738912225391	0.034939414853688	0.0348580179820196	0.0360261813119751	0.0374635522709192	0.037677670050578	0.0387412316858339	0.0394240315523368	0.0395351117147752	0.041549145987103	0.0411785178974667	0.0416928600917676	0.0428007568560336	0.0438712709551327	0.0459039320150183	0.0458369543561846	0.0466484488283715	0.0467242520804984	0.0475191669866354	0.0473700355215293	0.0488502343167068	0.0492677648682445	0.0500694855399032	0.0513314805498798	0.0512534743707332	0.0527687761996707	0.0529724375095047	0.0533172842112915	0.0542620387694453	0.0539838119061801	0.0548946555943126	0.0545332255400377	0.0549369901242433	0.0558861942713422	0.056265748622338	0.0558784031211906	0.0558899658019179	0.0570664147633674	0.0562672730836054	0.056573670744155	0.056076969448716	0.0563221711282157	0.0572166044036832	0.0575110743110095	0.0581318058168381	0.0586328929987062	0.059038336107347	0.0602570643246557	0.059888258495067	0.0604251229025238	0.0603722327770794	0.0614818391000408	0.0611641418183329	0.0627653031374181	0.0625604361539373	0.0648152005899124	0.0669259187400926	0.0666848742584513	0.0697315973424114	0.0705236250580684	0.0726766745454368	0.0727828322743757	0	0	0	0	0	0	0	0	0	0	0.0920094181364532	0.093302190876292	0.0960097181458329	0.101369341116937	0.103222214816641	0.102906435644661	0.107737811107158	0.102943669724187	0.103716055246118	0.102710883051375	0.111075563007457	0.107202426103297	0.114560943132339	0.116366465272496	0.116694574413073	0.12388318065634	0.123953632777718	0.127133391090921	0.130111582149676	0.130204096240579	0.124804320757608	0.128498051277477	0.135089630675209	0.134608066790419	0.135025732499025	0.14080504027487	0.137699619880151	0.152414999071667	0.133704372484292
599.565	0	0	0	0	0	0	0	0	0	0	0	0	0	0	0	0	0	0	0	0	0	0	0	0	0	0	0	0	0	0	0	0	0	0	0	0	0	0	0	0	0	0	0	0	0	0	0	0	0	0	0	0	0	0	0	0	0.00202294663845488	4.08788692213125E-4	-8.74385808896913E-5	-5.2207593567241E-4	2.58368697589431E-4	0.00156241068539149	9.97777272170412E-4	0.00261152690225357	6.8174780748185E-4	0.00110266534086826	8.9135270234856E-4	9.91028442658445E-4	0.00190811434938779	0.00216574751013358	0.00187137555265491	0.00190558023378619	0.00249169833908297	0.0025444637179243	0.00299444224083159	0.00261198224091916	0.00313349480811683	0.00366462139004253	0.00387028200908638	0.00431128509621592	0.00500180038552125	0.00527479572239889	0.00549868169445552	0.00431653198156955	0.00558682259733856	0.0060318791858387	0.00636999246168907	0.00731840160059493	0.00677606707607672	0.00756789330962671	0.00738011833384272	0.00837039001017622	0.00748060124144004	0.0085490085500826	0.00933425777292266	0.00991492486630707	0.0102907965372153	0.0105363648118818	0.00999743731031135	0.0108829998940352	0.0113287255612726	0.0116668749607277	0.0126436538565357	0.0129521513839197	0.012757033550744	0.0130215544404681	0.0141182460705999	0.0149693798683445	0.0143157322867813	0.0151811537056406	0.016054678068344	0.0160832285362921	0.0174776405375078	0.0176099804849085	0.0178596774396784	0.0181479239136341	0.0189116203388591	0.0190067627163532	0.0197056903525658	0.0204507789118605	0.0215806661795557	0.0213398484497319	0.0217986218437385	0.0225014292381737	0.0228152775145118	0.0233361055007907	0.0249661186264627	0.0264182007735726	0.0262349011614777	0.0273920408992766	0.0283434730429417	0.0291573962116745	0.0289614072792474	0.0304763536464194	0.03099877502678	0.0312026174914124	0.0318292804730544	0.0317529916174368	0.0327518930686517	0.0339927244392221	0.0354777063069719	0.0357736147267615	0.0363888129997508	0.0373836814210257	0.0375958883269113	0.0387491062537584	0.0389841406762037	0.0402597438892858	0.0397715977734038	0.0414732460974763	0.0422121508344328	0.0424370251260785	0.0439304476501457	0.0443267037589118	0.0434473017542833	0.0446661141269573	0.0440293931666253	0.0466264096926283	0.0468707546356214	0.0471864156747897	0.048129164630844	0.0484354781952581	0.0488204081131286	0.0495488076557723	0.0497691104536684	0.0501674037929023	0.0500340466264077	0.0506154526652906	0.050506480443345	0.0500847680236894	0.0511319084625695	0.0519183794692197	0.0515746409231999	0.0515419410278287	0.0512053729644801	0.0527128160351486	0.0528503930403172	0.0524755049964639	0.0530497653026696	0.0539147795723667	0.05350529648098	0.0548174972104201	0.0545077003090494	0.0552016078900562	0.0568257851755498	0.0560295731521683	0.0574186694197283	0.0557461516071628	0.0580984484810394	0.0579718638749374	0.0590355535230661	0.0612514791384622	0.0629674719002253	0.0649318865104341	0.0658742548518441	0.0681435338661659	0	0	0	0	0	0	0	0	0	0	0.0834966332736075	0.0827292254583666	0.0876394161040924	0.0882590628570824	0.0886642287089982	0.0937580395758763	0.0939307704731321	0.0968186519470949	0.093494856948842	0.0972851523872672	0.0988789098798555	0.101909921831716	0.103950180019992	0.11025053282446	0.112463364935582	0.112098074047096	0.112350550953565	0.107566010571803	0.117666220661981	0.113192935761205	0.117473081648967	0.122093659363935	0.119043507205678	0.118164834205671	0.127314122722539	0.114875132496119	0.123260967348967	0.110384931530607	0.130645480238722	0.134091788906801
604.273	0	0	0	0	0	0	0	0	0	0	0	0	0	0	0	0	0	0	0	0	0	0	0	0	0	0	0	0	0	0	0	0	0	0	0	0	0	0	0	0	0	0	0	0	0	0	0	0	0	0	0	0	0	0.00354078008083922	0.0035459548720287	0.00213343419266247	0.00190347856507731	0.0015028559581749	0.00156732928028711	0.00286775043920377	0.00299404718173388	0.00277293013563505	0.00339698337515046	0.0010298257012652	0.0024292517138713	0.00310309095949485	0.00340340212704862	0.00469486027281958	0.00381641950391129	0.00100122517736127	0.00327087737021575	0.00231648533719497	0.00360013172754425	0.00322125283728146	0.00470466380394254	0.00234142048210958	0.00352159777619343	0.00471206706946023	0.00378532241850891	0.00429415453286892	0.00526192395844967	0.00480178950301094	0.00561145216193649	0.00620339322854131	0.0063792535271314	0.00649069091576973	0.00599381495433577	0.00734138919726853	0.00746195936803246	0.00795841677704122	0.00768999014068176	0.00822438076571549	0.00949480231787363	0.00814954849991954	0.00943004334013389	0.00891129220188171	0.0102507753508878	0.00940602002818315	0.00966370346009082	0.0112669134659574	0.0113108287631773	0.0110952192795814	0.0117821789571081	0.0125511738629214	0.012679192248572	0.0132779914152631	0.0136940783415326	0.0139378423980009	0.0142598096719469	0.0148834024396857	0.0153061913330565	0.0149362142362401	0.0158619566667817	0.0160509334532226	0.017308969885336	0.0172125898659903	0.0175722891530102	0.0181821371456347	0.0189019857371173	0.0189470097237148	0.0199765597155421	0.0205258166632089	0.0211608559292399	0.0220626806130436	0.0221795969836583	0.0223949954529512	0.0233030482755918	0.0246244835866903	0.0239751531624329	0.0252612939151158	0.0262309372275716	0.0270735824233833	0.0277409993507903	0.0288051140426683	0.0283583523030878	0.0295374824638998	0.0293321001426846	0.0295232727548872	0.0314652524830323	0.0316038217624982	0.032442874706266	0.0325901735977081	0.0332516088287139	0.0340884929332127	0.0354783834758196	0.0367573337288381	0.0355487273147577	0.0382488299967229	0.037643495918906	0.0372820839663262	0.040117956227325	0.0397702024713304	0.0399208373970473	0.0404061032200221	0.0414908731708426	0.0409537257341307	0.041465375361376	0.04236364139999	0.0433468050489016	0.044389727061894	0.0443020871728557	0.0453758535010049	0.0458631470487159	0.046284047546041	0.0459338222442203	0.0470025998405345	0.0469325678108701	0.0467677719541787	0.0472005004618442	0.0464749363401382	0.0460771045675255	0.0468509884696793	0.0474840783026202	0.0476049970427709	0.0480396883805236	0.0490328711323422	0.0488789031121688	0.048809506795412	0.0497471293666681	0.0496424555762302	0.0498296647710088	0.0499280246197174	0.0502731508343649	0.0511009259932369	0.0517542224809628	0.0526184688451198	0.0530138386658961	0.0529374315000382	0.0539332605502489	0.0537698457246351	0.0564594402179125	0.0587657856394698	0.0582275768191334	0.060584049380036	0	0	0	0	0	0	0	0	0	0	0.0723059432192077	0.0769865192950123	0.0787127465420474	0.0798353236144203	0.078585266815691	0.0833909039105901	0.0832350245836689	0.0873729492647073	0.0896835215140865	0.0882521785986407	0.0907532512793998	0.0946247128405699	0.0944772300890851	0.0971646950651074	0.098007559279592	0.100539842970849	0.101395444860779	0.103503692044283	0.106898661470667	0.104172319590678	0.109422081931832	0.102054081697153	0.107767172637055	0.112794106974924	0.11488346555244	0.116892954337427	0.12096530203002	0.123951146753822	0.131342949661418	0.128265226704137	0.124924368281821	0.122677621553518
608.982	0	0	0	0	0	0	0	0	0	0	0	0	0	0	0	0	0	0	0	0	0	0	0	0	0	0	0	0	0	0	0	0	0	0	0	0	0	0	0	0	0	0	0	0	0	0	0	0	0	0	0	0.00286674492459136	0.00160317452045123	0.00125865392570901	0.00269717675658946	0.00172508702983054	4.71436115674619E-4	0.00142698584102151	6.34050307714907E-4	9.82432947293134E-4	0.00280437698973719	8.60125379294548E-5	0.00131382586523663	0.00303842736105914	0.0039243687005139	0.0024098986014842	0.00225167155164627	0.00357439864099126	0.00305264946193929	0.00164732926250301	0.00421979703968863	0.00374230239843111	0.00342324478709948	0.00401320886178769	0.00335852040053478	0.00302971836635138	0.00375082798644407	0.00415131521711632	0.00372852560535308	0.00556518163505381	0.00395515487933685	0.00564532387342276	0.00534806386086733	0.00550063573744795	0.00679842783653472	0.00572164895621511	0.0075693232118849	0.00618595670524822	0.00681076421991576	0.00679322613114007	0.00726413607184257	0.00837414932921483	0.00806196067239387	0.00742668371108902	0.00919342395036642	0.0099426900309471	0.00961637933743938	0.00927222464391055	0.00923631513365055	0.00982385521876003	0.0109382569406826	0.0104307769684645	0.0112228546715792	0.0117927321824465	0.0116270092452845	0.0121254231010667	0.0132211770696569	0.0138529943636749	0.0134178821254767	0.0138002251076996	0.0142349381145367	0.0145066953715461	0.0151921350608876	0.0144390266400198	0.0160053670485078	0.0164764846493453	0.016741036020896	0.0170821463515465	0.0179286987428464	0.0183357940873191	0.018391835841756	0.018536893776846	0.0199619230134012	0.0202285309984225	0.0202030699614483	0.0218267175693666	0.0212131235196471	0.0218530170915412	0.022778012270021	0.0239862354789698	0.0248717965176943	0.0260203750275862	0.0256709080734977	0.0253294521214308	0.0271381036962269	0.0276433462276542	0.0266522828447866	0.0282667698130811	0.0286619121754068	0.0283992334645664	0.0298144189360614	0.0307542782166948	0.0319509103418634	0.0323026450655324	0.0314667143225517	0.0320403957502776	0.0342202186967747	0.0337271624728724	0.0358043336114462	0.0347549459669237	0.0364532539016408	0.0374516531593132	0.0383112282107886	0.037373444987321	0.037210825477497	0.0384141096502485	0.0396674746744368	0.0389259264375668	0.0400361047155659	0.0401186139046548	0.0410639146900716	0.0414495921860528	0.0415743382724392	0.0416197778455107	0.0423071657738964	0.0427367303063237	0.0427680709749498	0.0435318054358201	0.0435177078064175	0.0436743484522002	0.0421589548700137	0.0439882480018748	0.0441885820546698	0.044060915240542	0.0443204198545251	0.0436670495083581	0.0446952381709271	0.0447026327351793	0.0464289321760463	0.046360866058383	0.0463582005257275	0.0471983389795531	0.0467822215176579	0.0473428041205577	0.0481521397445368	0.0483456348630406	0.0489442616431238	0.0492759183752224	0.0501756057665743	0.0511540087838378	0.0527753582818127	0.0542464779246962	0.0563456506092167	0	0	0	0	0	0	0	0	0	0	0.0658100874551499	0.0654014129587126	0.0701099690801939	0.0730950153450929	0.0728652452855799	0.0717181325010517	0.0767038384791983	0.0763267343696944	0.076953016785348	0.0792664954204589	0.0829702902497007	0.0846845581854889	0.0850957094949304	0.0899224916707531	0.0882273654261688	0.0935928416360506	0.0932440799658135	0.0959132224400751	0.0954827784097892	0.0977887600726455	0.0994261069813546	0.0940271022718807	0.101083735954211	0.099687169151887	0.0931300277057826	0.101344477699744	0.108750806899935	0.108499941872515	0.107692927144741	0.108447252464965	0.117894229421614	0.14035929119319	0.136108255456165
613.694	0	0	0	0	0	0	0	0	0	0	0	0	0	0	0	0	0	0	0	0	0	0	0	0	0	0	0	0	0	0	0	0	0	0	0	0	0	0	0	0	0	0	0	0	0	0	0	0	0	-3.92198986504149E-4	7.72167722105689E-4	2.16615185494056E-4	7.32574756084539E-4	-3.04011408004776E-4	-7.42650882153267E-4	0.00145401425940753	0.00128206926189157	0.00223384115086486	0.00160137182895898	0.00414497214255741	2.67376840503488E-4	0.00313549272496146	0.00115699200111926	-3.3484932739321E-4	7.44593945512714E-4	0.00178694177650807	0.00147890685640406	0.0022009050670319	0.00216096928947288	0.00102232035154199	0.00404473712718871	0.00345730939568519	0.00289086258794864	0.00332434416430598	0.00240239553633109	0.00245789711104565	0.0030346060300995	0.00316656101089222	0.00421403386656568	0.00208413829148395	0.00314483650261881	0.00472296828906251	0.00391780467566814	0.00445119431478634	0.00540039450292505	0.00475379150660551	0.00638296038205955	0.005583893749853	0.00653416230894044	0.00627871012154127	0.00712963364492392	0.00616481566346661	0.00718814126781486	0.00809740082611164	0.00662169045683023	0.00799396108998789	0.00809049429190998	0.00858780494897334	0.00905303704498722	0.00985150362434869	0.0097024099958779	0.010120206963299	0.0104764474316429	0.0107237804256514	0.0105378274265286	0.0114454179803593	0.0118642179694528	0.0121495434189649	0.0117117942421564	0.0126224084320864	0.0133056716219728	0.0131119245364533	0.0140364649423976	0.0144052562101708	0.0147656386877667	0.01513304375704	0.0152258114324254	0.0150434721112198	0.0159757953089098	0.0164544471201998	0.0169238368333118	0.0170344379935013	0.0180460940367852	0.0183303239370431	0.0184715868523317	0.0190002820649035	0.0197258564039828	0.0204001428845429	0.0218072311610556	0.0224354898977727	0.0218577665444662	0.0226729956291608	0.0233737580942403	0.02409056526127	0.0235540304196279	0.0239850156031158	0.0251204403951748	0.025502508431196	0.0262931127837155	0.0281340621680173	0.0274699558258136	0.0286654870844452	0.0288157301847616	0.0299880355369304	0.0297029461073588	0.0302146619272266	0.029715677432723	0.0315716863654674	0.0327564600292899	0.0317135481436005	0.0321313571364806	0.0340089217371514	0.0337787358840779	0.033513722326199	0.0342869949478793	0.0344422273784803	0.0346511400170981	0.0369771284420531	0.03653882371399	0.0370126895805311	0.0365147374306976	0.0371435416991077	0.0376122049272148	0.0389274600361705	0.0386669908644046	0.0377267374081023	0.0383298356918784	0.0381059314444231	0.0400358960950481	0.0390808192495155	0.0396183951541489	0.0406040468697362	0.039492738266105	0.0400465703110773	0.0394813952461075	0.0397823681483243	0.0406397924316744	0.0420270104674393	0.0419143704336391	0.042785086705071	0.0416905031808138	0.0422162216960725	0.042941154975229	0.0429797260149135	0.0449075939549407	0.0435428426128834	0.0454672091625064	0.0467311943609783	0.0468593079284816	0.0486455483959166	0.0502092831171841	0.0501454473190144	0	0	0	0	0	0	0	0	0	0	0.0594434742470361	0.0609655797318678	0.0630080547586601	0.0635373480682649	0.062333847984529	0.0667047476231455	0.0688899202574336	0.069127024791117	0.0675529917788439	0.071874527673102	0.0731290466869465	0.075993096760424	0.0774523397608502	0.0809806395747175	0.0845683492172775	0.0773294447865577	0.0794092790939286	0.0831491713496035	0.0851893232281806	0.0843375008028442	0.0878317401318364	0.0838961397085935	0.0895762964049784	0.0844656379751128	0.0895144697957563	0.0929134362455525	0.0951714089396476	0.0878027208368919	0.0881452252802424	0.102615135276893	0.100581153912069	0.097505659614309	0.100802501537754	0.133721380958644
618.407	0	0	0	0	0	0	0	0	0	0	0	0	0	0	0	0	0	0	0	0	0	0	0	0	0	0	0	0	0	0	0	0	0	0	0	0	0	0	0	0	0	0	0	0	0	0	0.00300074047909289	0.00147807850092048	0.00185746041623884	0.00193350121424943	0.00205743410094148	7.60013283728039E-4	-0.00137322181039692	0.00128720577120157	-0.00155315307431079	-0.0010757221842273	0.00105512773728298	9.88524666967664E-4	6.01690174607144E-4	0.00182271954862655	0.00344865371833377	0.00110058870556565	0.00108427198198779	0.00255295896428474	6.2735708210632E-4	0.00221712626273964	0.00173645168653125	8.74178119707906E-4	0.0028478893391901	0.00394176450353093	0.00427630908758556	0.00327362716470928	0.00375203518404453	0.00268905972208622	0.00267104726770689	0.00353962297611096	0.00223465880232634	0.00270999213596717	0.00534787046355853	0.00232663739964267	0.00478376432136818	0.00456276090320469	0.00351685652907815	0.00421103164213422	0.00436210098884561	0.00486102608836574	0.00559748937890346	0.00629697562544754	0.00545810819098608	0.00696966950078819	0.00635700685122293	0.00696938117546048	0.00701128495726667	0.00631943451143891	0.00750101038075489	0.00764278060379095	0.00798520406423434	0.00790497868059151	0.00880001319964429	0.00815116091950569	0.00925907594051852	0.00920045808419548	0.00972776357727556	0.0106581368856561	0.00968085384400765	0.00972843186582098	0.0106160426713548	0.0111497995240683	0.0115344406567904	0.0114537246675765	0.0127487704989439	0.0123056998652812	0.0117665514712786	0.0133595263056643	0.0132777319085902	0.0139263651209238	0.0144317350439577	0.0141307731618633	0.0141870343441289	0.0153155005162841	0.0153162237193185	0.016072840957196	0.0162115014343388	0.0168508355165089	0.0171434846448016	0.0168564527701075	0.0184993785380047	0.0192278235357899	0.0199481604388747	0.0189504601628973	0.0208572371609635	0.0216664067748513	0.0217565736220944	0.0207217293661927	0.0220709181147697	0.0231997684084569	0.0228269178088912	0.0227331210266226	0.0239637196558352	0.0251510815527201	0.0247643835457498	0.0260151235996506	0.02707506644336	0.0269353170942842	0.0266576811985189	0.0283976971341444	0.0274507793245949	0.0295605989617871	0.030480320105567	0.0305266133261356	0.030908277205348	0.030402847943891	0.0308113036603897	0.0316426433197507	0.0324671410009136	0.0326032136091263	0.0322707380322229	0.0336152820041376	0.0334143566288777	0.0328613117316149	0.0343654847952878	0.0336941193318337	0.0337043293840084	0.0347635448315425	0.0351529177159101	0.0352061565322175	0.0366005412177777	0.0352589072996748	0.0355786177946452	0.0368739298744043	0.0362435744189512	0.0372147298544593	0.0378335244095943	0.0368608970064111	0.036909400429015	0.0376130639191059	0.0375469989903405	0.0385271530623265	0.0383899919174534	0.0388180643037878	0.039243170805937	0.0395967577233346	0.0400483162349806	0.0392580265703698	0.0403597441099811	0.0411211308442612	0.0408767669498551	0.0424144463609375	0.0436475200505995	0.0451155117066792	0.0459416247265546	0	0	0	0	0	0	0	0	0	0	0.0524426712301451	0.0535233250732683	0.0550044473692785	0.0578523739209224	0.0595557233330734	0.0596673595755449	0.0632292060095716	0.0617725841586556	0.0631507731846695	0.0627776800372744	0.0652237106253824	0.0701099202889953	0.0688928453735485	0.073082795215787	0.0734221191627855	0.0716684143495319	0.0763241897012304	0.0759719957996131	0.0808523959219593	0.0800266669161427	0.081107849563131	0.0777182149488333	0.0851531324751755	0.0844845131060731	0.0840921673632082	0.0831005503546886	0.0774331613291138	0.0861573967842328	0.0906090540946049	0.0933083424108874	0.0874035818796447	0.0967346449165988	0.0960249138281849	0.0961756576990347	0.0910002883555621
623.123	0	0	0	0	0	0	0	0	0	0	0	0	0	0	0	0	0	0	0	0	0	0	0	0	0	0	0	0	0	0	0	0	0	0	0	0	0	0	0	0	0	0	0	0	0.00167737450834724	-8.58137555076592E-4	0.00296730909224331	0.00214632325047021	-1.73564055619061E-4	-0.0020072451471677	-6.71152975810921E-4	4.93648874578499E-4	0.0010132553558951	-5.18701403451789E-4	6.57284136946957E-4	-0.0010846913060244	0.00265843008886578	9.49183882834568E-4	0.00163362790964668	5.07353160010069E-4	0.00284629083414864	0.0018658829559336	0.00170463760070164	0.00249002720518951	0.00126537023414875	0.00178148123526389	0.0030149252859878	0.00124254575842694	0.00228252755397672	3.0916843780303E-4	0.00136284937608074	0.00230176001536176	0.00200215909943516	0.0016422408054435	0.00412914666173622	0.00545881276018728	0.00265758797828222	0.003854556334616	0.00323181102711297	0.00358404243560991	0.00547923171001766	0.00399365350365269	0.00450247130543553	0.0044816523395689	0.00539455256013392	0.0058734869568703	0.00580917486197995	0.0051686096667563	0.00599632733190458	0.00565211059662208	0.00558301191844223	0.00386832738679525	0.00662998879956298	0.00683594887555071	0.00761238699426201	0.00737751884900839	0.00612898410199932	0.00776214641365331	0.00867140369844796	0.00830492172528612	0.00892733021865301	0.00864090228594697	0.0087311186361342	0.00899321421376424	0.00913038745360055	0.0101587717708115	0.0111431449986998	0.00994228148206721	0.01037683780581	0.0110865720026083	0.01139341933524	0.0113671582853374	0.0117743666268993	0.0119458698025116	0.0124365843515512	0.0126215026498493	0.0130200393189455	0.0137106001078646	0.0134459926490876	0.0137763623424789	0.0147914373007145	0.014645044575252	0.0149771850518861	0.0156005372085239	0.0157537435589413	0.0161078989212259	0.0165019059767185	0.0170738240581739	0.0171860275674499	0.0189021723429591	0.0194024462796254	0.0193298503466611	0.0193003190346819	0.0203113914003838	0.0207478770012259	0.0206348403276157	0.0210521199080732	0.0219013599261105	0.0226626129905031	0.0231764859205483	0.023362509847322	0.0243509420564659	0.0247500137949286	0.0242038446816001	0.0253441777135023	0.0267257280036587	0.025125981878217	0.0257897278223398	0.0270348314964264	0.0271038162907651	0.0277547406923462	0.0278931119671192	0.0286353634072854	0.0290260808747564	0.0296950946956153	0.0307557664848829	0.03076145500774	0.0295884660710173	0.0306809749755857	0.0304352851687411	0.0309853668159071	0.0315669847060277	0.0317777947923014	0.0325983827753396	0.032558865892626	0.032717324867982	0.0326796042469125	0.0332294897951061	0.0326797820154536	0.0328660997456575	0.0335339695675238	0.0332639198530805	0.0332512539151907	0.0339900720471508	0.0341270882202718	0.0336294637183533	0.034470225957593	0.0352934611720551	0.0340563726558958	0.0348176402802611	0.0362923813149136	0.0356634564160766	0.0365535636594824	0.036824595778532	0.0382498464082585	0.0373260745511526	0.038792540397435	0.0400654499640442	0.0408706832142466	0.0415352779556681	0	0	0	0	0	0	0	0	0	0	0.0470141360807746	0.0476220561116365	0.0498865180128951	0.0519966995484602	0.0510063639282976	0.0531205004589119	0.0548972191294804	0.0553144603680706	0.0562660958099678	0.056396248897948	0.0571704038974302	0.0606847844474746	0.0637865965792963	0.0640304191896101	0.0671786829165478	0.0689858629542047	0.0645877527544389	0.0707823551112064	0.0672348722458705	0.0699081533252273	0.0715331143948987	0.0723586006465511	0.0685812630781481	0.0736180864961665	0.0754210500224786	0.0717717820708578	0.0723364106632489	0.083252574006423	0.0747270020619842	0.0776610390317383	0.0745280559633503	0.0912353891980967	0.0833621664009267	0.0819552458289445	0.0996712174919884	0.0924890863609644
627.84	0	0	0	0	0	0	0	0	0	0	0	0	0	0	0	0	0	0	0	0	0	0	0	0	0	0	0	0	0	0	0	0	0	0	0	0	0	0	0	0	0	0	0.00256278964457329	-4.43019384602472E-4	0.00126118878038353	1.25630789142914E-4	0.00245601854829257	1.2177457638105E-4	6.55088194258009E-4	0.00139576172449803	0.00250488544774339	-5.5399275349059E-4	0.002000827249542	0.00100088904968736	0.00174406460894932	0.00170353655881746	-4.78273910711469E-5	0.00278940011398508	4.74414295569366E-4	0.00256313261907606	0.00233695308475506	0.00391873370352969	0.00181785878245227	0.00113229297754223	0.00290711162410237	0.00281434510136287	0.00235512518579841	0.00125963561602998	8.38408351163956E-4	0.00270141165005332	0.002763283460637	0.00323584804555848	0.00568310474661106	0.00271483938688588	0.00344156945284383	0.00309885199247232	0.00358093107246505	0.00354074080350404	0.00278544840766892	0.00459836527763042	0.00315733616509715	0.00420446023404568	0.00329592975445308	0.00460376122346282	0.00411664139332913	0.0049727189337926	0.00506946829719678	0.00438625139961744	0.00644608006646993	0.00552783597245547	0.00499095767352231	0.0058928312593392	0.00567428533928118	0.00732603735834814	0.00645827779095492	0.00696215711611297	0.00715674352220257	0.00769845917414991	0.00763774098023421	0.00725009930309731	0.00883165184905623	0.00749572068812306	0.00780667268606803	0.00887965148918097	0.00910692326027799	0.00912606743465122	0.00920700646315304	0.00931773366109886	0.0101939357248862	0.0100401279528393	0.0107514620833068	0.0109926768284429	0.0109659906669648	0.0114626380357049	0.0117553469642151	0.0119839225656928	0.0122174105787217	0.0125393512682442	0.0124352668905124	0.0130114702863531	0.0128778212204343	0.0138846473662321	0.0147852530977739	0.013803641238038	0.0153805128821663	0.0143190419115709	0.0163338934525501	0.0156819931464854	0.0175541482235626	0.0168961756277036	0.0168462911393275	0.0171557514109889	0.0184429899077415	0.0178960592484574	0.0188307486176647	0.0195135950864795	0.0199551922791385	0.0207820050215854	0.0219415370446997	0.0216017575294202	0.0218864046336712	0.021941905073627	0.0216687377670764	0.0233866480797291	0.0227995426672168	0.0240930084138618	0.0244682293195965	0.0245682750601272	0.0249846952884324	0.0247480990832909	0.0260916720413784	0.0260019357399517	0.0268339592571655	0.0262374324961742	0.0269796962239258	0.027278970972384	0.028478426897751	0.0290727827671122	0.0278109846693657	0.0285449024940561	0.0289143371584135	0.0290107454520197	0.0289218299644374	0.0287561878096869	0.0295555624482828	0.0305329209949637	0.0309692095672648	0.0317555844865688	0.0299194767223356	0.0303195946769803	0.0303239713626003	0.0309408729061369	0.0303673476762995	0.0307032050770813	0.0321247136588504	0.0316546422126051	0.0313812552239449	0.0320811780060941	0.0317945188446979	0.0325859572936409	0.0322310647672908	0.0333929776848093	0.0329245631120659	0.0340275717477109	0.0345939478539779	0.0358739975328951	0.0368221935442823	0.0381301168943361	0.0396978479193478	0	0	0	0	0	0	0	0	0	0	0.0427868489861166	0.0425727355082963	0.046494203710157	0.0442967276575728	0.0481225855774595	0.0506246876298546	0.050822605667943	0.0493735178378579	0.0518623705389177	0.0500069697930504	0.0529688711010027	0.0566332011452885	0.0581412262189436	0.0614634887727914	0.0649739566805716	0.0633152172951433	0.0622490190379132	0.0603706817932454	0.0602489142234938	0.0648835477867899	0.0660000886626759	0.0693255709363326	0.0676115918897509	0.0639219820153318	0.0711731485848458	0.0689641671217227	0.0701409966314801	0.0782704308576644	0.0808786109759274	0.070310217688774	0.0813422294776083	0.0898098000347011	0.0724123140179492	0.0783865353226257	0.0614612548974949	0.099463018325566	0.0802927594052475
632.559	0	0	0	0	0	0	0	0	0	0	0	0	0	0	0	0	0	0	0	0	0	0	0	0	0	0	0	0	0	0	0	0	0	0	0	0	0	0	0	0.00179553713758346	0.00282757097617184	-1.97140848453173E-4	0.00388428713396309	5.14089464704814E-4	3.17034103923888E-4	-0.00119562572072981	2.48283821649885E-4	4.87042832040856E-4	3.59565411241504E-4	0.0024687848527784	0.00218413576149426	0.00274905849232827	0.00240419028374872	5.85130985008563E-4	0.00181370550799539	2.52820191159166E-4	8.41470462543968E-4	0.00247791628371732	0.00286719617155127	6.5804630436727E-4	8.33574649056954E-4	4.56302901793127E-5	8.94709565161069E-4	0.00136405616413154	0.00350007440310808	0.00229277373129558	0.00192029917228423	0.00295700815490271	0.00213774118699867	0.00273054017525916	0.00135738935643222	0.00197802743248185	0.0023494918153115	0.00413121297552878	0.0034059956835765	0.00562872143851146	0.00341243378146387	0.00448786416724702	0.0037080750623814	0.00376995028701398	0.00293588874309141	0.00243751990347826	0.00464340548290637	0.00462177896951451	0.00302661249468235	0.00337988389821592	0.00459805233922856	0.0062976200425499	0.00535633876436067	0.00530472936945692	0.00469037535419173	0.00511826608710136	0.00532364083722527	0.00667151997716018	0.00474343473010002	0.00680816758312315	0.00616828103996258	0.00704352439541309	0.00706133439043264	0.00774212680168233	0.00769048761908424	0.00749870161130017	0.00814597669979305	0.00775449973025128	0.00870150410103617	0.00827164921165887	0.00896187770742717	0.00864767600978068	0.00962848644783107	0.00926588068028839	0.00966102674275897	0.0104113952128095	0.0102780761866839	0.010477216443023	0.0115061533527507	0.0114492913128373	0.01093957873385	0.0115697514869748	0.0122673632640638	0.0126453408764039	0.0119441928327395	0.0121464858250431	0.0137031758099793	0.013695123668461	0.0140075201132013	0.0137077624748938	0.0142208789764066	0.0152386974332246	0.0164973523036696	0.0161827855603122	0.0159828346873158	0.0164563220017634	0.0174688355866827	0.0175642789586665	0.0177303456266345	0.0186906400194252	0.0183251787516205	0.0184355715065297	0.0196803061722454	0.0192194401778212	0.02011171634111	0.0206088415406965	0.0212058030126011	0.0199679082190259	0.0208144564772023	0.0225999548888388	0.0230292298346436	0.0233201247254406	0.0225077874127645	0.0230574356677908	0.0241617868582322	0.0232890068567609	0.0249959919698548	0.0241089726775422	0.0243608844566491	0.0246844382173574	0.0255130453208119	0.0262016222154147	0.026564061439465	0.0265506859420671	0.0267331012402693	0.0270265489196138	0.0267162554756346	0.0277776353457478	0.0268549435787621	0.0267120168370055	0.028074083888661	0.0278388998147312	0.0275980006332071	0.028542447378111	0.0275719109311526	0.0278072871251068	0.0286688222189685	0.0281111216256381	0.0286560922007132	0.0292154929858787	0.0297232570873278	0.0304674206562367	0.0286062404904291	0.0291267895470466	0.0292456599232876	0.0314231950093893	0.0314169204153076	0.0321391248809403	0.0324897003856854	0.0334892236958046	0.0338376985067418	0	0	0	0	0	0	0	0	0	0	0.0380597524568064	0.0380773024421852	0.0401787089289333	0.0412558645887563	0.0424889429984874	0.0436939351734489	0.0446858552689709	0.0456791659963103	0.0460648423871556	0.0480424309220034	0.0478714761125918	0.0483254412906606	0.0495078610455628	0.0526379053919934	0.0534666345165976	0.056833804280073	0.0569046638136951	0.0571498119914322	0.0596056233222065	0.0571953359033932	0.0591248714273665	0.0590895754252536	0.0623413539342273	0.0646449016366261	0.0635703950631767	0.0622962036608123	0.0645816124703068	0.0717900128582551	0.0672044003785405	0.0673097216364789	0.0628178937711006	0.0721224856913109	0.0800502571800246	0.0774510418486155	0.0675475687778251	0.086512165806835	0.0690837803185039	0.077954706934461	0.0450058697769492
637.28	0	0	0	0	0	0	0	0	0	0	0	0	0	0	0	0	0	0	0	0	0	0	0	0	0	0	0	0	0	0	0	0	0	0	0	0	0	1.39839478917937E-4	-0.00251230081721823	-0.00247410453482963	-9.23932775448882E-4	-0.00269013554847845	0.00104341484966312	-5.15372869999568E-4	9.60819956421517E-4	-0.00246649865046087	-9.36127449184188E-4	-0.00122781995037578	-7.82209043824389E-4	-0.00171446794799621	-0.00179224823481971	5.7285314899686E-5	-2.19673466778588E-4	-0.00144458711449923	3.65888794549926E-4	8.67980965660114E-4	-0.0016922814006181	-3.88664274382712E-4	-2.38705298755027E-4	4.92901869093743E-5	-0.0025605296631241	0.00119073027766134	1.37191139157861E-4	-6.18114484372202E-4	2.17809695707036E-4	0.00162317453830878	4.62918150065331E-4	5.37848769611138E-4	0.00194860677072628	0.00254811553486471	-5.06398381028202E-4	-0.001146370177656	0.00191457314775452	5.53267187734302E-4	0.00122789945201032	0.00254972890985685	0.00294866032605405	0.00271781589393776	0.00299912152265229	0.00310703641600881	0.00202418264074366	0.0036788443419952	0.00282948616272949	0.00306205758517656	0.00412920347631263	0.0029173536741317	0.00473979448213743	0.00438286336705808	0.00560161563707399	0.00518162893406283	0.00396128839386152	0.00425813624320869	0.00496668906350661	0.00408056643779062	0.00558702916490606	0.00538946784321336	0.00522404009488155	0.0061494519033923	0.00525004093375161	0.00588974408629874	0.00663928426346615	0.00656993990530956	0.00687533679242375	0.007421199455069	0.00700159396702673	0.0076834649896126	0.00815920118223115	0.00787787966262656	0.00805309096395957	0.00781035209029333	0.00803944958554447	0.00859404872529861	0.00899744912267268	0.00951651619128758	0.00962478243088364	0.00982857448048789	0.0101066607379544	0.0102660425629515	0.0102701463652219	0.0104973618477663	0.0108127187232923	0.0110517914370109	0.0117411854831361	0.0120606701404567	0.0124114944545906	0.0124480983040089	0.0127555416700628	0.0133052839486348	0.0122195330429809	0.0144807678128201	0.0144055752827333	0.0145443529261746	0.0164842918121003	0.0151753361837503	0.0145953117055412	0.0166244881366248	0.0166323898535	0.01696298465328	0.016761759695458	0.0172645297613219	0.0181265849347453	0.0192651978292814	0.0191577928648666	0.0192492739364863	0.0196382295500822	0.0196008584008451	0.0192624062183522	0.0206719826764794	0.0205999477472173	0.0211245207723136	0.0211747346116326	0.0209955741627653	0.0221877755075208	0.0218303377463976	0.0219345186487651	0.0225877407791384	0.0242323241293683	0.0222729843582372	0.023558643166668	0.0239042601591865	0.0237221070866885	0.0237159185469258	0.0246490273373734	0.0245374697566338	0.0250578866231143	0.0254009596923651	0.0244716719329708	0.0252561759656205	0.0251752733740364	0.0257140206837649	0.0256109927551683	0.0253164705621609	0.0253889697532982	0.0254626824368429	0.0258430621834581	0.0274689047630857	0.0266291524074344	0.0279000264161851	0.0265372650177287	0.0283408666760613	0.0275071757916201	0.0285951405346573	0.0275540746168862	0.0291067621384782	0.0304978744187771	0.0305526784212635	0	0	0	0	0	0	0	0	0	0	0.0336985126474929	0.0354259749231602	0.0353659480847742	0.0347119157673283	0.0372190031945594	0.0375046040071867	0.0389443964694361	0.0405170504413699	0.0404342763646195	0.0410433893723367	0.0408330666814861	0.0429735578835441	0.0429936870690734	0.0485741718993133	0.0489540749564036	0.0472870793397626	0.0504483022709154	0.0519489285437446	0.0520099525924256	0.0510537033230667	0.0529496692809552	0.0476998039832647	0.0510996421254218	0.0493838214534944	0.0508749347616962	0.0521691937005017	0.0551738394693627	0.0556949640561757	0.0580268024165926	0.0579878828861953	0.0478302750442413	0.056602793762927	0.0604067463816462	0.0521985159066368	0.0568869674407506	0.0626198213083745	0.0631857949753726	0.0449334837562887	0.0681523240890479	0.0672476921004963
642.003	0	0	0	0	0	0	0	0	0	0	0	0	0	0	0	0	0	0	0	0	0	0	0	0	0	0	0	0	0	0	0	0	0	0	9.75661722575204E-4	0.00323592154445561	0.00201193810116073	0.0032291285625371	0.00226507315904909	7.43494854042911E-4	0.00227206018374044	0.00284890040970413	0.00348426054763211	0.00326083918903955	0.00258442571809145	1.91858361403052E-4	0.00302368839268061	0.00334791232145165	0.0014627080907906	4.77974171618428E-4	0.00251091962603693	0.00296258292156749	0.00227467409961318	0.00226907146751922	0.0016317759824265	0.00246638509114025	0.00135855996794582	0.00261457241190572	0.00218459568626715	0.00234109310538326	0.00366707930611406	0.00143294963930437	0.00209102526524801	0.0028133093744532	0.00171100165639605	0.00362100890104891	0.00364531978830075	0.00154293706928148	0.00401256603975517	0.00474087447994146	0.00334712701059556	0.0040929854775882	0.00363541397153464	0.00326840574207464	0.00356836928629115	0.00271450129536986	0.00301016542650336	0.00239970866479736	0.00342927906126165	0.00409214121870292	0.0034347240020303	0.00475812287046631	0.00477799714827757	0.00596518483753412	0.00443348870297104	0.00337710310828165	0.00534598960366796	0.00475063619679703	0.00591899749137353	0.00509763787501342	0.00506356054742786	0.0059664310643453	0.00652476673715274	0.00610207124427058	0.00652928635492729	0.00553023523291527	0.00619476425892396	0.00578780804120162	0.00609333202280298	0.00598537586946594	0.00735624491265507	0.00773135147101042	0.00658680049443426	0.00743670705715361	0.0068439205811762	0.00771930243352261	0.0082007725169344	0.00832614085740188	0.00774753825669684	0.00797950655277006	0.00834838841471796	0.00889045574978928	0.00890051405389595	0.00921298129731816	0.00927977151207979	0.00977556828812118	0.00986852939854276	0.0100265637717094	0.00968216831930175	0.0101665412228288	0.0108752575353123	0.0113796591909606	0.0111640383267885	0.011144302167731	0.0116600068465239	0.0118828219171864	0.0116572638006259	0.0127319422784539	0.0129981887848201	0.0137233994037121	0.0143502730380158	0.0149695569407734	0.0150833505898532	0.0143904233387831	0.0155641268111623	0.0162779286318976	0.0155134354894558	0.0157430310508203	0.0158686853081485	0.0176039014442055	0.0180471066689618	0.0174828716838696	0.0183969300132821	0.0179652921399439	0.0182002040592578	0.0184144132690961	0.0192700155065477	0.0193040400422948	0.0201067443198118	0.0214429339824247	0.0203269809327151	0.0209061403319342	0.019798235876859	0.0209435837654375	0.0217011984783958	0.0212298529385065	0.0218849759100775	0.0218489803280079	0.0226153986972478	0.0222460596422077	0.02310066169483	0.0217460505327343	0.0221027524755347	0.0232750212374856	0.0233453540798523	0.0228895817041426	0.0231972497164615	0.0241862517244145	0.0245806637159025	0.023970772735813	0.0237847150192847	0.0242762277957801	0.0241569685408724	0.0251193681082603	0.0235907778976788	0.024544489368642	0.0255217937952157	0.0248399556952425	0.0265806557390983	0.0254835772366764	0.0261787477644566	0.0264539674276121	0.0275168707126108	0.0285836754630716	0.0295809251120572	0	0	0	0	0	0	0	0	0	0	0.0312322029164093	0.0320166402637199	0.033188248928698	0.0339362559600108	0.033688717412714	0.0359667570517938	0.0372866441178633	0.0362060077876401	0.0365404609776778	0.0382285667942789	0.0385242493201059	0.0415510486446631	0.041602997882137	0.0422107042141967	0.043962559697591	0.044972818175141	0.0473540720197234	0.048060064280064	0.0501555560059006	0.0484246408678069	0.0509373535643777	0.0525483969501115	0.0510925662300318	0.0530991081697171	0.0541824978240647	0.0532020603230758	0.0537048888519152	0.0545027002302039	0.0541840918631274	0.0594796731565032	0.0558183559484824	0.0577137673503609	0.0612979820492629	0.0575048360469103	0.0676929068811286	0.0568490720509341	0.0593839551489899	0.0737529024341362	0.0723634824608554	0.0769567159957495	0.0803063391246138
646.728	0	0	0	0	0	0	0	0	0	0	0	0	0	0	0	0	0	0	0	0	0	0	0	0	0	0	0	0	0	0	0	0	0.00485292808166852	0.00551252889784564	0.00676494559622578	0.00677906373032929	0.00320213421597782	0.00334257910449227	0.0051470992450204	0.00410647791631625	0.00297831526112517	0.00369459564467736	0.00539769899116566	0.00594969535238881	0.00340330181127267	0.00382007983597217	0.00236284744331262	0.00263985559390953	0.00407242426683795	0.00435743382716548	0.00396480034995522	0.00161644352500509	0.00343076329478983	0.00366864076557814	0.00352123168068309	0.00218641637859394	0.00234532381945246	0.00215073418175982	0.00654238902745331	0.00600413920019346	0.00290630957906779	0.00313981165481386	0.00377728287219382	0.00484355431386424	0.00458040482804833	0.00546270087731209	0.00459769891173217	0.00355071567830175	0.00514662340492609	0.0040322756097801	0.00363230685994363	0.00328725242654071	0.00383886223122373	0.00496724349453086	0.00557276144292836	0.00217273534588698	0.00539257374666018	0.00503653960081818	0.00483876983043547	0.0050847888909954	0.00469666728219904	0.00463104375383088	0.00569359151682819	0.0047603969010401	0.00407678169477435	0.00578909488382237	0.00527572436140616	0.00386873304108994	0.00553760178644942	0.00543102560381004	0.00676111991027248	0.00549139324604082	0.00589641908731855	0.00616103725024043	0.00523836011961302	0.00574593579208006	0.00703343867850123	0.00608973629315166	0.00680971722890583	0.00775458367973356	0.00681166254611216	0.00713987971919206	0.00746531105831912	0.00819362083267633	0.00721267180406888	0.00882231058954219	0.00770657513243043	0.00839331875855947	0.0073218025627175	0.00850031558651711	0.00827895829830694	0.00840387081047581	0.00875064731510431	0.00893222021878468	0.00921917279276827	0.00892941218209943	0.00926985016599861	0.00953777431200315	0.00985604039519089	0.00936696207757308	0.00942425869425703	0.00999342381836123	0.0107201247984191	0.0107830513370908	0.0115124658875269	0.0113743514655274	0.012582222276329	0.0129994619818301	0.012846312280314	0.0132206362031036	0.0145463603726952	0.0132462276378508	0.0148887191403534	0.0140488715464106	0.0155134172055581	0.0147242022408574	0.0150814797817376	0.0154118635719877	0.0159242319998122	0.0158366067491355	0.0170752773308061	0.0160896790577017	0.0181076831062263	0.0184923284400419	0.017774251487349	0.0181222116263737	0.0183812396785852	0.0189208971857103	0.0199081753934504	0.0200834881694779	0.0190550255427954	0.0200589085247988	0.0193457085971007	0.0203911987858128	0.0205213976557654	0.0203325445617118	0.0203844519821423	0.0202022909480653	0.0206528788143479	0.0208547546896096	0.0219966299721767	0.0208539904618826	0.0229364313067502	0.0221968542256161	0.022418126983668	0.0220020843566353	0.0215509538138945	0.0218467161045359	0.0229626366421002	0.0233069016506106	0.0229791923677597	0.0225789554797664	0.0218571709955347	0.0222266767183004	0.0231337403348787	0.0235403081068781	0.0236927878937518	0.0241279910261791	0.0247072069689685	0.0248864304018344	0.026539051097749	0.0265688708868951	0.0274848323777501	0.0265360709399099	0	0	0	0	0	0	0	0	0	0	0.0293283551788556	0.030784070333958	0.0306590963626267	0.0320535082280952	0.0323961723050567	0.0330891725075358	0.0320147206457895	0.0348029858686071	0.036018533418413	0.0370786441860927	0.036211490808386	0.0357848239308595	0.0386724725874975	0.0408849715396439	0.0420860245820233	0.0413988101419566	0.0428280006363556	0.0464330973294073	0.0458297312958595	0.0477168616514684	0.0495894506268178	0.045208764247831	0.0518213308041495	0.0516508061627262	0.051342246216611	0.0489331816850023	0.0532082422157744	0.0549317275772091	0.0541699661741055	0.0540856863825398	0.0561230013258661	0.0590008620869179	0.0629469118101339	0.0634874714558803	0.0624391061792227	0.0609939731600322	0.0777558826439008	0.0701635574033733	0.0781413470790951	0.0967243215060929	0.0796730343064209	0.124892949888394
651.455	0	0	0	0	0	0	0	0	0	0	0	0	0	0	0	0	0	0	0	0	0	0	0	0	0	0	0	0	0	0	0.00317393919804137	0.00133512069651139	0.0023532930801715	-3.95699695503089E-4	8.50948546233501E-8	0.00212726008084563	0.00311951343877307	0.00464166481470409	0.00326277853824562	0.0012569855089673	0.00138234356729353	0.00322047632018543	0.00292231522084474	0.00404415898392391	0.00333998685456206	0.00118986714440409	0.00234510031943393	0.00249952720088314	0.00484693147273618	0.00314784648308321	0.00332039731196073	0.00141433077534222	0.00240876283701151	0.00228974679577627	0.00320967238176401	0.00180757247934488	9.3645488453522E-4	0.0034699718988452	0.00331098219886511	0.00424845947259844	0.0016035841979428	0.00214982687655475	0.00366273060880618	0.0036467753092648	0.00290187946536403	0.00374234622254204	0.00157736533751118	0.00258601803519131	0.00325903544319219	0.00240841213960105	0.0032152901890197	0.00219464123901391	0.00184006161768297	0.00249411225539437	0.00474067244047082	0.00269500295448592	0.00350917654858986	0.00474655660785242	0.00201659784155512	0.00347889693861992	0.00462217650843259	0.00416694652286379	0.00404309053673713	0.00407137427384271	0.00397318227973717	0.00506765319471953	0.00389603640431095	0.00507583117599708	0.00500872821330546	0.00370065829005897	0.00525682117185605	0.00397428095555491	0.00479857396080084	0.005712836421251	0.00618969894883068	0.0054769409915284	0.0052619221673222	0.00509440924034202	0.00605273684218731	0.00596746407370757	0.00647707265739923	0.00662808572462857	0.00623382145583937	0.00611629128595866	0.0060879437052509	0.00697880567501241	0.00672212993329533	0.00705220248193413	0.00791667666744295	0.00674235155997864	0.00749210674113601	0.00719884697546185	0.00769211000164828	0.0081681818669176	0.00842902169341934	0.00807464335652406	0.00854044406038246	0.00855508326256194	0.00890369081865373	0.00877175926876448	0.00859360943302645	0.00991232592705993	0.00985509307034165	0.00942683934847854	0.0106559388329206	0.0105962979806101	0.0111179532396513	0.0114112780148913	0.0120486862105222	0.0113470516095956	0.012122911608767	0.0120857845802098	0.0125494625359629	0.0129107789974642	0.0137463339615735	0.0134483555667318	0.0139021825875832	0.0142028345465879	0.0139628967557656	0.0158815981648267	0.0152824555773925	0.0154764171934623	0.0154594348979012	0.0156939839425059	0.0168453622237446	0.0171281190763409	0.016930528655984	0.0167323249524193	0.0172406534638336	0.0176861585320635	0.0171905254986208	0.0175168945290634	0.0181075777188804	0.0182795918821532	0.0188662400074029	0.0184860869811666	0.0189453824696893	0.0201437030164101	0.018582719610178	0.0196254304303862	0.018739172457256	0.0183273497876858	0.0189185561498009	0.0192034494452474	0.0189886755491816	0.0191558875025403	0.0205674865904298	0.0204919133717262	0.0212338755666058	0.0194358021418019	0.0202682643460169	0.0192900534807974	0.0212374613101555	0.0199896785630871	0.0205952403185413	0.0215373525250206	0.0212336316354227	0.0213377509387705	0.0221570504908129	0.0232492278293951	0.0236738626449414	0.0238005410789778	0.0253078242883659	0	0	0	0	0	0	0	0	0	0	0.027013972653986	0.0262647561161857	0.0280471103246763	0.027977599964636	0.0285788726720121	0.0285557153958008	0.0284989764389665	0.0307750408332919	0.0312680771918389	0.0302259580960721	0.0292647494969833	0.0323765143638984	0.0336772522631558	0.0363067865464899	0.0362273232527627	0.0382984926377865	0.0393566198279602	0.0399898313961909	0.041410350400585	0.0392498675737627	0.0407714096527207	0.040127844737692	0.0428108778743351	0.0419824341942314	0.0472935360938417	0.0437127867582796	0.043524422691831	0.0470895408828036	0.0457050574578012	0.0478427149984814	0.0531789304539973	0.0413100787547062	0.0501038743827325	0.0500499491875193	0.0611829548126715	0.0589844691781381	0.0581760165328103	0.0613191929129039	0.0469326502174995	0.0662722971601469	0.0624356427807902	0.0614942323213318	0.0779923569230744
656.183	0	0	0	0	0	0	0	0	0	0	0	0	0	0	0	0	0	0	0	0	0	0	0	0	0	0	0	0.00466578232285381	9.08317526867881E-4	0.00321174252472762	0.00426318578935682	0.00448560343045848	0.00329218770248681	0.00305341537372908	0.00463978446006395	0.00454632949591728	8.29091722642747E-4	0.00309015244636219	0.00259058669211873	0.00226653525918875	0.00287177191393401	0.00146107648773887	0.00578904200423338	0.00287208373486666	0.00419936215123533	0.00241139854066806	0.00363299757081931	0.00208214143623715	0.00248823655507625	0.00538274521224553	0.00208250869132411	0.00388160015582443	1.7447396831501E-4	0.00237865495139486	0.00115852755527289	0.0054407522279242	0.00379629862369108	0.00336222623006839	0.00396786666472949	0.00330600102153974	0.00591423103053915	0.00290744311064305	0.00285729262114465	0.00229429158978984	0.00248380981771441	0.0037508593577784	0.00315508935486628	0.00393478297541928	0.00347711753990509	0.00471743250287004	0.00487101067350721	0.00384474447450812	0.00246196966329955	0.00377540257947472	0.00461818650173242	0.00494386236896385	0.00429273408336232	0.00420411164660118	0.00489951210244766	0.00467120617555786	0.00580909633685905	0.00326407663453085	0.00426414842433022	0.00425644530744822	0.00356393556731965	0.0032963840520999	0.00504041946374756	0.00477329671142764	0.0052768444039704	0.00460203534975041	0.00460921265922393	0.00528627228367439	0.0051755212138171	0.00551889957808449	0.00573697030864971	0.00528983860698157	0.00547923777877711	0.00611258800601669	0.00636418149863956	0.00569992100090754	0.00592439351480182	0.0065376891176884	0.00609052373598607	0.0066064508644408	0.00622817359656953	0.00684715463322007	0.00687093214612168	0.00723545033519932	0.00689837760549052	0.0067358603618878	0.00714712233782185	0.00697277512522677	0.0074940245098907	0.00773147143409082	0.00767442841730611	0.00770374626792384	0.00784565984720338	0.00791117689498387	0.00875438097797862	0.00869123952888221	0.00845907412228735	0.0092432717151331	0.00978107863155343	0.00966652314338108	0.00983933801279578	0.00971482345015779	0.0107051861328982	0.0101584982656532	0.00989521591116573	0.00998229066613423	0.011244097953415	0.0116069975915903	0.0121051641120564	0.0122958287434317	0.0124652560509963	0.0127396356420062	0.0136334119181584	0.0136952031390345	0.0133826689133062	0.0137265049620686	0.0145141881258709	0.0147385480055955	0.0142795187462005	0.0154224820543456	0.0160482574149142	0.0154001345257967	0.0156040994225388	0.0158988871174187	0.0171754795068631	0.0164477756846583	0.0163887418337187	0.0172858753809627	0.017018861234818	0.0173616439432927	0.0174858904525638	0.0179311787412822	0.0176986989115162	0.0181200720295415	0.019279523873291	0.0175922607407337	0.0181866288975483	0.01786979615067	0.0183784135571677	0.0183702795600947	0.0189051477977013	0.019281729640395	0.0184048333466781	0.0184270995053681	0.0189447508250451	0.0202283630876786	0.018545445751381	0.0187812433207083	0.0183998513513736	0.0197817857676982	0.0187962778658267	0.0190351081190268	0.0204574027843983	0.020573391296526	0.0209373686563264	0.0224870896752218	0.0225322660730255	0	0	0	0	0	0	0	0	0	0	0.0251152852529145	0.0239385435788645	0.0254254255460027	0.0255918804904585	0.0257533220189634	0.0250819890384141	0.0260147600198776	0.0278971438829975	0.027747598792416	0.0276897904358689	0.0296308480755833	0.0295783187547107	0.0304535207750732	0.0318462928168917	0.0353497456763159	0.0316820677199134	0.0349451948004067	0.0348980153176372	0.0355414996667192	0.0401045334577047	0.0378287210695542	0.0394084781918524	0.0422661403843822	0.042314563787124	0.0391505184174299	0.0445138572070974	0.0454790683425468	0.0465852403174289	0.0432025033722101	0.0461798165844442	0.0431136544957772	0.0438320422307342	0.0473564529084681	0.0547013535841787	0.0544311472939736	0.0482939680651073	0.0510933733493195	0.0584720896594384	0.0564646767244757	0.0650868332033008	0.0569229353949252	0.066822643573604	0.0763126711747442	0.0617977473991271	0.0921425354118574
660.913	0	0	0	0	0	0	0	0	0	0	0	0	0	0	0	0	0	0	0	0	0	0	0	0	0	0.00187137618126926	5.5650806221818E-4	6.52065508713275E-4	0.00119837232338737	-1.8161078749173E-4	0.00344322743040633	-0.00103099211763605	0.00392401345585225	0.00228135241980509	8.79576782589418E-4	0.00117224247256099	-6.11926961831266E-4	0.00246379748731432	-5.12546289729723E-4	0.00129356647158697	-9.23951211717487E-4	2.12796524319932E-4	0.00160885859647411	2.07983688197396E-4	0.00295618218811358	0.00339946354283208	0.00221272196407344	0.0021114618243207	0.00194323066648336	0.00114482533762788	0.00111885241513691	8.48926462884558E-4	0.00123975386224979	0.00224155229830887	3.91974519174681E-4	-5.48295284813083E-5	0.00198021786826073	6.83456100722644E-4	5.68503054965156E-4	0.00127302177465904	4.98332122145387E-5	0.00241033236621266	0.00111299796065791	0.00175799200010968	0.00345478215152684	9.63331715201376E-4	0.00297719691982228	0.00199691200641166	0.00191738843068322	0.00342047315223383	5.45035146946544E-4	0.00201359585649368	0.00100805911437277	0.00256839391979893	0.00232526734263944	0.00243340594560942	0.00350170358853682	0.00262748557032211	0.00257813128072148	0.00161749741950543	0.0025540254479732	0.00348173349790259	0.00211649295659843	0.00270797878719398	0.00298754984048301	0.00322182899902284	0.00299133429164159	0.00321150057235541	0.00396051496969789	0.00422695725608643	0.00424328554986179	0.00478183070650407	0.00462861187495541	0.00313344424383666	0.00397459796796598	0.00362940023032743	0.00419508237855354	0.00494074866521445	0.003666488021856	0.00439630979168904	0.00513895238730014	0.00573647520111338	0.00484375016699036	0.00529460292129915	0.0061948678586651	0.00574119814186897	0.00539926326411996	0.00592923180880341	0.00628849664862866	0.0055870229977499	0.00636706283278729	0.00630770619755872	0.00609702614544218	0.0066381963896768	0.00658364832288137	0.00687147552716176	0.00730066782222439	0.00743373364741899	0.00766527619304942	0.00723197626159391	0.00740520229235232	0.00774997053153035	0.00822625361001916	0.0081826438397346	0.00890652127237793	0.00826470601072193	0.00835726526490116	0.00897344565233167	0.00992105811258924	0.00910581662515168	0.0110579466295259	0.00999094476957384	0.0096585468191997	0.0104049783250137	0.0104308911470681	0.0109029951328917	0.0111525735503827	0.0119221594725363	0.0121696828337129	0.012134631656647	0.0120805263839727	0.0115922604696338	0.0130927017433839	0.0130538837303779	0.014009959989777	0.014862325047928	0.0140005964292773	0.0135516335233213	0.0129982294659058	0.0146489599667512	0.0143785378256571	0.0146342386098117	0.0154006834023043	0.0147889954911097	0.0151723922132701	0.015977236762175	0.015622785370296	0.0152784742908335	0.0154548770735205	0.0163506796519183	0.0159248337924073	0.0166204502212761	0.0163963793252584	0.0163983603584333	0.016404070695349	0.0160320068071773	0.0173142980046931	0.0173591130736643	0.0170469504249228	0.017310872275445	0.0181381485846955	0.0164875007922059	0.0167679489210759	0.0173879317153196	0.0176819031130751	0.0180079616477857	0.0181578004665622	0.0200261716826617	0.019539219123779	0.0209150934264685	0	0	0	0	0	0	0	0	0	0	0.0216088731778573	0.0201278870670909	0.0213551551222958	0.021797965402291	0.0229742424619494	0.0233497372184806	0.023258223722889	0.0241810750071711	0.0239866916155302	0.022622967649092	0.0246567100103866	0.0234897419222692	0.0260112690312601	0.029307452368454	0.0264247179309566	0.0275765351711237	0.0292813243802072	0.0299470220840629	0.0305449813528545	0.030213318424298	0.0311301834219909	0.0337791956441008	0.0353971959905527	0.0323838764856347	0.0341807303849694	0.0367120696410843	0.0385869825394157	0.0341264858997019	0.0340033201904789	0.0350333305738144	0.0371483308374819	0.0350160345822473	0.0391610263729758	0.040251012579909	0.0414009220915052	0.0429999345700357	0.043096570396868	0.0455809252054985	0.044695714866182	0.0286699843026697	0.032595265623718	0.0476442052104056	0.0504873478650793	0.036397646050825	0.0371806964593583	0.0530560987498147
665.645	0	0	0	0	0	0	0	0	0	0	0	0	0	0	0	0	0	0	0	0	0	0	0	0.00244140334506366	0.00282727993270152	0.00237028677067738	0.00555403158957029	-3.73745491906477E-4	0.00569232630120586	0.00348416535348235	1.0815670857094E-6	-7.82257440038726E-4	0.00262201540495664	0.00256034317300131	-0.00137303912166483	0.00134786577289881	0.00255559220013235	0.00514261504062127	5.19302947023273E-4	0.00342068215244716	0.00151145942787134	7.13964157764711E-4	7.09387032382059E-4	0.00428814424635932	0.00236673829353681	0.00461220818965039	0.00217303484007576	0.00380953065481452	0.00170788134205363	0.00115789824482651	0.00239127843817347	8.60631992936528E-4	0.00304925319989858	-4.07098804567397E-4	0.00294996070315263	0.00271346263854906	0.00216921989035662	0.00127759033465508	0.00204020635896396	0.00118538173393784	0.00212864082061578	0.00159398283840904	0.00362581816676977	8.66922977508928E-4	0.00122930054394258	0.00227623841929845	0.0011421958824123	0.00368477318165657	0.00251521941334202	0.00207815719957594	0.00263098655061104	0.00374583711412735	0.00171452939942422	0.00312081602253215	0.00412060646576729	0.00234956738804002	0.00275533055904114	0.00328964571474358	0.00177835373337009	0.00291804918207384	0.00213270438030465	0.00164576030993814	0.00361182283425488	0.00310031104965626	0.00372440739622656	0.003076063815702	0.0037863091108132	0.0037539976514245	0.00178939749137953	0.00413937522938816	0.00297598272285449	0.00360521359517118	0.00376701210109826	0.00420362019552493	0.00407536650458991	0.00511477353884634	0.00386013916425907	0.00414973080130493	0.0047091237456987	0.00483677605022389	0.00542517765114413	0.00430373975514682	0.00546321043132873	0.00605741712880969	0.00469701249654266	0.00532021348835948	0.00537801324842798	0.0058017327853266	0.00558175766381904	0.00568742965240997	0.00583260952391189	0.00632830140393449	0.0064632429903489	0.00584308869451235	0.00646677043079327	0.0066414438299903	0.00591073425624648	0.00654434422624738	0.00607654932297692	0.00758214086052247	0.00688113648489528	0.00742364660071921	0.00746066690523562	0.00795903253182611	0.00810449008413105	0.00899457421475075	0.00814223347189104	0.00819568712283158	0.00864359863192268	0.0094242448635468	0.0101157702973675	0.00964378282108472	0.00989661246559131	0.0104404163745048	0.00979348679375258	0.0113729810231616	0.0106267380561734	0.0104038710603177	0.0106045252423469	0.011954482113245	0.0112374378808764	0.012862619344513	0.0121876284657715	0.0120285777795064	0.0125961335519263	0.0123971529029572	0.0130867903502245	0.0130564380006938	0.0141928803376897	0.0135945618653586	0.0139219171929091	0.0143019195394226	0.0146985235952055	0.0139547243008961	0.0143670698671034	0.0144518379774459	0.014384168796571	0.0139140171635312	0.0144215361494466	0.0140986724680916	0.0146541788645307	0.0154084227627331	0.0158469694115818	0.0160454155469748	0.0160158831779631	0.0150901237850836	0.0159753584147716	0.0158547263170725	0.0155608594588251	0.0160577922245005	0.0159961916646717	0.0156816139617435	0.0159275033448795	0.0161404357223604	0.0168853727827068	0.0176461373643712	0.0180229509961986	0.0187150653159373	0.0192787241786405	0	0	0	0	0	0	0	0	0	0	0.0187138996628299	0.0191177277600956	0.0197550140898613	0.0201602520210095	0.0193920339153398	0.0206365160655039	0.0226831199823198	0.0233781798027245	0.0222904709775745	0.0217614041697129	0.0226916654681275	0.0230266973214505	0.0240869301121019	0.025712459942821	0.026177792707948	0.0248759612736972	0.027174481151709	0.0274444250919728	0.0262273869800216	0.029669293033981	0.0300505963401307	0.0302645232078581	0.0325917814552927	0.0310640002100785	0.035236773024721	0.0341486172963874	0.0306901075239614	0.0345941299665718	0.0361885817662965	0.0362477804258341	0.034502661025663	0.0355117007188822	0.0357710265834858	0.0306899613922185	0.0356481797143988	0.0356327035829309	0.0357992724059977	0.0409171050340091	0.0393940277786139	0.04433143180612	0.0376618500768175	0.0431170630548857	0.0420888060595859	0.0539185727985464	0.0440339147636211	0.0482394989907278	0.0656733484362318
670.378	0	0	0	0	0	0	0	0	0	0	0	0	0	0	0	0	0	0	0	0	0.00258211911223164	0.00285727430551561	0.00416589989703107	-9.23050468351221E-4	0.00255538860722292	0.00391950460595096	0.00322848180820496	0.00161113893277164	-0.00122460815895885	-1.83380928812891E-4	0.00162281068179883	0.00421284776851366	0.00187729922307293	0.00391232338094134	0.00252770839936143	0.00119762845032341	0.00218588550293321	0.00213489988319223	0.00395306058150549	0.00264202504755621	0.00355560370302283	0.00223272062343772	2.15067476087432E-4	0.00290527989615869	9.12137050132483E-4	0.00305570931291212	0.00212300751041641	0.0043806044302158	2.65352938737692E-4	0.00291955589152289	0.00152305363002769	0.00278651635416599	6.63353234349345E-4	0.00416877814491581	0.00217419690734121	0.00139702874206088	7.10704227622595E-4	0.00386191541396305	0.00137195608516315	0.00171258491058646	0.00117594938287002	5.0243467076715E-4	0.00345841625292504	0.00242778376615941	0.00181236537209389	0.00107789327863288	0.00161250055409488	0.00435144908872882	0.00204777895037218	4.80479470538232E-4	0.00299697489668138	0.0031051024265897	0.00329428462836311	0.00250316006665189	0.00300956689560321	0.0015551511820529	0.00380738948573307	0.00488222247732758	0.00533804867013613	0.00333818913998093	0.0034873929519217	0.0026903286702366	0.00306858915470228	0.00381785506415312	0.00260057856979934	0.00357232272220414	0.00449156753388857	0.00381692310842363	0.00317274996577391	0.00340903092170611	0.00383462876039861	0.00333798196048191	0.00406418535720504	0.00501963145499814	0.00492704037492228	0.00433355935286203	0.00394287973594918	-0.00594891440198785	0.00505474164891627	0.00483335695834674	0.00596402624084712	0.00432026186171371	0.00476720127734179	0.00447903785298444	0.00532951797663745	0.00492437665107704	0.00533463793693537	0.0053086707749437	0.00504418730102024	0.00503739921878868	0.00561103571676645	0.0062801459223238	0.00571396335590264	0.00586967516863832	0.00579521136649691	0.00554576061634033	0.00612236645649499	0.00600265199104712	0.00608550359971169	0.00699633694330647	0.00634325452637808	0.00699198985848434	0.00712331015439662	0.00738463732318546	0.00735197334805108	0.00798475785201754	0.00817260251826018	0.00855183422546613	0.00834507166749655	0.00788225146540526	0.00836611191803051	0.00925114834823638	0.00943476509422847	0.00972238373379083	0.00921746411049529	0.00827910642144739	0.0105705210359481	0.00970094924765665	0.0101193241515794	0.0110714771946101	0.0105596149610769	0.0105079117473163	0.0120873078171647	0.0123920781216763	0.0123772675975639	0.0118092248522646	0.0134314658176606	0.0130323594865017	0.012999542168351	0.0119859538730713	0.0126692302254254	0.0137541463209004	0.0144196917844823	0.0145707574923703	0.0138080254019667	0.0131126587086495	0.0144892955739023	0.0138091196443445	0.013674531860029	0.0141627995603964	0.0137740507254443	0.014719068168609	0.0144409440181992	0.0138886697895633	0.0140644074033449	0.014818837751465	0.0142957058923216	0.0147902817793991	0.0142484250189992	0.0148098268178244	0.0149982555629459	0.0148538769204474	0.0150828543790462	0.0146130719743272	0.0152432812694204	0.0158262596526393	0.0166747075458014	0.0177110007631074	0	0	0	0	0	0	0	0	0	0	0.0175240320298037	0.0171647630726789	0.0179439725150784	0.0197713579512512	0.020123080498473	0.0195636352379826	0.0197582802641857	0.0210854488668981	0.0196112287450452	0.0201229390355171	0.0215232586632655	0.0215948277529917	0.0218244541179186	0.0226734262807473	0.0228888057188801	0.0242973782806553	0.0264186757215658	0.0255811221894079	0.0266787305808092	0.0286779007844297	0.0265421009751631	0.0297637401954961	0.0298955599182206	0.0305726205940121	0.0303824325939343	0.0292233040523897	0.0290318593711053	0.0297630922150752	0.0306021088739421	0.0318863275346922	0.0299042645749281	0.0318628251718043	0.0341754307462568	0.0319817375218823	0.0343214645953711	0.0377652383074846	0.0369463493813728	0.0419630448386068	0.0332003539865274	0.0403583479709746	0.0393372796508272	0.0305931056025891	0.0348016237750472	0.0459009501493207	0.0374667006380672	0.0733303262297414	0.0243353137943808	0.0556891558673722
675.113	0	0	0	0	0	0	0	0	0	0	0	0	0	0	0	0	0	0	0.00663305935494428	0.00759866046631898	0.00237940526719146	0.00399340958938658	-0.00118628182770361	8.28040224416526E-4	0.00377045848465213	0.0022176808790345	0.00469456013464224	0.00162588166700315	0.00341943997145673	0.0044766217777184	0.00200141138870765	0.00416359131271009	0.00387415491918209	0.0048745225560202	0.00575736676410094	-3.22362567606713E-4	0.00615068044548682	0.00115434404494907	0.00707524221905314	0.00170330773121336	0.00314942832869062	0.00239794978775152	0.00526615681500932	0.00357756020470313	5.68014443548611E-4	0.00196243303433651	0.00483882738040684	0.00360592598779043	0.00648247280343108	0.00288151103319829	0.00307368982851522	0.00318730651885712	0.00718242237912085	0.00337822075007524	0.00329101604298809	8.4496616830604E-4	0.00546237398605859	0.0042219552461891	0.00457907035317826	0.00461229001951711	0.00376519531456784	0.00207933036512285	0.00189463049834719	0.00377177272600781	0.00360926983561282	0.00113501416318224	0.00325504218815178	3.20331272133368E-4	0.0036384450694273	0.00295328698617068	0.00129592513973747	0.00296483830254876	0.00432159968455657	0.00268883078529209	0.00331708233494081	0.00454828139331662	0.0019996591076461	0.00267160372719358	0.00291488500124165	0.00238986977286994	0.00277270999526653	0.00351474778000686	0.00557992219771742	0.00408463149952478	0.00350001049404526	0.0037943093290611	0.00413107570063496	0.00388107548773232	0.00352466055002079	0.00366934144862784	0.00504637403409163	0.00301228816800314	0.00383365062140976	0.00372730098593238	0.00353015115847864	0.00384222298432925	0.00432471785781493	0.00393568284534603	0.00448719485986419	0.00430026158757535	0.00414780296368142	0.00474814287866404	0.0046687410623647	0.0052091912307503	0.00493009142807189	0.00465294028323483	0.00520090390507871	0.00515118691526934	0.00509034416017141	0.00477644583798475	0.00563207075666783	0.00479476486411368	0.00565388123268522	0.00517980689500084	0.00565590319415467	0.00544017034256799	0.00548384328157413	0.00564035797781114	0.00618529743377187	0.00586428466159877	0.00628532701785801	0.00677824056718508	0.00715810993701524	0.0069294661102265	0.00730165037526972	0.00773920738454997	0.00612424899849417	0.00780660526080728	0.00785370088376914	0.00845172395694225	0.00864639791027698	0.00859302577083926	0.00831378397636964	0.00895508885277344	0.0102945035150504	0.00891974799560541	0.00897151782248236	0.00959892915070856	0.0100175145665734	0.0105534070435383	0.0109992145690001	0.00984079705874686	0.0110871595831125	0.01114182917374	0.0120468832892122	0.0112135627697507	0.0113801551268002	0.0126600673499347	0.0114378170535136	0.0116358663388073	0.0114191380015346	0.0129585618324559	0.0109687406829486	0.0125386551142449	0.0125516908317185	0.0141107208291243	0.0134986929549609	0.0130381802666857	0.0125901198619446	0.0130813255764692	0.0129215504319858	0.0129697389773189	0.0137437819007223	0.0128363930900485	0.0131766981690753	0.0134589176688801	0.0141557502255027	0.0131133481176981	0.013801041882276	0.0143498076087974	0.0142156646741825	0.0135367061530178	0.0135579157504573	0.0141526648941987	0.0147866176641053	0.0163580581758304	0.0158135367009864	0	0	0	0	0	0	0	0	0	0	0.0163734843730518	0.0162459222463003	0.0167116199145641	0.0176911894055799	0.019154036232974	0.0170267744519992	0.0186949698254757	0.0193475382680818	0.0186297745194425	0.0196428422645922	0.0184957248839723	0.0207277491079164	0.0184383661262092	0.021001139356454	0.0205916334776042	0.0220710757402875	0.0223910078945581	0.0231051655121094	0.0255733421752767	0.0254799680775443	0.0246338139522817	0.0269278855964217	0.0276670072944486	0.0285140213183129	0.0263721870338295	0.0287356083590959	0.0320425621971319	0.0294327739268048	0.0284025931253228	0.0310316190579375	0.0273550222574275	0.0339586000931716	0.031522623308184	0.031275669579703	0.0328009282766118	0.0325273561933077	0.0383693741382448	0.0362692745107086	0.0420169510632076	0.039612856766426	0.0413516534875513	0.0456006127353862	0.0423166528519585	0.0402564808541468	0.0369206936745682	0.0410639479519171	0.0487023527883309	0.0550924212566032	0.0736512597474913
679.85	0	0	0	0	0	0	0	0	0	0	0	0	0	0	0	0	-0.00347459284171107	-0.0022521717558575	-0.00270591886114596	-0.00371988593440174	-3.41693111025012E-4	-0.00493516198801929	-6.53375454531691E-4	-0.00282480335648753	-0.00230646967120976	-0.00214549525743024	-0.00784521955035499	-0.00357856264634488	-7.67889583149815E-4	-0.00179070482567806	-6.43482027837696E-4	-0.00295541766221921	-0.00461434784973942	-0.00569163987448049	-0.00474168805138929	-2.4321122845114E-4	-0.00111175436454831	-0.00256769931070885	-0.0043373642113081	-0.00247125757536803	2.23045695213138E-4	-0.002719442638133	7.47966006265252E-7	-0.00339946977513587	-0.00408278683734048	-0.00255135225156771	4.2048634863186E-4	-8.24541891156618E-4	-3.34097201873835E-4	-5.28966131659307E-4	0.00181527207925209	1.27417638078067E-4	-0.00184612115060171	-9.58377959907329E-4	-5.8361037079208E-4	-0.00165098996492254	0.00201073165319717	3.84042317917519E-4	-0.00193729953603581	-0.00248871376209774	4.70419689187026E-4	0.00143574921822547	7.58426356426394E-4	-0.0014839408880809	0.00155769649230281	-6.69587228547866E-4	-0.00136277124812299	-3.23544941633865E-4	0.0011816847033666	0.00142658772014871	5.69157826916736E-4	0.00111592426720195	4.39957052956295E-5	-0.00123129946641077	5.6890260324535E-4	0.0015879894652653	3.5253448853077E-4	0.00125796662189409	-1.10246532153158E-4	0.0014286867072312	0.00133069007811593	8.12041197291499E-4	7.59058063660312E-4	0.00255314625860215	4.92839685376607E-4	0.0032308585356571	5.63834731956058E-4	7.31211451254462E-4	0.00193171916380549	0.00124732314210965	9.9522800848093E-4	0.00246567952545216	8.69580831914471E-4	0.00193844065703746	0.00245020996759349	0.00156063950420884	0.0012754650965738	0.00190533822356475	0.00267649205795137	0.00301593745180254	0.00262277958846061	0.00301210122916747	0.00236071974919424	0.00267319553450033	0.00304169209069923	0.00340736036603652	0.00347007331118453	0.00366346311418887	0.00399836385125561	0.00326205387364354	0.00382902013560971	0.00354630888995479	0.00366093665912865	0.00433344437963226	0.00440433691420809	0.00427165851169658	0.00469138601635833	0.00490329578128988	0.00436365752418514	0.00475768280065362	0.00489213138970679	0.00442188077229538	0.00511629922414004	0.00473228731220242	0.00582160228251954	0.00560867162057408	0.00570580332984434	0.00591744375285241	0.00514150477706815	0.00674178084608833	0.00655900592361493	0.00726900991342599	0.00662622022949312	0.00734328510266076	0.00730135849922126	0.00705710738971588	0.00695771805086995	0.00760500129374432	0.00692525622431174	0.00829284978612446	0.00835831403759961	0.00901915791398551	0.00911395490236272	0.00868672848490815	0.00841393700108822	0.0105593385166036	0.00877178650622001	0.00856741734087038	0.00972703566669375	0.0105142671721709	0.00978242458450474	0.00935905814618316	0.00949040848701113	0.0102283917273776	0.00922087760130423	0.0108233067388856	0.0104372499497587	0.0100005164466498	0.0110112220193882	0.0102689603131838	0.0102412389382254	0.0100683725430821	0.00940584483272355	0.0115498613485518	0.0106774986491473	0.0114506707262137	0.0108741056356923	0.0112333513216751	0.0108235211742893	0.0114811962366892	0.0116639185309417	0.0117557851472191	0.0125118685486087	0.0119692237913294	0.013961908850024	0.0122565729122113	0	0	0	0	0	0	0	0	0	0	0.0135468066393376	0.0127189804531512	0.0142469405567127	0.0132221776888173	0.0145975044748124	0.0145275554686417	0.0143680142245014	0.0155589587558787	0.0152084644861079	0.0172101095718917	0.0151546723424982	0.0151929676413967	0.0157228022341861	0.0168679721873326	0.0163702347228847	0.018095541683929	0.017384673176093	0.0193417072723478	0.0196928947879849	0.0207795162999751	0.0183957309087125	0.0218289242227765	0.0228156660970464	0.0215603650036319	0.0209529513981149	0.0231744879155915	0.0238958090456716	0.0202740160852289	0.0231438196809293	0.0207558957461243	0.0237441405977009	0.0207067706985158	0.023805252916897	0.0258696972800168	0.0209923874372563	0.0239442424017422	0.0227232720270783	0.0213149235794203	0.0297617428393559	0.0270708465740304	0.0316467731071071	0.0228165493559124	0.0169729456888282	0.0183214631165397	0.0153244322356482	0.017976849199635	0.014827406128838	0.00199628088694582	-0.0169267745476998	0.0115514699819708
684.588	0	0	0	0	0	0	0	0	0	0	0	0	0	-5.08706209040818E-4	3.77780637155498E-4	0.00172819995557409	-0.00206241964555967	1.21430487215079E-4	0.00250443881102051	-3.51351061833034E-4	6.96514136140872E-4	-0.00204535082347836	0.0015482284538265	0.00180286163421234	2.04944188527319E-4	7.93452297594322E-4	-0.00343266954058899	0.00166837916530016	-0.00136291722805977	0.00181909607995271	-9.32573719512344E-4	0.00136170133567388	9.7128019472556E-4	-0.00266773731649588	2.52444062327869E-4	-8.2377201741751E-4	3.25230046863209E-4	0.00236645889344452	2.3223016424335E-4	0.00243029004083613	0.00105181759669392	-0.00223366528641889	-0.00214318089333637	1.47324595538501E-4	0.00210825485702956	-5.02243175912541E-4	0.00127579127889903	-0.00299699017904571	-0.00102505880070356	0.00214895499911308	-0.00104836548707437	0.00108925582814427	5.62086584455901E-4	-0.00103257769146636	-1.77019905705973E-4	0.00173471483203266	3.97587756142114E-4	-1.10030462310375E-4	0.00163854045048072	3.24073686287036E-4	0.0024854421387814	0.00155935315348752	0.00132759348934481	1.01197329038947E-4	0.00172674178128284	0.00106637704610106	0.00152588706927269	0.00117263367710988	1.85699026647173E-4	0.00221392765403865	0.00163973772511734	8.97931824680183E-5	0.00230133147753499	1.29338708261574E-4	0.00176361392337971	6.85237064660029E-4	0.00110342470967596	0.00169677450858521	0.00298671871726372	0.00222698360993983	8.38295780404061E-4	0.00374473529623611	0.00317389459580126	0.00177087740068205	0.00308888561439646	0.00239929251454676	0.00126614842979635	0.00243721427915088	0.00150584591664893	0.00373172860450479	0.00287525150339751	0.00291958254174805	0.00252873734533235	0.00185734482698515	0.00301126174624238	0.00261807975922719	0.00271088817832301	0.00329124838549376	0.00329232984312723	0.0038149109457426	0.0029813927595081	0.00345111192967961	0.00218455420471924	0.00239521833685854	0.00354123610972904	0.00352986188080681	0.00452661420066664	0.00410032349863911	0.00357662562372851	0.00391985270136263	0.00361414681734137	0.00339457858150829	0.00447203843584918	0.00421100902446054	0.00425510664032503	0.00424383751189714	0.00432144508665211	0.00479833804454476	0.00435278754689694	0.00478389159926607	0.00476011630410733	0.00485142295065449	0.00495306462946716	0.00492516921289456	0.00566102477068942	0.00461232316785759	0.00588140433509605	0.00580761607549429	0.00624278369661985	0.00613086734940502	0.00675175581330234	0.0068525630001871	0.00726333597386986	0.00648495469314648	0.00661706708169707	0.00649532851439206	0.00649134953163908	0.00665177120207216	0.00793507827174489	0.00797555804310683	0.00803867675129885	0.00720549688580417	0.00861414293625081	0.00798358166111245	0.00880043138950368	0.00907350815915276	0.00822659906026011	0.00925847330874763	0.00832703498479808	0.0104443626862315	0.00927222926271267	0.00959743312401456	0.00975032262663163	0.00996606168070033	0.00992067997746929	0.00899104055945361	0.00914490523396746	0.0106483333215646	0.0109911984269937	0.0100559114248478	0.0100514491922055	0.0104275760463135	0.00995795891195913	0.0110612395288778	0.00998012667086227	0.0107098331819735	0.010267618580056	0.0106734260288397	0.0116201531093704	0.0106715823023221	0.01131106568839	0.0115423538386285	0.0112111891413229	0.0132692613487884	0	0	0	0	0	0	0	0	0	0	0.0117875784034329	0.0130100285848948	0.012306490588407	0.0134358963039208	0.0138550642696165	0.0146776214669385	0.014901364621396	0.0150510928716392	0.0155619864497111	0.0131410167291371	0.0149233903978538	0.0146403951515351	0.015177958710824	0.0151798411908729	0.016442815942359	0.0163405009336282	0.0177726102700352	0.0179540703339144	0.01696705521101	0.0196380026512787	0.0184677715330356	0.0201945558755932	0.0195992007529561	0.0213391935090338	0.0209320830622079	0.0203022728054615	0.0226037577895981	0.0234277006513684	0.0256943623015712	0.0192393138380183	0.025531367160846	0.0202348146809252	0.0257510968397675	0.025849162037721	0.0205068531865339	0.0230800050232004	0.0260681382687346	0.0239414907404949	0.0197902887698148	0.027463768612535	0.0288120570589516	0.0215451296639781	0.0212583151940275	0.0346817317404369	0.0259154620119636	0.0139233814245505	0.0195531977316786	0.0392783420671787	0.0500086564163244	0.0389410174523389	0.0245621090846758	0.02570766607175
689.328	0	0	0	0	0	0	0	0	0	0	0	-2.69227636421123E-4	0.00212471935594615	1.31834367467458E-4	0.00114919047341288	-0.0014983510150677	0.00492713562637629	0.00121925785998384	0.00435042086498644	-0.00251390436103926	0.00223763763587413	0.0031134632940659	4.50547782878009E-4	0.00118322068363161	1.03189228766088E-4	0.00581454849897077	0.00159223119897105	0.00318389129482828	1.00141500619775E-4	0.0010680143093007	6.64109626620758E-4	7.37301017007674E-4	9.05361132840339E-5	-1.8521184316624E-6	-5.97204283354339E-4	0.0020948606162056	6.5637806455218E-4	-0.00199800148979557	0.00140875213376966	0.00223103681008866	0.00251165064196973	0.00196623203255254	5.99685806743333E-4	-5.93034243575949E-4	0.00257684476771311	0.00240255001718006	0.0028722266137143	0.00487373141435097	-0.00194110658415008	-6.71032517412273E-5	6.66920358145051E-4	-0.00110241387676597	-1.89566665362254E-4	0.00455463128050627	9.603883603155E-4	7.04309335786007E-4	-0.00148683446897866	0.00151926910915322	4.43476043609422E-4	-0.00168469291781353	0.00353528687482822	0.00368638823913145	0.00248625959695303	-9.13688266273686E-4	9.5010573036588E-4	0.00137511045443549	0.00159429305192863	0.00109342784712835	0.00168013482201498	-3.65929258352704E-4	0.00264876635672955	1.35404736717467E-4	0.00198627805900522	0.00283686412198543	0.00191014418267028	0.0015066873002128	2.41548466907488E-4	0.00249914611014532	0.00337085807471454	0.00221843435367116	0.00110772097443137	0.00184384672116501	0.00268598790295053	0.00210474629747781	0.00205373851553224	0.00174151616570635	0.00310710051176583	0.00353092478049787	0.00298932633896603	0.00238214708042917	0.00137013148851031	0.00238966782177267	0.00303488095553133	0.00373489891342848	0.00366598397332943	0.00257361949865434	0.00248984923309893	0.00265781945186474	0.00238023987437151	0.00297756724342801	0.00273966370556614	0.00342929629980282	0.00311976094538402	0.00355990621814095	0.00287089419183985	0.003498637549063	0.00280503550355528	0.00377998440395212	0.00385646874879808	0.00363659029164427	0.00389938019147911	0.00463655240123455	0.00375906172841261	0.00391320801904123	0.00398231234309131	0.00417022955494956	0.0043469286174619	0.00412590787462114	0.00450252580451778	0.00464824804434317	0.00548801747097713	0.00464028787847603	0.00536207566833699	0.00487439390528087	0.00542428407698459	0.00459989658000348	0.00563614750904192	0.00626797117767715	0.0072401453560888	0.00575785654909657	0.00595115281681356	0.00646340731148747	0.00624922192607716	0.00628766716372503	0.00670440189125071	0.00708945169491971	0.00702696853309792	0.00691732221628361	0.00672656499003976	0.00721083089701905	0.00758959491691916	0.00815458585202017	0.00694325625210951	0.00835787251958498	0.00863958384439329	0.00846255461433519	0.00826291320810816	0.00784966185117358	0.00785490980913525	0.00841362388268863	0.00851013864127724	0.00929090831243923	0.00870608092430022	0.00868089871769103	0.00890697650081943	0.00995524086783979	0.00873711176540489	0.00929388753288329	0.00988029182293856	0.00991610787028968	0.00939596510405374	0.00990580259388944	0.00945343486142443	0.00890065209629706	0.00954232817674598	0.00879397026925586	0.00949933190034439	0.0101133300488537	0.0107344046374376	0.01033358127271	0.0108631169243066	0.0115951690348877	0.0118354189349901	0	0	0	0	0	0	0	0	0	0	0.0120320015874301	0.011803658473836	0.0121602739157203	0.0121992158327407	0.0128842640873505	0.0128269054403617	0.0131017131305304	0.0130144818991122	0.0131222878885176	0.013430250952014	0.0147744466679766	0.0121081465444662	0.0133388504071991	0.0155612865600966	0.0166016172930538	0.0144997699237186	0.0153267278089203	0.0167399826959991	0.0160990768966841	0.0150601453650817	0.018105835159036	0.0182728863451166	0.0183314744551198	0.0194157984852598	0.0222258071146459	0.0198744938499467	0.0186855918037051	0.0220690612930797	0.0203225553303442	0.0194182204015899	0.0238640276664478	0.0207514163880908	0.0193953140983421	0.0225185902035701	0.0218383839080822	0.0213872578765951	0.021980032445775	0.024790038381362	0.02480690808792	0.0194459312143411	0.024990717822136	0.0178578826171207	0.0257477360662685	0.0271088115301762	0.030150343968158	0.0392523639347359	0.0259928042724204	0.0276739668721034	0.0303938839696597	0.0363210495964184	0.0212810229926042	0.0485028345455323	0.040255184960087
694.069	0	0	0	0	0	0	0	0	0.00615113047919765	0.00677357326558664	0.009622085748057	0.0099245956467589	0.00510272594271909	0.00945295984358161	0.00669579661006433	0.00809169598795116	0.00336511256130096	0.0085100379333925	0.00574880189663907	0.00545014007403821	0.00500214055278744	0.00839602504629714	0.00498549902701572	0.00424388615295353	0.00260785256137026	0.00111560532563121	1.99226074753801E-4	0.00603668643663785	-1.00453635108451E-4	0.00323595196842047	7.64315571411089E-4	0.00605184660099871	0.00398269376428197	0.0048574841682271	0.00337333498651022	0.00330670371903184	0.0014084759344153	0.0075255023953746	0.00284837548881902	0.00311557778283512	0.00238705399973491	0.00657298711780117	1.37197281309269E-7	0.00646648905178315	0.00290623633882583	0.00478872372120343	0.00544919904341678	0.00250141115310055	0.00231758112900298	0.00571392745219523	0.00276163920751445	0.00525602315249526	0.00153597785784522	0.00616641445947211	8.49434009618248E-4	0.00379098859770693	0.00365527757379551	0.00210536365822443	0.00318941762076535	0.00281031655573272	0.0018976759981637	0.0029852014956889	0.00471640206667339	0.00123517252696973	0.00394610990950017	0.00213758230157324	0.0011739113446069	0.00408766075078991	0.00288121701846889	0.00180714190505641	0.00386113291297217	0.00311870273369967	0.0031454282124207	0.00175668820157116	0.00457631173190746	0.00238858157170425	0.00391445293080013	0.00217439215281201	0.00251967618987411	0.00274007960745122	0.00444479340554176	0.00398584299716867	0.00253945123536632	0.00352538141570749	0.00347436181810598	0.00362242088159979	0.00152348573825312	0.002783617668643	0.00392107462611268	0.00400755144635522	0.00218135151651672	0.00259154927503812	0.00267667758908292	0.00474513157588324	0.00235637745465754	0.00313471964934617	0.00436374071926706	0.00433826046098256	0.00270580837313743	0.00366927149260635	0.00208590183956761	0.0041742765636077	0.00328587752725229	0.00308013785523871	0.00302296229222141	0.00336510057732735	0.00368284828930592	0.00339317788997752	0.00349977488738899	0.00359991510645733	0.00357806377376666	0.00415749497392173	0.0041291496357823	0.00312645295482455	0.00420908553240514	0.00359760129170137	0.00436770134669146	0.00415318068924439	0.00440485350596059	0.00362355703705686	0.00480002827310288	0.00447604367318034	0.00509496980700234	0.00488294929177334	0.00477337618237272	0.00539887394040947	0.00515631440123481	0.00586787415560028	0.00642264452805348	0.00556584720151438	0.00591679415133031	0.00671064105632005	0.00630390875358491	0.00640435087567126	0.00634423744193196	0.006639869888368	0.00683487442665451	0.00742214472210697	0.00658358440022106	0.00731888696383801	0.00746051849738012	0.00795745341081138	0.00806279345139846	0.00873275619630096	0.0085348117402024	0.00780228233626665	0.00894718498518587	0.0089046648299927	0.00924945493769072	0.00829888566235752	0.00816639398763829	0.00827369055172433	0.0084922467046622	0.0097195907489364	0.00824318636814246	0.00899480156962123	0.00904317951530029	0.00852998019224587	0.00928904859278644	0.00929372941899353	0.00969882599631392	0.00983892072119005	0.00940257343086833	0.00871972836435823	0.00961681852246691	0.0102884852646439	0.0100212003892191	0.0100742539108082	0.0109054717743777	0.0109442202737562	0.0115594240085946	0.0112946822114704	0	0	0	0	0	0	0	0	0	0	0.0114603142625722	0.0109951151000822	0.0111059710702277	0.0116834915104718	0.0133376329476694	0.0126853530594461	0.0129833103670557	0.0131542800260679	0.0134743578835285	0.0125835006841755	0.0143067951794214	0.0141724003479909	0.0155121868134798	0.0142579457686411	0.0145717604976108	0.0155318141370441	0.014643312638074	0.0173918301481678	0.0145533805385128	0.0175870829907251	0.0167675712059024	0.0191745148563464	0.0161650156095322	0.0202875332578754	0.0195630948424892	0.0177346419499431	0.0192189372366067	0.0197061139940538	0.0199256193181365	0.0215798640268922	0.023128854030673	0.0209337075509658	0.0210033843102142	0.0229134044938979	0.0190994474940853	0.0204431718751878	0.0273901640584584	0.0237617268502827	0.0242720935616253	0.0215398742123905	0.0265663204542401	0.025971793153015	0.0312309858094725	0.0279505472777246	0.0278262466070252	0.0366542294238064	0.0270763707463609	0.0313429194014802	0.0413595132714037	0.0450320411204284	0.0376034543395194	0.0440293578752436	0.0220417486268672	0.0582732240286763
698.812	0	0	0	0	0	0	-0.00600551048764884	-0.00292436072058147	-1.38043344322034E-4	-0.0033508497092456	1.40730560895172E-4	-0.00515022829662698	0.0040703984299357	-0.00543429721808822	-0.00415990489439511	0.0019148320398007	-6.27747004486938E-4	0.00174326064150418	9.87751716995749E-4	3.64347062466356E-4	0.00312613839433836	-7.08786819631209E-4	-0.00228740092038327	0.0020877426495108	2.11065611798964E-4	-0.00194596978488225	-0.00314988485382725	-0.00406295902674548	-0.00131101760234242	-0.00326877647500144	2.88944017669233E-4	-0.00216275032005626	0.0020103802787612	0.00160374065179229	0.00122199638248691	-0.00282296749656454	-0.00142215511171349	-0.00147012119477594	-0.00127853677198941	-5.5075068965015E-4	-6.22037033801748E-4	7.97059394030269E-5	0.00275540568346614	-3.78610753683509E-4	4.51247585589258E-4	7.43855677455805E-4	-1.46610391411135E-4	0.00238283960831947	0.00205669780545388	-0.00368389363136573	0.0021078714627388	-0.00152469578906999	7.10850891192792E-4	0.00238935252103598	5.50785426756061E-4	3.58894256273436E-4	-4.09451895539192E-4	0.00114905593843992	-7.34177098489833E-4	-7.77466113195276E-4	-6.01938765663858E-4	6.45646859746248E-4	0.00190475272522967	-1.03311089041518E-4	6.64485646577585E-4	0.00215798349630856	0.00113604396692539	9.72064516017484E-4	3.83201815725306E-4	0.00149707668170202	3.22165987291423E-4	0.00152995775463301	0.00119046442676628	-8.63175155580184E-4	5.51263441479005E-4	0.00241231715310815	5.71119947124686E-4	0.00207439901672055	6.65623053917659E-4	0.00230455777560125	1.13613756281787E-4	0.0020669527497643	0.001516915620019	0.00144498147373865	6.87573121095502E-4	0.00130937462580285	0.0010149181926229	0.00166154686412712	6.2401041095194E-4	0.00158213267083166	0.00184485458028783	0.00133734552500945	0.00301529839578403	5.30655693723563E-4	0.00166838641187826	0.00182448027179746	0.00107594066783418	0.00215237217398259	0.00175462527001131	0.00206125328761588	0.0011255480033187	0.00190107245349739	0.00152941406028495	0.00266256467734625	0.00214077993677034	0.00248907363943859	0.00305979202949693	0.0026783526914777	0.0034482977272494	0.00210276641965065	0.00278609928728396	0.00316405075048422	0.00217398284756565	0.00355756648188146	0.00295309407440753	0.00398478392332963	0.00279779052755397	0.0031097291467588	0.00337124700539004	0.00359439479696673	0.00336339218948456	0.00389894229766342	0.00364796550742283	0.0029789585530575	0.00367154866280707	0.00475532062019144	0.00387463433182346	0.00395722527799995	0.0044579185040223	0.00398975025913934	0.00448027582186658	0.00443181730332288	0.00487347773378673	0.00446245834285901	0.00506716473363713	0.00488301805520486	0.00534040224421115	0.00528648936808753	0.00604784703758083	0.00637284953250225	0.00588791325843938	0.00558412834107008	0.00644978766088659	0.00780580570428547	0.00642732151888455	0.0069854414140431	0.00618564044140044	0.00608415243617326	0.00634088327481969	0.00664959588169663	0.00624963734335618	0.00656262979773723	0.0074670639993937	0.00783629671483068	0.00772648777895363	0.00789706251480816	0.00746584280271082	0.00701766690808204	0.00737683821081207	0.00784080221434299	0.00799054370965642	0.00812301665939687	0.00716675779659901	0.00817732655602753	0.00846469411651219	0.00770828062449964	0.008783407522855	0.00841112399873573	0.00821213418019501	0.00899000926461608	0.00998275478464665	0	0	0	0	0	0	0	0	0	0	0.00907666323248124	0.00923335901803719	0.00946865158221518	0.00988993719989054	0.010484598362784	0.0097433339933466	0.0103944407184796	0.0106597726597423	0.0107164682324679	0.0116127176650297	0.0115746369200187	0.0122577125683896	0.0106202530177308	0.0106698256741652	0.0125905343251063	0.0107364950579005	0.0116084221411856	0.0135651669596897	0.0138644693067952	0.0129090558500056	0.0132265679364142	0.0138879562392792	0.0137121666341192	0.0138836850720662	0.0171964241016842	0.0158378641161013	0.0150956900353125	0.0163801955009515	0.0166872448991962	0.0155828486242013	0.0181781108715206	0.0129544773630493	0.0170035426566166	0.0179804740190257	0.0174816883943312	0.0178538271295662	0.0203871064118481	0.0234608174388123	0.0171104064084637	0.0183053118786745	0.0185893407018001	0.0171380403123513	0.0200117474025568	0.014385785627969	0.0165532328384487	0.0155245246783837	0.0104218857022304	0.0280869503541153	0.0209072074307806	0.0192772413712218	0.00999161144926999	0.0276276403735605	0.0341201048901214	0.00954534900824376	-0.00561812302556427
703.556	0	0	0	0	-0.0058572997341892	0.00182258186090328	-0.00347709219719963	-0.00197407889959866	-0.00209747553998927	-0.00551144808027991	0.00528243165541024	-0.00239139497567723	0.00137592641993567	-0.00402816287251248	-3.9360624927414E-4	0.00323573900899072	0.00140443857299231	-0.00290224529352567	-8.72030360103335E-4	-0.00247233627853441	-0.00462904069580531	-0.00334188122313915	-0.00451946994244772	-0.00244583152177494	0.00106914117660003	-0.00258934961357618	0.00103594648300961	-0.00185211203670781	-0.00285953852399631	-0.00180157285401653	-0.00411118482794537	0.00133485134967964	-0.00231503948779737	0.00126844968504868	-0.00220836578329434	-0.00407337496404222	-0.00296500509643777	-0.0011578439941006	5.68956112928639E-4	-0.00175108085169512	-0.00456859552953476	-1.52884106024991E-4	-0.00217106840034133	0.00177050424004424	-4.55618591482518E-4	0.0014339194378034	-0.00468262962870435	-0.0014622750309153	4.32239980133394E-4	0.00162191800425804	0.00193016149246917	-8.71553301071928E-4	-0.00176709768618327	1.9266405928331E-4	-0.00322851548280539	-0.00205867122751769	-2.36122305775211E-4	-2.89119289776752E-4	0.00131783919575424	7.93204139264708E-4	-3.85826919125832E-4	-0.00136393099392202	-0.0024611303101379	1.59765621347435E-4	2.60381955116878E-4	-0.00249265050183928	1.01940245357117E-4	-7.36575221876249E-4	-2.39448790870857E-4	-5.68541713879516E-4	4.76760348292452E-5	-7.72172092502274E-4	4.92413764305569E-4	-0.00100679478353163	-0.00343444641745676	-0.00138928440244402	8.39929243841278E-5	0.00121411797420297	0.00150812463295989	7.89253156045478E-5	7.74522559452333E-5	7.14266432797774E-4	0.00157439693687734	-1.77219214831379E-4	0.00122076935800558	0.00115786472086965	0.00106323600796431	9.40320903481014E-4	-4.09288836982977E-4	3.0904809419847E-4	-1.77528175885107E-4	7.37477964318122E-4	0.00147245164587903	0.00118717576781889	0.00185779789055404	0.00244737831302037	0.00196730442052404	0.00220788617896472	0.00101770453354303	0.00134351318053213	0.00157814797236226	0.00185753288455712	0.00205233645168737	0.00222501927601763	0.00247129118650355	0.00222271937308001	0.00162981291387557	0.00232654196865535	0.00203163077809207	0.00299027480101832	0.00223388340758106	0.00322345807166583	0.00241479180244986	0.00298235450209486	0.00344328806201374	0.00254085153147185	0.0030524515206973	0.00244548139087002	0.00333411664527429	0.00285908050950375	0.00361631583987353	0.00347503443400356	0.00339174984923181	0.00358297837214168	0.00343654396866981	0.00377428305431502	0.00357662695185083	0.00275089491762689	0.00390906572190579	0.00460153725936037	0.0044974233776313	0.00406019814535104	0.00404599726210027	0.00353939951660617	0.00511548256204971	0.0039968735623008	0.00442041423238906	0.00453805960130836	0.00504317961109121	0.00564422638725212	0.00419891363627091	0.00451614700125896	0.00619964455627894	0.00477184987766794	0.00632400849523321	0.00634818008190583	0.00619491889965802	0.00573941788924287	0.00640304554554492	0.0056044476946629	0.00590154177920698	0.00575661563779791	0.00642559165639739	0.00601082195064109	0.00629847095968411	0.0069675212756354	0.00597267752497892	0.00637326874482114	0.00674960498685189	0.00692697177551	0.00734744371466888	0.00674104253434427	0.00720029955243407	0.00674508159565428	0.00658289887385167	0.00672725094923445	0.00805012826502259	0.0088159010579441	0.00850987374951112	0.00886433737921049	0	0	0	0	0	0	0	0	0	0	0.00892996062766204	0.00790490622367434	0.00860775751801459	0.00943415988036839	0.00942736356133083	0.00878238749930971	0.0105843705212555	0.00855911564498549	0.00939146750692778	0.00790798257038656	0.00986536860546626	0.00846994592201929	0.0105877721173186	0.00937022146928822	0.0102996295266749	0.0107482646514832	0.0114205074795412	0.0105965521699181	0.0124813190850775	0.0125077016528299	0.0115598373947306	0.0129282333586075	0.0116041340267482	0.013385411729698	0.0125527975762851	0.0121972179031494	0.0140010660912787	0.0143844003499031	0.0137440214416872	0.0150703262412684	0.011947975452575	0.0134242012228226	0.0153933342304354	0.0180596662517084	0.0129984856683979	0.013980131837256	0.0115817784523132	0.0168366699266314	0.0183530225219302	0.0173447006689401	0.0187618067094302	0.016562946894124	0.0191328799666551	0.0173531813783474	0.0183383482013077	0.0229588868748487	0.02370309016406	0.0161843523043415	0.0150033048033206	0.0043243052124603	0.00359553213612155	0.0191205544886974	0.0122650971787872	-0.00567819979497734	0.021271155851324	0.0253512272710343
708.302	0	-0.00975081014041165	-0.00750075127330409	3.66324963843297E-4	0.00132913147821713	-0.00602196962997919	0.00177567775306035	-0.00820984992791152	-0.00527935387238956	-0.00562621487757707	-0.003638765505642	5.77367107506593E-4	-0.00728973925286144	0.00479701403755535	-0.00282177679515124	-0.00329482996991731	0.00182481036760546	-0.00540655470149428	-0.00191521775180076	-0.00126213664624353	-0.00111917777948949	-0.0028002005219867	-5.90446477510799E-4	-0.00249698430876108	-1.16361079677977E-7	-0.00296248377453002	-0.00188993394460298	-0.00325473321511433	-8.34606716835586E-4	-0.00542284007416729	-0.00389578725972406	-0.00631714946022468	-0.00122669711613015	-4.59930897868848E-4	-0.00117338557308908	7.97560441617526E-4	-0.00267828152402712	-0.001351346202364	-0.00156917693618219	-6.49640332325017E-4	-0.00160799888056189	-0.00390893689219623	-0.00269108731659486	9.42975641595516E-4	7.80359064807477E-4	-4.61371489532955E-4	-5.30455929460924E-4	5.24370671703349E-4	0.00212723064862521	7.25666020139111E-5	0.00196957741511966	-0.00116594283974894	0.00253869745397095	1.30137314515216E-4	-0.00139357617509526	-5.55456399521581E-4	1.22027362587882E-4	-0.00118800121503041	-2.3252326133082E-4	1.20624259012714E-6	-5.64734889331653E-4	-8.3508703450101E-4	-5.14249330933985E-5	0.00150717122670494	-0.00221725325812017	-6.22877947514173E-4	0.00122688273479153	-9.0282537036026E-4	5.931465858581E-4	-0.00125746844967834	-0.00118476966023429	4.18742918036359E-4	1.83118992435472E-4	-8.88322222444094E-5	1.32952554614945E-4	0.00111894478021179	-5.04796019057546E-4	1.5156658115373E-6	-1.20734149295434E-4	-3.56321403555288E-4	3.90205971992356E-4	-4.95282638825495E-4	-7.82015800893765E-4	0.00120366533081461	0.00149410385973152	-1.37430306124905E-4	-2.35492916183863E-4	-5.58983493265518E-4	0.00141841728910539	8.18392942646805E-4	0.00187706062087718	-1.49169737436789E-4	5.59169833191916E-4	0.00123899466909891	0.00192288342122251	0.00194184512299235	0.00146500815882253	7.69457740835589E-4	0.00196956274786961	0.00119299826821382	0.001337072879657	0.00116084999628402	0.00138112371971143	0.001933617724827	0.00102565811424686	0.00132867086093809	0.00136239727727977	0.00207260943825542	0.00140532090405839	0.00214065759202783	0.00231182729578916	0.00330491257382549	0.00224812800542721	0.00206088536041326	0.00249532726110284	0.00237497427762819	0.00239662412470334	0.0022322743529309	0.00276471206406445	0.00199743360549432	0.00302753089750527	0.00208026144537177	0.00388697701755681	0.00262927516802946	0.00290328117966812	0.00241258695991918	0.00351925531693431	0.00300816429444049	0.00228335097395047	0.0034874691938887	0.00308950374045762	0.00442885112968271	0.00295514195396545	0.00352552086851036	0.00425510522840391	0.00366353848078849	0.00419915209794406	0.00393727932996817	0.00418487633993607	0.00490433959441272	0.00489155561625097	0.00491569334831163	0.00501422225641652	0.00553243761718338	0.0044558356087346	0.0051565194543128	0.00482291567359102	0.00547057860944171	0.00512422151273323	0.00614591145903629	0.004914645230283	0.00522283145634509	0.00564941501785057	0.00444499966988647	0.00512170152574821	0.00616644632373292	0.00488451855516521	0.00675385783308867	0.00625593177793884	0.00675696203434298	0.00600597195726615	0.0064855495632148	0.00650126083872281	0.00694637904150091	0.00581502597845235	0.00701281537094436	0.00755556637438293	0.00709002227389485	0	0	0	0	0	0	0	0	0	0	0.00824070305599993	0.00776946321981315	0.00832750876541423	0.00724500759171762	0.00836378918815016	0.00808075317971516	0.00776328373228011	0.00768053557062548	0.00798353349147145	0.00894458115365157	0.00854740065077328	0.00935229433609068	0.0105228156932964	0.00896297554242782	0.00895796329472292	0.00844103882476938	0.00880854128015949	0.0116288690431229	0.0098395624230481	0.0104457384733102	0.0114746047190917	0.0097816454848714	0.00998545069545266	0.011616724186933	0.0109852742395562	0.0128902035603817	0.0118402358456446	0.0130178223844775	0.0116800524747478	0.0142320263211427	0.0128754290969785	0.0155968086030374	0.0138887669842589	0.0133831694362545	0.0125368464211849	0.0126129610539286	0.0105210696422957	0.0136378609699246	0.0146887038171903	0.0137948090186514	0.0161439065571917	0.0162106174914033	0.0140095690541541	0.0129353199554601	0.0147704514655702	0.0149946966583882	0.0113526822284453	0.0138722435742215	0.0113810118138127	0.0174269503839463	0.0147849901811864	0.0166654312818429	0.0162876740907836	0.0168186336434204	-0.00933920661433127	0.0107095006925671	0.00264966460068329	0.0208518428502964
713.049	0.00984649952793296	-0.00549496862687292	0.00225144867108119	0.00781054325626477	0.00824836613860667	-0.00329059407947896	7.49646986101157E-4	-0.00423954431036963	0.00115586720763434	0.00219008440090404	0.00236054257071124	0.00131192858950594	-0.00128079525131096	0.00458411517608651	-0.00259287998195125	0.00159861896042937	0.00645830475282418	1.25613517217973E-4	6.46841850978925E-4	0.00422572167857339	-8.86445031116799E-4	-0.00173059572111017	0.00671436619584247	0.00115050183365668	0.00110287643900125	0.00256822838917818	0.00213006624510246	-1.67170201096803E-6	0.00274747667250371	0.00155086107862038	0.00587279498127218	-0.00266254798113274	-0.00584775670327182	8.40064154207447E-4	0.00640457666563728	-8.08594349659379E-4	-8.83286723842658E-5	-0.00128590455312428	3.34560562077512E-4	0.00181352226874658	0.00399381658758799	0.0022633925478861	0.00160437821296693	8.76235371802869E-4	0.00236427191139878	0.00163748639015955	0.00469006648508351	0.00234576750501176	0.00141168751073891	0.00305897040015199	-5.71055215803243E-4	-0.00180909135572229	0.00284437105441424	0.00204367596096355	0.00256962038540825	-6.46307645200163E-5	2.43833914357232E-4	0.00228878724415963	-7.11250998074193E-4	1.1824947926316E-4	0.00269727218844823	0.00152362974739965	0.00244197511681627	0.0017453573832694	4.82315936025226E-4	0.00189448206817793	6.73092849837347E-4	9.67357310582089E-4	7.49298916202335E-4	7.84659644363005E-4	6.72808508830063E-4	0.0021197487297406	0.00115517171318512	0.00135862773594769	0.0023098449310291	0.00252882274221822	0.00290338070462679	0.00129611747216821	3.28581282134954E-4	0.00132950314991597	1.57285767048787E-4	0.0016635229263296	0.00105986677545208	8.13084705909654E-4	0.00104491509719955	0.00175815826940705	0.00226315778292583	0.00194178695654682	0.00147049782070918	0.00331648760858333	0.00152879585117603	0.00182789109920797	0.00149106703847137	4.96181808420054E-4	0.00154778806976033	0.00213709989672183	0.0012368082614103	0.00281957685261607	0.00249555824322586	0.00187773114453471	0.00165477687298242	0.00213733967855759	0.00250714770427955	0.00279141353805672	0.00243078429822629	0.00225691235492613	0.00278165814303934	0.00277058322931108	0.00220867278323858	0.00287040510583873	0.00249675134964694	0.00246711180011336	0.00173287493644428	0.00270652085765519	0.00279418467040688	0.0023613535306565	0.00291077924995633	0.00322437462280444	0.00285166165378085	0.00277001275314938	0.00295422651362346	0.00342158624410872	0.00302165491025927	0.00283989389838736	0.00384934916108856	0.00285697029595543	0.00330881784290489	0.00323092335333112	0.00376111136680288	0.00337309426549211	0.00394771921940751	0.0033286907943904	0.00473517440438769	0.00314090651736885	0.00408046195906143	0.00396537123228752	0.00364939666975948	0.0038013549307363	0.00454482840711087	0.005305539420074	0.00491669251552554	0.00460332298247514	0.00573685778924725	0.00435769172787879	0.00545545867917381	0.00442016177972975	0.00579095101333407	0.00536403011945246	0.00519431326901771	0.00584766479015347	0.00637743195151746	0.00614749967182599	0.00596792972162673	0.00597513719459141	0.0056246389988783	0.00594106267418034	0.00653168618158948	0.00652232180987946	0.00602361718020633	0.00615422093033435	0.00662156810315324	0.00648737665231129	0.00621838112846949	0.00664940794373718	0.0069827242918224	0.0074337578419801	0.00753185732969393	0	0	0	0	0	0	0	0	0	0	0.00704474300066598	0.00711746560156987	0.0081015789025635	0.00762614298659977	0.00783103922704329	0.00859786781061634	0.00698845449343656	0.00846411021979115	0.00997573081497763	0.00885402512409949	0.00944624133035066	0.00946604417201311	0.00902964518811774	0.00956826310455024	0.00941366307966831	0.0092330729123553	0.00923491749796286	0.00987112598195263	0.0102524999419051	0.0118464365510229	0.0105904031622367	0.0117720470897469	0.0116582014536537	0.0113340547812195	0.0124245418366805	0.011138009081585	0.0121297926489958	0.0111084138821676	0.0106488909149322	0.0133500180092835	0.0142792155468077	0.0123655002740965	0.0131779527044621	0.0128332608533276	0.0129999948354708	0.0175252929474082	0.014986432396526	0.0177260805316427	0.0147751812474353	0.0122310660732633	0.0176828586043009	0.0144044568772329	0.0170351941821321	0.0218947139710181	0.0128770292272723	0.0144535451680609	0.0234405059182285	0.0247947955320588	0.0178950903393508	0.0218297778082086	0.0311270409924406	0.00631007646501028	0.0284252502925384	0.0134835545027272	0.0232585454857095	0.023974232438875	0.0303297778481298	0.0179850363217325	0.04898649184605
717.797	0.00816785849758581	-0.00556343158012046	0.00416499222329187	0.0018825123224847	-5.1012464167484E-4	-0.00491472571299485	0.00212526911354746	0.00236655157322553	0.00219605352592937	0.00518440596296512	-0.00254080508908908	7.39058162524294E-4	-0.00158216794847405	0.00408196491657745	0.00165649089041568	5.45798830963578E-4	0.0026734060767321	5.29971455431781E-4	0.001441764427371	0.00246747955116002	0.00485151209172066	-0.00199542007995381	0.00121478686605041	7.00489958522351E-4	-0.00100583671523084	-0.00184759316768459	0.0018353587097143	8.64500349635165E-4	0.00331664021718281	-1.07441678900829E-4	0.00338478796290438	-0.00239427691027064	-0.00174565360532892	0.00416519425664106	0.00139011264259995	6.37592647537861E-4	-4.43778644878148E-4	0.00173439065335919	0.00169585243754302	0.00116802408216792	0.0031364144892748	0.00270351169416326	8.1738450086736E-5	0.0010478755509014	0.00239245348257957	-7.92491868559372E-5	-0.0010905856968252	-6.88489810786345E-4	-3.73819651783985E-4	-2.95079455431148E-4	7.22708166065216E-4	0.00140820527990171	-2.0563927476831E-4	0.00126859971128363	0.00344651280362637	0.00139694138351614	0.00347953950122299	-0.00146209768548585	4.20694597892306E-4	0.00248155996916596	-7.5411721057382E-4	-9.1412472295447E-4	7.8988637738092E-4	7.18943115923711E-4	-0.00151654937787505	5.85860019250599E-4	-1.56393966444497E-4	0.00139147194817086	0.0025294015807519	9.43212382740694E-4	0.00442756968899181	0.00100207406236667	0.00154425707247389	0.00192777250591791	1.80679344794841E-4	5.74354161969887E-4	0.00121170314977462	0.00266711672834799	0.00240866364955416	-1.21479259922543E-4	0.00124090915686925	0.00152912829422803	7.28344639188229E-4	0.0014594129082318	0.00138715088957717	-3.43834190309222E-5	0.00201451308411385	1.70914498423807E-4	0.00125730953351556	0.00100146325326897	0.00126373524252991	0.00148028300006962	0.00108735139820716	0.00192126921296303	0.00220571532937886	0.00128136066272141	0.00200412382592412	0.0020391395030533	0.00164946555295678	0.00216101729808333	0.0015734157396481	0.00216339759479054	0.00237758338985364	0.00181178435476079	0.00153596493155584	0.00228476477424629	0.00238427443044853	0.00303615885880683	0.00147828632047171	0.00221399917213805	0.00293907915590013	0.00163711630881232	0.00221222697912448	0.00281032532519841	0.00225493690927337	0.00222610980263995	0.00216446873309834	0.00257161014457199	0.00227191655583982	0.00277712841261619	0.0030922023453662	0.00264965129556748	0.0029074321246619	0.0028217978758931	0.00267990463757815	0.00239493046121748	0.00352453497500441	0.00357298787027716	0.00404337280002747	0.00360153051493214	0.00284857708807883	0.00370825509764434	0.00381236416375855	0.00366181585252366	0.00404414079940638	0.0036529195171282	0.00441525247256716	0.00423429445465027	0.0050165566425694	0.00438151671629667	0.00437402621708433	0.00461407066602369	0.00439051397186258	0.00482477534212944	0.0052471442145679	0.00531741584727875	0.00481934449747599	0.00384817108176191	0.00481135693425358	0.00426546572222039	0.00461448558640864	0.00572904528229621	0.00567496113176855	0.00624357730580615	0.00554760495986277	0.00557954239078829	0.00556130231562397	0.00559202184151022	0.00496536610789376	0.00504748446482335	0.00575879587273292	0.00663323654302123	0.0058712943026184	0.00695174268008012	0.0062099842750354	0.00809306651169101	0	0	0	0	0	0	0	0	0	0	0.00652267290850643	0.0065327389566713	0.00664499363013026	0.00772466761781525	0.00714470793794438	0.00685068507315787	0.00853551642158241	0.007365969480473	0.00796610276588659	0.00816519858094557	0.00707952437346401	0.00814464484612963	0.00785080624433671	0.00882512135978753	0.0089510478745648	0.00841933441808617	0.0103827795379945	0.0102476353591696	0.00853212372747957	0.00956658573485108	0.00983195180689814	0.010685923765339	0.0115655908578072	0.00877944575092783	0.00831690970260053	0.0126899937088383	0.011751675807343	0.012733269032415	0.0117176916464191	0.012318078267524	0.0143247819749147	0.0108172210373904	0.0121414430953742	0.0129984756325084	0.00926245641268139	0.0146279316211899	0.00961739412848592	0.0143805998751742	0.0147489335830413	0.0126367262308208	0.0148217114013006	0.0154930333592333	0.0140118755044249	0.0145055971772847	0.00999037265821291	0.0127945833465445	0.0217405122220344	0.0194833524858855	0.0185369248116009	0.0170109559573944	0.0123047727774996	0.010822578169961	-0.00105335889840804	0.0125991872043893	0.0402310120863985	0.0341279435287233	0.0338867737209158	0.0181159497870869	0.0101175992947204	0.047048294860044
722.547	0.00345687826482176	2.51140681476215E-6	0.00992652417413528	0.00305753667315725	0.0050140714356937	-0.00192958428007775	0.00446807172024623	0.00180181305464943	-8.92554914887714E-4	0.00450996909136625	0.00409734755024869	0.0026968949520349	0.005402165094458	0.00371230021135126	0.00574124395573343	0.00206208567686307	0.00149410306491084	0.00268252650709525	-0.00266134297920625	0.00250133633143901	0.00582956965484696	0.00114229147059637	0.00406819248442894	0.0041405193029816	0.00555876557969446	6.63997864069157E-4	0.00514715796908201	0.00361215293870869	3.26052131274123E-4	0.006186096600399	-0.00437088009012812	0.00273350530738136	4.92559867022774E-4	1.1992690552305E-6	9.41820686760037E-4	0.00175250118836915	0.00432636857175887	-2.63205575704663E-4	3.43688830570497E-4	-0.0017778271761241	0.0010046544251431	0.00315759785818431	0.00247240301813566	0.00212658073186915	-0.00146026854676866	0.00424609378259342	-0.00150083337488635	7.77463018229067E-4	0.00503955382909001	0.00501586328471555	0.00263667070881199	0.00100023820486315	0.00153066262130659	6.78747635439351E-5	-6.60768184427401E-5	0.00180545777500089	0.00221000833287916	0.00154795846601287	4.27918505289447E-4	0.00293952760240809	0.00112161250619075	2.31493131827629E-4	0.00205364259931319	5.6805059700549E-5	4.39165676778036E-7	0.00129744552112521	0.00186104691771121	0.00240558608056315	0.00148936524243968	0.00246880911629699	0.00232049633658011	-7.74104470021707E-4	7.1315604060187E-4	0.0011178040731096	3.20634718789028E-4	0.00219478389596775	-3.06671384935598E-4	0.00158971657643603	8.02068911810106E-4	0.00140726349980448	0.00105640257277024	3.5839184136538E-4	0.00268438616435287	0.00132950801757006	0.00177766938306269	0.00115770302012972	0.00197347970062654	0.00168550510339452	0.00147754491721824	0.00196615281076553	0.00144294129020897	0.00187847645355459	0.00288098405529543	0.00216007881225326	0.00185498860185274	0.00268715822119132	0.00223150059597	8.28709768684532E-4	0.00205188240494998	0.00184959197359524	7.21987165129525E-4	0.00177627127389887	0.00171705462684726	0.0023424469153795	0.00172948883897429	0.00146843090957292	0.0027950628528612	0.00147192893775309	0.00239701635502086	0.00265062000482523	0.00181531585299913	0.00154192770955286	0.00272633032356124	0.00254983794756218	0.00248268750794264	0.0020812764739809	0.00240406151946892	0.00257423646991552	0.00237001058072482	0.00295360999834271	0.00237526905016708	0.00268906648663273	0.0026773420413005	0.00295491847527953	0.00357431093663664	0.00329989961579051	0.0026050187801035	0.00395430903654973	0.00326474035867954	0.00320466666529353	0.00352077922527944	0.00348862769413183	0.00316808419060649	0.00267010243382105	0.00305688832998162	0.00372929904729873	0.00402868481393224	0.00390452601794354	0.00406904486231914	0.00408254726803834	0.00561995629411685	0.00440747147407791	0.00479150732337555	0.00356171394903089	0.0061370892260025	0.00415175806556452	0.00542012194308645	0.00540338278236008	0.00354975062459555	0.00490590918688021	0.00501643003575472	0.0049385881740163	0.00570966311767451	0.00512453321035876	0.0049143863277384	0.00563822676012334	0.00528079098138742	0.00531791097933354	0.00513328527530457	0.00546893521383763	0.00554832383647769	0.00639243698728173	0.0065234597673398	0.00685353519323373	0.00648188311638828	0	0	0	0	0	0	0	0	0	0	0.00688173744931813	0.00702046389645975	0.00633819801583331	0.00751600902860906	0.00781727816027807	0.00601600852971056	0.00714289348223649	0.0074292027488906	0.00705551479058672	0.00732312278116655	0.00755540392903395	0.00845013288783495	0.00870929566841434	0.00847853992159651	0.00901568475439021	0.00750662512361048	0.0086668213261147	0.00904996559251885	0.0091720178438914	0.00894968050225542	0.00951192932113085	0.0101132455194688	0.00918833755252234	0.0103911794017743	0.00989565386286811	0.0114172029618765	0.0115144684591875	0.0117242008706134	0.0105735512507055	0.0119379306867623	0.0106178076984075	0.0122129138188787	0.0132327092104512	0.0123775722576124	0.00973806460889371	0.0120854168220622	0.0125774928245412	0.0155990643796247	0.0127683721269265	0.0126561424915508	0.0124193681516891	0.0125648199100053	0.0169905168306715	0.0152760971356975	0.0143133036810724	0.0122544033287314	0.0160164165692982	0.0199292035518912	0.0182925697943317	0.0276327046420761	0.0150173080279173	0.0241227554308466	0.0171939039028868	0.0164798494651845	0.0343927416370082	0.0179993139385111	0.0282749609078934	0.0413555494313043	0.0161561039671323	0.0287504117322771	0.040795260042893
727.298	-0.00584080498088709	-0.0164918941629335	-0.0145636026405407	-0.00232449077594602	-0.00350574501155012	-0.00506120095051719	-0.00531145157157736	-0.00532442688092208	-0.00241317155356218	-0.00457330438363	0.00123108221903591	-0.00242924154427823	-0.00340822372944415	-0.00260604478172445	-0.00767070455102098	0.00195669690883538	-0.001233536982197	0.00108835936788487	-0.00283256121218387	0.0013370562387619	0.00223497516571376	2.5904908145196E-4	-0.00374847652512571	-0.0019190918295781	-0.00172447683202692	-0.00682338035027643	5.56144115438058E-4	-0.00166305780827403	-0.00528692886054088	-8.65082003023235E-4	-0.00379783639940922	-0.00154056248739505	-0.00169635661746757	1.95130287235711E-4	-0.00362305295954938	2.81904856292146E-4	0.0040237548951336	8.94531107574894E-5	6.11992011066254E-4	-0.00300620607930491	-0.00118816573181189	0.00118212798919	-0.00284281562499948	-8.2887843316811E-4	-0.00246297627893611	-0.00137967710181974	-4.01103356094295E-4	-0.00118338337799514	-0.00247893129020707	4.56637476253796E-4	7.61843331471611E-5	-2.8887420726306E-4	0.00331758384152725	-0.00247331722216425	-0.00127109326307269	3.27459999528519E-4	-0.00230005084197096	-0.00206825095125228	-7.38308753306371E-4	-0.00218495359250559	-2.96481865652423E-4	-5.90402999192458E-5	-4.01972252456963E-4	0.00130679219297587	-0.00184080785865982	-0.00252247104566304	3.23865242432196E-4	-2.64730355971117E-4	-2.59659516684105E-4	-3.06558333210061E-4	-0.00125176897126457	7.37342510755505E-4	-8.66216579481847E-4	-1.87491956790111E-4	7.87295549412569E-4	0.00122703267640477	-0.00137928604051719	9.1626393368398E-4	3.85451501301417E-4	-2.51688239916564E-4	-6.17093156412245E-4	8.1732702660499E-5	-3.86499734021884E-5	-3.46373233644934E-4	-9.00913206233936E-4	-6.94754638977578E-4	0.00118094907949978	-5.56792415631047E-4	-2.04070945999499E-4	5.65461350836129E-4	3.26693748401676E-4	0.0012704027202696	0.00149276456567029	-3.64469207507933E-4	5.3820132665563E-4	3.81694857843995E-4	0.00117516272464278	0.00142739555666289	0.00101355313236715	1.35224788791431E-4	0.00133361744802729	0.00105137584093975	9.41446830545003E-4	5.77661237681739E-4	0.00225193152927602	0.00172644085868441	0.00139697123750826	9.75233925648631E-4	0.00105791306432206	4.99281461474835E-4	0.00143377668413649	9.03909309972601E-4	0.00146449433743397	0.00149059586495515	0.00110189538621251	0.00167661285443721	0.00192524199775735	0.0014152764099367	0.00181002489560027	0.00216528545818273	0.00162244804489753	0.002018445417599	0.00231474399824591	0.00185814427999372	0.00108114476617663	0.00385947982032335	0.00181605475599568	0.00191276677397694	0.00253210471251493	0.00163874594749584	0.00302701957407427	0.0024445270693868	0.00252535678210861	0.00295761107816448	0.00307850600719956	0.00312686591348107	0.00351850785216324	0.00183837529869422	0.0031351077401329	0.00247576228820086	0.00332854361068485	0.00351657172204925	0.00337819784397554	0.00348711501105402	0.00439902659434444	0.00276394021787612	0.00362070682334161	0.00339201881022067	0.00314019122519918	0.00234250953490748	0.00360876702816096	0.00409314894452334	0.00317386918545603	0.00426922776431723	0.00385836979446681	0.00363152227165488	0.00503723607517362	0.00401587656965001	0.00430400077973869	0.0050092149936855	0.0040066712621486	0.00407048855453228	0.00526627842674684	0.00435390061088481	0	0	0	0	0	0	0	0	0	0	0.00532866959759974	0.00458005253315936	0.00418367528532054	0.00658868516502775	0.00538980271555975	0.00508450153718678	0.00581842301056579	0.00649922837892581	0.00640678693402039	0.00562500937246367	0.0067316558151458	0.00644432376800045	0.00660623779881126	0.00645125220602744	0.00819843453227315	0.00811208276971282	0.0064355832206176	0.00706364136196199	0.00789091400733622	0.00757686272014918	0.00695534509423301	0.00828045645575078	0.00824146474864663	0.00910881492410222	0.0089936428838097	0.00851946497145122	0.00848611005434456	0.00879013836238104	0.00848994446617119	0.00834256140483866	0.00798606675081823	0.0104903805281817	0.00919384359204398	0.00780688248144702	0.0098033488092142	0.0101099618901432	0.00972137353210695	0.0113768625041554	0.0115724888009696	0.00969833740286135	0.00806249106293862	0.0108683892579096	0.0115311814745803	0.0110916782689237	0.0112098910758484	0.012009964252768	0.0107360371948054	0.0105919941434234	0.00990724388488091	0.0129715594148191	0.00794343329376106	0.00857418999631473	0.00772968254684797	0.00219058495358441	0.0128844031834419	0.0244027312746962	0.0210719625357749	0.0113225279106456	4.77795258705045E-4	0.0130170054860241	-0.00901952329243683	0.0202541805366333
732.051	-0.00685999178187322	0.00232716296921871	-0.00129372858833508	-0.00471482817515825	0.00196083694331302	0.00182272657446326	-0.00205836048118331	-7.65663982118418E-4	0.00137853113290074	-0.0040174193834567	0.00218663903526372	-0.00293093184313742	0.00120403347605382	0.00103054976622975	-0.00791887603971493	2.90829706449733E-4	0.00349047542224842	-0.00165190010866435	-0.00191331693726018	-0.00176053516466333	-0.00612494992717953	-7.80918019956447E-4	-0.00329444867743162	-0.00230790750836368	0.00186745588596993	-0.00181312089763161	-0.00236243439745738	-0.00247338098328941	-0.00491411717985004	-0.00252037308768723	9.66447703520692E-4	-0.00176918064626039	2.04004626264266E-4	-6.88975643828749E-4	-0.00202944588148452	-0.00132583759008272	0.00129811393032903	-0.00144644374947358	6.22170475917497E-4	2.6195183285753E-4	-8.58724734649514E-5	-0.00221930278080403	-0.004325119908197	0.00202211742105156	-0.00191519962707859	5.79612827089912E-4	0.00113921897061081	7.99685718416347E-4	-1.54935456530942E-4	0.00177230291125789	6.04140745177789E-4	-0.00161524931091457	-0.00336348100694381	-0.00160194894190432	0.00163105999830688	0.00384571106210124	8.47079258937496E-4	0.00178529113860152	4.16599173446764E-6	0.00271618780279478	0.00103285228283718	3.57684441135578E-4	0.00111513356292361	-0.00167011190822917	-4.52264647118308E-4	3.89217750301833E-4	4.38153574902386E-4	5.92458007773171E-4	8.94790464948575E-7	0.00103670865077882	-0.00131939377461779	4.99298976867252E-4	5.86637622125045E-4	0.00129427688773738	-0.00178352905536021	9.22295849714285E-4	-9.0186142626814E-4	0.00128388458412495	0.00229900963515894	7.67091462731603E-4	-1.66354328849964E-4	2.87915937334895E-4	-3.59122947727858E-4	-3.83136930035038E-5	0.00137289007847758	2.98961937353046E-4	3.27989652143534E-4	0.00131004512150952	7.95532092044185E-4	0.0012143199577596	0.00112200691787123	0.00122478921096981	8.19895591833257E-4	6.80620115129447E-4	5.77197724492713E-4	0.00169505764580049	1.46161888660599E-4	0.0012211498318816	0.00133376242770574	4.63041864803667E-4	0.00177699968377796	0.00119302679730323	8.83171356789285E-4	8.11066398721355E-4	0.00123080739552438	4.16790264714956E-4	0.00165230360214865	0.00106972068348654	0.00195753482055791	0.00110254688462703	7.19258181894957E-4	0.0015158037438055	0.00120462332212334	0.00188215753577132	0.00190221330965074	0.00146820501871217	0.00166857631128951	0.0016807219993686	0.00162633894479038	0.00240641661039612	0.0014802212027105	0.00229276616267955	0.00190755192179546	0.00287194962896319	0.0024645311872096	0.0016469382217974	0.00320174475962208	0.00244816430735062	0.0015330615746419	0.00180771379158337	0.00278209066946252	0.00191284710228303	0.00195592399505402	0.00142003678684552	0.00220155763907054	0.00206366577796485	0.00305885325470603	0.00168484560628671	0.00185372399158905	0.0026993801907391	0.00294792755361994	0.00382601367505524	0.00317963382967728	0.00310444560614218	0.00362630135305085	0.00282996486379066	0.00307351202436385	0.00305488744864923	0.0031577067761632	0.003994681463153	0.00379200934939431	0.00376564721358006	0.00472515085646909	0.00402410481967241	0.00315130968496176	0.00285127164937588	0.00386242159906007	0.00299377524380444	0.00462967249690412	0.00424985384013985	0.00453374076386695	0.00550349505024012	0	0	0	0	0	0	0	0	0	0	0.00339614031210865	0.00468435685793685	0.00479381322418378	0.00489463523674299	0.00454055345501503	0.00587264465085104	0.00551293190656024	0.00586583826350729	0.00501367974406913	0.00559024391092859	0.00438174141961664	0.00537351482902928	0.00583405203767777	0.00656249383388571	0.00581431914620429	0.00634395986791177	0.00662246914180264	0.00858475917700781	0.00695519416936594	0.00656922245579449	0.0077476041738617	0.00846194888165825	0.00745109251720494	0.00775387941417886	0.0073526289567243	0.00760463854835192	0.00769848111026231	0.00942810350939302	0.00957500882747481	0.00959633171255858	0.00906758943443597	0.00863397830139188	0.00953664059830178	0.00917323383413374	0.00807702905223266	0.00934022112386281	0.0103884001297713	0.00924736437483746	0.0088544916837369	0.0132060680615097	0.00933432089595636	0.0126093395945825	0.0101623330232166	0.0115237353836915	0.0108148878893944	0.011248561815429	0.0096893679990956	0.0127106374527161	0.00859626764843512	0.0142325016660938	0.012797250512475	0.0131582635639291	0.0107983747025733	0.00753719194061464	0.00698077774277885	0.0196544889882727	0.0147362967281162	0.0219236703632507	0.0238525281376813	0.0262203229297774	0.0105312891474817	0.0389881147856302	0.0218426814783222	0.0161047573859945
736.804	0.00455019237558823	-0.00540776827028788	0.00307717510014506	5.96367718306979E-4	-0.00720003265953249	-0.00133937553611246	-0.00384587789756751	-0.00171841106067624	-0.00495027910611707	-0.00234732270008224	-0.00520780004433562	-9.36443388822482E-4	-0.00364625349886742	-0.00534832907413411	-0.00102024594710286	0.00100167312377372	-4.21935681882828E-4	-0.00111549834317798	-0.00539890302451618	0.00342346297634339	0.00107832252251973	-0.00910555141801428	-0.00256551237357059	7.39363262118296E-4	-0.00283343252099265	-0.00183612145969787	0.00261931729106349	-0.00330099770985858	-0.00372867697709443	4.44340021165704E-4	-0.00573809293828135	-0.00157914088489001	-0.00327649615379398	-4.00982623480101E-4	-9.79174156457669E-4	-0.0025901623398175	-0.00356171364200464	-0.00274667739731279	2.67026743611529E-4	-0.00405170807782571	8.67066586963734E-5	-0.00147163494624163	-0.00214516446118887	-0.00263745863762566	-0.00236092905741829	7.49477320333084E-4	-0.00254902603076101	-2.42266043925732E-4	-0.0027027927964546	2.33722573661376E-4	0.00205623250722349	2.98431724997962E-4	-0.00173703644885548	-0.00267820692014273	-0.0026090287813937	-0.00147288486336637	-0.00111402891732683	-0.00192949956105434	-0.00265825896252667	0.00118565688834378	-9.81277446711976E-4	0.00126690829472124	-0.00243031196710412	0.00110688784009738	0.00166035451088679	-0.00236270095651208	-0.00110606643555422	0.002067787486622	-0.00256429148535581	0.00272634998616863	-5.11637843786028E-5	5.21486210586701E-5	8.4069596609075E-4	-0.00251843295975054	3.80141228396905E-4	0.00125849248141553	6.39263651154767E-4	8.04993746680262E-4	-0.00184246668092592	3.93344476824789E-7	-2.10886477110276E-4	0.00157195833009616	-2.42434501238364E-4	-1.97713075539226E-4	-8.86426503871777E-4	8.64720278980748E-4	8.43979866081167E-4	7.21614701112305E-5	3.49753351827043E-4	7.50253381316136E-4	2.66300007865066E-4	-5.53309547006277E-4	-5.41173525623806E-4	7.80945582908856E-4	-3.66988038109976E-4	0.00105253341292276	0.00108783272607207	0.00129180078695722	0.00103993339479781	0.0017597990795854	7.2442822545929E-4	-7.6728251370991E-5	-4.34569355916214E-4	-1.81973121672166E-4	7.99998575669364E-4	4.65523672366434E-4	5.21061721482617E-4	9.19035760873865E-4	3.61760844714701E-4	6.21627765015239E-4	0.00101706579522101	0.00117648507420622	0.00180230164986341	0.00143917408262729	0.00150693592747121	0.00122526541176593	0.00180753099068491	0.00172395330364013	0.00151161416140084	0.00133872606877284	0.00154129740629551	0.00187177036453233	0.00142768264369248	0.00115210757953671	0.00116785300370726	0.00137042834924119	3.47025104249864E-4	0.00149766779956798	0.00120055923168406	0.0012355398639006	0.00182031215734219	0.00241240693908287	0.00211984073351719	0.00189936130895474	0.00206740956810852	0.00125675800638044	0.00179430856782895	0.00211163687844177	0.00286882150895009	0.0033460016829716	0.00154819817170107	0.00176824429276032	0.00289182170427543	0.00221321989414833	0.00306126315540096	0.00218743319213765	0.00286143019716354	0.00297842151105114	0.00552513446514146	0.00221194883361465	0.00319657431316836	0.00391222023256484	0.00299660153692841	0.0032978632875868	0.00205676190380519	0.00339353498141207	0.00267262773387758	0.00389583324493056	0.00326881338393793	0.00283397870578785	0.00425339912528154	0	0	0	0	0	0	0	0	0	0	0.00470764951444828	-0.0124755576039862	0.00400940679890722	0.00395691340496727	0.00449042734421256	0.00415246640046189	0.00502859899254349	0.00536370826427444	0.00428326342453479	0.00504693232469432	0.00503773342735381	0.00559073125794912	0.00543565641152692	0.00534569459168633	0.0063661880917577	0.00599354497552387	0.00647407353382877	0.00660936091199515	0.00644487867157183	0.00666338407695925	0.00727799775912919	0.00528959402965911	0.00751076847895053	0.00669978623208358	0.00671281829435342	0.00592864342135624	0.00654188215236829	0.00786078808818892	0.00908109725200967	0.00835266093051122	0.00658073893615572	0.00778348940536794	0.00689862699584917	0.00787137399488492	0.00741387894528047	0.00751403890744269	0.00891353246672833	0.00982921507463188	0.00731357473174072	0.00609765608315704	0.00904414586248176	0.0102964580991773	0.00881034888475538	0.00827215561506993	0.00658977584736934	0.00756011200550026	0.00978035085940008	0.0129971373230125	0.0136053901461346	0.00765354108374083	0.00782907628386378	0.00918768740511004	0.00232508541908617	1.00923845639615E-5	0.0117172970393148	0.0085984897180609	0.00770548959289685	8.56499740435216E-4	0.00602208065854001	-0.00610958769408639	0.0190594704668575	0.0140215398223317	-0.00345527024497982	0.00641929398878786	-0.03701931942178
741.559	0.0133971004373169	0.00525762378944391	0.00335358920391448	-0.00565743144009269	0.00842229760028042	0.00715326121602491	0.0112418818948817	0.00873160526178979	0.00408956575664194	0.00429929135680282	0.00353558133999543	9.53102982292717E-4	0.00788146284482207	0.00392755923093513	5.95262677972761E-4	0.0062636024268377	0.00244190403925223	0.00794731331593148	0.00436096185788044	0.00473499582542649	0.00315275751875597	0.00871830652432485	0.00208784109583558	8.78673338485395E-4	0.0037214441330664	0.00315454946170964	0.00243507012193014	0.00231521091681774	0.00896185752291108	-0.0182553680440313	0.00286554221818911	0.00642689274956278	0.00499858648985106	0.0020340628529715	0.00387854890257337	0.00185688530945594	0.00400328727879323	0.00195575551042925	0.00318521652169113	0.00510677740530257	-2.64914269760306E-4	0.00263966397347169	0.00305270199249151	8.64915859362786E-4	0.00351574654225405	0.00500127179255527	-0.00133645191131068	0.00139846521153565	0.0023437561125943	0.00118751430562383	3.88810435161124E-4	0.00627403796654004	0.00132575457000583	0.00157808306226482	0.00544709751187151	0.00388702686305729	0.00660666972055309	0.00438796072730557	0.00251293708339432	0.00399627113377036	0.00461556085995793	0.00165570080707306	0.00289501463133041	0.00491777894577387	0.00273567390532804	0.00223023118040795	-3.37023225540622E-4	0.00143837659445452	0.00244459467190071	0.00415724557115736	0.00297758986589373	0.00322702441260764	5.1172592681468E-5	0.00236397785389181	8.21090254634734E-4	0.00236891122011105	0.00427022310318815	0.00281857715544042	0.00236350385420168	-4.80564628713169E-4	6.44695822973388E-4	0.00424814623679012	0.00172841798000557	0.00261046234391346	0.00203860163731895	0.00202761733247202	0.00179036350600457	0.00298346910727007	0.00287728824932181	0.00187212831997548	0.00105154567791135	0.00149062825828384	0.00285316376942697	0.0020633906726949	0.00271048392741934	0.00323948677795848	0.00179323561028027	0.00227654587426804	0.0021699517443207	0.0018732613590803	0.00171803680171769	0.00221844887485391	0.00247901661415287	0.00111179689216874	0.00167116350073975	0.00195813179553173	0.00121407049429871	0.00203447684448099	0.00168393330876441	0.00193143734990045	0.00289753281382094	0.00177549988762855	0.00203570786096176	0.00195064986117069	0.00165505026971828	0.00256539715505228	0.00177624451700375	0.00209331824854959	0.00216974981436143	0.00237330915015322	0.00203238479538918	0.0021202877517225	0.00261318264904834	0.00207159692870672	0.00199228497303845	0.00205666426079641	0.00308308029745618	0.00189480242814178	0.00218386651072862	0.00308843229769974	0.00266345151459693	0.00291316546214865	0.00318343308206336	0.00390731320064762	0.00316389238080849	0.00355700672283943	0.00364584447268173	0.00297694590544287	0.00317506737158653	0.00320870906163154	0.00337764996395466	0.00434644237624057	0.00286371110249127	0.00387119819932261	0.00405096096868921	0.00354083547619681	0.00478261694625482	0.00398970346777166	0.00287966334281483	0.00360801796878606	0.00471062795286322	0.0041089062002024	0.00538211003229966	0.00481771103734822	0.00415321331914802	0.00458966885135353	0.00486864667031835	0.00471709895755118	0.00513250383326017	0.00471162593080736	0	0	0	0	0	0	0	0	0	0	0.00535129713571253	0.00446195781061272	0.00416245725782946	0.00460827375051856	0.00541722777714162	0.0056412351688338	0.00549322107349111	0.00556339694034281	0.00602898611002593	0.00627436883763301	0.00668398796668491	0.00630098025374387	0.00604134028047085	0.00646828587606101	0.00613399444284812	0.00757814852308934	0.00743048812007486	0.00763334866723552	0.00701820899566833	0.00710502740693456	0.00752990809799901	0.00765588836625337	0.00734373978222639	0.00693476146206581	0.00834309930396261	0.00936547038953441	0.00699034618363409	0.00814756721474811	0.00877886785221123	0.00915418683147999	0.0102037707703242	0.0102394481748088	0.00970857879008169	0.00980914093067464	0.0118390167383236	0.00948139390744916	0.010407455925294	0.0112321379557372	0.0106803377402434	0.0106032398305717	0.00897514929585225	0.0135788163162452	0.0119941375808889	0.0129677551450685	0.0113470442964527	0.0150256083801668	0.0141953146082554	0.0104199309188161	0.0150434588775809	0.0147021341058862	0.0121380447220119	0.021304640639391	0.0149995239940226	0.0141574918939093	0.0221871937704451	0.0143039992569579	0.0183583693649613	0.0212198421091393	0.0205757113651359	0.0231767463951044	0.0179416259559353	0.0417005682034689	0.0201668595713632	0.0265110054848857	0.0210038246018722	0.0863153036972276
746.315	0.00546402190120455	-0.00560395755384728	0.00775072950609741	-8.26063204213254E-4	0.00503658953019034	5.21853334739593E-4	-3.31082958617342E-4	-6.46234272273055E-4	0.00192301208999359	0.00405148667640978	0.00506874656080816	-0.00404926226370328	0.00236164254183706	6.15217853568669E-4	4.51446076477004E-4	0.00563520946101632	0.00204315767007919	0.00100816725133337	-0.00272788211625911	1.38550517874756E-4	8.36849560086113E-4	0.00205208474797587	-0.0023966359988107	-0.00395788696824555	-0.0036719275971479	0.00475741816533453	0.00129825044473277	7.0422586075138E-4	-8.19904616135368E-4	-0.00460651466273338	-4.52635259312961E-7	-0.00120163372458015	0.00244158701814316	-9.31804015544992E-4	0.00243362254621564	-9.96431420747078E-4	0.00437594904317109	-0.00132929561937073	-3.71852321198775E-4	9.0799457825502E-5	0.00514890715040587	3.57398434159351E-4	0.00471293603585724	0.00485064587795325	8.68061197728547E-5	0.00285116777129493	-0.00426274145991801	6.71652232686577E-4	-9.06468495118934E-4	8.88425345225555E-4	-9.48976377320386E-4	6.78679811465627E-7	6.00500188987348E-4	-0.00131504533400791	0.00156693902789691	0.00139115039524064	0.00204045605250805	-0.00200173822035094	-0.00170802508854437	5.81608672453417E-4	0.00343314751679938	9.3822641253583E-4	4.91684555664074E-4	0.00151001803792607	-4.74842539334895E-4	-1.51214901234332E-8	4.01255011163782E-4	-9.02188535758167E-4	-0.00160652339269936	-5.42560875758494E-5	-9.58798367278447E-4	0.00104441391754903	9.21858578169881E-4	8.02900662036043E-4	1.48026079392024E-4	6.27864187108963E-4	4.71711166165957E-5	1.39065851807308E-4	0.00118183218433473	4.9052935405174E-4	4.53722038902966E-7	0.00244454174569276	-4.20120675881287E-4	8.59188271410973E-4	-5.19590684926043E-4	0.0015195987463532	0.0162794655350824	0.00107539631520364	0.0018836062369031	-0.00144924757364925	0.00172846650234311	0.00243087006911424	0.00132154665339139	6.47344361670602E-4	6.03750992240307E-4	2.18194481158345E-4	3.96179396263232E-4	5.38003622874187E-8	0.00139709589472539	4.56273621411025E-4	8.89769546971963E-4	0.00117089298543674	5.00649490953175E-4	0.0020309891390435	0.00122048948282631	7.57548693678558E-4	0.00132767708658718	0.00148235741377819	0.00116469537670742	6.63088352807088E-4	0.0015993081038466	0.00110880772174142	0.00185098347919676	0.00125889743883344	0.00165996828883528	0.0010907283834776	0.00176165309390868	0.0015300356947716	0.00153938902045326	0.00149059641486864	0.0014556270383877	0.00115034502924236	0.00179487631094377	0.00199381014816705	0.0020305257259583	0.00150592957489553	0.00273791827459523	0.00233593814178193	0.00168291925969714	0.00138290470167051	0.00246419954110932	0.00190637507135345	0.00241653213135848	6.48107636121648E-4	0.0017900670039631	0.00107024108876576	0.00237076452805405	0.00195298787014764	0.00294976744665616	0.00309990994445213	0.00309056977187193	0.00247602636400026	0.00317907481579765	0.00301458107660804	0.00317348925943585	0.00338692081079	0.00245307815762994	0.0037224546056301	0.00224629006477692	0.00356638178079002	0.00331268716505494	0.00327160307134322	0.0012871014741722	0.00304429240775964	0.00495471220224646	0.00383418154210638	0.0036584596038742	0.0040909213171297	0.00427367773129227	0	0	0	0	0	0	0	0	0	0	0.00416943417694627	0.00404028731547708	0.00365471403368956	0.00285368859475411	0.00455837402643454	0.00438662173160062	0.00520379723642893	0.0046645169110091	0.00467990287070159	0.00612441969642791	0.00575428938808233	0.00422637379745283	0.00435264090552847	0.00488222417361826	0.00592935395947701	0.00537803053838935	0.00592353603111128	0.00583601515024054	0.00614432584528279	0.00547498497557031	0.00624198361258178	0.00694039682761198	0.00659426432930111	0.006285839834724	0.00727705924794785	0.00788381039850833	0.00607228503466549	0.00581929269284357	0.00685618743973381	0.00742281550358316	0.00618481346880743	0.00768284294562027	0.00783183678421754	0.00889796446678043	0.00760398926129233	0.00896076117413498	0.00847975419444493	0.00622231757640917	0.0101807309544284	0.00966254608047551	0.00888694378902509	0.00888940416351968	0.0086731050377228	0.00867534636165938	0.009288665180503	0.00732536362244175	0.0119962278951024	0.0123564843246764	0.0106277693978042	0.00881164319049886	0.0107710213997554	0.0153767257850631	0.00693648586457467	0.00779593723019308	0.00930345281833552	0.0150868940611706	0.0145674378876706	0.0146164303065174	0.00412710191945947	0.01107538502283	0.00853933756612514	0.0130608157194045	0.0163144326962951	0.00752787908635952	0.0227858389585492	1.20730587543271E-5	0.0720931005349175
751.073	-0.00454126591666555	-0.00593276083746415	0.00647139038944848	-0.00251044876984808	-0.00435629708158889	0.00176229460018636	-0.00185544914024441	-0.00476804722610432	0.00585974668920266	-0.00131666265993891	-0.00282232011141815	-0.00344853085976861	-0.00415821453373128	-4.6940324826122E-4	-0.00184234945750824	5.98543524949195E-4	-0.00148853538180229	-0.00661204002293451	-0.00320663855003541	-0.00288240980054889	-0.0035471929868174	-0.00402822121084197	-0.00283443107913892	-0.0024623453509357	-0.00161592586994773	-8.47388546460984E-4	-0.0054002460271593	-0.00587163553271918	-9.51229941279145E-4	0.00513673794118102	0.00136837119911993	0.00332496286816191	-0.00323311156332385	0.00126289934836515	0.00494202567266444	-0.0013128915235367	-0.00355532070752551	-0.0035666408402424	-0.00245000036547458	-6.49648356829535E-4	-0.00293536101413055	0.00145678304243459	0.00225702393411571	-0.00277634635176639	6.21222592200714E-4	-5.2765555021107E-4	6.05204160325787E-4	-0.0051930286297158	-3.34706469383936E-4	-5.7285976216105E-4	0.00184653473206083	-0.00289278808025674	-0.00137098845448715	-0.00229902118463783	-7.12728141570892E-5	-0.00246615126625529	-2.7389624329017E-4	-2.0491352656856E-4	-2.66996564849066E-4	0.00190298880932598	-0.00142027276889316	-0.00114253249287512	-4.36792211966915E-4	-0.00257525140952441	0.00180733990917713	-1.84182577013563E-8	-9.31779997921105E-4	0.00148896228976562	-3.93625464023382E-4	-5.51330006062238E-5	1.07818794194249E-4	0.00153791574728392	-0.0012483379408423	-7.64626156138705E-4	0.00174952517927942	0.0013241813856895	-9.13546114299821E-4	0.00126939068107765	0.00212381126569303	9.06312158501658E-4	0.00146806563650472	-1.74014821783375E-4	-7.6699781804718E-4	-9.14809542645233E-4	4.46547088293695E-4	-7.82456216884748E-5	1.15821110859607E-4	0.0016941452201975	6.97915283714935E-4	6.45723396123726E-4	5.60546539751669E-4	-2.40632016873603E-4	9.40447215517114E-4	2.62121486725162E-4	-7.41441493702923E-4	0.0015503572495219	8.97221106217143E-4	4.23231657479281E-4	0.00124160152778118	3.18356478564073E-4	-1.96491529522281E-4	8.64517424765079E-4	-1.77844044025623E-4	5.03429713778179E-4	9.58219095575097E-4	6.52289959902984E-4	9.36502119961982E-4	6.44786473991309E-4	5.40997087023699E-4	0.00176797206450713	6.68768964838853E-4	0.00105036974012192	0.00154523392489258	0.00132507573362427	6.37267230941466E-4	0.00144508459730184	0.00118415347048518	0.00194397728618783	0.00156145901000409	0.00145343637592884	0.0011249196061276	0.00120191193858045	0.00140870181261314	0.00176623001841932	0.00193529904682088	8.64781020931161E-4	7.98958878367364E-4	9.01580198188863E-4	8.1575909103914E-4	0.00228763548053089	0.00224591917185209	0.00216104381833479	0.00180855506188275	0.00104810473127492	0.00145830649789374	0.00221874307080067	0.00214694944332899	0.00136186842257731	0.00289618783459268	0.00224731438285967	0.00213050555965385	0.00288941093901927	0.00139068645924743	0.00265397892529899	0.00186058869448779	9.66301869675308E-4	0.00141867643801201	0.00348528751816983	0.00277478923486569	0.00160893301213652	0.00173820824804513	0.00118116726295158	0.00217535371274389	0.0032529421860284	0.00248859505268645	0.00212121773823082	0.00246703753680591	0.00334255669342472	0	0	0	0	0	0	0	0	0	0	0.00238549918488887	0.00307797215022997	0.00338147286571276	0.00370957395961102	0.0026569619842505	0.00438637262393906	0.00387516328172651	0.00416757036718863	0.00475902268857876	0.0038640649798699	0.00415269322653671	0.00463241852274704	0.00513194411440895	0.00498944790271508	0.00463798673422886	0.00487997243510514	0.00504151099773929	0.00369364414659191	0.00586442904569917	0.00472295381748809	0.00611617615060113	0.00668603200039034	0.00642494508123148	0.00642685868681514	0.00749994568789315	0.00614354024186905	0.00669781238344496	0.00515431286290048	0.0058332149707203	0.00639225819118014	0.0055926130186268	0.00751705865522027	0.00722098138174404	0.00666832834096503	0.00730460919737008	0.00679959192757932	0.00790053066888749	0.00699630015138261	0.00737672222012287	0.010164510789401	0.00838170433734851	0.00971329968203314	0.00521366646281651	0.00951218453821637	0.00744783201660289	0.00615248852911498	0.00692972447443377	0.00879819107681733	0.00739427714425996	0.00663048335638946	0.00768119216024309	0.0078913165017824	0.00987692655803435	0.00757549530336012	0.00600638054917684	0.00651642212750527	0.0129478971750351	0.00945838763655074	0.007419980358993	0.00366455964804899	0.00207592573851414	0.0113232758926184	0.00152000125267395	-0.00522796372308347	-0.0010080722269745	0.00852502451969319	0.0134887071918518	0.00854102754711699
755.831	-0.0100902026708483	-0.0147132661600394	-0.00782977682279974	-0.00450702058379302	-0.00913633879759364	-0.00722813787938079	-0.00951681847454507	-0.00269737877620544	-0.00317298666999569	-0.00169132352264524	-0.00340811125981066	-0.00606172851027646	-0.00491802319356795	-6.41346546145009E-4	7.90009956008492E-4	-0.00509120347917234	-0.00533060261416989	0.00181169579289301	-0.00732296491165262	-0.00517492509840726	-0.00654944244694259	-0.0039867892320133	-0.00678412239750601	-0.00624721085494781	0.00242350128373114	-0.00508265698875198	-0.00196670099236578	-0.00504269255155835	-0.00634425598021167	-0.00419143260429878	0.00105475668392631	-0.00204740157172316	-0.004976587664974	-0.00582862205241577	-0.00327425270086905	-0.00134503100402308	-0.005869338531144	-0.00365887710931009	-0.00173898867680154	5.72350351855472E-4	-0.00141029563264779	-0.00271153022631511	-0.00657704009977624	-0.00257295975606013	-5.4711042364478E-4	-0.00161988519290973	-0.00221896182072253	-0.00497986194295377	-0.00754644419799901	-0.00168178119836745	-0.00394719020238096	-0.00144321539877422	-6.246756379084E-4	-0.00174947141104119	-0.00274378567054583	-0.00564470462543793	0.00205425638994227	-0.00312808579728173	-0.00218763333638047	-0.00403872849163996	-1.97820124722802E-4	-0.00345306648471283	-1.90116528472702E-4	-0.0029565955290988	-0.00358575364599506	-0.00115432983604711	-0.00220921714509063	9.99296120748958E-4	-7.48946479858685E-4	-0.00124563466514112	0.00144303113973947	3.81465103236808E-4	9.61044639263626E-4	5.31111372022971E-5	-6.66128317329436E-4	-2.00624101486688E-4	-0.00280967946627111	-0.00270296276282159	-0.00127792137837591	-0.00158006255437032	-1.81619374243925E-4	-0.00151770952537751	-7.85804905260129E-4	-4.69180837258343E-4	-0.00237090414577789	2.85617009494912E-4	-3.14263610507362E-4	-0.00119687649133982	-0.00113129200002598	8.83672827091387E-4	-8.98549986780023E-4	2.47168424886433E-4	-4.4627270234615E-4	-5.7243562631479E-4	2.98364973096382E-4	-0.0010372982926162	-0.00107831333417731	-3.09397086835481E-4	-3.02565654101904E-4	-0.00163192086870951	-5.49652673550575E-4	-8.86829367004375E-4	-1.56416873610177E-4	9.59609445893105E-4	2.64179618276014E-4	5.26646879094962E-4	5.16162946948676E-4	4.84982029256117E-4	1.2337088374349E-4	0.0015979620820286	3.14576539567455E-4	2.8917287574792E-4	0.00111761828612212	5.18187949642804E-4	3.05406554711202E-4	4.01681486904569E-4	0.00124120755336318	5.89906582758122E-4	9.60264603731748E-4	0.00112279128036332	6.60380421404279E-4	9.1312320742538E-4	3.10371685324028E-4	7.34707696048913E-4	6.63740488345373E-4	8.20845627733994E-4	0.0015163922774825	0.00119259732276287	3.79771581567125E-4	0.0013606998198187	5.25186504496319E-4	4.13429378054688E-4	7.8883173723695E-4	0.00187580337441834	-2.38937072156616E-5	8.72637669122125E-4	0.0014291347976753	0.00110373605588431	5.25408691205391E-4	0.0016663103056837	8.12567625305043E-4	0.00111069695634555	0.00185774635115241	7.5161614816392E-4	0.00116892900463316	0.00137075191174154	0.0022880953111593	7.5206612797898E-4	0.0023092199505989	0.00185761529572408	0.00181231780533841	0.00155082469310786	7.82894697984046E-4	0.00155863413611698	0.00252609057130489	0.0024530661024714	0.0028324371477067	0	0	0	0	0	0	0	0	0	0	0.00265128985712355	0.00274511033565545	0.00268996295492513	0.00386407683749703	0.00287370611226612	0.00393069509376143	0.00223978851689401	0.00461936477683479	0.00378066128312716	0.00338269312800084	0.00260214685297066	0.00413439311194688	0.00480655448111235	0.00361681182378072	0.00416096946618115	0.00399887560352118	0.00548118381710432	0.00428835706378758	0.0037320823005189	0.00489971345260387	0.00462996811951585	0.00487552036894099	0.00555537168052278	0.00461927082277702	0.00526288454502319	0.00501586757555471	0.00545467884422602	0.00452248283264823	0.00373720268288576	0.00708536362029237	0.00446503916366703	0.00621804348936974	0.00615614436606419	0.00626770346462509	0.00517695090094087	0.00572582369902166	0.00561369756628182	0.00668499241040051	0.00821329618455685	0.00430472593215721	0.00444020928051295	0.00317678846304148	0.00641128509302841	0.00754615114705731	0.00430206278153892	0.00432937859355906	0.00647916773780986	0.00485776238851179	0.00720705590138693	0.00317034585023542	0.0070072949225756	0.00507872045496376	0.00417034425599595	0.00213274451639126	0.00491218389131621	0.0105224704280736	0.0090305210911029	0.0106757398835596	0.015406452854847	0.0161755100586264	0.00536952383564868	0.00152250162261834	0.00924806961768695	-0.00270400019945916	-0.00715392976169211	-5.07329103148231E-4	-0.0106126238255635	-0.0145948259522288	0.00391663761236863
760.59	0.00662618040466992	0.0088413300678323	0.00170344157655085	0.0120908955464206	0.0039816014224341	-0.00277686215027471	0.00726566443154281	0.0100141305025522	0.00427833574202208	-0.00155679804849097	0.0137895247299117	0.00707761290603834	1.70400194916268E-4	0.00394651803469204	-9.65136802313348E-4	0.00728449027165787	0.00327786096878192	-0.00354622605200861	0.0108674121207499	0.00575727170782848	0.00104610634214419	0.00160696019709023	0.00227148776390263	0.0027250847360524	0.00887676752363828	0.00456890819183656	0.00428543052635545	0.00629641853077538	0.00887258136075835	0.00405522600662934	0.00694745835425029	0.00303138631097927	0.0045325001083969	0.00619007935112829	0.00292204974203545	0.00275947373892375	0.00528853875544506	0.00121644912294989	0.00128819737854701	0.00584675312891425	0.00645822444785996	0.00411214951478251	0.00246709198574451	0.00254344324869712	8.41738424384107E-4	0.00497905784424368	0.00345529625961555	0.00125494361612682	0.00378194411147701	0.00732336036022095	0.0063204603362477	0.00197500571623583	4.00361784370716E-4	0.00436503189555166	0.00235515421157929	0.00385537242432459	0.0041362769449373	0.00121186232329408	0.00189195989135212	0.00262127207932196	0.00108650203939788	0.00120061873142829	0.00406712663954585	0.00244934385546208	0.00196266583323368	0.00149291056628496	0.00201851479457289	0.00415199379931981	2.95783831729917E-4	0.00388442361773791	0.00357993530260269	0.00256290529300185	0.00185818725181549	8.57583726956923E-4	0.00309937659403086	0.00314464794920468	-7.56551305303311E-4	0.002027813574954	0.00291132953048437	0.00195280763959626	6.55212289211607E-4	9.61324081689599E-4	0.00250737237304004	0.00288410463281014	0.00166234289536128	7.495538070811E-4	0.0028393027367176	0.00142603826657424	0.00297462834635591	1.51174098863357E-4	0.00280332512893157	0.00111769189045367	6.00796897184667E-4	0.00189920120812358	0.00220260829254697	0.00236009279431524	0.00279508694791841	-1.58079448625378E-4	0.00127328004090483	0.00291853780510585	0.00326052048605864	9.37008116730878E-4	7.47586802438552E-4	0.00151144771045641	0.00139992137092686	0.00142030007068988	0.00182460944627644	0.00140001564954504	0.00189489168958173	0.00199931691409208	0.00158560179157063	0.00202960993197082	0.00160546423264314	0.00144214137710977	0.00144333249272979	0.00161430653697702	0.00198502340640747	0.0015088134395102	0.00130456976866293	0.00168447415682959	0.0019910125846252	0.00179379062303401	0.00238859171131446	0.00156469493265235	0.00284294080944832	0.00221298251401703	0.00302205402317404	0.00189679383548722	0.00220989458257088	0.00183060240303129	0.00219977813183906	0.0030365569945702	0.00205716604943914	0.00133219573045445	0.00175887201436304	0.00235577746398208	0.00171068226258053	0.00256085627720546	0.00266027412145923	0.00299137115414413	0.00251719613344841	0.00298436333561843	0.00297728388782572	0.00330052479598258	0.0026846907027503	0.0029559023787418	0.00328577893369749	0.00313934150611963	0.00402165526288623	0.00262670707986289	0.00176798887564181	0.00320113355010671	0.00297189647953363	0.00282051397701738	0.00341103493414167	0	0	0	0	0	0	0	0	0	0	0.00487879675600668	0.00251854638935719	0.00395674118184954	0.00437976339350314	0.00315847165585571	0.00516576896303102	0.0053816526772471	0.00440151219093009	0.00493722721822171	0.00392028183185877	0.004710794823431	0.00497573176207406	0.00525013963478649	0.00506901935029695	0.00523950150329198	0.00601038323369098	0.00568013138645398	0.00537488722725594	0.0056404850311779	0.00652462500993257	0.00646766706568851	0.00681214952704849	0.00693469221300523	0.00665515597389647	0.00699196124302766	0.0049696208364523	0.00783796732709723	0.00641937602040811	0.00794250001177463	0.00681589033074984	0.00821769820833644	0.00818517117330683	0.00933931520684594	0.00775381693120317	0.0066399569285965	0.00823801452406267	0.00880245681133313	0.00860630710923829	0.0090759805216816	0.00774878229812378	0.00877949779627101	0.0112635977671684	0.00997454774016593	0.00849578288416345	0.0111359833379797	0.0111671286615356	0.0107440607599533	0.0104368273816225	0.0127601872780088	0.0155374969037846	0.00747339923148675	0.00954023320903613	0.0149744479158014	0.0137108282488378	0.0129127457373763	0.0108938314160574	0.00782270887461822	0.0186256209071446	0.0248076918399811	0.0191664507556948	0.0196549406905512	0.0189950912592976	0.0181287358231629	0.0214491883878091	0.0192668619281595	0.0322399812265768	0.0343570822849598	0.0460010001161889	0.0378082443697111	0.0354375865211304	0.0629240306933713
765.351	-0.0188667866567764	-0.0137456585618511	-0.00123399399319242	-0.00134291464716406	0.00344013887250482	-0.00508350153651042	-0.0059502339906523	-0.00597284085618895	0.00295791662861828	-0.00932421263959618	-0.00887309670433103	-0.00824773603053799	-0.00307871771856557	-0.00317613932103351	-0.00245758781844932	-1.55400031273412E-4	-0.0044403205012304	-0.00361197360338526	-0.00762921495122263	-0.00169047204646478	-0.00454672068808528	-0.00549043857772329	-0.00461483089143277	-0.00138516211245473	-0.00597507319607962	-0.00116196287717363	-0.0038420066857466	0.00115112104428796	-8.89986125970344E-4	-0.00574211579144862	-0.00804188475616988	-0.00379212033046131	-0.00218912347625453	-0.00303564112987649	3.29813233817726E-4	-8.62329903459545E-4	-4.21860393471776E-4	-0.0018552625744991	-0.00140984101853282	6.9304004041566E-4	-0.00176467495085738	-0.00146260340344704	7.72197521603084E-4	-0.0041176435050493	-0.00274959647397813	-0.0027193690082452	-5.54276661423372E-4	-0.00118111658811549	-0.00232178588282164	6.14959224412502E-4	-0.00342660534508717	5.85765915749469E-4	-0.00122138160538446	-0.0012688746844658	7.72759920974204E-5	-0.00158344796181658	0.00177280839728135	-0.00420137738888489	-9.2541271956795E-4	-0.00203640959464704	-0.0015871619803001	-0.0016966626994527	-7.32534588095186E-4	-0.00163812777215443	-0.00186753103801363	4.42969667376211E-4	-0.00118245524729769	-0.00208087605806676	0.00162257059535464	3.53809877555061E-4	8.67400215227271E-4	-0.00141713635457964	-8.89353678347873E-4	2.72659743449527E-4	0.00139041699282332	2.61954650360067E-4	-0.00159130760829991	-5.02652764805129E-4	-5.92344278361092E-4	-0.00174338252014205	-3.80207429527204E-4	1.87135714448073E-4	-0.00122891890406328	-4.00339755220024E-4	3.90348955648734E-4	-0.00109886270574848	-5.77092611713929E-4	-3.21501528307201E-4	0.00184659051885957	-4.21570583084675E-4	4.12854133900075E-4	5.86662575287398E-4	4.31575466874177E-4	7.02792028151376E-4	3.79940335414016E-4	-2.36352704559313E-4	-9.85462769288218E-5	0.00171200823785651	-5.67239917949811E-4	9.28398109612903E-4	-4.81561821711026E-4	-5.19391083808219E-4	8.14771320050278E-5	5.63902775594672E-4	5.25025439021748E-4	3.73996491229133E-4	3.90864464738269E-4	2.98563740417336E-4	-1.28521009304674E-4	3.49512600185737E-4	6.53651320947518E-4	1.00737322556002E-4	4.69218710954166E-4	0.00102854257312474	5.29789160272324E-4	3.90454996989661E-4	4.98253796683462E-4	0.00107428626171819	8.21306220264275E-4	3.85459624012939E-4	0.00149230550675119	4.48198107907082E-4	0.00116574164681542	0.0012092005768753	1.34055680782414E-4	0.00113829549834228	0.00118719411113948	7.17360799953303E-4	8.15660246858565E-4	0.00197272911923657	1.64897549864602E-4	0.00123568386276997	6.09536540203347E-4	5.21383791382812E-4	3.57913054657951E-4	0.00103532803557452	0.00214332388444667	8.94356751243545E-4	0.00101542950173156	0.00114848351616899	0.00237967421056421	0.00204149946687043	0.00117805181203072	9.55757681629226E-4	6.53190710307822E-4	0.00103302036867956	0.00244523234966498	0.00162841428860434	9.37932897260715E-4	0.00162868034030186	0.00314593720146757	0.00208418202023878	0.00296473800179012	0.00165311797432945	0	0	0	0	0	0	0	0	0	0	0.00277325294148343	0.00202752523957915	0.00201892036335668	0.00154865179469457	0.00314239654696297	0.00233931501839181	0.00223063800410765	0.00283980736625825	0.00250759693322358	0.00325442624935711	0.00398811243914956	0.00393762848726469	0.00380971770567891	0.00371026983745111	0.00337624927334894	0.00476469075952386	0.00412228184567445	0.00408397408443758	0.00566582697349023	0.00498462454485805	0.00488141349667966	0.00541669792219153	0.00412708669691212	0.00579294300566096	0.00494554170687106	0.00401661875346402	0.0067633284786344	0.00469887099528627	0.00642128823082261	0.00505434667656147	0.00644390843471115	0.00554835059702728	0.0039866522151206	0.00545907497251135	0.00581293196034637	0.00457497130746144	0.0055586952176312	0.00571154489851624	0.00638923043082885	0.00447056210632314	0.00598895320152587	0.00559641667578124	0.00635378368446948	0.0083461137324513	0.00584692712029354	0.00465398959609018	0.00557381597130171	0.00531589187212109	0.00933139690272572	0.00785996075791736	0.00460793662061298	0.00646139053839464	0.00830464520390798	0.00253838690034362	0.0110219737760352	0.00771361402726064	0.0049583852692702	0.00809991538712234	0.00407504177287601	0.00801244097828831	-0.00232963892159205	0.00637946272258777	0.00297883316254051	0.00140058063276972	0.00789919469638658	0.00783745521951151	0.00729537729456074	-0.00371496429192358	0.0130628620552936	0.0202100909883125	0.00961151278256306	-0.0477408645816299
770.113	-0.00409631380074163	-0.00240440785343163	0.0130263305409761	9.07165826886898E-4	-0.00368942717450675	9.58750344435228E-4	0.00876786032359634	-0.00142075871211988	0.0012379427217872	-0.00231497627504212	0.0046801135895222	0.00658232917822577	5.23297986724323E-4	1.70931430065015E-4	0.00497901865588879	4.98824543262423E-4	0.00129027026114254	9.5756442457437E-4	-9.44313867738955E-4	0.00234838439744644	-6.11389678497695E-4	0.00195688974045433	0.00175983579169831	0.00420841197151994	-0.00336094895092724	0.0024887642355432	0.00117038116263947	0.00103842494883686	1.30859691067718E-4	0.00721006677466373	0.00247209315989846	-0.00215926267264927	-0.00350015811271932	0.00467514569543168	-1.08386325339692E-4	0.00295347120002842	0.00235480218653178	-0.00156473290161238	-8.13913782702248E-4	-0.00180544498596944	-2.96420363982801E-4	1.00887592961352E-6	-0.00293162840331352	9.71661047816537E-4	9.62451987817792E-4	0.00133096683152438	-4.65852419226466E-4	0.00110878917624012	-0.00135417813419367	0.00310809821814584	-0.00182174120174395	-0.00169300132745574	-0.00164946014261936	-9.63646963839634E-4	-0.0028165290731433	9.17944227478273E-4	0.00217016082633703	3.67843779890682E-4	8.66541689819086E-4	-0.00184644968868818	0.00251714525485364	9.62172719023869E-4	0.00209664321798046	9.30273179636422E-4	4.71161531146835E-7	0.00121795705631838	0.00119812686445451	6.82391815663517E-4	-0.00255629851754602	-0.00107520302297852	0.00181566664695275	0.00137867918988754	-3.93986687531378E-4	-0.00132388794618952	0.00189485618825455	-0.0012203208154947	3.13287934703322E-4	-9.1642494946359E-4	0.00174954697563886	8.83656095413781E-4	0.00134898736664409	8.96529836678668E-4	-1.83743131463704E-4	4.96088648537215E-4	2.21096614538167E-4	-2.13238388829039E-4	0.00117138242049682	0.00187734773438005	0.00179130784892711	7.38511284609506E-4	-3.02177221095536E-4	3.69338428996834E-5	-1.07482681908056E-4	-8.51453711067017E-4	2.10702601797958E-4	-3.41784387437544E-4	0.00221106886216926	6.55500549281906E-4	0.0011535683770888	3.20977438770569E-5	0.00122229326855454	2.53703115063327E-7	-8.80410913506384E-4	8.30559576174563E-4	0.00149358439537369	1.5136071172368E-4	9.65123995236448E-4	5.58235002602927E-4	0.00110656642090724	0.00118658268995115	5.17658366418117E-4	9.54765784439027E-4	0.00148322743684455	0.00126406759241826	9.50651775730671E-4	0.00115632371933469	7.50276052352539E-4	0.00134264037277908	9.51669796302122E-4	0.00163748929270482	0.00120057711442709	2.47176210540259E-4	0.00124138106044562	0.00101110459936385	6.9980636499507E-4	0.00108068454164842	9.95598495381874E-4	7.55101379379653E-4	0.00128186366300676	0.00104237144609192	-8.14675523544579E-5	8.98433316193544E-4	0.00144931643962733	0.00139900680449652	0.00168276323501089	0.00181547559615115	8.18321542985258E-4	0.0020956124598642	7.65291051281658E-4	0.00205550898120418	8.56763381548602E-4	0.00177007988452221	0.00255685868972502	0.00178905748727225	0.00201514814597485	0.00215394633463155	0.00250822775047605	0.00184012783059428	0.00186791384246047	0.00183593739835078	0.00230733082855779	0.00312179952690031	0.00250338944865065	0	0	0	0	0	0	0	0	0	0	0.00359724503789566	0.00249189363760411	0.00265952319100413	0.00290964030138926	0.00206558082600813	0.00261000851064398	0.00315069948713182	0.00337602146229398	0.00388739077406583	0.00272227882285641	0.0037642419484121	0.00318001675893831	0.00354252125724343	0.00451950914330659	0.00588993148969784	0.00452421479133795	0.00499054803379015	0.0048669244712553	0.00520631993412264	0.00499331024436274	0.00431537554094375	0.00506566094261764	0.00468137241156841	0.00606291195543764	0.00511475699194157	0.00601858954268586	0.0036212240664316	0.00522740431782011	0.00775276417183371	0.00690902848083488	0.00642826338154333	0.00713827716812263	0.00503455734375518	0.00463833203766766	0.00520235618350995	0.00668664890952512	0.00662520418995552	0.00701556945864048	0.00666528614321641	0.00522629575041782	0.00751346417620929	0.00622330845619835	0.00555975928610115	0.00402406676955748	0.00681286997159788	0.00553837212418328	0.00888049881538442	0.00615235774005378	0.00983792299651273	0.00643925864334536	0.00977613771533093	0.00814571939239673	0.00895121356131951	0.01043954923676	0.00878730995275915	0.00809245751719813	0.00525484717550857	0.0132090175750761	0.00821262276231555	0.0133262775674032	0.014110070691751	0.00869606582738921	0.0153532704575196	0.0168127097792436	0.00595322217213215	0.020500684755349	0.0061496999610755	0.0172347880720237	0.0108667766391127	0.0143405854629826	0.00860849933523334	-0.00322904914291688	0.0216242412457761
774.875	-0.00420056048912753	0.0134757965420372	-0.00462609929108366	0.0107027197236097	-0.00105304432986616	0.00724820613209812	-7.50919900129372E-4	0.00201085538650282	0.00905160254876911	3.63944243731954E-4	0.00111036831448518	0.00638850343982009	1.73825944678903E-4	0.00139061061207833	8.51065833268485E-4	-4.96016645553177E-4	-4.97536709199583E-4	0.00424552399889722	-0.00291488294796427	2.00308451330242E-6	-0.00315476486048291	0.0054043436896199	0.00164904883962079	-0.0012959114900051	0.0026249828713315	0.0014779599554557	0.00253113762497707	0.00146443268413668	0.00383620790002507	0.00324778633864568	-0.00139312247505463	0.00209505896372637	0.00216009279297181	0.00467874328726433	-2.27039972762095E-4	-5.61725386920555E-4	8.81222126833126E-4	0.00278626067602321	-0.00157124180874914	0.00164864182612902	2.03427030962535E-4	-8.10760721455473E-4	-0.0014041087699831	0.00348689879109131	-8.85341540476672E-4	-0.00234098972679862	2.89594724870961E-4	0.00208317653229866	0.00353408847487565	-4.55757654191326E-4	0.00312274262305538	0.00200202898892783	-0.0016947152044731	0.00561001686192861	0.00144701319631989	0.00148984965497198	6.92727255595421E-4	0.00301421943311948	9.63222808482687E-4	0.00233117908320873	-8.61131732208675E-4	-1.41263348874277E-4	8.32614964377712E-4	-0.0015687775228131	0.00355106028629198	0.002436061844079	-6.47344335743802E-4	0.00286606185963352	0.00312675219423449	9.20443510953769E-4	7.82381380498011E-4	0.00159172199445479	1.15793962240536E-4	0.00175597272212711	0.00111243862417444	0.00103672961126492	0.00299259069368576	7.33111598627237E-4	0.00128287100858406	-4.0296800792574E-4	1.49559822211165E-4	-7.26572593157765E-4	2.36718438809611E-4	9.24592539663406E-4	4.51284905170062E-4	0.00109996795415324	6.42958372839564E-4	0.00150753305657586	0.00175778895550227	2.39591546290051E-4	2.34617892627689E-4	0.00362109612565429	0.0012315174482395	-0.00142418570146622	1.44416615289477E-4	6.33395874973056E-4	5.50429356458144E-4	-2.6850588943763E-4	-8.86296422195882E-4	0.00141609583380264	3.44690769052604E-4	0.0014419059231656	8.47773905122072E-4	1.86808053376237E-4	4.68010164455505E-4	0.00147682662417231	4.57322579341379E-4	8.84566503125453E-4	0.00104736953914479	6.84072865155941E-4	9.98544053237128E-4	0.00162663515599169	0.00105467380846317	7.19435512332334E-4	0.00187378569193902	0.00131740130026796	6.72430457326319E-4	9.86762387399713E-4	0.00100891328664957	0.00144969846692918	0.00157080646470208	9.09436519991146E-4	0.00148323050178424	-1.97462567975326E-4	0.00173617124897653	0.00155461538211766	0.00147872001841516	0.00131972697976844	0.00230862954865431	0.00109976147167295	0.00195832743554495	0.00111816130946501	0.00129519524213233	0.00214077109150342	0.0019941882862233	0.00188980675719935	0.00194134400129169	0.00199286603898704	0.00102940508874461	0.00100072181096729	0.00149142756101429	0.00321399159125697	0.00137141749073632	0.00319193878792442	0.00206908187053127	0.00218059966620075	7.0858066131721E-4	0.00166188832480563	0.00204787360168459	0.00271577325787782	0.00143472788449841	0.00360171742340398	0	0	0	0	0	0	0	0	0	0	0.00277652919988086	0.00295564167906918	0.00269541359839888	0.00254155736530995	0.00185783323793277	0.0032212457680595	0.00340286579631335	0.00334293134769765	0.00256033491153527	0.00298112449974444	0.00330100175520897	0.00466579467324024	0.00342646551283628	0.00285729928209915	0.00472350157219649	0.00427061037309691	0.00384470661249659	0.00492926556431553	0.00460073157646235	0.00534676040285279	0.00551136484687416	0.0055778133275221	0.00603796876742734	0.00445767690569145	0.00589945172393788	0.00572380733601354	0.00566298337941078	0.00460333746983367	0.00696393968721224	0.00614787573517425	0.00717156043609471	0.00683278246231676	0.00709634434822932	0.00685435937867788	0.00562483433559558	0.0066464085249183	0.00643553408112845	0.00627056376470422	0.00601213430228202	0.00741550610141572	0.00728681294654163	0.00398737482980673	0.00697703465696066	0.00772505348229159	0.00991433139701873	0.00587259343612989	0.00998296201956707	0.0079982201541664	0.00631884213875634	0.00537160842393301	0.00736238974370395	0.0116389360926224	0.011745924942291	0.00583366633805051	0.00853610638084821	0.0101257133426218	0.0081923848756004	0.0146694443112352	0.00747037682731817	0.0175892603585715	0.00766868336813466	0.00688376048703106	0.00710564245269833	0.014168884892731	0.00850204688485603	0.00755975168272452	0.0118468916177647	0.0122475881481974	0.0176993142547046	0.00970404446040397	0.00113978155017014	0.0250942095399151	0.0208514711861616	0.0232798199833167
779.639	-0.00228119616252081	5.55324242122311E-4	-0.00183577906912979	-0.00639480258221817	-4.61207543630689E-6	0.0037874688202377	-0.0034393861788902	-0.00260462403051915	-0.00589566372564598	0.00353784780783721	-0.00413901561802005	-0.0122650929091816	0.00561050712510384	-0.00513381734076898	0.00416667158923343	0.00101921815006284	-0.00252053952347299	0.00498532691816972	1.6574353920428E-4	6.51820816796107E-4	-0.00112790231288375	-0.00628746572529054	-0.00351194585600557	-0.00513283371648678	-0.00337546455793843	-0.00205225765325464	-0.00298540227820652	-0.00271495166757026	0.00134533449725742	-0.00370567095054133	-0.0060639837872891	-0.00150430527656349	0.00536829397687461	0.00273829463689708	-0.00443079289799378	-0.00308880347844072	-0.00335109302148609	-0.00556486144990089	-0.00266570016380075	-0.00262288131107533	-0.00321767995933317	0.00267859792829385	0.00133014401396142	-1.35335299053517E-6	-0.00201121687483434	0.00188623727705809	-0.00342777610233256	-0.00183299883623393	0.00151008787576018	-0.00120667355034334	3.6285709271873E-4	-0.0011512359998767	-0.00414043037943815	0.0014275894216364	-0.00147229511166324	-0.00191556492296784	7.63021866239734E-5	0.00160923795298617	-0.00150942566959748	-8.91991767811242E-4	8.7680294755975E-4	-0.00143718409833806	5.65485433716113E-4	-0.00374811721048769	-6.13468885477412E-4	-8.04215615955452E-4	6.53827148341088E-5	6.50960212354937E-5	-4.45728481130823E-4	6.24570891066304E-4	-0.00159186002683916	2.67806838541973E-7	-0.0021785179424308	-9.23346737849154E-4	-0.00113112499448059	-7.22545696360011E-4	-0.00299184070064911	-0.0013842186421321	-0.00177732269598535	-0.00194871969925585	9.06115228397583E-4	7.38145065909336E-4	-0.00236203052103002	-1.41687286777584E-4	-3.67347032257431E-4	-3.14398749211542E-4	6.9802184015766E-4	3.40201341832015E-4	-6.65699101318086E-4	4.46987397315324E-4	-1.19588740851118E-4	-0.00248369443778781	3.03418806223426E-4	-2.59639273112709E-4	-8.03624937259612E-4	6.79854775813803E-4	0.00161076139304736	2.73791353994804E-4	-7.35858237148878E-4	1.9636629962454E-4	-6.0559188209268E-4	9.16890546822273E-4	6.61538509703984E-4	5.69775519133597E-4	5.55590733736654E-4	0.00134428703442848	5.94517790166531E-4	5.59532085035356E-4	6.12418120562407E-4	8.70666308695265E-4	-1.29410563194085E-4	4.45599290377998E-4	6.1626284709454E-4	7.14269373145691E-4	5.28802609583033E-4	9.28223621583733E-4	8.41163104342132E-4	7.68116578274461E-4	2.52917557469343E-4	4.23574878849871E-4	0.00116207652366494	1.97134125520234E-4	4.90265720364633E-4	-2.01434294826038E-4	-1.40199016967962E-4	0.00127943444161245	0.00109428023452671	4.96113798759949E-4	8.92531751255863E-4	0.00144146851874624	0.00135762034121004	9.95638975024944E-4	8.97394851668655E-4	0.00146123975659023	5.6828957873847E-4	9.35107850026188E-4	6.67197222700328E-4	0.0012163350588974	1.11237929176163E-4	0.00209173556392116	9.75293763753441E-4	9.38796901128915E-4	0.00112865511215354	0.00162465364924121	0.00116330892321247	0.00221906853741681	0.00213025301050228	0.00162451720996878	0.00277692882319526	0.00211370039953938	0.00206240633660664	0	0	0	0	0	0	0	0	0	0	0.0012083352001412	0.00226638948343677	0.00155985047149724	0.00290806879663019	0.00195400118588791	0.0021651977468352	0.00245930482862178	0.00297282911722994	0.00244982646497501	0.00295884376973055	0.00281754503583277	0.00335965265862817	0.00350080092389596	0.00340590825717083	0.00469089843194764	0.00381364872663942	0.00448592308074951	0.0044760303514463	0.0043046904399817	0.00358441690352554	0.00514800253525414	0.00437994053576069	0.00506346818343519	0.00359336410209468	0.00492560406378618	0.00567052360815034	0.00507198472624702	0.00467461420364489	0.00457719278013878	0.00616534956671827	0.00640825478992181	0.00595481248751135	0.00586079905661283	0.00670405721369815	0.00424371079391038	0.00593393752434516	0.00650771075924867	0.0076933301207725	0.0050240990287827	0.00574564177929311	0.00716073970912256	0.00436081509200421	0.00530521130107417	0.0101296522213838	0.00643829073293681	0.00744815902544064	0.0074398641109762	0.00585145198489433	0.00692573826832866	0.00688515429422928	0.00434150894334542	0.00945547080720348	0.00841159251504067	0.00487824604401544	0.0077469383288787	0.00476795383205211	0.0081784032772225	0.00107517461639057	0.00957246218989738	0.0133913821952056	0.0100848092744035	0.0150907694246546	0.00498128783382889	0.00846387756697837	0.00302948454847253	0.00629707265062671	-0.00650467844287706	0.00870227647783951	0.00339451205338651	-0.00471179551340045	0.0133180711094053	0.00922938156182845	-0.0151772101533126	0.00338774085422497	-0.00969030981265559
784.404	-0.00290273884003639	0.0105119433139284	5.31271449149198E-4	0.0125057601809557	0.00283047601437009	6.09729377711755E-4	0.0100804719606786	0.00264617717060603	0.00430513144084044	-3.80457061030092E-4	5.72253941951027E-4	0.00566364574968446	0.00772150214465578	7.19547138242324E-4	0.00722569830071744	-0.0018996195824102	0.00460318291757919	0.00135055232778889	-8.36199775144334E-4	0.00347945267513887	0.00326172613764747	0.00239556224876948	0.00620623269080197	0.00565716696007123	0.0071388716264364	0.00194247267444687	0.00165607418288764	0.0057831714397901	-5.46962337529137E-4	0.00147884209294328	0.00209978232342925	-0.00140210524381425	0.00458375700845005	0.0012100885097527	0.00260621043461533	0.00533892878390994	0.00261083700008823	-3.33008867823512E-4	0.00335955836159129	0.00266529029329412	0.00590329363495642	0.00209451542984748	-0.00103678370197601	0.00277993102523906	0.00387773787829379	0.00493989165434463	1.00055597381019E-4	-0.00146795763884647	0.00144285407029872	-0.0019782433334206	-4.60301440165497E-4	0.00251883512446718	9.63952708477328E-4	0.0034957805647817	0.00332340971287931	-0.00251444135399265	0.00468199260032942	-0.00101153671648782	-3.836014398851E-4	0.00460201308082707	0.00148505307583738	-0.00116751303637765	0.0012196884825914	-0.00183061972349787	0.0036006651898134	0.00272183206522625	-0.00106996001872005	7.23806357745498E-4	1.93779999592839E-4	-2.53566309267987E-4	0.00217570543314194	-0.0025592165252566	0.00197303477275259	0.00257740052550439	0.00183826738449469	0.00101608238263088	0.00105022701094811	0.00102770883011652	0.00180388980712625	0.00177120748041732	8.69802489842909E-4	0.00155113693934343	0.00156691435316016	7.64913205658008E-4	0.00139855037182874	0.001000723190687	-6.64788813090898E-4	0.00160067348241297	0.00130973190892854	6.5984287573648E-4	0.00137137299510118	0.00169386047074481	5.40817226877213E-4	0.00132222567359891	0.00100153759174523	0.00145440876213179	0.00103076286343223	0.00107716116479882	0.00118811878391646	9.97747948139529E-4	0.00132970603499593	0.00145955512295595	7.59374044536682E-4	0.00148784776824338	0.00179865142008873	0.00163314867697994	7.61352114353779E-4	2.46952048419743E-4	6.44876295990187E-4	3.091463503836E-4	8.3465485206916E-4	0.00144413422448775	0.0010296674781067	2.90135521328754E-4	3.90767351201411E-4	6.58322210552577E-4	5.9385088310947E-4	0.00147018729082773	2.89185073513131E-4	0.00206576961928272	9.78534724658243E-4	0.00136112337547217	8.43042691636971E-4	0.00177863736678201	0.00193809155802945	0.00178426590134802	0.00197336263512702	0.00148168357856038	9.06504318376581E-4	0.0017622214148435	0.00129101748061621	9.2446652562651E-4	0.00167993158574167	0.00159613624844711	0.00222556074289337	7.33619802494489E-4	0.0016268307027202	0.00109793291393039	0.00117575119928666	0.00206620550925215	0.00123924421178013	0.00158934255512579	0.00289465637224706	0.00227224743059686	0.00194711413994717	0.00346129497963925	0.0023296482808759	0.00316478647489838	0.00490257900097263	0	0	0	0	0	0	0	0	0	0	0.00363028705076305	0.00189649922953926	0.003024427808537	0.00201727534325402	0.00299793355558101	0.00292492031248142	0.00195586344003487	0.00328316498375306	0.00393981351160343	0.00329559152964341	0.00409046364889932	0.00325266422589286	0.00398879517764259	0.00426467925207078	0.00377506406808498	0.00470323721288831	0.00554252787979558	0.00454622587877208	0.00492309032535677	0.00463093459295839	0.00408113803493121	0.00413842129288973	0.00600357907243876	0.00606124064142077	0.00563981774954505	0.0045446679934024	0.00523218359878893	0.00494543281133935	0.00518492413216747	0.00699372355729794	0.0055626738923623	0.00491091803425137	0.00616244597935156	0.00550067001646151	0.00515735338979909	0.00668580429388664	0.0080785657895497	0.006916162692731	0.00782533153036268	0.00629469960593907	0.00716983801176004	0.00749343926114327	0.00687855465139067	0.00686992489058024	0.00744611406901852	0.00770500329129228	0.00705859436129492	0.00786835851171851	0.00690667166604582	0.00437472718753373	0.0102219383854746	0.0101401713186603	0.00726276471499635	0.0104644440230723	0.012578507929651	0.00718679739536908	0.00990804846238194	0.00968254908273077	0.0104648799755166	0.00943638074863225	0.0159432269153436	0.0138838139204513	0.0110003981438357	0.00656604683872598	0.0110402105380986	0.0161328973045731	0.0177110540036281	0.00692975249457377	0.0171252977956115	0.0159769757163825	0.0149383698225084	0.0169832387053764	0.0380811880905103	0.00994808528753673	0.0189397440560632	-0.00172669103251983	-0.0491435182199839
789.169	0.00381151314052954	-0.00889682453011028	0.00885457973938826	0.00874185095069985	-0.00505338124221364	0.00307216434473454	0.00606736380663102	0.00457573151398014	-0.00188458427624194	0.00573234304718344	0.00770871022279501	0.00571739060156742	-5.53679546391179E-4	0.00181630329010286	8.92862281551088E-4	0.00438249250516189	0.00689519770508033	0.012622630601915	0.00490421517122555	3.40535616118418E-4	0.00280326926934012	0.00918550632229803	0.00689638438171739	0.00120326037008964	0.00158692491850263	0.00532911714674491	-0.00180803254743876	0.00528617038065641	0.00634894666067302	0.00338859455958044	0.00515839643323202	0.00115834850261358	0.00625554819432165	0.00427750343125094	-8.36773248991259E-4	0.00374975466142649	0.00229271086173391	0.00223734996590019	0.00393936175431387	0.00408935147752193	0.00415393045445832	-3.12827843838214E-4	0.00283006989829151	0.00311975250708083	0.0010301212690036	0.00468390858955786	0.00482169841247905	6.93124522796061E-4	0.00271902982670703	5.73299265422245E-4	0.00102548675928972	-0.00127075224084498	0.00309522509511996	0.00370243326998773	0.00218097911098321	-0.00376524179320056	0.00256532043528793	0.00440532517329678	0.00162547714122059	0.00266643051775866	0.00621880036981171	0.00103147546529995	4.36390661413417E-4	0.00149436344320551	0.00314593923129435	0.00151147990637779	0.00101329802961064	5.97913129521857E-4	0.00326281252132141	0.00281756381397573	0.00307568563285292	6.25375977346895E-5	0.00144882707224822	0.00195280396732668	2.33223022224526E-4	3.99523930854194E-4	-1.09871055476159E-4	0.00212984510368452	-6.95984756884697E-4	0.00226128587688409	0.001032654619843	9.60797425195535E-4	0.00207636049591369	6.75852231239733E-4	8.94627125351647E-4	0.00179184149090803	0.00250921999978951	3.50632658504467E-4	0.00162146317681112	5.83488192437756E-4	5.70147156452812E-4	9.54388140283856E-4	4.68000174530918E-4	0.00259233304166555	0.00235777134714372	6.97510617104708E-4	0.00247686407580472	0.00136782614898921	0.00209179473390446	0.00151118084181305	7.85276502535583E-4	0.00100339885184637	5.60294265423265E-4	5.28715710864698E-4	0.00124855411501858	-2.69935568857941E-4	1.85826863453398E-4	0.00147159700236351	0.00113947146995126	0.0013163385424386	7.98013068354502E-4	8.05536425426164E-4	0.00144709342308695	7.50675737707886E-4	6.90258238027738E-4	9.52076613582136E-4	4.97670909804653E-4	0.00101432813796185	0.00113340120910644	9.55942673806728E-4	5.40696877824058E-4	0.00169705775035199	6.97890131892242E-4	8.52579190274383E-4	0.00147448897126701	0.00175088063437009	0.00123460246728644	5.0947151259802E-4	0.00189148576019824	0.00123771345390553	0.00186645186071858	0.00137066881882075	7.4775680314821E-4	0.00178147984126302	0.00155362595863395	0.00227366334239162	0.00126001107938887	0.00238367405801812	2.5491287702686E-4	0.00156535016218369	0.00114042126266677	0.00242161874083854	0.00246613906080641	0.00220000277270593	0.0012892335807066	9.23726195284503E-4	0.00409955225307364	0.0018021143392746	0	0	0	0	0	0	0	0	0	0	0.00279995763862776	0.00275652933680417	0.00176997978091583	0.00224728260083998	0.00261055032314789	0.00282697899955775	0.00417327600991349	0.00203179308892579	0.00222000687288849	0.00224122602226418	0.00279629214048945	0.00466039420910009	0.00217127456151784	0.00327755881860448	0.00355546580091579	0.00420136828102796	0.00340816103222714	0.00379773658983015	0.00348605748095328	0.004257210847596	0.00398324731961161	0.00356578528385929	0.0051859549950569	0.00488597453585138	0.00528981907730451	0.00453055086172101	0.00555828603074246	0.00564808449595388	0.00557459232163434	0.00664030383781048	0.00666588836258414	0.00690987539800873	0.00806195294157271	0.00711101855796542	0.00539633110914933	0.00632866778880553	0.00625978206813713	0.00752936627919254	0.00694117090727993	0.00798871724705417	0.00644570086798553	0.00691475540208971	0.00455022363827554	0.00625074094122909	0.00765619090991238	0.00714548978123795	0.0054484215802005	0.00514123888483192	0.00646787754263768	0.00749708400638489	0.00545277367337165	0.00512717630880555	0.00682640276815426	0.00824058190937671	0.00664034384136035	0.00936560301659744	0.00853262256716439	0.00866436899852733	0.00988516675949531	0.00930269740270008	0.0145336310666575	0.0157029251788881	0.0120379417495441	0.0177339153020826	0.0107118233985463	0.0126634570833489	0.0116416742408381	0.01859485302297	0.0236667126068263	0.00576920217654225	0.0103054662589031	0.0166335263424071	0.03518063419025	0.027833099917459	0.0454807648001362	0.0318588512278434	0.0347956497747713	0.0419122508434395
793.936	-0.00210580635074318	-0.00530648258584968	0.0132554443605699	0.00624336813404189	-0.00746241383645712	-0.00294133646324932	0.00181314417802159	-7.87803840908795E-4	0.00971779578408586	0.00569598642475159	-0.00257569022269347	-0.0027450218378582	3.83679258284676E-4	0.0106424051430227	-0.00347714825199146	0.00467037814875211	5.3405054646169E-4	0.00157906342045705	0.00417109808581353	0.00928880043198144	0.00135500232606434	-3.28907836016349E-4	-0.00128932617619407	0.00417629289601337	0.004447986230197	0.00720863193734785	0.00272129100260149	-7.15890649608495E-4	8.51008772790393E-4	0.00251054609589617	0.0023135080510104	0.00198529118002886	-9.02456085478327E-4	-0.00439442697070229	0.00565617568984115	0.00156514741757598	0.00141334400166459	2.325682609398E-4	7.88191279022492E-4	0.00265626027237179	0.0015313957261346	0.00401729457981464	4.31535265263059E-4	0.00427594338163856	-0.0029662167205114	-0.00157085712082075	-0.00547289408262489	8.13056212537915E-4	3.0011055424653E-4	-8.79598855380626E-4	0.00325477581516096	-0.00298847738115594	-3.63342266995981E-4	0.00318778961203813	6.0457382316636E-4	0.00109370754120365	1.62833760823288E-4	5.66616778038931E-4	0.00159096698653116	0.00125220520975552	-6.93182582077962E-4	8.33562701339004E-4	-4.46061750862337E-4	-5.11670543797306E-4	-2.87441081643603E-4	7.06729604777295E-4	0.0027098038383672	-0.00150405673383948	8.04039273624288E-4	-0.00204170155705928	0.00193628656376782	-0.00101234727383147	0.00117912459987352	-0.00121701460904304	-7.74649636427724E-4	0.00181603757672754	0.00120399375087061	-0.00185377894840011	0.00181900181321864	-6.49405263550415E-4	4.25194112462493E-4	3.11899373428671E-4	0.00137306486344964	-9.85112832415396E-5	0.00319476984952221	-5.18902650717655E-4	0.00184242168244131	0.0012144279491596	7.90147222632161E-4	0.00175623013203563	9.64335825969795E-4	0.00122710403920094	6.00664353708902E-4	0.00168640961632769	8.08500937729254E-4	-4.1497530367E-4	0.00188313682883586	-6.12563161351097E-4	7.06244572341249E-4	0.00103610286706047	7.08073256036745E-4	0.00141916661147889	6.97661075817885E-4	3.72044021697594E-4	0.0013120206162877	8.61932982182818E-4	-3.81274642373136E-4	9.49555670391984E-4	7.17632343146208E-5	9.41339390233699E-4	7.52388300833995E-4	9.17443540290597E-4	5.87047990379264E-4	5.46196739202974E-4	4.22695408012371E-4	0.0010569479857011	5.11157414235329E-4	6.69652555871818E-4	4.82491594272739E-4	0.00191257281399379	4.22624511198197E-4	0.00114307691924026	-2.22622158110558E-4	6.16684901096964E-4	6.71036378243552E-4	6.88199930231708E-4	-2.58875037421525E-4	0.00203149594825282	0.00257202941957404	5.60054269973078E-4	0.00204156914369957	0.00146976899252286	0.00177433510243788	0.00119309937948304	0.00108442373287634	7.32374351964257E-4	4.79350925415458E-4	0.00142535143669544	0.00142455621345721	0.00157968484529055	-8.55909786254637E-5	3.3074022138413E-4	0.00234869372965585	0.00161673537216777	0.00112720878725301	0.00247574674669492	0.00210837329493632	0	0	0	0	0	0	0	0	0	0	0.00261876349488686	0.00275760262699089	0.00253408597381352	0.00134342699024174	0.00257803817957648	0.00191793579650696	0.0012634221967812	0.00219114172184	0.00272831992228201	0.00193656096427016	0.00270851365684478	0.00276122205684641	0.00462133385558942	0.00243362261530579	0.00457127469499238	0.00300045100312891	0.00417874661248293	0.00344838925238062	0.00410894109250534	0.00411042782015961	0.00511251863618977	0.00365152464284753	0.00414768082849328	0.00402339522333488	0.00502560921782597	0.00468197480558904	0.0061487021154375	0.00438808755860376	0.0060833694036344	0.00622671880164631	0.00625229549652917	0.00615216365139512	0.00706895566689423	0.00669654706621904	0.0062810141990922	0.00498344458742599	0.00543874457243122	0.00643876899116609	0.00555071420226385	0.00722772634527139	0.00623078538572973	0.00644431911270575	0.00391442645291917	0.0056157987185901	0.00617399508397769	0.00576143328278072	0.00625190018453311	0.00543143367286708	0.00606912887208972	0.00677847693104193	0.00616870448830908	0.00965087378913963	0.00813272560418267	0.00279448361424173	0.00686429406614494	0.00781369000110246	0.00753627960008409	0.0105909233808135	0.0113520681580332	0.0060341469811073	0.0180760823443701	0.0106799070061896	0.0135962661137213	0.00524546534197168	0.0123684721429525	0.0124144924973888	0.0171022481202007	0.0156660961823185	0.00563940587170707	0.0138347388018726	0.011859239039848	0.00530297753857393	0.0135309315154178	0.0217161226723301	-0.00570986700134367	0.0358351962234544	0.0305582003646538	0.00359151458159618	0.0294814993857588
798.703	0.00149793762025508	0.00292936447758203	0.0093258297391585	-4.96388282790237E-4	0.00112482846758166	0.0069005024401665	0.00400422068584934	0.00175522612278018	0.00289639150240968	0.00761556986098695	0.00551637359486257	0.0109091516463137	0.00474307548882266	0.00649434869977944	-7.31056335187821E-4	0.00160370272453856	2.85722757790806E-6	0.00261580022639747	0.0058768791719547	-1.74095198638524E-4	-8.42446494002096E-4	-4.97583843433572E-4	0.00288367117197629	0.0112214989170247	1.49019372316402E-4	0.00487039069479407	0.00526430110328436	0.00640025033356831	0.00507855890531183	-0.00276798502385899	0.00500603402055234	0.00657786268962815	0.00460575165258451	0.00437334425781483	-1.20922671606317E-4	0.00347195257815792	0.0017568197553513	-4.57826094575071E-4	0.0033559708513554	0.00704243284969806	0.00119712412388569	0.00377839528793117	0.00385695554767899	0.00127387729716133	0.00515852379827567	0.00156216308971514	1.02818359325834E-4	-1.00641119440286E-4	9.93392928430522E-4	0.00554544871106409	-2.84935988744322E-4	0.00185796135906556	0.00352654270934949	-7.91925177521401E-4	3.42168264423894E-4	0.00435324924253122	0.00139390026478482	9.65190714128794E-4	-8.69061713978898E-4	1.53707636016281E-4	-9.96728780597755E-4	-3.013716948902E-4	5.92879866477911E-4	0.00160031373189817	0.00328788330464014	0.00660345875656785	7.59656251492834E-4	0.00258205731003359	0.00366982645195789	0.00288089884671708	0.00115511330462145	-6.30113140607055E-4	0.00148142926534571	0.00193658115841931	0.0034409629093942	0.00128006989020802	0.00262206495879685	-0.00189776258646925	0.0031211502443833	1.61726264741961E-4	1.06142339754276E-4	0.00237530455854698	0.00293021763597887	7.89327910031998E-4	-6.24651820424284E-4	-3.29367436419677E-4	0.00114422143859819	0.00192226677048037	-1.74132439090734E-4	4.6831267929748E-4	0.00129027145810434	3.25771505420666E-4	3.18583509013061E-4	3.11618710877581E-4	1.14443932639514E-4	0.00116375048874737	8.07513020125641E-4	0.00311839577757379	0.00101766855389507	5.1483336598612E-4	0.00267748379690475	-1.60384246741163E-4	5.7288134447143E-4	6.82713860911074E-4	6.65263405295401E-4	8.2946321740631E-4	0.00192450500234196	0.00186199929520466	0.00106997689938685	0.00136798310794203	0.0010427255962994	4.22774820168757E-4	0.00106259040383829	8.60972347112334E-4	6.88978191254063E-4	9.26558851788905E-4	4.48352165031113E-4	6.04006282813927E-4	0.0014060330473275	0.00129647785985789	8.38898515282053E-4	0.00119746235061901	3.57218786753769E-4	0.00190623163342954	8.15014821044551E-4	0.00139275462322461	-8.45418109297837E-5	0.00134458404117634	0.00155890524541056	-2.46686109070052E-4	0.00181678382219628	0.00119301667175976	0.00188166424518345	0.00115640034552904	0.00229773178579606	9.80043927613623E-4	9.79761219088686E-4	0.00130322945698873	0.00202165357001445	0.00115573091397396	0.00122121548932326	0.00241532140663702	0.00161855177487134	0.00231344963828542	0.00145021512374479	0.00168568451124617	0	0	0	0	0	0	0	0	0	0	0.00204568618826632	0.00251011790282061	7.91963871395866E-4	0.00215901566142105	0.00192774107508868	0.00176758986450584	0.00340239377937239	0.00160617285041029	0.00267143966267251	0.0033177217991851	0.00218293006926263	0.00206263079409444	0.00368793195704047	0.00276793604848001	0.00330102016255449	0.00508360022797589	0.00443077053666615	0.00355643824773459	0.00291371844824041	0.0042276648341955	0.00483742961550315	0.0054612699238854	0.00522256525721144	0.00382449583181112	0.00387832765258765	0.0037622250870853	0.00389948338366862	0.00501828076431699	0.0055833083113068	0.00516348761908264	0.00528018278138349	0.00427491013515893	0.00486294250396313	0.00649819383466554	0.00553456063972672	0.00501863973245659	0.00640338015636844	0.00688119618343383	0.00757148099219907	0.00709936783322174	0.00670275831286529	0.00677712468546195	0.00672821293309374	0.0052199078482942	0.00651219508410126	0.00618773863032243	0.00646199957135391	0.00468966915113553	0.0061899782764359	0.00615199365807595	0.00554166803898643	0.0091965529190868	0.00712388698036592	0.00434310186185254	0.00713868421861456	0.00531003239729572	0.0112492828655536	0.0091963750618269	0.0105260987908586	0.01075822314535	0.0146614777294631	0.0111561950895349	0.00999122867629339	0.0119049912237455	0.00897520458305834	0.00961749742450474	0.0133801064536261	0.0121728450639859	0.014929610482023	0.0170731276520052	0.0156692341725389	0.00465468418699515	0.0140440601835303	0.0209474535885851	0.0319123053091218	0.0284542051941631	0.0259718439174015	0.0325277689466473	0.0320101518139007	0.0135428762152078
803.471	0.00988201346790861	0.0132102928544196	0.014206688375835	0.0162048379991235	0.0129844904203698	0.00831342045678418	0.00525569164714675	5.85545443250369E-4	0.00811637906922698	0.0079167621980939	0.00473265220456846	0.002341936252447	0.00640619159684978	0.00640218812397415	0.00764495133654802	0.00898107892440941	0.00938656357569548	0.0111168039479579	0.00907628105120481	0.00500284664564297	0.00467371491192795	0.0105104036114286	0.00168796866484483	0.00703601310011471	0.00696714703817721	0.00408895699567126	0.00341847027570169	0.00480140128809321	0.00550588263966296	0.00831720424832481	0.0041614029072779	0.00750215448746905	0.00412717783045962	0.00131203608374602	0.00220182314216672	0.00377546128815326	0.00386392564929311	0.00635012175216423	0.00444675553700954	0.00478869958842165	0.00416447860939611	0.00445757726192427	-0.00112425153782407	0.0051039237394045	5.54153379515598E-4	0.00226580633006282	0.00477638718803323	0.00621635384403441	0.0032029787842526	0.00248234244867741	0.00435438280020653	0.0057815564842831	0.0037987678757122	0.00409484974047037	0.00443970609193627	0.00226134327509129	0.00276737273200637	0.00398120887652617	0.0037387979082593	0.00368154963133519	0.00229792376804586	0.00248675828847992	0.00266538029150211	0.00256578372367211	0.00246794776490614	2.10800224510346E-4	0.00440483549865259	0.00336484569010548	0.00370384493436547	0.00348762228953294	0.00308127685163698	0.00335072484937918	0.0017593869755417	0.00399409255219837	0.00387148669183873	0.00323148915324902	0.0029942086657225	2.0976168291254E-4	0.00213749535024157	6.05356517479843E-4	0.00217723227770007	0.00224862576375639	0.00200892673704645	0.002886724954031	0.00202193530904655	0.00243081877408932	6.86734898511423E-4	0.00238006206113116	0.00183275929840359	0.00143764170552573	0.00168540206722614	0.0010993064808117	0.00143365706307357	0.00137439333912126	0.00146367921926771	0.00185864320908242	0.00110125982638863	7.53685401319257E-4	0.00144719001238886	0.00216322131269582	0.00158225185691345	0.00202026524661085	0.0022168985330867	0.00121639616193274	0.00114406560394644	0.00118145935001787	1.83464187672478E-4	0.00210523527461128	0.00137361236307244	0.00130063000558549	0.00103710938543701	0.00110159214104406	0.00121937029332979	8.28640090106762E-4	0.00102094490963103	0.00123992174233957	7.28830217836958E-4	0.00139375415304046	6.33445298840034E-4	4.93866110868433E-4	6.14673496838538E-4	0.00117812414832511	0.0017048589421879	0.0010949026873573	0.00183424436563744	0.00169685892053915	0.00212938224884831	0.00197235803982007	0.0019647122861866	0.00159649306909339	0.00213604314956785	7.61238769169375E-4	0.00229413815792075	0.00134529916926995	0.00174515882382718	0.00119767545982483	0.00205739857324748	0.00216807386128425	0.00184193026321179	0.00177871440262002	0.0014712673893511	0.00212589046771876	0.00289603826098151	0.00274856510876452	0.00224965822813756	0	0	0	0	0	0	0	0	0	0	0.0020556110539931	0.00207835860462979	0.00346357731027967	0.00230798676852441	0.00305907900063237	0.00222589493986352	0.00285081100601399	0.00310278590043543	0.00192777044579511	0.00302769922323474	0.00203435934784358	0.00338320627008072	0.00335215632673391	0.00366785024011095	0.00276151385369204	0.00320271214897925	0.00411229317522024	0.00375032406353218	0.00356466014256823	0.00435016665184272	0.0036892633155573	0.00428068516019193	0.00374706511594916	0.00378537646530201	0.00363090018304008	0.00438713726315482	0.00474265888289977	0.00462392687327654	0.00419942834603409	0.00592339766287379	0.00466404905958189	0.00548293422493642	0.00525553910296141	0.00580430690116357	0.00425192871547082	0.00601034023528956	0.00462494521798655	0.00426035966011285	0.00586926991103417	0.00577480044841059	0.00667350234110689	0.00709901842254278	0.00619557524079558	0.00643124030340414	0.00491231503338528	0.00657552339203912	0.0069631805055703	0.00689757167952054	0.00621690307810399	0.00737297811468412	0.00833468859157955	0.00793664184978826	0.00584970035511164	0.00873187754067523	0.00892784902198555	0.00589111034181927	0.00726868944839994	0.00743502124075988	0.00931623827467621	0.0109815673261732	0.0115538695064128	0.013582979570634	0.00792921546694311	0.016018101948101	0.00903363559116204	0.0128108589676958	0.011238142004676	0.00808551879476475	0.0181138062310979	0.00811659769244141	0.0208458769199723	0.0280499565716052	0.0165259423466801	0.0176383270298497	0.0183827212439991	0.0300136844377966	0.035317200380962	0.0375921324543054	0.0406934565844686	0.0507080460499095	0.0549940699386506
808.24	-0.00651200897432838	0.00396717154566163	0.00555822868031037	0.00111802900873778	0.0101210659885787	-0.00674412944207313	0.00105208846046649	0.00175938341429486	0.00347859287511253	0.00864775987076124	0.00251584566511381	0.00292464344420393	0.00227929419176853	0.00557142970008968	0.0021879647867444	-0.00214147299207639	0.00594593369770626	3.94194437109797E-4	-0.0010347680103394	0.00115654291469093	0.00189440569469472	0.00457483802982869	0.00528872094643023	2.31028556838617E-4	0.00298675451771246	0.00214835416445549	0.00587201061065409	0.00586770358045927	0.00328235389170421	-0.0011378095855974	0.00548248934947691	0.00365229091350571	0.00383965093884383	0.00215871089783669	2.7570193811227E-4	5.40610807840547E-4	0.00351462073036068	0.00420472452018829	-9.21154205042104E-4	8.29770113178154E-5	-8.00453872275158E-5	2.45436160777182E-4	0.00273431563112035	-7.96439808448479E-4	0.00276597575697417	0.00187603915166811	0.00161869898316119	0.00432182569301331	0.00186196585064496	-4.36604841504542E-4	7.14380142204271E-4	-0.00174061278625701	-0.00345894462116612	5.29057486140587E-4	0.00379728099259743	0.00132018273890546	-4.91706883689784E-4	-3.60144039575816E-4	0.00178143376035938	6.20437559172606E-5	-5.66770046950047E-5	0.00175202792658552	0.00122274983903432	6.00991177503542E-4	0.00187768702901092	0.0016865956381331	8.29827415346306E-4	0.00147897900151823	0.0039042087366685	0.0034878899226001	8.18723662753996E-4	0.00108625069553285	0.00152812432073548	6.81743641689082E-4	-3.9940286658502E-4	-6.98112357995138E-4	0.00175389254781754	5.43717952637449E-4	2.88306908397213E-4	-2.01324876159226E-4	-7.79282677639614E-5	0.00283072739948479	0.00117692703743866	0.00233175185947597	0.00155270117855579	9.86660866053922E-4	0.00154621818044991	-0.0010054627987839	8.50892588349183E-4	3.51940341425871E-4	0.00118714318567908	1.8422329065302E-4	6.57471041098573E-4	0.00111228723819502	1.73079434738008E-4	-2.75690309632435E-5	5.51131377475051E-4	4.56901154047173E-4	6.58852604967312E-4	4.12769600497486E-4	9.04529675538219E-4	4.08945168369863E-4	7.91786410331855E-4	4.69502991079888E-4	6.04108233843499E-4	0.0010787600832405	9.35704728453257E-4	8.22705733351018E-4	0.00133797295398861	4.62164727254671E-4	9.35403919478986E-4	8.18012621475281E-4	5.31609463416928E-4	6.18087258281115E-4	0.00105890823748168	3.0166684795274E-4	8.52316921345018E-4	6.73873211325339E-4	9.68431681742929E-4	4.66926854983867E-4	8.86922450746248E-4	2.79602166422018E-4	8.70474076275423E-4	8.47985866591807E-4	7.60534338162265E-4	3.94415314115631E-4	1.31377227411015E-4	0.00153887835094498	0.002058445891274	6.71302226275306E-4	0.00177168782436416	0.00132020889174565	-5.28831413427792E-4	8.77531824610671E-5	3.83376365273667E-4	5.46969892837261E-4	0.00113427471159334	7.44293551847483E-4	6.5042648902984E-4	2.44811109442735E-4	0.0013003574208264	0.00183542557778454	2.33727079927003E-4	0	0	0	0	0	0	0	0	0	0	0.00111071948808417	0.00202245236909501	0.00186469140936257	0.00141767286824153	0.0014187413166075	0.00187393747891374	0.00173212876372238	0.00160290064607028	0.0021218414055464	0.00171660899394203	0.00102979338644028	0.00224504165514843	0.00112582149131275	0.0027155712626911	0.00341712327196353	0.00216687833916737	0.00263336848527061	0.00254100453617053	0.00315362088166663	0.00317554470379809	0.00341518980078268	0.00340746291382703	0.0038189245417984	0.00258664925785626	0.00260769235597306	0.003099399461278	0.00342981613289807	0.00354669724986019	0.00372502713081044	0.00254841170002009	0.00398244445043344	0.00423836094753905	0.00412920241485674	0.00514231027822707	0.00398964167240514	0.00464372551884306	0.00436548954752078	0.00304929350397945	0.00453616774818179	0.00519715444611069	0.00442494499731651	0.004676487379404	0.00478123835477723	0.00381293228765894	0.00468093188373557	0.00404575238120728	0.00448619817990143	0.00569413641070735	0.00711561453946954	0.0039816229886929	0.00445996284409371	0.00439108802525806	0.00340591502696727	0.00595404037827298	0.00585170046998578	0.00587470279293039	0.00454885496807453	0.00446394545298921	0.0079614310499981	0.0058973941738353	0.00519482229527613	0.00835153102777927	0.00775572444663944	0.00883371324225441	0.00590259296506681	0.00655839955314283	0.00502110071507273	0.00575946619986707	0.00934786931219085	0.00535226225334894	0.010002740752167	0.0126588489164109	0.0153711493382665	-0.00267331960634981	0.0104784273661261	0.0160639652003867	0.00772264130403674	0.012146805796552	0.0182435764494503	0.0149524569048206	-0.00645233390453162	0.0226946433049994	0.00763338058227385
813.01	0.00472260457345958	-0.00109561999776677	-0.00103414319874117	-0.00540209714659219	0.00320294748220469	0.00674485045535236	3.01208706181914E-4	-5.86431878106907E-4	0.00116009879006403	0.00293226187557486	7.38082422243101E-4	-0.00175166442715121	0.00355751702801976	6.94559895449865E-4	0.00245450657886859	9.39603940346761E-4	-6.58297574112821E-4	0.00418351134853029	0.00194661832443913	-5.10471294723754E-4	0.00391481434143422	0.00556294744415577	0.0038438376249214	-0.00184681774159551	0.0050888430792474	0.00247694414671934	-0.00287968775936961	9.60450792760838E-4	0.00285792810185748	1.05611673416085E-4	0.00213097991023613	0.00523272062728384	0.00153502285071143	0.00505716247695666	0.0020210037255439	0.00323688620037825	0.00140650644847418	0.00403198243524477	-0.00134141106492579	3.31260190450908E-4	-0.00114275416571413	0.00299905350115299	-0.00144544410682817	0.00223218886066678	0.00252666262075388	6.24779208324597E-4	0.00369808223098786	0.00166817628800316	0.0023073133875777	5.83224472293078E-4	0.00156988224412078	0.00306513372099548	0.00332359084130832	0.00383031686383657	-2.57726295027024E-4	0.00150725205743654	0.0031978324631252	0.0018698251360699	0.00106831768235996	8.7565293411844E-4	0.00241310762536524	0.00158263663489723	0.00222161335556165	-9.82910984381549E-4	9.65573153420851E-4	0.00173937184850528	0.0028504623652867	0.0014784220752314	-5.47155857635112E-8	0.00191601813093872	8.18748778533255E-4	0.00160480559002346	-5.55580903475766E-4	0.00231488532448474	0.00182492962213718	0.00165956196063942	8.98351449212449E-4	-0.00104826637857073	0.00156077937856933	4.04725996740538E-5	0.00170305036090304	-8.13469632269786E-4	3.84295803863922E-5	0.00114714680281013	1.07545910226158E-4	-9.1501356803675E-4	8.2405281923706E-4	4.35902836587214E-4	0.00160318659163409	2.55406498684223E-4	-4.05205412786335E-4	7.32526491153114E-4	0.00170254801092351	1.17102481744086E-4	8.60766650588586E-4	-1.41253328805047E-4	3.85623808075878E-4	5.91615161954837E-4	0.00205248738248965	5.66417238276797E-4	0.00180846386912471	4.57176020175061E-4	7.91778200727471E-4	4.05526041412746E-4	-4.15658751917679E-4	-2.49303725144651E-4	5.08402693838385E-4	2.48713836987843E-4	7.67129165084978E-4	8.38444668243931E-4	7.64812068223066E-4	1.83398053212414E-4	3.28358847051071E-4	7.02190780036595E-4	4.91729491113589E-4	3.13031057778234E-4	3.02997121887738E-4	4.41727283129163E-4	8.06536183170527E-4	9.73125230163255E-4	6.00167335379546E-4	4.10736510531907E-7	0.00105201738692567	6.00936337510756E-4	0.00181505496743979	4.13967778239175E-4	0.00157135123888156	7.5716324134504E-4	8.65537423569474E-4	0.00104201057157736	0.00131774275752791	9.39879969088472E-4	5.51718263580952E-4	0.00145291935692713	0.0010852863025835	2.10860301626497E-4	8.40295071987347E-4	5.10612896046752E-4	0.00177720631034359	0.00106720726721424	8.10224141806173E-4	0.00111923104115221	0	0	0	0	0	0	0	0	0	0	0.00106495685238813	3.38291763170706E-4	0.0021176125983827	0.0010999145529237	0.00153500439964704	6.97951305003358E-4	5.26012742256956E-4	0.00134968383657554	0.001757724983784	0.00123791011073682	0.00160655459609279	0.00256328776298108	0.00169975436811323	0.00192643611335068	0.00243519636225416	0.00182692886672233	0.00214543771044269	0.00233371936386056	0.00247703417114558	0.00287669113128393	0.00298377918675193	0.00192153502449852	0.00379294644437312	0.00256786923748278	0.00302065833100964	0.0036376395244059	0.00276758451511535	0.00376560347155769	0.00256925139042024	0.0045348492182431	0.00337387806659775	0.00470651665669322	0.00347027602697971	0.00377227726663247	0.00404045054320945	0.00371999602905624	0.00436709817653954	0.00357223509510057	0.00455887617725604	0.00447703611362902	0.00462297735363835	0.00464042122581366	0.00530423120439512	0.00381858413160383	0.00358277440751717	0.00565651892987222	0.00494488808290226	0.00420137784380564	0.00400473893236408	0.00502342963909621	0.00480860697721028	0.00486730628135922	0.00524275246710007	0.00506378711442889	0.00429969947241947	0.0033007830532486	0.00687975262490024	0.00673940984602113	0.00446312564013509	0.00613169589839668	0.00562764501618327	0.00604923851962002	0.0121122209459251	0.00704438995322659	0.00808370811089202	0.00854696042773179	0.0099289166545053	0.00763028383257045	0.0124863018350906	0.00496934193908296	0.00951864587915516	0.00826252020311581	0.00373868899260828	0.0109748989604144	0.00825946586590832	0.0153623296747697	0.00500336292116405	0.0204590340225635	0.0030344784005403	0.00854633074238041	0.0258302638055	0.0265668409251901	0.0313541294629009	0.00423114476346279
817.78	-0.00875336306758515	0.00506262334545782	-0.00617334191855642	0.00335397129015087	0.00556584538625346	0.00486419442891843	0.00255357897103099	0.00219475711461808	0.00217457552313835	0.00263975031672813	0.00192530473252677	0.00161024037018681	0.00156683576076325	0.00125333928283303	2.72933888391664E-4	-2.67667245162534E-4	0.0023780576485957	-0.00405590641961912	-5.73297931399651E-7	-0.00179692757892178	3.78396831987259E-4	8.66047429548814E-4	-2.40297114506628E-4	-0.00184480269369836	0.00342916913328531	-9.66283980872755E-4	-0.00288077378445752	-7.47660350921253E-4	7.41600165839977E-4	-5.17553946391058E-4	8.14198424391788E-4	1.00332202905817E-4	-2.87606073226372E-4	0.00412169976898805	7.3491468534831E-4	0.0026069253993773	0.00799545829960863	0.003260196378743	-5.8626875405247E-4	0.00421017392496217	0.00318567997432633	-0.00178125147324086	6.43721620861052E-4	8.78386264588789E-4	0.00181645865062542	3.90655036056525E-4	0.00231164685792393	0.0020474449791627	-8.92440415628395E-4	-0.00167754979524858	-5.70164734256228E-4	-5.5758786846918E-4	0.0018320276973547	-0.00171757393712556	0.00115858199408328	-5.01048744181169E-4	0.00258226211786805	0.00241415306180071	3.56116818290665E-4	0.00251151971144909	0.00166708949152318	0.00158260306740644	-8.87748057435692E-4	0.0020202562511205	5.90148356344972E-4	1.58103101554467E-4	0.00134754292309036	0.00102025006425001	8.01104679045337E-4	0.00122820981962882	0.00168544029323133	0.00221863314468853	-3.24137649232102E-4	6.35958943806178E-4	-8.00850198155867E-4	0.00139804240278516	0.00222606597613279	0.00205282168394033	5.34351146209491E-4	-6.85180505600394E-4	7.91905520936317E-4	0.00209405596921076	-1.14426070652927E-4	0.00203613881220318	0.00108332305218817	-4.33681442490427E-7	3.78083960885986E-4	1.67600909757468E-4	3.27254987712458E-4	0.00169320746146738	-6.20430507155048E-5	5.49261724134424E-4	2.99857733633796E-4	-1.74350004581568E-4	-4.59549998159916E-4	-5.06210633187428E-4	6.88417489216704E-4	0.0011296961564156	9.2075106081399E-4	-5.4194562905844E-8	2.01123810218113E-4	5.53294029970526E-4	-6.78576187663486E-5	-8.53930004060976E-5	-1.45427132045195E-4	-1.44717721926695E-4	6.11777571217529E-5	2.48729086163181E-4	4.99537487900375E-4	-3.24734737640994E-4	2.21441514623187E-4	7.51425034531921E-4	3.13707912665708E-5	1.826830027938E-4	2.14487233952255E-4	6.95866338067611E-4	3.39564518058762E-5	1.97696183943237E-4	4.23044533304394E-4	7.73720131611273E-4	9.7165263333226E-4	6.21006595256884E-4	5.18889991060277E-4	5.47854429953999E-4	2.41547535552669E-4	5.98799167250739E-5	3.88248961704332E-4	4.37663840297718E-4	4.76819666628557E-5	5.09393837442578E-4	9.32135951362796E-4	-1.33941944755107E-4	9.26561489510549E-4	0.00177861285766712	-5.95556976002569E-4	4.83606849765162E-4	0.0012810798998581	0.0010847693569564	0.00130140824660255	0.00108957368735013	9.59795525080947E-4	0	0	0	0	0	0	0	0	0	0	0.00151552645431531	5.81908911526766E-4	0.00113518100750033	8.9135459855907E-4	7.89201096230999E-4	0.00160618563310812	8.83577560649448E-4	0.00118852818306903	0.00153007257686291	0.00162454629774602	0.00108313891256869	0.00178265218730893	7.45189955441772E-4	0.00159058083214675	0.00268413547188566	0.00234928325940696	0.00161217983389278	0.00238134532744826	0.00205558289494917	0.00173002442010112	0.00277027341498368	0.00326082239041026	0.00239122109866414	0.00214334080573121	0.00211491101142449	0.0025216635546028	0.00328714311380006	0.00261293391070244	0.00320606207148515	0.00252367030227071	0.00423400116748715	0.00299660251776282	0.00284828186860926	0.00411434166374786	0.00374725506679939	0.00401452939601725	0.00393572574433856	0.00439556352806555	0.00405411893206917	0.00415281811614395	0.00349875394041497	0.00474435957432191	0.00417939921164957	0.00430016493180759	0.00507001268217019	0.00338557758134922	0.00356978004470851	0.00325100793516663	0.00395221342896325	0.00470236075410087	0.00365378750981693	0.00413924777489745	0.00343742213745299	0.00328323774558486	0.00506386878603406	0.00368655157589624	0.00270225111916219	0.00232973025419757	0.00174254611223522	0.0038090896365431	0.00335221542886811	0.00804167198273483	0.00683202397644091	0.0106099562356284	0.00886514192312479	0.00633382499893304	0.00396456439010967	0.0071210933558254	0.00572189870080328	0.0111811479794586	0.00449650278226457	0.00417583836185594	0.0084090514583575	0.00308407431056034	0.00603493048375523	0.00392320199172304	0.0074516227529393	0.0118551702012106	0.00533863573845449	0.00911668560974941	-0.00231590374138485	0.0185767818178278	0.0428654352753644	0.0447110224064522	1.9339938972147E-5
822.552	0.0116802064196631	0.0017641411594324	0.00782684148920411	-0.00391169327837889	-0.00337173672595861	0.00266893652363908	-0.00795820156785317	0.00643697044089997	-0.00333596554526309	2.96130997185628E-4	1.58434495462543E-6	4.40501155398602E-4	0.00142468999470099	0.00306243750962634	4.13620726927484E-4	-3.97383558420896E-4	0.00211796185347523	-0.00287633306868982	0.00246442023695279	0.00269437154891366	0.00265357225056424	0.0011131357501986	0.00228637102032374	0.00438537146990091	0.00276469561957342	0.00118310073486178	0.00309538908315949	0.00181583418556732	-0.00306980590558675	0.00155996040971259	-0.0012156590533542	-0.00128403149677167	0.00259230705875288	0.00309139893034464	-1.83885330505477E-4	-2.69268151706142E-4	4.40208051971263E-4	0.00266028772505472	0.0021818417454359	0.00156900882964401	7.35472195005942E-4	-2.4071831922943E-4	0.00176958564797362	-0.0013551102040491	-0.00339526918998248	0.00195254065470009	0.00107938141039191	0.00280537280406253	-3.7264301399092E-4	-0.00109402619511876	-7.13797555535259E-4	6.97257154688651E-4	1.35893836198531E-4	0.00138759618811533	0.00148048593056827	0.00220111104881774	0.00246141980946247	6.64657518488661E-4	-0.00112791650342746	-2.89891800463114E-4	-2.29184902053458E-4	5.65276987020824E-4	0.00111182043194223	-4.37271915980211E-4	3.2208137746548E-4	0.00163405050893796	0.00176230472441113	2.03981502629172E-4	2.50753027473095E-4	5.40420262130281E-4	-2.88729902823197E-4	-5.65985690801778E-4	2.78221878414112E-4	0.00109016439066186	-4.00312668221306E-4	0.00397456441119586	-0.00141147444633339	9.63482791044224E-4	0.00168594050926642	8.47224725275212E-4	-1.366893127166E-7	3.87966272420952E-4	-3.03495583826248E-4	6.66898486474883E-4	2.89318120469645E-4	7.7549076388497E-4	0.00140881088958038	1.67606053364073E-4	-1.64055297877309E-4	-2.23640202004984E-4	6.34544624264864E-5	4.58358476786674E-4	0.00116489736795341	0.00122898171809138	-0.0010045195769472	4.78544788587099E-4	5.51122765541595E-4	6.45612569397903E-4	9.7336222439722E-4	-2.05645049963946E-4	1.76261348570624E-4	5.05126025373551E-4	3.84604392740409E-4	2.98772855653672E-4	9.15714749875145E-4	-2.07462972351317E-5	2.64589733090878E-4	-5.76704007965557E-5	3.03298804356982E-4	2.05831685380705E-4	5.95505374390022E-4	1.70801282620366E-5	5.94163493548158E-4	8.42731845054391E-4	6.1776935506219E-4	6.37529665285916E-4	2.69190106979184E-4	3.95359091187883E-4	-1.48581485623483E-4	1.40502818350719E-5	5.72129723637453E-4	3.42178198304906E-4	4.68031044768302E-4	2.4799209276431E-4	2.41381784703103E-4	-8.27986364647591E-4	4.30455068814889E-4	0.00117110582976232	0.00128627141661563	3.46801849170617E-4	4.32294353345977E-4	0.00185678991709239	7.50118419562509E-4	9.32516916493865E-4	5.32136041846908E-4	6.94232288308257E-4	9.65767113260339E-4	9.77713599515626E-4	0.0011056491331954	0.00102299003368888	0	0	0	0	0	0	0	0	0	0	-9.90386662320532E-5	0.002051921968702	0.00113799839760975	0.00144823680277113	0.00233472663768272	4.3092382721833E-4	0.00122845156926526	0.00113912715518739	0.00105139028600609	6.75693034295809E-4	7.56518448955989E-4	0.00176812628400156	0.00253114742798263	0.00219081037145666	0.0015687357610504	0.00199139011360607	0.00222020250212299	0.00214917065436522	0.00244603831336768	0.00192712823311724	9.18723300408753E-4	0.00164091199934499	0.00221700492272058	0.00309542671336881	0.00158602386817765	0.00295580880511079	0.00297771411733337	0.00282716974168331	0.00278993657953958	0.002847128057809	0.00279677190589269	0.00284608267237075	0.00429435977572351	0.00308975594736518	0.00379345490142021	0.0032374784212653	0.00377863758115224	0.00423213262750109	0.00375962200837437	0.00450741865959592	0.0044430958349865	0.00394353962119196	0.00377736494800431	0.00264253255510056	0.00367257812032953	0.00385107540363699	0.00558748623100331	0.00474821729238364	0.00508305383285731	0.0034889868006815	0.00312345460775341	0.00224563174810284	0.00386336954128153	0.00311023014497347	0.00349598810165791	0.00188275315241491	0.00297709895596336	0.00335141516934191	0.00529296460462538	0.00645970457656545	0.00255991752486172	0.00632362879829504	0.00791004079435298	0.00996237075850354	0.00496763900386982	0.00593697779059864	0.0065005799279109	0.00431764284200963	0.00702607108632182	0.00211033210089165	0.00217580882839587	0.0047339145052371	0.0110850030421018	0.00420814039035356	0.00860444640272729	0.0117087801233568	0.00907940516223652	0.0104707221126793	0.00210691137870339	0.0109777729301421	0.00842653547719909	0.00234553280826989	0.00226848726355934	0.013564575202582	0.00468201639161059	0.025386194904439
