Sample - Blank	700	698	696	694	692	690	688	686	684	682	680	678	676	674	672	670	668	666	664	662	660	658	656	654	652	650	648	646	644	642	640	638	636	634	632	630	628	626	624	622	620	618	616	614	612	610	608	606	604	602	600	598	596	594	592	590	588	586	584	582	580	578	576	574	572	570	568	566	564	562	560	558	556	554	552	550	548	546	544	542	540	538	536	534	532	530	528	526	524	522	520	518	516	514	512	510	508	506	504	502	500	498	496	494	492	490	488	486	484	482	480	478	476	474	472	470	468	466	464	462	460	458	456	454	452	450	448	446	444	442	440	438	436	434	432	430	428	426	424	422	420	418	416	414	412	410	408	406	404	402	400	398	396	394	392	390	388	386	384	382	380	378	376	374	372	370	368	366	364	362	360	358	356	354	352	350	348	346	344	342	340	338	336	334	332	330	328	326	324	322	320	318	316	314	312	310	308	306	304	302	300	298	296	294	292	290	288	286	284	282	280	278	276	274	272	270	268	266	264	262	260	258	256	254	252	250	248	246	244	242	240	238	236	234	232	230
nm																																																																																																																																																																																																																																												
Normalized by 10307.053																																																																																																																																																																																																																																												
245.154	0	0	0	0	0	0	0	0	0	0	0	0	0	0	0	0	0	0	0	0	0	0	0	0	0	0	0	0	0	0	0	0	0	0	0	0	0	0	0	0	0	0	0	0	0	0	0	0	0	0	0	0	0	0	0	0	0	0	0	0	0	0	0	0	0	0	0	0	0	0	0	0	0	0	0	0	0	0	0	0	0	0	0	0	0	0	0	0	0	0	0	0	0	0	0	0	0	0	0	0	0	0	0	0	0	0	0	0	0	0	0	0	0	0	0	0	0	0	0	0	0	0	0	0	0	0	0	0	0	0	0	0	0	0	0	0	0	0	0	0	0	0	0	0	0	0	0	0	0	0	0	0	0	0	0	0	0	0	0	0	0	0	0	0	0	0	0	0	0	0	0	0	0	0	0	0	0	0	0	0	0	0	0	0	0	0	0	0	0	0	0	0	0	0	0	0	0	0	0	0	0	0	0	0	0	0	0	0	0	0	0	0	0	0	0	0	0	0	0	0	0	0	0	0	0	0	0	0	0	0	0	0	0	-0.0182024993249443	-0.132741875910297	-0.41495732206634
249.632	0	0	0	0	0	0	0	0	0	0	0	0	0	0	0	0	0	0	0	0	0	0	0	0	0	0	0	0	0	0	0	0	0	0	0	0	0	0	0	0	0	0	0	0	0	0	0	0	0	0	0	0	0	0	0	0	0	0	0	0	0	0	0	0	0	0	0	0	0	0	0	0	0	0	0	0	0	0	0	0	0	0	0	0	0	0	0	0	0	0	0	0	0	0	0	0	0	0	0	0	0	0	0	0	0	0	0	0	0	0	0	0	0	0	0	0	0	0	0	0	0	0	0	0	0	0	0	0	0	0	0	0	0	0	0	0	0	0	0	0	0	0	0	0	0	0	0	0	0	0	0	0	0	0	0	0	0	0	0	0	0	0	0	0	0	0	0	0	0	0	0	0	0	0	0	0	0	0	0	0	0	0	0	0	0	0	0	0	0	0	0	0	0	0	0	0	0	0	0	0	0	0	0	0	0	0	0	0	0	0	0	0	0	0	0	0	0	0	0	0	0	0	0	0	0	0	0	0	0	0	0	-0.022964397199078	-0.0839055791559433	-0.269765723312797	-0.631233801435445	-1.05738017983297
254.115	0	0	0	0	0	0	0	0	0	0	0	0	0	0	0	0	0	0	0	0	0	0	0	0	0	0	0	0	0	0	0	0	0	0	0	0	0	0	0	0	0	0	0	0	0	0	0	0	0	0	0	0	0	0	0	0	0	0	0	0	0	0	0	0	0	0	0	0	0	0	0	0	0	0	0	0	0	0	0	0	0	0	0	0	0	0	0	0	0	0	0	0	0	0	0	0	0	0	0	0	0	0	0	0	0	0	0	0	0	0	0	0	0	0	0	0	0	0	0	0	0	0	0	0	0	0	0	0	0	0	0	0	0	0	0	0	0	0	0	0	0	0	0	0	0	0	0	0	0	0	0	0	0	0	0	0	0	0	0	0	0	0	0	0	0	0	0	0	0	0	0	0	0	0	0	0	0	0	0	0	0	0	0	0	0	0	0	0	0	0	0	0	0	0	0	0	0	0	0	0	0	0	0	0	0	0	0	0	0	0	0	0	0	0	0	0	0	0	0	0	0	0	0	0	0	0	0	0	0.0371457274977388	-0.00405007137892233	-0.0425044975633829	-0.164054866816692	-0.397836080265381	-0.583785050876799	-0.675965715042997	-0.51797769815001
258.601	0	0	0	0	0	0	0	0	0	0	0	0	0	0	0	0	0	0	0	0	0	0	0	0	0	0	0	0	0	0	0	0	0	0	0	0	0	0	0	0	0	0	0	0	0	0	0	0	0	0	0	0	0	0	0	0	0	0	0	0	0	0	0	0	0	0	0	0	0	0	0	0	0	0	0	0	0	0	0	0	0	0	0	0	0	0	0	0	0	0	0	0	0	0	0	0	0	0	0	0	0	0	0	0	0	0	0	0	0	0	0	0	0	0	0	0	0	0	0	0	0	0	0	0	0	0	0	0	0	0	0	0	0	0	0	0	0	0	0	0	0	0	0	0	0	0	0	0	0	0	0	0	0	0	0	0	0	0	0	0	0	0	0	0	0	0	0	0	0	0	0	0	0	0	0	0	0	0	0	0	0	0	0	0	0	0	0	0	0	0	0	0	0	0	0	0	0	0	0	0	0	0	0	0	0	0	0	0	0	0	0	0	0	0	0	0	0	0	0	0	0	0	0	0	0	0	0.00963706043653911	0.00155660778688049	-0.020809447260617	-0.101172675201562	-0.259032879634693	-0.404378142111077	-0.497108888676012	-0.398757676308112	-0.208899126566571	-0.044386131956705
263.091	0	0	0	0	0	0	0	0	0	0	0	0	0	0	0	0	0	0	0	0	0	0	0	0	0	0	0	0	0	0	0	0	0	0	0	0	0	0	0	0	0	0	0	0	0	0	0	0	0	0	0	0	0	0	0	0	0	0	0	0	0	0	0	0	0	0	0	0	0	0	0	0	0	0	0	0	0	0	0	0	0	0	0	0	0	0	0	0	0	0	0	0	0	0	0	0	0	0	0	0	0	0	0	0	0	0	0	0	0	0	0	0	0	0	0	0	0	0	0	0	0	0	0	0	0	0	0	0	0	0	0	0	0	0	0	0	0	0	0	0	0	0	0	0	0	0	0	0	0	0	0	0	0	0	0	0	0	0	0	0	0	0	0	0	0	0	0	0	0	0	0	0	0	0	0	0	0	0	0	0	0	0	0	0	0	0	0	0	0	0	0	0	0	0	0	0	0	0	0	0	0	0	0	0	0	0	0	0	0	0	0	0	0	0	0	0	0	0	0	0	0	0	0	0	0.0024031895396497	-0.00572051061601508	-0.0219631142453602	-0.0777630639151635	-0.189053728399066	-0.316563341981015	-0.434468321007955	-0.330840090740939	-0.192515278528103	-0.0684095788712445	-0.0286731754796258	-0.0412878711323555
267.584	0	0	0	0	0	0	0	0	0	0	0	0	0	0	0	0	0	0	0	0	0	0	0	0	0	0	0	0	0	0	0	0	0	0	0	0	0	0	0	0	0	0	0	0	0	0	0	0	0	0	0	0	0	0	0	0	0	0	0	0	0	0	0	0	0	0	0	0	0	0	0	0	0	0	0	0	0	0	0	0	0	0	0	0	0	0	0	0	0	0	0	0	0	0	0	0	0	0	0	0	0	0	0	0	0	0	0	0	0	0	0	0	0	0	0	0	0	0	0	0	0	0	0	0	0	0	0	0	0	0	0	0	0	0	0	0	0	0	0	0	0	0	0	0	0	0	0	0	0	0	0	0	0	0	0	0	0	0	0	0	0	0	0	0	0	0	0	0	0	0	0	0	0	0	0	0	0	0	0	0	0	0	0	0	0	0	0	0	0	0	0	0	0	0	0	0	0	0	0	0	0	0	0	0	0	0	0	0	0	0	0	0	0	0	0	0	0	0	0	0	0	0	-0.00223104067857409	-0.00283669842013824	-0.0163434726782923	-0.0425944091249355	-0.114632937173651	-0.24982110674707	-0.311113879137779	-0.270049233240561	-0.141567040272045	-0.0533595220355215	-0.0163758946667579	0.0178483957814536	-0.0124935416805371	-0.00495016049352037
272.082	0	0	0	0	0	0	0	0	0	0	0	0	0	0	0	0	0	0	0	0	0	0	0	0	0	0	0	0	0	0	0	0	0	0	0	0	0	0	0	0	0	0	0	0	0	0	0	0	0	0	0	0	0	0	0	0	0	0	0	0	0	0	0	0	0	0	0	0	0	0	0	0	0	0	0	0	0	0	0	0	0	0	0	0	0	0	0	0	0	0	0	0	0	0	0	0	0	0	0	0	0	0	0	0	0	0	0	0	0	0	0	0	0	0	0	0	0	0	0	0	0	0	0	0	0	0	0	0	0	0	0	0	0	0	0	0	0	0	0	0	0	0	0	0	0	0	0	0	0	0	0	0	0	0	0	0	0	0	0	0	0	0	0	0	0	0	0	0	0	0	0	0	0	0	0	0	0	0	0	0	0	0	0	0	0	0	0	0	0	0	0	0	0	0	0	0	0	0	0	0	0	0	0	0	0	0	0	0	0	0	0	0	0	0	0	0	0	0	0	0.0300663515818349	-0.00159950399903563	0.00251279996776908	-0.0102864527715014	-0.0318541561262312	-0.105741422993542	-0.205302232783578	-0.26115424828612	-0.234680371586114	-0.13565530987392	-0.0644528138460057	-0.00113455296757554	-0.0095398127877422	-0.00955510525793055	0.00768775123192999	-0.00468558347546461	-0.0479297220145797
276.583	0	0	0	0	0	0	0	0	0	0	0	0	0	0	0	0	0	0	0	0	0	0	0	0	0	0	0	0	0	0	0	0	0	0	0	0	0	0	0	0	0	0	0	0	0	0	0	0	0	0	0	0	0	0	0	0	0	0	0	0	0	0	0	0	0	0	0	0	0	0	0	0	0	0	0	0	0	0	0	0	0	0	0	0	0	0	0	0	0	0	0	0	0	0	0	0	0	0	0	0	0	0	0	0	0	0	0	0	0	0	0	0	0	0	0	0	0	0	0	0	0	0	0	0	0	0	0	0	0	0	0	0	0	0	0	0	0	0	0	0	0	0	0	0	0	0	0	0	0	0	0	0	0	0	0	0	0	0	0	0	0	0	0	0	0	0	0	0	0	0	0	0	0	0	0	0	0	0	0	0	0	0	0	0	0	0	0	0	0	0	0	0	0	0	0	0	0	0	0	0	0	0	0	0	0	0	0	0	0	0	0	0	0	0	0	0	0	0.0206206417409392	0.00727571144022113	0.00185201976409035	-0.00373268995450032	-0.0232560641797256	-0.0722458304715396	-0.173308418803386	-0.196477543473309	-0.196105686704438	-0.128594843223801	-0.0321734832753327	-0.0131951895828637	0.00588992064956764	4.0076756306147E-4	-0.00816437958563567	0.0159302045472296	-0.0375092258921356	0.0062991658549943	-0.00198211759039861
281.087	0	0	0	0	0	0	0	0	0	0	0	0	0	0	0	0	0	0	0	0	0	0	0	0	0	0	0	0	0	0	0	0	0	0	0	0	0	0	0	0	0	0	0	0	0	0	0	0	0	0	0	0	0	0	0	0	0	0	0	0	0	0	0	0	0	0	0	0	0	0	0	0	0	0	0	0	0	0	0	0	0	0	0	0	0	0	0	0	0	0	0	0	0	0	0	0	0	0	0	0	0	0	0	0	0	0	0	0	0	0	0	0	0	0	0	0	0	0	0	0	0	0	0	0	0	0	0	0	0	0	0	0	0	0	0	0	0	0	0	0	0	0	0	0	0	0	0	0	0	0	0	0	0	0	0	0	0	0	0	0	0	0	0	0	0	0	0	0	0	0	0	0	0	0	0	0	0	0	0	0	0	0	0	0	0	0	0	0	0	0	0	0	0	0	0	0	0	0	0	0	0	0	0	0	0	0	0	0	0	0	0	0	0	0	0	0.00923159795781275	0.00318810625222895	0.00259459738023038	0.00415023522628708	-0.0165592806745968	-0.0568191971411981	-0.114189111435038	-0.158497769377563	-0.177402632015952	-0.10428606111237	-0.0432956084947359	-0.0166918793481866	0.00134093814086496	-0.00451058747170671	0.0227283135559331	0.00348571831280793	0.0147013535999428	0.0119849774196861	-0.00555963473532274	0.0407757394136374	-0.0156119166281293
285.595	0	0	0	0	0	0	0	0	0	0	0	0	0	0	0	0	0	0	0	0	0	0	0	0	0	0	0	0	0	0	0	0	0	0	0	0	0	0	0	0	0	0	0	0	0	0	0	0	0	0	0	0	0	0	0	0	0	0	0	0	0	0	0	0	0	0	0	0	0	0	0	0	0	0	0	0	0	0	0	0	0	0	0	0	0	0	0	0	0	0	0	0	0	0	0	0	0	0	0	0	0	0	0	0	0	0	0	0	0	0	0	0	0	0	0	0	0	0	0	0	0	0	0	0	0	0	0	0	0	0	0	0	0	0	0	0	0	0	0	0	0	0	0	0	0	0	0	0	0	0	0	0	0	0	0	0	0	0	0	0	0	0	0	0	0	0	0	0	0	0	0	0	0	0	0	0	0	0	0	0	0	0	0	0	0	0	0	0	0	0	0	0	0	0	0	0	0	0	0	0	0	0	0	0	0	0	0	0	0	0	0	0	0	0.0146687494766769	0.0169260993422089	0.0117838008776885	0.00714765962209647	-0.00713649957704173	-0.0377006383397596	-0.102095618084016	-0.131236280035762	-0.129936091119371	-0.0921170358262987	-0.0391360535754462	-0.0082475844296279	0.00629825797096397	0.0119191027077279	0.0227735189570907	0.0175736051008145	0.016844524393991	0.0327244051994313	0.0259996624303733	0.0233173265990132	0.011595947713176	0.0434284627092598	0.0380454434184242
290.107	0	0	0	0	0	0	0	0	0	0	0	0	0	0	0	0	0	0	0	0	0	0	0	0	0	0	0	0	0	0	0	0	0	0	0	0	0	0	0	0	0	0	0	0	0	0	0	0	0	0	0	0	0	0	0	0	0	0	0	0	0	0	0	0	0	0	0	0	0	0	0	0	0	0	0	0	0	0	0	0	0	0	0	0	0	0	0	0	0	0	0	0	0	0	0	0	0	0	0	0	0	0	0	0	0	0	0	0	0	0	0	0	0	0	0	0	0	0	0	0	0	0	0	0	0	0	0	0	0	0	0	0	0	0	0	0	0	0	0	0	0	0	0	0	0	0	0	0	0	0	0	0	0	0	0	0	0	0	0	0	0	0	0	0	0	0	0	0	0	0	0	0	0	0	0	0	0	0	0	0	0	0	0	0	0	0	0	0	0	0	0	0	0	0	0	0	0	0	0	0	0	0	0	0	0	0	0	0	0	0	0.0276065734307779	0.0149584522275118	0.0204221070536872	0.0204555581671266	0.0117569182949471	-0.0027710308668348	-0.0322234249527658	-0.0794049211182078	-0.115197473313596	-0.113294122188679	-0.0895966763990119	-0.0368703687958127	-5.29825366982287E-4	0.0104468667366236	0.0109909441792333	0.00938842554919233	0.0130832329525379	0.00866295635128152	0.0207561232511633	0.0156021309120283	0.0362806233502358	0.0264465637688049	0.0234363980378936	0.0293187249066761	0.0331664486276052	0.0776815302983866
294.623	0	0	0	0	0	0	0	0	0	0	0	0	0	0	0	0	0	0	0	0	0	0	0	0	0	0	0	0	0	0	0	0	0	0	0	0	0	0	0	0	0	0	0	0	0	0	0	0	0	0	0	0	0	0	0	0	0	0	0	0	0	0	0	0	0	0	0	0	0	0	0	0	0	0	0	0	0	0	0	0	0	0	0	0	0	0	0	0	0	0	0	0	0	0	0	0	0	0	0	0	0	0	0	0	0	0	0	0	0	0	0	0	0	0	0	0	0	0	0	0	0	0	0	0	0	0	0	0	0	0	0	0	0	0	0	0	0	0	0	0	0	0	0	0	0	0	0	0	0	0	0	0	0	0	0	0	0	0	0	0	0	0	0	0	0	0	0	0	0	0	0	0	0	0	0	0	0	0	0	0	0	0	0	0	0	0	0	0	0	0	0	0	0	0	0	0	0	0	0	0	0	0	0	0	0	0	0	0	0.0267618756681944	0.0195328299377623	0.019619226264491	0.0225380500487727	0.0176168461137146	0.00682959742784363	-0.0164684566212215	-0.055920791532268	-0.0952922075597481	-0.109275060772032	-0.069620989776092	-0.0274836598537391	-0.00110252691661208	0.00659990197022042	0.0129889683450558	0.0121097901172695	0.00991234024440674	0.0172443005528018	0.0165989042565895	0.0194909773016593	0.0155575690085005	0.0169034444010698	0.00654050092579491	0.0414267870499401	0.0352246174180183	0.030513276583778	0.0520450184026603	0.0137837235287294
299.142	0	0	0	0	0	0	0	0	0	0	0	0	0	0	0	0	0	0	0	0	0	0	0	0	0	0	0	0	0	0	0	0	0	0	0	0	0	0	0	0	0	0	0	0	0	0	0	0	0	0	0	0	0	0	0	0	0	0	0	0	0	0	0	0	0	0	0	0	0	0	0	0	0	0	0	0	0	0	0	0	0	0	0	0	0	0	0	0	0	0	0	0	0	0	0	0	0	0	0	0	0	0	0	0	0	0	0	0	0	0	0	0	0	0	0	0	0	0	0	0	0	0	0	0	0	0	0	0	0	0	0	0	0	0	0	0	0	0	0	0	0	0	0	0	0	0	0	0	0	0	0	0	0	0	0	0	0	0	0	0	0	0	0	0	0	0	0	0	0	0	0	0	0	0	0	0	0	0	0	0	0	0	0	0	0	0	0	0	0	0	0	0	0	0	0	0	0	0	0	0	0	0	0	0	0	0	0.0260904599366006	0.0268771985293581	0.0296895651471989	0.0298961632013872	0.029568305554422	0.0257716190855811	0.00466689663170924	-0.0228120898475546	-0.0686015234834336	-0.0746107744169908	-0.049125465051934	-0.0195728875509548	0.00669077982295536	0.0173899391277375	0.0207939388379853	0.0215408028219169	0.0181303520551624	0.0238170945356477	0.0164209238755678	0.0188909565114417	0.0195906938448426	0.00738162675880749	0.0242055708749619	0.02101965748549	0.0064485766891136	0.0172932900454837	0.0293608062418922	0.0479058247486273	0.0547523714378499	0.0162663768335744
303.665	0	0	0	0	0	0	0	0	0	0	0	0	0	0	0	0	0	0	0	0	0	0	0	0	0	0	0	0	0	0	0	0	0	0	0	0	0	0	0	0	0	0	0	0	0	0	0	0	0	0	0	0	0	0	0	0	0	0	0	0	0	0	0	0	0	0	0	0	0	0	0	0	0	0	0	0	0	0	0	0	0	0	0	0	0	0	0	0	0	0	0	0	0	0	0	0	0	0	0	0	0	0	0	0	0	0	0	0	0	0	0	0	0	0	0	0	0	0	0	0	0	0	0	0	0	0	0	0	0	0	0	0	0	0	0	0	0	0	0	0	0	0	0	0	0	0	0	0	0	0	0	0	0	0	0	0	0	0	0	0	0	0	0	0	0	0	0	0	0	0	0	0	0	0	0	0	0	0	0	0	0	0	0	0	0	0	0	0	0	0	0	0	0	0	0	0	0	0	0	0	0	0	0	0	0.0283846354405308	0.0303179107900684	0.0334060911876244	0.037116544867355	0.0401992837287921	0.0374160742517727	0.0176375043726954	-0.00661383353277278	-0.0358472449531561	-0.0418762777852744	-0.0252027145243693	-7.84173654369332E-4	0.0234799150980178	0.0298755507467168	0.0327419544709319	0.0355000565139813	0.0305251398282235	0.0317840450215258	0.0227880580166249	0.0335156568265216	0.0282041660777926	0.0300632031461803	0.0274637912195739	0.0271078814493712	0.0403502096499686	0.0292919246959312	0.0507659260801083	0.0715566385499417	0.0487731094999529	0.0694023468265287	0.103118578128763	0.0969106787357869
308.191	0	0	0	0	0	0	0	0	0	0	0	0	0	0	0	0	0	0	0	0	0	0	0	0	0	0	0	0	0	0	0	0	0	0	0	0	0	0	0	0	0	0	0	0	0	0	0	0	0	0	0	0	0	0	0	0	0	0	0	0	0	0	0	0	0	0	0	0	0	0	0	0	0	0	0	0	0	0	0	0	0	0	0	0	0	0	0	0	0	0	0	0	0	0	0	0	0	0	0	0	0	0	0	0	0	0	0	0	0	0	0	0	0	0	0	0	0	0	0	0	0	0	0	0	0	0	0	0	0	0	0	0	0	0	0	0	0	0	0	0	0	0	0	0	0	0	0	0	0	0	0	0	0	0	0	0	0	0	0	0	0	0	0	0	0	0	0	0	0	0	0	0	0	0	0	0	0	0	0	0	0	0	0	0	0	0	0	0	0	0	0	0	0	0	0	0	0	0	0	0	0	0.0251368094693852	0.0247811238635817	0.0257094198674881	0.0323180184410775	0.0348827377197875	0.0383249821936899	0.0336481586111784	0.0295228139734387	0.00523777246728217	-0.0152782852056015	-0.0223612569747042	-0.0153668020584377	0.011165386211775	0.035105393844786	0.0444715638663267	0.0429399799142461	0.0389196321657797	0.0396090812980262	0.0343504297429006	0.0324396485120949	0.0351096056885038	0.0343507539079808	0.0302748152677825	0.0356167987127871	0.0366864526677731	0.0344881752349562	0.0352700092430589	0.0263385185385798	0.0231357233851128	0.0363221694250436	0.0578334037209013	0.0628224055703552	0.0678857157870152	0.0829002752316985	0.108908832386508
312.721	0	0	0	0	0	0	0	0	0	0	0	0	0	0	0	0	0	0	0	0	0	0	0	0	0	0	0	0	0	0	0	0	0	0	0	0	0	0	0	0	0	0	0	0	0	0	0	0	0	0	0	0	0	0	0	0	0	0	0	0	0	0	0	0	0	0	0	0	0	0	0	0	0	0	0	0	0	0	0	0	0	0	0	0	0	0	0	0	0	0	0	0	0	0	0	0	0	0	0	0	0	0	0	0	0	0	0	0	0	0	0	0	0	0	0	0	0	0	0	0	0	0	0	0	0	0	0	0	0	0	0	0	0	0	0	0	0	0	0	0	0	0	0	0	0	0	0	0	0	0	0	0	0	0	0	0	0	0	0	0	0	0	0	0	0	0	0	0	0	0	0	0	0	0	0	0	0	0	0	0	0	0	0	0	0	0	0	0	0	0	0	0	0	0	0	0	0	0	0	0.0190087618974322	0.0207348264014491	0.0273943048248447	0.0304286791042708	0.0337744562269956	0.0377124649891521	0.041736366216818	0.031303086130006	0.0200436574812592	-0.00500562877050132	-0.00911994210687973	0.00263133043919488	0.0210344884632745	0.047691362757891	0.0573064538888546	0.0572864111739098	0.0549205123073384	0.0548309360257156	0.0538186744107012	0.0476269287796533	0.0464205836244709	0.0471120704407884	0.0447941901125564	0.0414975218543509	0.0382410518731957	0.0467431016634369	0.0362122598151571	0.0424064176681038	0.0417790314104827	0.0453521471456469	0.0570530715034429	0.0635792603952172	0.0863266759954741	0.0688847347213521	0.0860374085025847	0.115892597269687	0.0987646952429281
317.254	0	0	0	0	0	0	0	0	0	0	0	0	0	0	0	0	0	0	0	0	0	0	0	0	0	0	0	0	0	0	0	0	0	0	0	0	0	0	0	0	0	0	0	0	0	0	0	0	0	0	0	0	0	0	0	0	0	0	0	0	0	0	0	0	0	0	0	0	0	0	0	0	0	0	0	0	0	0	0	0	0	0	0	0	0	0	0	0	0	0	0	0	0	0	0	0	0	0	0	0	0	0	0	0	0	0	0	0	0	0	0	0	0	0	0	0	0	0	0	0	0	0	0	0	0	0	0	0	0	0	0	0	0	0	0	0	0	0	0	0	0	0	0	0	0	0	0	0	0	0	0	0	0	0	0	0	0	0	0	0	0	0	0	0	0	0	0	0	0	0	0	0	0	0	0	0	0	0	0	0	0	0	0	0	0	0	0	0	0	0	0	0	0	0	0	0	0	0.0150598173827595	0.0173101501137799	0.0230394436916585	0.0241028406069787	0.029573342941153	0.03179698296122	0.0367148129274881	0.0345278561106746	0.0221031404612505	0.00429622501431225	-0.00413764255769888	0.0111872585851037	0.0305062307814441	0.0496039958430443	0.0614980551660642	0.0648511824386909	0.0581608321057172	0.0569126300580524	0.0573984150880611	0.0546252074883416	0.0500614402229584	0.043577697674242	0.0439513738519465	0.0383711233172338	0.0402033408472069	0.0376225197451383	0.044568409378769	0.0432586064477933	0.0329560137329098	0.0282949506652469	0.0434999177810428	0.0283734547411176	0.0323024879014951	0.0543179099521346	0.06625910174229	0.0673598427567897	0.0629042192617239	0.0710939662218499	0.127328760388393
321.791	0	0	0	0	0	0	0	0	0	0	0	0	0	0	0	0	0	0	0	0	0	0	0	0	0	0	0	0	0	0	0	0	0	0	0	0	0	0	0	0	0	0	0	0	0	0	0	0	0	0	0	0	0	0	0	0	0	0	0	0	0	0	0	0	0	0	0	0	0	0	0	0	0	0	0	0	0	0	0	0	0	0	0	0	0	0	0	0	0	0	0	0	0	0	0	0	0	0	0	0	0	0	0	0	0	0	0	0	0	0	0	0	0	0	0	0	0	0	0	0	0	0	0	0	0	0	0	0	0	0	0	0	0	0	0	0	0	0	0	0	0	0	0	0	0	0	0	0	0	0	0	0	0	0	0	0	0	0	0	0	0	0	0	0	0	0	0	0	0	0	0	0	0	0	0	0	0	0	0	0	0	0	0	0	0	0	0	0	0	0	0	0	0	0	0	0.018590783659226	0.0187216353798761	0.0205691312317001	0.0258700943764966	0.0297861368993747	0.0316949284840043	0.036582128319781	0.033342529188981	0.0285735978041238	0.0135779400263618	0.0143031988689932	0.0167265822022417	0.0430435041189176	0.0588193668837717	0.0685810760635049	0.0715579177632734	0.0724045006303295	0.0755036253391754	0.0707700487849139	0.0723566092881334	0.070591160559619	0.0635807155854649	0.0560631676272176	0.0602956863313945	0.0570238095312681	0.0527526322045414	0.0562379786859799	0.0516055664263848	0.0494843144023276	0.0450371781232724	0.0497859369031305	0.0546781448193086	0.0497964331618113	0.0433998104463734	0.0651263821246275	0.0604519138486655	0.0754659162241508	0.100903488224907	0.113975934800879	0.111637493912651	0.136326897207305
326.331	0	0	0	0	0	0	0	0	0	0	0	0	0	0	0	0	0	0	0	0	0	0	0	0	0	0	0	0	0	0	0	0	0	0	0	0	0	0	0	0	0	0	0	0	0	0	0	0	0	0	0	0	0	0	0	0	0	0	0	0	0	0	0	0	0	0	0	0	0	0	0	0	0	0	0	0	0	0	0	0	0	0	0	0	0	0	0	0	0	0	0	0	0	0	0	0	0	0	0	0	0	0	0	0	0	0	0	0	0	0	0	0	0	0	0	0	0	0	0	0	0	0	0	0	0	0	0	0	0	0	0	0	0	0	0	0	0	0	0	0	0	0	0	0	0	0	0	0	0	0	0	0	0	0	0	0	0	0	0	0	0	0	0	0	0	0	0	0	0	0	0	0	0	0	0	0	0	0	0	0	0	0	0	0	0	0	0	0	0	0	0	0	0.0197747734020772	0.018494919613095	0.0176998073660087	0.0208091704930114	0.0242285147448246	0.0279363499089334	0.03089948328763	0.0343013851249245	0.03239365490349	0.0273770246117249	0.0171827010735395	0.0157963203180374	0.020343237719565	0.0420973046906084	0.0576079779931634	0.0721572799707577	0.0781385023287463	0.0803320171723856	0.0815635483366208	0.0787303645435759	0.0779164053064335	0.0753019945962449	0.0736834470141002	0.0699953421515183	0.0669856924352496	0.0632718571155856	0.063603686923628	0.0610733162685816	0.0606215855003517	0.0615787486271288	0.0547413537026851	0.0608526637967284	0.054214761041063	0.0495636723481666	0.0579954908786436	0.053561591821566	0.0632065145405594	0.0634856693767663	0.0745590709908021	0.077370626351529	0.0989009575414243	0.108492494238856	0.164475949626889	0.205205682417642
330.875	0	0	0	0	0	0	0	0	0	0	0	0	0	0	0	0	0	0	0	0	0	0	0	0	0	0	0	0	0	0	0	0	0	0	0	0	0	0	0	0	0	0	0	0	0	0	0	0	0	0	0	0	0	0	0	0	0	0	0	0	0	0	0	0	0	0	0	0	0	0	0	0	0	0	0	0	0	0	0	0	0	0	0	0	0	0	0	0	0	0	0	0	0	0	0	0	0	0	0	0	0	0	0	0	0	0	0	0	0	0	0	0	0	0	0	0	0	0	0	0	0	0	0	0	0	0	0	0	0	0	0	0	0	0	0	0	0	0	0	0	0	0	0	0	0	0	0	0	0	0	0	0	0	0	0	0	0	0	0	0	0	0	0	0	0	0	0	0	0	0	0	0	0	0	0	0	0	0	0	0	0	0	0	0	0	0	0	0	0	0	0.0201971533948877	0.0197764987710756	0.0216018800367839	0.0229574346991311	0.0232630719716494	0.0275271799577431	0.0310277666666138	0.0340555129692739	0.0325691406742377	0.0258442733492995	0.0181455629663174	0.0147975268843867	0.0185180321699517	0.0353983987832741	0.0573929153680823	0.0702139646551979	0.0778055002708436	0.0793646784966827	0.0831965573308907	0.0830586663810984	0.0804730079518087	0.083426852392896	0.0802241120801659	0.0776161337903307	0.0766583545239568	0.0711641782970404	0.0725309926435709	0.0640712277913202	0.0654488682280124	0.0660662275415806	0.0663415858536443	0.0588403688202775	0.062471516046293	0.0529236083702959	0.0546554042095294	0.0573891066475011	0.0639001093991321	0.0685753404475336	0.0599533270429979	0.0819577915740573	0.07627661878742	0.0951388942560672	0.107223757190852	0.111178494795912	0.108086878947774	0.189001349102112
335.422	0	0	0	0	0	0	0	0	0	0	0	0	0	0	0	0	0	0	0	0	0	0	0	0	0	0	0	0	0	0	0	0	0	0	0	0	0	0	0	0	0	0	0	0	0	0	0	0	0	0	0	0	0	0	0	0	0	0	0	0	0	0	0	0	0	0	0	0	0	0	0	0	0	0	0	0	0	0	0	0	0	0	0	0	0	0	0	0	0	0	0	0	0	0	0	0	0	0	0	0	0	0	0	0	0	0	0	0	0	0	0	0	0	0	0	0	0	0	0	0	0	0	0	0	0	0	0	0	0	0	0	0	0	0	0	0	0	0	0	0	0	0	0	0	0	0	0	0	0	0	0	0	0	0	0	0	0	0	0	0	0	0	0	0	0	0	0	0	0	0	0	0	0	0	0	0	0	0	0	0	0	0	0	0	0	0	0	0	0.0192878862774725	0.0209621645349036	0.0227813279051858	0.0263015131597382	0.0261008830926754	0.0306764237193605	0.0329655247340829	0.0324394713481843	0.0314082632323573	0.0326571882950625	0.0185686271458422	0.0201350642449265	0.0190513237650725	0.0376044801317363	0.0532394118461467	0.0647648147383631	0.0745989961933339	0.07817771221121	0.0823439075623729	0.0871579503584014	0.0843533876857069	0.0837051510571963	0.0839020902655357	0.0809162897063606	0.0816661011852603	0.0793375637658059	0.0766267270278228	0.0753877664246933	0.0723729047139142	0.0707735398712688	0.0662644231620707	0.0657574251996227	0.0584656208824279	0.0628214694447781	0.0624717743145619	0.0552078096124307	0.0634385950330751	0.0553247153081083	0.063152932397279	0.0613878747732973	0.0758154534200967	0.0614317251119285	0.083694651561575	0.101521332944089	0.127674822416396	0.102943084978854	0.148091971391595	0.142270728247465
339.972	0	0	0	0	0	0	0	0	0	0	0	0	0	0	0	0	0	0	0	0	0	0	0	0	0	0	0	0	0	0	0	0	0	0	0	0	0	0	0	0	0	0	0	0	0	0	0	0	0	0	0	0	0	0	0	0	0	0	0	0	0	0	0	0	0	0	0	0	0	0	0	0	0	0	0	0	0	0	0	0	0	0	0	0	0	0	0	0	0	0	0	0	0	0	0	0	0	0	0	0	0	0	0	0	0	0	0	0	0	0	0	0	0	0	0	0	0	0	0	0	0	0	0	0	0	0	0	0	0	0	0	0	0	0	0	0	0	0	0	0	0	0	0	0	0	0	0	0	0	0	0	0	0	0	0	0	0	0	0	0	0	0	0	0	0	0	0	0	0	0	0	0	0	0	0	0	0	0	0	0	0	0	0	0	0	0	0.0234206902468363	0.0242237048712104	0.0256340205182868	0.0295918622920524	0.029856793412127	0.0343425715239196	0.0349747405029469	0.037122801366088	0.0396469018150395	0.0347990142633133	0.0289203206709023	0.0249530451558456	0.0305140590181973	0.041618316270185	0.0518980190894364	0.0630282367324723	0.0705246673003314	0.0779210044668925	0.0841903105393047	0.0878460017240412	0.0857381040942086	0.0912846736414859	0.0910833643233864	0.0950691589522318	0.0897036731030348	0.0915750119294691	0.0874251968670264	0.0861541201141832	0.0865950374479221	0.0816940915368923	0.0769559060592583	0.0802436351627232	0.078353774697697	0.0733784532035135	0.0771598225524397	0.0732743325018188	0.07548946393972	0.0795395824932613	0.0724724956291883	0.0850376834209667	0.0882325513103126	0.09058146995042	0.0959717214370279	0.106274151434609	0.107557143827249	0.10745034418083	0.103488694208637	0.128864160922505	0.181241563436801	0.198793623248788
344.526	0	0	0	0	0	0	0	0	0	0	0	0	0	0	0	0	0	0	0	0	0	0	0	0	0	0	0	0	0	0	0	0	0	0	0	0	0	0	0	0	0	0	0	0	0	0	0	0	0	0	0	0	0	0	0	0	0	0	0	0	0	0	0	0	0	0	0	0	0	0	0	0	0	0	0	0	0	0	0	0	0	0	0	0	0	0	0	0	0	0	0	0	0	0	0	0	0	0	0	0	0	0	0	0	0	0	0	0	0	0	0	0	0	0	0	0	0	0	0	0	0	0	0	0	0	0	0	0	0	0	0	0	0	0	0	0	0	0	0	0	0	0	0	0	0	0	0	0	0	0	0	0	0	0	0	0	0	0	0	0	0	0	0	0	0	0	0	0	0	0	0	0	0	0	0	0	0	0	0	0	0	0	0	0.0278381596098339	0.0247779755491175	0.0258078558954303	0.0289703781349011	0.032245598974306	0.0351927599954843	0.0370264103206368	0.0391588979635174	0.0407921989466988	0.0450864063478305	0.0419593997591784	0.0364858349112884	0.032672232277894	0.034965028728761	0.0418516443870349	0.0553322494940689	0.0643500971243363	0.0722148452448438	0.0749235110532548	0.0788159528516619	0.0861112867524217	0.089183708997573	0.0925299294060169	0.0921834091988916	0.0942312705180654	0.0933421631894751	0.0933622069345159	0.088030454020115	0.0884115362034023	0.0896943787195216	0.0916384911190205	0.0873011265951447	0.0851147601466376	0.0778642745037644	0.0798973978341321	0.0830338614087999	0.0798573267968162	0.0818708702882244	0.0836694741973974	0.0819659591294262	0.0827350318555561	0.0810314187601879	0.0868239251039657	0.0951708662808344	0.0852340720550305	0.097314169132714	0.108118772032737	0.110480500872462	0.108418557220369	0.125296683556473	0.168453716272574	0.16196791596014	0.175431452693853
349.084	0	0	0	0	0	0	0	0	0	0	0	0	0	0	0	0	0	0	0	0	0	0	0	0	0	0	0	0	0	0	0	0	0	0	0	0	0	0	0	0	0	0	0	0	0	0	0	0	0	0	0	0	0	0	0	0	0	0	0	0	0	0	0	0	0	0	0	0	0	0	0	0	0	0	0	0	0	0	0	0	0	0	0	0	0	0	0	0	0	0	0	0	0	0	0	0	0	0	0	0	0	0	0	0	0	0	0	0	0	0	0	0	0	0	0	0	0	0	0	0	0	0	0	0	0	0	0	0	0	0	0	0	0	0	0	0	0	0	0	0	0	0	0	0	0	0	0	0	0	0	0	0	0	0	0	0	0	0	0	0	0	0	0	0	0	0	0	0	0	0	0	0	0	0	0	0	0	0	0	0	0	0.0267037128261408	0.0270093892080484	0.0299291006695462	0.0317731372567716	0.0345441103424087	0.0376498226323537	0.0418363589084402	0.044371332983803	0.0487973677698582	0.0510999594631013	0.0492151115059522	0.047693758377096	0.0426507824343062	0.0400948744666818	0.0498791356599903	0.0570983043014851	0.0669756320594084	0.0737640740733655	0.0800080661335605	0.0842836522379755	0.0855665989237128	0.0885522675469079	0.090798799425665	0.0974288394041631	0.0943036262648073	0.0980054268242492	0.0975368110759572	0.0958920001547347	0.096269612606097	0.0964488088024728	0.0903446445824498	0.0938670141238632	0.0910857590187716	0.0897132258949691	0.0910030187148697	0.0909687119995079	0.0879689294970814	0.0854527988342163	0.0870252655443126	0.0898359767897282	0.0804628385792353	0.0928318902959776	0.0880323069081028	0.0912566235762692	0.0906170440815354	0.100992448531056	0.0939110255978765	0.101443433072332	0.106986178231253	0.129958127513305	0.106688895011787	0.123759364509242	0.122448434646024	0.13476103743011	0.0925386967310197
353.644	0	0	0	0	0	0	0	0	0	0	0	0	0	0	0	0	0	0	0	0	0	0	0	0	0	0	0	0	0	0	0	0	0	0	0	0	0	0	0	0	0	0	0	0	0	0	0	0	0	0	0	0	0	0	0	0	0	0	0	0	0	0	0	0	0	0	0	0	0	0	0	0	0	0	0	0	0	0	0	0	0	0	0	0	0	0	0	0	0	0	0	0	0	0	0	0	0	0	0	0	0	0	0	0	0	0	0	0	0	0	0	0	0	0	0	0	0	0	0	0	0	0	0	0	0	0	0	0	0	0	0	0	0	0	0	0	0	0	0	0	0	0	0	0	0	0	0	0	0	0	0	0	0	0	0	0	0	0	0	0	0	0	0	0	0	0	0	0	0	0	0	0	0	0	0	0	0	0	0	0.0297200781302735	0.033036359689097	0.0340971347601076	0.0386803992851126	0.0418690003515017	0.047487760277649	0.0494788399127755	0.0527673297624021	0.0581453957192491	0.0611971230031566	0.0597396918786346	0.0599924558109385	0.0603339239936829	0.0527018132571754	0.0602441623611542	0.0726771085797176	0.0800521905465807	0.0867321519777665	0.090085898101153	0.0910210317379394	0.0957126005173528	0.0964119689937037	0.100370897551308	0.100413767213409	0.100549742481474	0.10325442675819	0.107448927797608	0.105902546778014	0.109828074118299	0.110378984484508	0.108748748220684	0.106794022514236	0.108393935274747	0.104941478104202	0.105152919173557	0.101113926718044	0.0972163778659138	0.103345302454534	0.102425347762194	0.10125054933823	0.0985653997871306	0.101584442695397	0.105966296331783	0.120156914606931	0.111946545354877	0.12327725656428	0.128183847696256	0.123372272923675	0.136522885853208	0.132939861470565	0.142093860325623	0.148241387874517	0.160088896276896	0.185684631856217	0.185093431223768	0.208860449410715	0.22328055975689
358.208	0	0	0	0	0	0	0	0	0	0	0	0	0	0	0	0	0	0	0	0	0	0	0	0	0	0	0	0	0	0	0	0	0	0	0	0	0	0	0	0	0	0	0	0	0	0	0	0	0	0	0	0	0	0	0	0	0	0	0	0	0	0	0	0	0	0	0	0	0	0	0	0	0	0	0	0	0	0	0	0	0	0	0	0	0	0	0	0	0	0	0	0	0	0	0	0	0	0	0	0	0	0	0	0	0	0	0	0	0	0	0	0	0	0	0	0	0	0	0	0	0	0	0	0	0	0	0	0	0	0	0	0	0	0	0	0	0	0	0	0	0	0	0	0	0	0	0	0	0	0	0	0	0	0	0	0	0	0	0	0	0	0	0	0	0	0	0	0	0	0	0	0	0	0	0	0	0.0458479816595583	0.0330047283301474	0.0351980108755032	0.0393894452749263	0.043874718684423	0.0474211291765359	0.0530157853144499	0.0574895869278222	0.0640451042224571	0.0642431387071387	0.0694232373275373	0.0723421828776864	0.0711422243796754	0.0722471863201789	0.0684224168058913	0.0719104495904585	0.0833088345350215	0.0905095004391979	0.0961630956528892	0.100506086481902	0.103110482220365	0.106515578239117	0.108343087611537	0.108900470030809	0.111528318740395	0.109935255165638	0.113377579132876	0.117714184926338	0.117798253767135	0.115049830270544	0.116488959508957	0.117483976272438	0.112973036008474	0.1164584848064	0.116850630086231	0.1107039038719	0.114842656599032	0.112675565148107	0.111056506874622	0.111933178488651	0.110206314875485	0.116196275964746	0.119727411493521	0.114776821943355	0.122315240132856	0.123084531541123	0.131912762415362	0.126286456178045	0.134692170019771	0.142778669731364	0.143549894745134	0.156213289536539	0.151307194836453	0.160454038103603	0.185799405870438	0.190416339178355	0.195058209069459	0.199055527843952	0.217798141774522	0.260675498951685
362.776	0	0	0	0	0	0	0	0	0	0	0	0	0	0	0	0	0	0	0	0	0	0	0	0	0	0	0	0	0	0	0	0	0	0	0	0	0	0	0	0	0	0	0	0	0	0	0	0	0	0	0	0	0	0	0	0	0	0	0	0	0	0	0	0	0	0	0	0	0	0	0	0	0	0	0	0	0	0	0	0	0	0	0	0	0	0	0	0	0	0	0	0	0	0	0	0	0	0	0	0	0	0	0	0	0	0	0	0	0	0	0	0	0	0	0	0	0	0	0	0	0	0	0	0	0	0	0	0	0	0	0	0	0	0	0	0	0	0	0	0	0	0	0	0	0	0	0	0	0	0	0	0	0	0	0	0	0	0	0	0	0	0	0	0	0	0	0	0	0	0	0	0	0	0	0.0406840057932919	0.0326429995681669	0.0380509441033473	0.0415890931864111	0.0481017077163372	0.05234708303441	0.0589063096638798	0.0640057435123405	0.0696516268792812	0.0739771267245079	0.0796646207057836	0.0806360089271664	0.0836777276501874	0.0815405878540672	0.0774314473674433	0.0850466664888455	0.0965901097801057	0.103950862725291	0.111508300331461	0.112698254577373	0.117542077208507	0.117579801301156	0.122168107643938	0.123747970992421	0.123644912803518	0.125691174773803	0.124753428563778	0.123952358588378	0.128159962026496	0.126562466438923	0.126395911648563	0.130307878730346	0.12716636500173	0.123309580316563	0.127191198597012	0.130013439338649	0.125276721318708	0.123892051010835	0.122956531852693	0.125075995682052	0.12423536753856	0.127778722597004	0.123035160363426	0.122710745470966	0.128389373124775	0.136686271767737	0.13195299167037	0.144744430173963	0.145888139301347	0.146538037946758	0.173264340140103	0.171510543773596	0.174337997009398	0.165529352920571	0.17192480980346	0.205635667545588	0.226090693493863	0.195413512538772	0.215397014290999	0.251049825043143	0.252033863090522	0.240846013921166
367.346	0	0	0	0	0	0	0	0	0	0	0	0	0	0	0	0	0	0	0	0	0	0	0	0	0	0	0	0	0	0	0	0	0	0	0	0	0	0	0	0	0	0	0	0	0	0	0	0	0	0	0	0	0	0	0	0	0	0	0	0	0	0	0	0	0	0	0	0	0	0	0	0	0	0	0	0	0	0	0	0	0	0	0	0	0	0	0	0	0	0	0	0	0	0	0	0	0	0	0	0	0	0	0	0	0	0	0	0	0	0	0	0	0	0	0	0	0	0	0	0	0	0	0	0	0	0	0	0	0	0	0	0	0	0	0	0	0	0	0	0	0	0	0	0	0	0	0	0	0	0	0	0	0	0	0	0	0	0	0	0	0	0	0	0	0	0	0	0	0	0	0	0	0.0341759239404232	0.0341334394212724	0.0385452908936209	0.0442766654132133	0.0489276718661807	0.0548461369571622	0.0619896200635477	0.0690982611346924	0.0739302505794292	0.0817068315646617	0.0853887551221435	0.0897784541584268	0.0953901434983699	0.0953001612506991	0.0968825527665219	0.102300323865089	0.108495299464442	0.11584241199967	0.121597366054744	0.129904386728646	0.131279610562936	0.133137905402954	0.137686264457669	0.139524238783685	0.139777243309367	0.14104126599	0.141549731742316	0.142522209599483	0.138951576589134	0.142361002091675	0.142761856918567	0.142120466104196	0.140609104837339	0.142064748570845	0.139332091470693	0.138910730422316	0.141034814670019	0.138891789047754	0.139096652642769	0.139314639817745	0.138341204575675	0.141682710147221	0.137928640813028	0.137806174697557	0.141031826733342	0.147196786569021	0.154327230674085	0.159003906761762	0.158005304107415	0.163434871702688	0.177858864259862	0.180109825306146	0.186291682936936	0.199552401908401	0.207475519125733	0.218201484514547	0.214292531134619	0.244851819693984	0.234058118412791	0.241331994651263	0.282649326639749	0.268182600939714	0.281585871189846	0.314532484656695
371.92	0	0	0	0	0	0	0	0	0	0	0	0	0	0	0	0	0	0	0	0	0	0	0	0	0	0	0	0	0	0	0	0	0	0	0	0	0	0	0	0	0	0	0	0	0	0	0	0	0	0	0	0	0	0	0	0	0	0	0	0	0	0	0	0	0	0	0	0	0	0	0	0	0	0	0	0	0	0	0	0	0	0	0	0	0	0	0	0	0	0	0	0	0	0	0	0	0	0	0	0	0	0	0	0	0	0	0	0	0	0	0	0	0	0	0	0	0	0	0	0	0	0	0	0	0	0	0	0	0	0	0	0	0	0	0	0	0	0	0	0	0	0	0	0	0	0	0	0	0	0	0	0	0	0	0	0	0	0	0	0	0	0	0	0	0	0	0	0	0	0	0.0341895212747957	0.035610161258505	0.0404857415918668	0.0461312294678216	0.0503117302016435	0.0596400274941905	0.0652450609808981	0.0725266909312425	0.0809612700862943	0.0865886097269798	0.0966087156447561	0.101837024985355	0.105175518978564	0.109249440813183	0.110940810781666	0.115551141342024	0.120591477889619	0.13205717283936	0.14028466213076	0.147376712702033	0.14906409888056	0.15089267807145	0.154278769103857	0.159012746322827	0.160970125552072	0.163191330834304	0.162144332936954	0.165929311721616	0.165821899095755	0.165901858148219	0.164074359858195	0.159268811844864	0.163284601803893	0.162869935059463	0.159087222148716	0.163422335734573	0.158001900443203	0.157937080810777	0.15747550553818	0.15626266737671	0.154567053726495	0.15758997282862	0.159969725889607	0.159325015861093	0.166295313708868	0.158821653536829	0.165737412767457	0.17346265291489	0.178309550895268	0.182145572491422	0.190133736329019	0.199298421513286	0.207673977559703	0.217178903970267	0.22459045588055	0.237048569031441	0.24503376111112	0.250860155330249	0.269310061940051	0.279369337339076	0.282224484713446	0.291098138032109	0.318013198305837	0.336708750651571	0.326164136933768	0.40130755239319
376.497	0	0	0	0	0	0	0	0	0	0	0	0	0	0	0	0	0	0	0	0	0	0	0	0	0	0	0	0	0	0	0	0	0	0	0	0	0	0	0	0	0	0	0	0	0	0	0	0	0	0	0	0	0	0	0	0	0	0	0	0	0	0	0	0	0	0	0	0	0	0	0	0	0	0	0	0	0	0	0	0	0	0	0	0	0	0	0	0	0	0	0	0	0	0	0	0	0	0	0	0	0	0	0	0	0	0	0	0	0	0	0	0	0	0	0	0	0	0	0	0	0	0	0	0	0	0	0	0	0	0	0	0	0	0	0	0	0	0	0	0	0	0	0	0	0	0	0	0	0	0	0	0	0	0	0	0	0	0	0	0	0	0	0	0	0	0	0	0.0438414075348276	0.031562040908971	0.0365647326377267	0.042363035924643	0.0472044299610671	0.0526504365925056	0.0595846908953458	0.0688689500331041	0.0755169251098879	0.0833832645162469	0.0918772470154763	0.0988504308905481	0.108285878211573	0.115646726581581	0.122037850340679	0.122783569341712	0.126994094015224	0.137413500419221	0.146657485120835	0.154947176857	0.162816067986037	0.165888388016649	0.172325504853526	0.176826357012349	0.180340436872086	0.1814011626265	0.186146562771468	0.187728393616551	0.190019477347702	0.188710288722823	0.191060088752819	0.191231745850848	0.188172115337458	0.187828944499918	0.186238157652074	0.18482351161285	0.18341592053821	0.179948143152111	0.182123175575289	0.176371815928021	0.174042904901992	0.175950142593213	0.17375209458834	0.171344877738174	0.174891969113311	0.173836036293438	0.181541507580264	0.177076671565289	0.188105222456572	0.185486764836467	0.192230732788159	0.197035159927721	0.21047672687311	0.213946253044851	0.227503431170455	0.22831409596897	0.244020792972318	0.256632615078641	0.267476041586158	0.267040642793763	0.283793797078448	0.287218336428304	0.300501105493558	0.315480130393031	0.320608718940568	0.334659017365888	0.347881618864822	0.333728059412982	0.353135308906722
381.077	0	0	0	0	0	0	0	0	0	0	0	0	0	0	0	0	0	0	0	0	0	0	0	0	0	0	0	0	0	0	0	0	0	0	0	0	0	0	0	0	0	0	0	0	0	0	0	0	0	0	0	0	0	0	0	0	0	0	0	0	0	0	0	0	0	0	0	0	0	0	0	0	0	0	0	0	0	0	0	0	0	0	0	0	0	0	0	0	0	0	0	0	0	0	0	0	0	0	0	0	0	0	0	0	0	0	0	0	0	0	0	0	0	0	0	0	0	0	0	0	0	0	0	0	0	0	0	0	0	0	0	0	0	0	0	0	0	0	0	0	0	0	0	0	0	0	0	0	0	0	0	0	0	0	0	0	0	0	0	0	0	0	0	0	0	0.038700669551373	0.0343853374860778	0.0381944659469197	0.0444627578566581	0.0512041657242781	0.0582505377122067	0.0636383675569233	0.0718632793958709	0.0797592258837509	0.0877849352234322	0.0974354843547686	0.10725343526977	0.117789597476026	0.125287136417468	0.131637204318071	0.137894765784826	0.139729508795337	0.148119258781685	0.163099588036839	0.173305512774967	0.181355210775114	0.186701960105891	0.193365851774442	0.197669141964082	0.20104673376172	0.208290108826572	0.21081417720348	0.215670980953055	0.218216557813786	0.217955608741735	0.216644995984688	0.217495583119315	0.220331395989163	0.214719496485067	0.215228526585681	0.216061783443367	0.213380329214221	0.209765165739399	0.209452168277305	0.20593294966431	0.202375545088071	0.200535707544745	0.202429714034152	0.199682076186251	0.202098851577052	0.200111140026929	0.20097946800903	0.20614836321828	0.209613817689341	0.21072034902759	0.220823214630406	0.220664163778419	0.233153581053173	0.244119840310641	0.247484902186674	0.256934054184018	0.269765493209678	0.289094656306008	0.304179765861369	0.311571939991016	0.319274236321711	0.338191662204097	0.346859249989013	0.370394803592548	0.383487168430525	0.403803800066035	0.405572138964337	0.434818021793057	0.442562755175187	0.461581116965809	0.529634705476905
385.661	0	0	0	0	0	0	0	0	0	0	0	0	0	0	0	0	0	0	0	0	0	0	0	0	0	0	0	0	0	0	0	0	0	0	0	0	0	0	0	0	0	0	0	0	0	0	0	0	0	0	0	0	0	0	0	0	0	0	0	0	0	0	0	0	0	0	0	0	0	0	0	0	0	0	0	0	0	0	0	0	0	0	0	0	0	0	0	0	0	0	0	0	0	0	0	0	0	0	0	0	0	0	0	0	0	0	0	0	0	0	0	0	0	0	0	0	0	0	0	0	0	0	0	0	0	0	0	0	0	0	0	0	0	0	0	0	0	0	0	0	0	0	0	0	0	0	0	0	0	0	0	0	0	0	0	0	0	0	0	0	0	0	0	0.0345559731975911	0.0350239744725654	0.0404587456693707	0.0471093005956635	0.0520182881646461	0.0599722219044882	0.0654146343113714	0.074607129036107	0.0824026177274489	0.0920393322911671	0.100864304368389	0.109782004643127	0.120650869038576	0.131357038731872	0.139055909456598	0.145666046847892	0.151954759018866	0.162137203436697	0.168667703296814	0.18177764716722	0.193390652438795	0.203118053576206	0.210618230409323	0.214606983184468	0.220638473220455	0.228222706614624	0.230326849290676	0.237573503722387	0.240055212538491	0.240974425064958	0.247276584990669	0.24511048176703	0.244854612341954	0.249007059681456	0.245911707732879	0.246365606183973	0.241600607646882	0.239464824100856	0.238615949768877	0.238669185520223	0.234221058110241	0.233891105899203	0.228034461644903	0.226052097200888	0.224478770524514	0.227267811451763	0.226089207970874	0.225030373520655	0.224771200906828	0.232201910953885	0.233612513520775	0.23819205427908	0.237012962104001	0.250865069982806	0.262424167791215	0.273577208522251	0.280354876645702	0.286959757991435	0.298069763178741	0.32343868494941	0.337170081281063	0.352779386240981	0.356734392180711	0.379655038104832	0.396769898314957	0.415084285676702	0.440979356535958	0.439914395307408	0.464823080802775	0.480403632365199	0.487504784175343	0.520656274917694	0.534267642667266
390.248	0	0	0	0	0	0	0	0	0	0	0	0	0	0	0	0	0	0	0	0	0	0	0	0	0	0	0	0	0	0	0	0	0	0	0	0	0	0	0	0	0	0	0	0	0	0	0	0	0	0	0	0	0	0	0	0	0	0	0	0	0	0	0	0	0	0	0	0	0	0	0	0	0	0	0	0	0	0	0	0	0	0	0	0	0	0	0	0	0	0	0	0	0	0	0	0	0	0	0	0	0	0	0	0	0	0	0	0	0	0	0	0	0	0	0	0	0	0	0	0	0	0	0	0	0	0	0	0	0	0	0	0	0	0	0	0	0	0	0	0	0	0	0	0	0	0	0	0	0	0	0	0	0	0	0	0	0	0	0	0	0.0425199491022173	0.0317467668699322	0.0368621802257165	0.0406416172031027	0.0472703360775515	0.0529833976584693	0.059927386810219	0.0673529857051768	0.0751843127379188	0.082911651637099	0.0902078892760115	0.101022395853474	0.108675588818006	0.119625849391154	0.12881412807838	0.139641585488952	0.144764550670554	0.154726369355602	0.162738762556665	0.174104499599747	0.185437195655243	0.197356879774844	0.207596224218925	0.212650514567583	0.223532169247133	0.231032518759883	0.23798036515665	0.242950693193898	0.248487731226287	0.253361990038487	0.258891963820813	0.263795700323758	0.264619159916506	0.265766181182128	0.267602475060655	0.270475992271235	0.266928877519266	0.265976620208362	0.262115504565705	0.263132376303171	0.259457207483172	0.25807350807276	0.251342114794843	0.251507519580675	0.245242995363861	0.242617780647844	0.238899647240228	0.239386954778492	0.23807100903644	0.240620346867284	0.242790791100296	0.241699145836035	0.245466056651264	0.248505806263037	0.253711683254605	0.260778699202183	0.269496671349724	0.281860652806802	0.289894823736601	0.303046016894171	0.321573761622122	0.330668991606792	0.350162588625184	0.356938645079937	0.378932912921342	0.394196768345282	0.414491067222461	0.441009040244923	0.447763028712527	0.458277098628813	0.469480664999422	0.507323117766286	0.516806291882855	0.504522939308921	0.53133582968668	0.527542763876922
394.837	0	0	0	0	0	0	0	0	0	0	0	0	0	0	0	0	0	0	0	0	0	0	0	0	0	0	0	0	0	0	0	0	0	0	0	0	0	0	0	0	0	0	0	0	0	0	0	0	0	0	0	0	0	0	0	0	0	0	0	0	0	0	0	0	0	0	0	0	0	0	0	0	0	0	0	0	0	0	0	0	0	0	0	0	0	0	0	0	0	0	0	0	0	0	0	0	0	0	0	0	0	0	0	0	0	0	0	0	0	0	0	0	0	0	0	0	0	0	0	0	0	0	0	0	0	0	0	0	0	0	0	0	0	0	0	0	0	0	0	0	0	0	0	0	0	0	0	0	0	0	0	0	0	0	0	0	0	0	0.0352669625728385	0.0350605914534759	0.0384652662212471	0.0431065572001227	0.0506992520222187	0.0561495201516812	0.0605323033966934	0.0684368354456006	0.076809797852312	0.0859945447382491	0.0927124339487841	0.103610824020404	0.112615282266712	0.122039456960682	0.13131155027619	0.139895846724966	0.152692070936678	0.161523619182302	0.165853030370112	0.179292095342372	0.192355777237798	0.204846091705302	0.214560393093835	0.226030864427166	0.232815068902267	0.242176202915927	0.250700617971725	0.257547117520087	0.262256383418339	0.270783078632374	0.276380320913857	0.282044354035597	0.284003055180081	0.286221104893485	0.291063554086877	0.294477309321103	0.295519527923475	0.294646627599967	0.29534335889773	0.294145208734292	0.288945953761017	0.286496184308268	0.281867458272208	0.278883784312066	0.274748717687195	0.274121918878713	0.269371120132012	0.266526256239231	0.266778793044177	0.263469797747706	0.262469471647089	0.263697507242859	0.266146954081958	0.267336658859688	0.272332181278834	0.276046281151629	0.283848308164507	0.292594039948545	0.299056033050258	0.319040577393655	0.327824852864747	0.340563318654634	0.359711487264464	0.380145115611031	0.396579544963091	0.40614855201297	0.425515759944267	0.45114057863131	0.473565935010848	0.486450977834704	0.49361737299656	0.50619341908974	0.52591630045726	0.573285172559258	0.592623208985207	0.621184904252504	0.630077394657712	0.630211486358365
399.43	0	0	0	0	0	0	0	0	0	0	0	0	0	0	0	0	0	0	0	0	0	0	0	0	0	0	0	0	0	0	0	0	0	0	0	0	0	0	0	0	0	0	0	0	0	0	0	0	0	0	0	0	0	0	0	0	0	0	0	0	0	0	0	0	0	0	0	0	0	0	0	0	0	0	0	0	0	0	0	0	0	0	0	0	0	0	0	0	0	0	0	0	0	0	0	0	0	0	0	0	0	0	0	0	0	0	0	0	0	0	0	0	0	0	0	0	0	0	0	0	0	0	0	0	0	0	0	0	0	0	0	0	0	0	0	0	0	0	0	0	0	0	0	0	0	0	0	0	0	0	0	0	0	0	0	0	0.0304981382711363	0.0326452813565259	0.0374393666765869	0.0424718058588179	0.0468003420275211	0.0534836485148893	0.0587869716478525	0.0692122035171121	0.0747161402949239	0.0822095524735975	0.0903845954256219	0.100273791156753	0.10950934776833	0.119009039373555	0.130568338751348	0.136231231578378	0.146783884317004	0.154473406072025	0.16378884612021	0.174687129219782	0.186820732714828	0.199525950378642	0.210391569405746	0.2221686264161	0.233314348632588	0.239157737085779	0.248668457502054	0.259490228129004	0.267410964066343	0.271537798858883	0.278639567245724	0.2840920667986	0.289991788850425	0.293327851764919	0.296587842362873	0.302196841332032	0.302233831788521	0.306509328510531	0.305267754123341	0.304507447707508	0.303574099273937	0.302719447737071	0.29900504745499	0.297185013125984	0.289546889355226	0.288733266934613	0.283878827394358	0.277953023561609	0.275795894774184	0.273630526450795	0.272033322402056	0.270947045413336	0.27333338487272	0.268577796079753	0.271296713067284	0.27785909909832	0.282150061685	0.288173109035593	0.296258820752478	0.304473793030136	0.312663290656493	0.331015740836512	0.337903860513882	0.354977688915982	0.372012708068338	0.389205745791385	0.412058878309337	0.423929897115614	0.44273292551616	0.462294358488879	0.474297466455248	0.497771452713093	0.514419829949461	0.537538648040153	0.556856619232102	0.562594253605942	0.57263751522165	0.611069046214127	0.642808854864037	0.633770917704651
404.026	0	0	0	0	0	0	0	0	0	0	0	0	0	0	0	0	0	0	0	0	0	0	0	0	0	0	0	0	0	0	0	0	0	0	0	0	0	0	0	0	0	0	0	0	0	0	0	0	0	0	0	0	0	0	0	0	0	0	0	0	0	0	0	0	0	0	0	0	0	0	0	0	0	0	0	0	0	0	0	0	0	0	0	0	0	0	0	0	0	0	0	0	0	0	0	0	0	0	0	0	0	0	0	0	0	0	0	0	0	0	0	0	0	0	0	0	0	0	0	0	0	0	0	0	0	0	0	0	0	0	0	0	0	0	0	0	0	0	0	0	0	0	0	0	0	0	0	0	0	0	0	0	0	0.0372992985318195	0.0296059612638366	0.0351067371259949	0.0407904520321238	0.0424047417642823	0.0496990022290007	0.0564033328805243	0.0626103382105385	0.0693163984083591	0.0781040114164488	0.0870291231579456	0.0941942984970972	0.10339848032771	0.11274205332129	0.123546238001427	0.132881715329209	0.142879851872741	0.150341290133757	0.160487799963382	0.168499098234962	0.17835788089536	0.190459981320832	0.203588316482738	0.21794983091972	0.228764871743113	0.241725354413364	0.251303220073815	0.261105569170386	0.271011665487577	0.278824389924732	0.287853562333506	0.295395453599999	0.301707414290761	0.306544542454702	0.313428064263293	0.318638172201806	0.321941006298389	0.327022650693219	0.329717572830055	0.333312092429072	0.332720686140209	0.335758537942713	0.333080411633362	0.330374964186593	0.329702665647696	0.322154856449202	0.32126952325249	0.316686045314963	0.309890953193016	0.307418978273479	0.305308448326124	0.297015262645062	0.293900129080581	0.29544621060659	0.29423567693571	0.295037395653727	0.295626787461157	0.296416389196432	0.299739175217114	0.307142170610813	0.312390294980385	0.324810461801008	0.332663856555591	0.349883341510037	0.355310600791461	0.380118472189375	0.388301436148882	0.403546162021606	0.425145999734482	0.450755977038946	0.464039969833523	0.486684779150336	0.510083805939823	0.52264037899814	0.541554466004031	0.564958862642746	0.573532378035281	0.609353940506654	0.629083607730358	0.655312754462334	0.644271752475876	0.662670769363288	0.723427383701584
408.626	0	0	0	0	0	0	0	0	0	0	0	0	0	0	0	0	0	0	0	0	0	0	0	0	0	0	0	0	0	0	0	0	0	0	0	0	0	0	0	0	0	0	0	0	0	0	0	0	0	0	0	0	0	0	0	0	0	0	0	0	0	0	0	0	0	0	0	0	0	0	0	0	0	0	0	0	0	0	0	0	0	0	0	0	0	0	0	0	0	0	0	0	0	0	0	0	0	0	0	0	0	0	0	0	0	0	0	0	0	0	0	0	0	0	0	0	0	0	0	0	0	0	0	0	0	0	0	0	0	0	0	0	0	0	0	0	0	0	0	0	0	0	0	0	0	0	0	0	0	0	0	0.0313463443998124	0.0324565857131945	0.0366306188350394	0.04186228374457	0.0464981735045632	0.0524689375732661	0.0564739074911032	0.0662916502723469	0.0736175542895704	0.0803899843363806	0.0894058347986659	0.0969993318910835	0.107220020022631	0.116752019892877	0.124181295684277	0.135711691385602	0.144851943613114	0.156044319790177	0.163394603786028	0.175894157953475	0.184334537576079	0.19616051236074	0.209280558235254	0.218485657040134	0.23538271039291	0.245153056637825	0.257168914168635	0.266966038367208	0.279153407293244	0.289433728377938	0.297767828110254	0.308960553568037	0.315746636508132	0.321705087946701	0.328872788734958	0.334482089365314	0.342263009411256	0.345370037535757	0.349968203895866	0.351323252558932	0.353484303822144	0.356044361961045	0.356810076252526	0.354059913856091	0.353566693948117	0.353868199845338	0.347784613389134	0.341780287926456	0.339187287493722	0.336616543480727	0.333279630830934	0.326033973038922	0.321176922271454	0.316179281855236	0.317971387262109	0.321805144982724	0.314694773816926	0.317030225694764	0.316153764629063	0.319663595177146	0.324922485862839	0.332889508384454	0.343101988403397	0.355298813756932	0.367502787526299	0.379752071011086	0.393781506543227	0.409821520592332	0.431735933684766	0.442648181501992	0.476897901339469	0.488981279905272	0.510744252295498	0.538325460722046	0.554363292979462	0.580107263851086	0.589093894964134	0.619674938768081	0.651795695800548	0.660412470726118	0.674835846423197	0.682634190314477	0.746816102411387	0.750586720506869	0.775041220934375
413.228	0	0	0	0	0	0	0	0	0	0	0	0	0	0	0	0	0	0	0	0	0	0	0	0	0	0	0	0	0	0	0	0	0	0	0	0	0	0	0	0	0	0	0	0	0	0	0	0	0	0	0	0	0	0	0	0	0	0	0	0	0	0	0	0	0	0	0	0	0	0	0	0	0	0	0	0	0	0	0	0	0	0	0	0	0	0	0	0	0	0	0	0	0	0	0	0	0	0	0	0	0	0	0	0	0	0	0	0	0	0	0	0	0	0	0	0	0	0	0	0	0	0	0	0	0	0	0	0	0	0	0	0	0	0	0	0	0	0	0	0	0	0	0	0	0	0	0	0	0	0.0312347792909817	0.0339782287283057	0.0380232143834308	0.0433669698156594	0.0473660065008977	0.0555662911930608	0.0623531241939052	0.0676320030118937	0.0758359446861822	0.0830095748974804	0.0899268874103583	0.0987233685450434	0.107603926099766	0.118839430568919	0.128479129935455	0.137903716659158	0.148972470757706	0.157344623673641	0.168398973788705	0.1765933074507	0.188232894621836	0.198020666597756	0.210917672762049	0.222904278808493	0.23303783845325	0.245096389695366	0.259416247613601	0.271297776325692	0.280301043364182	0.29165983196561	0.302635026910467	0.311867498793212	0.322528878817052	0.328955621370449	0.33953124809827	0.345230398821085	0.351829799806386	0.35723033641293	0.36065407713749	0.36889841506244	0.371484838395624	0.372393244159104	0.372719571915995	0.376383991609095	0.375946149064502	0.375615058233945	0.374119358036319	0.368096337267657	0.367583564144912	0.359867112561626	0.355927996112859	0.352754942515973	0.34162653633605	0.345036582599082	0.338243034786957	0.332745765310264	0.337368677732398	0.333509677271997	0.329960538069176	0.336105997034765	0.334010929727038	0.341100957101068	0.346051952549786	0.35181695643774	0.368167906930869	0.381544006815002	0.392540086021968	0.407861085697442	0.422122928149113	0.440048430884012	0.46341534989702	0.486148871474272	0.512741941524124	0.527376490169119	0.54724873056496	0.573488260640807	0.592554504276377	0.621869038764833	0.656677649434936	0.667831500324729	0.680406976111798	0.706372164797745	0.728527564505228	0.772734940126467	0.777644143606418	0.869856960349262	0.841725921367601
417.833	0	0	0	0	0	0	0	0	0	0	0	0	0	0	0	0	0	0	0	0	0	0	0	0	0	0	0	0	0	0	0	0	0	0	0	0	0	0	0	0	0	0	0	0	0	0	0	0	0	0	0	0	0	0	0	0	0	0	0	0	0	0	0	0	0	0	0	0	0	0	0	0	0	0	0	0	0	0	0	0	0	0	0	0	0	0	0	0	0	0	0	0	0	0	0	0	0	0	0	0	0	0	0	0	0	0	0	0	0	0	0	0	0	0	0	0	0	0	0	0	0	0	0	0	0	0	0	0	0	0	0	0	0	0	0	0	0	0	0	0	0	0	0	0	0	0	0	0.0286700389184646	0.0315760552284394	0.0360088523758839	0.0418352250898523	0.0450920850181118	0.0509942745896801	0.0579552548754809	0.0642796851136326	0.0723227140648792	0.0797833876393544	0.088242620677162	0.0966298250716758	0.106320990384516	0.116206046688491	0.124701869330944	0.136499982503803	0.146648542187299	0.15648261745225	0.166165727580628	0.176420563313367	0.187158454007028	0.197600380808084	0.207188426124405	0.219867884527411	0.234053651215337	0.244334673865297	0.254480493240707	0.266054684535822	0.278470848821977	0.287025489941216	0.299308639313682	0.311237373439643	0.321168985919168	0.330787483447315	0.34125766822677	0.349609634194901	0.355467371638903	0.362416097352375	0.369816869608228	0.376079049315102	0.378243876276315	0.381966895878602	0.384382499230732	0.388168549901724	0.388081804972051	0.389958626955857	0.3853701575437	0.386068790714189	0.378506957491754	0.378971647381042	0.373112140283176	0.36838643569426	0.364849317135642	0.357237877513933	0.355091092385304	0.348477304220603	0.344989153313544	0.338193870446126	0.33997979681138	0.341458982845885	0.342056033230473	0.344051626905324	0.344794142568729	0.355655017402851	0.361137351137491	0.371402575328228	0.383980473999632	0.395253165974039	0.412465234362457	0.425494732988838	0.444334293625544	0.457490243788511	0.476980044592978	0.504942060429795	0.525756566996287	0.550699220233387	0.564781988897987	0.581311888325714	0.610423177642168	0.645187026806758	0.654390624993866	0.663147351087684	0.697787240586165	0.726289118639672	0.746789053885455	0.7447568254548	0.772787948929852	0.805045717626067	0.808523776750705
422.442	0	0	0	0	0	0	0	0	0	0	0	0	0	0	0	0	0	0	0	0	0	0	0	0	0	0	0	0	0	0	0	0	0	0	0	0	0	0	0	0	0	0	0	0	0	0	0	0	0	0	0	0	0	0	0	0	0	0	0	0	0	0	0	0	0	0	0	0	0	0	0	0	0	0	0	0	0	0	0	0	0	0	0	0	0	0	0	0	0	0	0	0	0	0	0	0	0	0	0	0	0	0	0	0	0	0	0	0	0	0	0	0	0	0	0	0	0	0	0	0	0	0	0	0	0	0	0	0	0	0	0	0	0	0	0	0	0	0	0	0	0	0	0	0	0.0280559433638208	0.0280727423895444	0.0325595371392894	0.0350172852525092	0.0411177777049862	0.0458304849675544	0.0527000872418869	0.0580162634025234	0.0646424035502763	0.0726274672444497	0.0806113785157299	0.0888811625561057	0.0985043886426262	0.105241978639353	0.11502423484989	0.125316258975145	0.133184431429085	0.144117645753516	0.153482447671876	0.165138951966901	0.177528079515746	0.185713852761137	0.1953140804287	0.207395698096493	0.219457271508257	0.229823495290746	0.242513787279357	0.252109876946773	0.265420509282714	0.274841784804168	0.288114989164193	0.29841434743243	0.307358471801953	0.320173986251057	0.331270290463338	0.341912152571191	0.352544090988154	0.360254647862963	0.368132062522072	0.371772877590543	0.376815894230961	0.385309029420145	0.391485348958425	0.396146015893021	0.39630786580724	0.401917792935289	0.397616284745899	0.39927255673793	0.399209370022048	0.39882663017379	0.398244530839601	0.391422323874526	0.387856233525553	0.382626247922609	0.377192648206333	0.372433161440336	0.366710682917413	0.365762444267145	0.359757521461835	0.358237485270443	0.354359301186286	0.35359276814688	0.35308355018098	0.357925864257089	0.360696239277476	0.367198801502713	0.368199368813775	0.378983740837167	0.388907103669521	0.405870229989103	0.424384602148271	0.43584633383842	0.449694427132638	0.469567523443143	0.493539931261513	0.508601820674504	0.536027855488751	0.55388598701278	0.572734222488381	0.588650318859305	0.618020425685914	0.644072723815628	0.661727121632495	0.688183044354704	0.705737724825223	0.733759594087321	0.776172071834229	0.795686361620259	0.790477760975149	0.803287532957366	0.871145406964175	0.917891764990991
427.053	0	0	0	0	0	0	0	0	0	0	0	0	0	0	0	0	0	0	0	0	0	0	0	0	0	0	0	0	0	0	0	0	0	0	0	0	0	0	0	0	0	0	0	0	0	0	0	0	0	0	0	0	0	0	0	0	0	0	0	0	0	0	0	0	0	0	0	0	0	0	0	0	0	0	0	0	0	0	0	0	0	0	0	0	0	0	0	0	0	0	0	0	0	0	0	0	0	0	0	0	0	0	0	0	0	0	0	0	0	0	0	0	0	0	0	0	0	0	0	0	0	0	0	0	0	0	0	0	0	0	0	0	0	0	0	0	0	0	0	0	0	0	0.0259196367556627	0.0278582402569981	0.0332398059462667	0.0359311379705766	0.0415940061577618	0.0465017261595624	0.0533013895625971	0.0594669947429473	0.0657322204942507	0.0730162847157308	0.0788216667877197	0.0876393081456142	0.0947268687099527	0.102965855514603	0.113759258613327	0.121916474733916	0.131378668605522	0.141593765471874	0.152579808352426	0.163229366229405	0.17225072476769	0.183995955843967	0.192238162769333	0.202939636651015	0.215048956251964	0.227443818697401	0.239753730171855	0.250370447993046	0.258854738571543	0.273730998830931	0.283736425995616	0.294358998079188	0.30429207259452	0.315690892510685	0.326918024762686	0.336787248107713	0.347015380148289	0.35720460728615	0.367202283986313	0.374343576505781	0.382687226101609	0.388392231654928	0.395897517308724	0.398148765159719	0.400721728707343	0.406058055755845	0.407077275065864	0.409075928549622	0.409831887070769	0.406748033889259	0.404415430100194	0.405010222701746	0.403372379624682	0.40104169219747	0.392308380255731	0.388947735399733	0.384327780391626	0.379207035470397	0.375343096484778	0.367117164198719	0.36659849452698	0.361451221519264	0.360283331811466	0.365515814674173	0.362732753400883	0.364150386343668	0.370936387446092	0.379984702950705	0.384152696366692	0.39583231796997	0.407691965330236	0.417810720005453	0.439852961223998	0.455400013176391	0.470365625725394	0.486481121218713	0.509450325218167	0.532457510159329	0.551417713897619	0.570155474107624	0.586955123607463	0.620089022544873	0.641390291633424	0.668557912726388	0.691416600924734	0.703923179968275	0.719322987614993	0.747009582107213	0.773351589627859	0.787543468192192	0.8248487772632	0.838692167623586	0.888332641938396	0.9118344669534
431.667	0	0	0	0	0	0	0	0	0	0	0	0	0	0	0	0	0	0	0	0	0	0	0	0	0	0	0	0	0	0	0	0	0	0	0	0	0	0	0	0	0	0	0	0	0	0	0	0	0	0	0	0	0	0	0	0	0	0	0	0	0	0	0	0	0	0	0	0	0	0	0	0	0	0	0	0	0	0	0	0	0	0	0	0	0	0	0	0	0	0	0	0	0	0	0	0	0	0	0	0	0	0	0	0	0	0	0	0	0	0	0	0	0	0	0	0	0	0	0	0	0	0	0	0	0	0	0	0	0	0	0	0	0	0	0	0	0	0	0	0	0.0255287501038783	0.0279434564721786	0.033042731596307	0.0364042606023597	0.0407677550038615	0.0457191465877179	0.0515924289391253	0.0571931166702897	0.064990815590269	0.0706640696810819	0.0776744203917774	0.0861291151050706	0.0931183541792086	0.102549173388484	0.110284082988839	0.11925199576421	0.128641177244957	0.140075895583431	0.148947920307285	0.159849963616056	0.167660019678137	0.178621385668977	0.18996934488588	0.200332823162558	0.212521883934558	0.224296359102711	0.23421364802649	0.246087087246308	0.256985771447967	0.266134085832703	0.278014112136387	0.288395223890056	0.299387908620223	0.308940126816311	0.320509543355225	0.333598442442556	0.341758102157278	0.352858146141852	0.362047542254959	0.371431877795837	0.37993413635167	0.391512762822594	0.395235197341432	0.3972895337152	0.404483285883199	0.409483088522659	0.41265026067173	0.415490289932787	0.414602761880259	0.414627928188658	0.417223812873748	0.412368126896973	0.415032862996659	0.411434701116617	0.406763153943118	0.403276087862304	0.397236703760122	0.391472500696778	0.387881082927217	0.38523171704921	0.377910561299301	0.372491754688052	0.372527248627324	0.368183344133462	0.367368966086533	0.367800532614035	0.370140121552115	0.378390362045311	0.381685208780003	0.392718375153428	0.394635511370944	0.409696219906602	0.421671014291765	0.434571091808395	0.45542628801807	0.464063453633255	0.490463711603397	0.508417133779183	0.524485201550395	0.544861648663625	0.57937731098198	0.587261867359854	0.61982224420908	0.640731012288164	0.653284435456875	0.681741219902076	0.696061621213495	0.72718978641286	0.741119443066983	0.745042654128641	0.775495981136866	0.8086344359883	0.825097126729299	0.855161303639707	0.898923284635418	0.896394973032829
436.285	0	0	0	0	0	0	0	0	0	0	0	0	0	0	0	0	0	0	0	0	0	0	0	0	0	0	0	0	0	0	0	0	0	0	0	0	0	0	0	0	0	0	0	0	0	0	0	0	0	0	0	0	0	0	0	0	0	0	0	0	0	0	0	0	0	0	0	0	0	0	0	0	0	0	0	0	0	0	0	0	0	0	0	0	0	0	0	0	0	0	0	0	0	0	0	0	0	0	0	0	0	0	0	0	0	0	0	0	0	0	0	0	0	0	0	0	0	0	0	0	0	0	0	0	0	0	0	0	0	0	0	0	0	0	0	0	0	0.0238652714634864	0.0251736737783142	0.0287866873733617	0.0329654121580456	0.0368986860960259	0.0401018002374071	0.0462629317809555	0.0523312942174158	0.0582306696933171	0.0635557950204314	0.0716625008521081	0.0794763827030438	0.084399231302878	0.0926799221068696	0.101359526884285	0.110070922638553	0.119434877713577	0.125018607444343	0.137850971054516	0.145925233946159	0.157516411529617	0.165473358751692	0.175368771692892	0.185368625930625	0.196978973402387	0.208852667437513	0.220548988069928	0.232473266244395	0.242928139683197	0.254061751072897	0.264749865993245	0.273667217306977	0.284592623360107	0.296553883904325	0.306913920207104	0.316615249232157	0.328590564624502	0.337323586674486	0.347305369997058	0.360361785439954	0.368794104482942	0.37999031545987	0.387212324665209	0.392859878758996	0.403334477767872	0.410085909187298	0.413614342406917	0.418509518216765	0.421445366333524	0.424453010536781	0.424573130396039	0.424869328817243	0.423782481219677	0.421149267000785	0.422342174717063	0.417429635411931	0.41634287763117	0.411929477637267	0.40687019649945	0.402141856419248	0.39990264979881	0.39566370403284	0.38889144712705	0.386460293538962	0.380134454678879	0.379207311129576	0.380323805902203	0.378221750094364	0.375925442186865	0.3823466985801	0.388338823338645	0.396903414907758	0.403630146121117	0.413487365730633	0.423628457477083	0.43500049460312	0.457645031886417	0.476328251003342	0.491196967949242	0.509991297310592	0.53214430015546	0.55135841044801	0.565295570953306	0.590351427457442	0.619030017300711	0.638033582662619	0.648670443386522	0.677464388463532	0.704706622137174	0.721310315782378	0.744998176282233	0.750091441877106	0.773848965677478	0.819497250970828	0.83852601345209	0.840575944792592	0.876286468748653	0.930702942212005	0.928124993623882
440.905	0	0	0	0	0	0	0	0	0	0	0	0	0	0	0	0	0	0	0	0	0	0	0	0	0	0	0	0	0	0	0	0	0	0	0	0	0	0	0	0	0	0	0	0	0	0	0	0	0	0	0	0	0	0	0	0	0	0	0	0	0	0	0	0	0	0	0	0	0	0	0	0	0	0	0	0	0	0	0	0	0	0	0	0	0	0	0	0	0	0	0	0	0	0	0	0	0	0	0	0	0	0	0	0	0	0	0	0	0	0	0	0	0	0	0	0	0	0	0	0	0	0	0	0	0	0	0	0	0	0	0	0	0	0	0	0.0237780456559072	0.0260380751354327	0.0288254677259049	0.0342139380659713	0.0378175705949886	0.0420486884901454	0.0470688297753745	0.0543271787768469	0.0586651940838717	0.0668674232039711	0.0713773456249638	0.077093695181895	0.0849781102877228	0.0927349792483714	0.100117056243594	0.108323249358918	0.118097661879158	0.125396700934507	0.13457050905145	0.143309758284868	0.153290453007964	0.162404450627202	0.173352342418605	0.182949994929953	0.194925651453671	0.203822400020837	0.215570838282486	0.224524534538023	0.238085591109997	0.247703059822159	0.260015699314932	0.268476805986156	0.281009117261729	0.290794935231671	0.302811715091304	0.311187154905864	0.322589234273511	0.331976109521933	0.341694311377578	0.353823857990597	0.363122356997201	0.372370036895077	0.381680233591081	0.389310333172732	0.401028331669956	0.406120612166199	0.413237023754467	0.416596421367075	0.42191984139752	0.425281822403638	0.428369341108744	0.433353859792913	0.429682545983729	0.431130636194857	0.430068809271257	0.427518010676813	0.422993889206875	0.421201287332988	0.418928885655736	0.417026147534142	0.411830147120648	0.407010009982005	0.402570184069311	0.396548933739338	0.392788116087558	0.389697376349375	0.390993291807366	0.388319165061772	0.386499823128195	0.388140532141714	0.391749292757309	0.397148170716442	0.400913549814706	0.409718509305906	0.414853217953363	0.427865984441558	0.441734117232029	0.460635164707181	0.474096767895945	0.497625716660384	0.514181839982081	0.529783779818685	0.54585467729837	0.563995573192586	0.590580659183584	0.620293906339751	0.631380976186069	0.647214569212071	0.671869700422134	0.701301624806717	0.722145229210656	0.74095367247231	0.766638655270946	0.777825851490914	0.8166622670262	0.822485357127057	0.856908748381438	0.870354900249307	0.90057376419792	0.924265684499354	0
445.528	0	0	0	0	0	0	0	0	0	0	0	0	0	0	0	0	0	0	0	0	0	0	0	0	0	0	0	0	0	0	0	0	0	0	0	0	0	0	0	0	0	0	0	0	0	0	0	0	0	0	0	0	0	0	0	0	0	0	0	0	0	0	0	0	0	0	0	0	0	0	0	0	0	0	0	0	0	0	0	0	0	0	0	0	0	0	0	0	0	0	0	0	0	0	0	0	0	0	0	0	0	0	0	0	0	0	0	0	0	0	0	0	0	0	0	0	0	0	0	0	0	0	0	0	0	0	0	0	0	0	0	0	0	0.0234512232171106	0.0264386599411437	0.0299227368912355	0.0333405139140532	0.0371498053713214	0.0419989476298338	0.0465276610540959	0.0520314227632647	0.056155374122313	0.0627976775628117	0.069080931370644	0.076348503277178	0.0811898368209331	0.0906941098036754	0.0973367917493501	0.103440724236513	0.11478823097227	0.121381892264919	0.129346026042198	0.137719053605184	0.145955683144715	0.157812215469644	0.166417006939392	0.176095594904079	0.184848031649586	0.193492685837363	0.206477093622639	0.217381011916152	0.226396416309635	0.237738503671865	0.250436234932052	0.260617704211481	0.270064965129657	0.280733791501106	0.289704379318569	0.302614395565705	0.312308864007101	0.32105694353813	0.328821880408238	0.338793045638359	0.348798719427551	0.357453593928937	0.368439741683855	0.378315025963278	0.383954452728537	0.395618401952913	0.401759607756195	0.409971635140885	0.414659050177935	0.420714520898323	0.418839691334061	0.424775512821248	0.427756897397387	0.426819154990702	0.427943079001944	0.428341234758717	0.424817742163663	0.423197740550187	0.422145076882328	0.413789285746249	0.415085690305193	0.410665636933271	0.404696128601968	0.404904686949068	0.398867356232888	0.393243474556308	0.391547692039937	0.386224476267172	0.386604334026854	0.383788459174374	0.385113826326965	0.383827510570972	0.38992763387468	0.398044106414367	0.403001404356146	0.411267438101954	0.419822629035068	0.434457775855409	0.449951567101755	0.460472773923014	0.482511388908931	0.4974643542671	0.5177451792547	0.539747347055085	0.554258564206127	0.580752750630935	0.593673589508845	0.612473645654292	0.633217786176173	0.652309249721828	0.684977864761925	0.69370179242942	0.7117975069674	0.747484058108046	0.746253970444395	0.76734529062545	0.797034721040313	0.809637053578943	0.848323486744976	0.873616456057643	0.900770648853785	0	0
450.154	0	0	0	0	0	0	0	0	0	0	0	0	0	0	0	0	0	0	0	0	0	0	0	0	0	0	0	0	0	0	0	0	0	0	0	0	0	0	0	0	0	0	0	0	0	0	0	0	0	0	0	0	0	0	0	0	0	0	0	0	0	0	0	0	0	0	0	0	0	0	0	0	0	0	0	0	0	0	0	0	0	0	0	0	0	0	0	0	0	0	0	0	0	0	0	0	0	0	0	0	0	0	0	0	0	0	0	0	0	0	0	0	0	0	0	0	0	0	0	0	0	0	0	0	0	0	0	0	0	0	0.0251083722479412	0.0235435079156081	0.0271889828475644	0.0297659996954956	0.0338119978393588	0.0381850059888296	0.0417721719779152	0.0463270375928696	0.0514631286690549	0.0553898756706629	0.0614296062882366	0.066792728024592	0.075234450554464	0.0796012083176414	0.0859619267501694	0.0936785333000667	0.102138705292054	0.109638420791493	0.116080326930785	0.123865158701311	0.133191240123514	0.141590645719749	0.150311102640249	0.158571912078273	0.168866790417578	0.177576186441624	0.187927706035534	0.199603656700427	0.207642063753574	0.218139476536071	0.227485836840058	0.238253444440646	0.249100471276886	0.260158804628598	0.270178583542655	0.277353243636721	0.289183031005784	0.300170814484089	0.308723691982061	0.317642715097259	0.325629469707959	0.335587772703074	0.341824281685109	0.352963193061955	0.36208351732692	0.371221267407013	0.379543767171296	0.387268729461829	0.393977868318754	0.404865297284761	0.410252465512346	0.413291432069998	0.417906447735719	0.419508952756819	0.425319624348721	0.423625191236826	0.423917519424004	0.423482550479745	0.421031335711566	0.419286093708973	0.417288252563236	0.413567846853113	0.412500709478037	0.40730052878973	0.40479973137476	0.398678823995678	0.39412073615254	0.391950297691424	0.39077465143492	0.386310341605384	0.384409560580441	0.385648426138293	0.381616984755237	0.38392452643305	0.389707367540132	0.396117181147348	0.403538861283775	0.408877377595899	0.416808615263517	0.430109591518768	0.442279569862294	0.453129986195269	0.47439063380569	0.488935464094664	0.503987444117838	0.523037002814086	0.536798938313515	0.564239581402094	0.581802304707479	0.603199174636799	0.622260188735473	0.638752026549117	0.657054078241018	0.681940974049608	0.700831388297629	0.724955058220621	0.742327150654235	0.762511955013852	0.769674635472692	0.793407001142763	0.812642877039902	0.838434724144839	0.887003812194425	0	0	0
454.783	0	0	0	0	0	0	0	0	0	0	0	0	0	0	0	0	0	0	0	0	0	0	0	0	0	0	0	0	0	0	0	0	0	0	0	0	0	0	0	0	0	0	0	0	0	0	0	0	0	0	0	0	0	0	0	0	0	0	0	0	0	0	0	0	0	0	0	0	0	0	0	0	0	0	0	0	0	0	0	0	0	0	0	0	0	0	0	0	0	0	0	0	0	0	0	0	0	0	0	0	0	0	0	0	0	0	0	0	0	0	0	0	0	0	0	0	0	0	0	0	0	0	0	0	0	0	0	0	0.0217626798021777	0.0232903457127241	0.0268286843194016	0.0293002573472693	0.032613813267193	0.0377470077675731	0.0394903726777108	0.0452654254390008	0.0495289546218423	0.0540099232179418	0.0590012878598303	0.0655032301362636	0.0724730577562866	0.0769367139271425	0.0827644076604817	0.0900343512664721	0.0993079350820331	0.104569469757998	0.112653330965469	0.119975719386451	0.127590093247585	0.136201246905774	0.146083177908187	0.151159603228495	0.158609850731917	0.169309990493213	0.179814247711524	0.186987643600374	0.197559022434959	0.207454550205193	0.215921601763956	0.22816277622055	0.237300136847755	0.247167921084686	0.258519392978751	0.265848205329073	0.277300436409562	0.285607271677541	0.294785645232805	0.305097227900797	0.313042083693906	0.32230415210137	0.329342051661245	0.337710528635631	0.346986272674758	0.353250503801723	0.36367025630337	0.372285165488538	0.378055699065064	0.387632598266496	0.39605593461724	0.400343497239622	0.403366794204329	0.411087656139721	0.413115929859703	0.414235155142565	0.416828453560737	0.418231283764154	0.418112450890289	0.4133467267061	0.414606866679726	0.412582855418731	0.411004894870325	0.407725911301103	0.404284847450626	0.402340939638534	0.397377370790494	0.392393120244614	0.389369842747953	0.38858245359291	0.380204734808467	0.382559118185193	0.383253864996088	0.38368847092979	0.379959784301771	0.383615516721572	0.38949925285439	0.392953948736262	0.39994058471281	0.40969245783171	0.416709361668032	0.430269083466476	0.439407040500237	0.461566760685936	0.473865006368383	0.492414913692855	0.51062755897277	0.530222552944261	0.543594594617883	0.559743338300316	0.581916771320282	0.600314371117874	0.624850387321647	0.647239055197219	0.662930767763848	0.674001968225636	0.689952249393183	0.717939157884217	0.734313423324146	0.755174068160007	0.780427377116233	0.792269183421844	0.824061264778196	0.823641025058735	0	0	0	0
459.414	0	0	0	0	0	0	0	0	0	0	0	0	0	0	0	0	0	0	0	0	0	0	0	0	0	0	0	0	0	0	0	0	0	0	0	0	0	0	0	0	0	0	0	0	0	0	0	0	0	0	0	0	0	0	0	0	0	0	0	0	0	0	0	0	0	0	0	0	0	0	0	0	0	0	0	0	0	0	0	0	0	0	0	0	0	0	0	0	0	0	0	0	0	0	0	0	0	0	0	0	0	0	0	0	0	0	0	0	0	0	0	0	0	0	0	0	0	0	0	0	0	0	0	0	0	0	0.0199647964977565	0.0228628851705386	0.0264161922611316	0.030040858502138	0.0320044225856459	0.0362673774531115	0.0401313935778125	0.044539301350583	0.048983390303865	0.0528832310697972	0.0580106148832458	0.0635224332299216	0.0691818241160574	0.0750020328636844	0.0823753823268073	0.0867359306427854	0.094396112562215	0.10037542433694	0.107594962877571	0.113335264829907	0.120577384678717	0.129963531485462	0.138705222166203	0.145320585158946	0.153513309237194	0.163289167103031	0.17022031767582	0.179146022448839	0.189293486819168	0.196804210686874	0.206359501329576	0.215646349805688	0.225746804256559	0.233478707267369	0.244277292327362	0.254237018455185	0.265231508172435	0.27345986990207	0.282856584559823	0.289991064595477	0.299658898220661	0.309184478873939	0.315831644774788	0.324793860922503	0.330994648196921	0.339243263850762	0.347103753716433	0.35438113809997	0.360415322629785	0.37035755171829	0.378418055387486	0.383088116072736	0.392853501746542	0.393703651061511	0.401879588484773	0.405546677287796	0.407471280787799	0.409998723173974	0.412090221332321	0.411711647104627	0.411595572336766	0.409478365834195	0.407806627349229	0.40702993728495	0.404240022220771	0.39837465359171	0.39848291150837	0.392450831991551	0.391310136552507	0.384112434250701	0.380190215842197	0.380926502601712	0.380021127536233	0.375461757000604	0.376225232639623	0.379158896627898	0.376129230447661	0.380614230746901	0.385937113620593	0.392463152201582	0.401582827640502	0.411082229897321	0.420918891592082	0.433409609147977	0.446233322909311	0.460471888295389	0.480818064637659	0.490813815904653	0.51437385271116	0.529198403244049	0.547285908310015	0.558904336291041	0.58635638836024	0.604549337373089	0.620898299310029	0.636847113020087	0.652240263549517	0.679737433172102	0.698204580355892	0.715026675299637	0.733752750635436	0.739468406079595	0.774939564750607	0.781386133698689	0.802324767193182	0	0	0	0	0
464.049	0	0	0	0	0	0	0	0	0	0	0	0	0	0	0	0	0	0	0	0	0	0	0	0	0	0	0	0	0	0	0	0	0	0	0	0	0	0	0	0	0	0	0	0	0	0	0	0	0	0	0	0	0	0	0	0	0	0	0	0	0	0	0	0	0	0	0	0	0	0	0	0	0	0	0	0	0	0	0	0	0	0	0	0	0	0	0	0	0	0	0	0	0	0	0	0	0	0	0	0	0	0	0	0	0	0	0	0	0	0	0	0	0	0	0	0	0	0	0	0	0	0	0	0.0242577603158141	0.0188982655951393	0.0221683495321605	0.0249465683297466	0.0286311184582902	0.0316929374233938	0.0367217950224898	0.0401709590509775	0.0442937578478633	0.0485707866574938	0.0521721389188014	0.0572998902776463	0.062409589955387	0.0674536470198887	0.0718701518225942	0.0775785040189643	0.0850339346385465	0.0897963428984579	0.0985727686202997	0.102159279402871	0.10891518124321	0.11825983549509	0.125169208437213	0.131227993507768	0.138553626770617	0.148855825769902	0.152838243284738	0.162958211543996	0.169373827476704	0.177321957794809	0.186100823310589	0.196888162244969	0.20532226356991	0.212525639756446	0.222670761327902	0.230246990116243	0.23881070848728	0.248759158559493	0.258200383224542	0.269007171809797	0.275673706323068	0.283488265171181	0.29236433047572	0.300112071654527	0.310734186749446	0.315233358897299	0.324412520095482	0.328661977807117	0.336817269317584	0.344242264981247	0.349106947877966	0.356994652089541	0.363728262570298	0.372963132336799	0.378478786418527	0.382787180291197	0.39062116078625	0.389810421946563	0.395233310211032	0.400792029191839	0.399314413394916	0.398681941050173	0.398604966153126	0.39876763020683	0.397519005096079	0.39539770879612	0.391682534990524	0.39003816321218	0.388775660321151	0.384988349782916	0.383332536573019	0.379083609622426	0.375820856672353	0.374076063367459	0.372288480455312	0.370114146335737	0.373062770837958	0.365832559198774	0.37586122482404	0.371983202692448	0.37578242575665	0.383420924224441	0.388329376151412	0.400848968644545	0.409903087390653	0.421779312124071	0.429386810959737	0.44898800361704	0.460393099489374	0.475800790608709	0.495854416144331	0.512033957092323	0.526658851659866	0.54711774778037	0.564338588940991	0.584282165446574	0.600060137958694	0.621160282561133	0.638421669473817	0.648788091909006	0.669991702376512	0.691196135893743	0.70066058318124	0.728930076434046	0.745431244711256	0.763685910014308	0	0	0	0	0	0	0
468.686	0	0	0	0	0	0	0	0	0	0	0	0	0	0	0	0	0	0	0	0	0	0	0	0	0	0	0	0	0	0	0	0	0	0	0	0	0	0	0	0	0	0	0	0	0	0	0	0	0	0	0	0	0	0	0	0	0	0	0	0	0	0	0	0	0	0	0	0	0	0	0	0	0	0	0	0	0	0	0	0	0	0	0	0	0	0	0	0	0	0	0	0	0	0	0	0	0	0	0	0	0	0	0	0	0	0	0	0	0	0	0	0	0	0	0	0	0	0	0	0	0	0.0185937580999721	0.0175814820789188	0.0196492113517322	0.0222580322110035	0.0241839204553864	0.0279887912381344	0.0328080281716746	0.0365185109636325	0.0397320833813235	0.0438966455134414	0.048202467238048	0.0538189048370095	0.0586638224093481	0.0618805265398225	0.066182707009297	0.070870386484475	0.0780576820108887	0.0833553742464932	0.0897567757967346	0.0956464850606086	0.101267524106574	0.107055982244826	0.116030640987665	0.122488418908634	0.127527500919392	0.13566510957995	0.14339018059629	0.150274952533489	0.159386205103728	0.167262449690975	0.173337091072274	0.183193078536117	0.190199074280404	0.197381721325745	0.207240603962051	0.215820162741973	0.222449606449386	0.230213837833945	0.237853840064731	0.248061404004808	0.255742574700339	0.265050234029536	0.272986694988644	0.281105035901139	0.289046058245671	0.296778910295269	0.304621942005559	0.309796017448699	0.317300190957764	0.322138076867091	0.330999922278831	0.333775431213316	0.341508589664836	0.34825454772129	0.356371770862439	0.360487725405745	0.367294957932516	0.371744477413487	0.376734351239884	0.379414613583784	0.381368094610849	0.383790879646448	0.382643847872114	0.382677909979547	0.382349189221345	0.385106176510408	0.382807405950595	0.379063083243007	0.378225173445729	0.37458348743555	0.370792344893348	0.369580805947141	0.368094434630422	0.36212558232423	0.362394819264047	0.363201615744722	0.358144392808942	0.356480304561893	0.357749156635559	0.358904676528193	0.360336686549951	0.36572908714798	0.370732871667892	0.377031345078588	0.377860110284865	0.391185541544563	0.402216499443936	0.414658071969014	0.426452595617524	0.436490292384177	0.448590868465843	0.470397467308661	0.487499022248746	0.506735066456105	0.518361775528393	0.534414045932001	0.55295356227547	0.566609632825934	0.585998184228178	0.602289174785011	0.616294905288485	0.626434279079979	0.648633902876189	0.65971249685308	0.684203706257865	0.698885214618744	0.716041807074925	0	0	0	0	0	0	0	0
473.326	0	0	0	0	0	0	0	0	0	0	0	0	0	0	0	0	0	0	0	0	0	0	0	0	0	0	0	0	0	0	0	0	0	0	0	0	0	0	0	0	0	0	0	0	0	0	0	0	0	0	0	0	0	0	0	0	0	0	0	0	0	0	0	0	0	0	0	0	0	0	0	0	0	0	0	0	0	0	0	0	0	0	0	0	0	0	0	0	0	0	0	0	0	0	0	0	0	0	0	0	0	0	0	0	0	0	0	0	0	0	0	0	0	0	0	0	0	0	0	0.0165425975083066	0.0172240470843587	0.0190384440396706	0.0219850389075817	0.0242473148842434	0.0278840666394987	0.0305035315014224	0.0346069960977728	0.0381604416565769	0.0416799327600989	0.0461507021228427	0.0504464968121592	0.0564088013588626	0.0608298088884489	0.0658853208144635	0.0691936194569173	0.0745263212801852	0.0791541185104618	0.084214013088014	0.0902006440935847	0.0966446664420201	0.103155272098042	0.110572619107717	0.114103482700576	0.121627504385306	0.129076204945536	0.135444409989807	0.142608447797445	0.151045291326701	0.156115713721283	0.164489307009901	0.173149403009565	0.179197819783374	0.188492033129417	0.194280287702182	0.203072254986708	0.210319320957974	0.217627005820254	0.224915339513029	0.23563303330848	0.241787069727617	0.250147633699467	0.255645531056332	0.26535173904006	0.274256516756645	0.281654827733615	0.289550840535908	0.293112388838427	0.299243414035894	0.308429976002911	0.313684732293361	0.318182541609824	0.325531986525033	0.329647785207742	0.334713247295772	0.340931390758537	0.348119206991163	0.350854626366226	0.356690073390876	0.360958185524225	0.364819682035728	0.368694830855827	0.36991561723437	0.371023358856274	0.371628319959982	0.374112000494262	0.370679139610552	0.370572694985362	0.366569499786625	0.367438181454213	0.366077517365961	0.36248106277565	0.361429132117342	0.359219314323403	0.356237467227514	0.356315788258639	0.3514799235299	0.353653070632196	0.350993655626844	0.350867282718837	0.354169745268912	0.354412079179459	0.355049011781382	0.362198615604693	0.36674261999144	0.371870195668988	0.382483047592543	0.38989098175821	0.400776477488533	0.412560660177375	0.424188967495585	0.439363756409211	0.450606516772158	0.464248776001371	0.483327143701788	0.501354242307717	0.515392689587773	0.532669184017718	0.538748943776449	0.563244737005059	0.575906603322173	0.590772892148013	0.615276240412278	0.62123382592422	0.643248395946581	0.659213126708564	0.671777123269477	0.682627983879885	0	0	0	0	0	0	0	0	0
477.969	0	0	0	0	0	0	0	0	0	0	0	0	0	0	0	0	0	0	0	0	0	0	0	0	0	0	0	0	0	0	0	0	0	0	0	0	0	0	0	0	0	0	0	0	0	0	0	0	0	0	0	0	0	0	0	0	0	0	0	0	0	0	0	0	0	0	0	0	0	0	0	0	0	0	0	0	0	0	0	0	0	0	0	0	0	0	0	0	0	0	0	0	0	0	0	0	0	0	0	0	0	0	0	0	0	0	0	0	0	0	0	0	0	0	0	0	0	0.0153524887561035	0.0170367171534239	0.0182321148341519	0.0206573380733108	0.0233902649843516	0.02610333798546	0.0289549036690948	0.0307061243987147	0.0349739949600646	0.0392415033441874	0.0434888411221849	0.0470388765167062	0.052239972681838	0.05620172140424	0.0609987303128883	0.0653425990593451	0.0694344092918874	0.074739181157583	0.0798475753407549	0.0839415737716438	0.0890404447103257	0.0952376239150425	0.100779475253755	0.107459282706855	0.114186091567656	0.118236344792489	0.126425509570914	0.13230413146799	0.138804037042517	0.147041314097153	0.154607430340515	0.160462065433651	0.1670848356156	0.175991587676853	0.182593423601829	0.189455374555185	0.196623534134367	0.203385394621789	0.212176724322715	0.219740656516513	0.225234713479356	0.233088745315389	0.240898198292042	0.248143917531126	0.255723896084082	0.263646362151629	0.270713464646974	0.277996519564862	0.282245324481414	0.289385440017314	0.294454337405906	0.298877508530587	0.305615883679174	0.310621470137542	0.315194812517994	0.322278921050162	0.32569293637465	0.33040071192274	0.336564373055174	0.339590113561937	0.344810852132585	0.349146164752932	0.351897970214456	0.353181511636128	0.356991334199914	0.358381904769556	0.358996055658228	0.356614307496124	0.358937857327368	0.35366366476896	0.355306476274677	0.352172197388284	0.348893640659564	0.347619122644115	0.34864342164916	0.344175990578447	0.343317250495499	0.343186565412236	0.339122856241513	0.34056536485159	0.340299609195754	0.34051838442704	0.339721591348155	0.341599243756081	0.348030685891807	0.350894416878614	0.354678424395994	0.365329871501039	0.373876796156496	0.380123518935326	0.392795247721632	0.408766921558324	0.417497512578917	0.43408236588942	0.449736744502981	0.460642428478241	0.476758124797231	0.494166483014575	0.50563119445778	0.520755496399468	0.537989094010711	0.551272501893306	0.572291981719099	0.574393008513029	0.592023745004433	0.606280984753229	0.631456698054814	0.636461017095083	0.643079384292658	0	0	0	0	0	0	0	0	0	0
482.615	0	0	0	0	0	0	0	0	0	0	0	0	0	0	0	0	0	0	0	0	0	0	0	0	0	0	0	0	0	0	0	0	0	0	0	0	0	0	0	0	0	0	0	0	0	0	0	0	0	0	0	0	0	0	0	0	0	0	0	0	0	0	0	0	0	0	0	0	0	0	0	0	0	0	0	0	0	0	0	0	0	0	0	0	0	0	0	0	0	0	0	0	0	0	0	0	0	0	0	0	0	0	0	0	0	0	0	0	0	0	0	0	0	0	0.0161339002150136	0.0152816855026964	0.0167342380114426	0.0176640795157508	0.0195675245457959	0.0218559362646984	0.0242832327683322	0.0274806396625505	0.0294663084119593	0.0324303495265725	0.0355873292227532	0.0402086220969357	0.0429725708952131	0.0476052232369729	0.0520632017345157	0.0566367677377277	0.0606036111438968	0.0648841194619129	0.0692652737735385	0.075201874028208	0.0802335944818603	0.08314326203927	0.0889443820718615	0.0946925018670575	0.0998583132835467	0.105190762009388	0.111907222431796	0.117400000660076	0.125169270487601	0.129483657506061	0.136242403168978	0.141263873066396	0.151050560552245	0.155736905930584	0.1618739500174	0.169295011608695	0.17553013728582	0.183374376993456	0.190287827644518	0.196216854492155	0.204802099747094	0.210849506042853	0.218709167762789	0.224674502086531	0.231746812039448	0.237554925800779	0.245346675178508	0.253084857639634	0.260414516744305	0.267170029603517	0.269737398603696	0.276079286381202	0.282729862467566	0.287337196831526	0.293612287784813	0.298263517049472	0.302765431614568	0.305640870618326	0.30956998003344	0.314834162201209	0.322321310357544	0.324309878248324	0.328161416428348	0.332189589938405	0.337199927871297	0.338982337405724	0.34298789744524	0.343565453612466	0.341217932632645	0.34125385541431	0.343962673124153	0.340246370646766	0.341172539042334	0.338687062661556	0.339822451327196	0.336846038851278	0.336842224702194	0.333903696980254	0.332230315897132	0.331852001470707	0.328167394034599	0.330702932714708	0.328811193391934	0.331177247241536	0.329717035475334	0.331349692802911	0.332180504775543	0.338233393830159	0.342512302555277	0.349161903618721	0.359265656646049	0.365955049449938	0.37369744446317	0.38707674652247	0.39665784899823	0.40895908258298	0.421486598495599	0.439644458217414	0.449892008459192	0.463014921078774	0.485496413604327	0.495654636160949	0.515875974258078	0.517324730281836	0.536066471151372	0.548659631455792	0.568256021392748	0.584256904472487	0.587664507385038	0.604400897917899	0.624115334447549	0	0	0	0	0	0	0	0	0	0	0.742969116739982
487.263	0	0	0	0	0	0	0	0	0	0	0	0	0	0	0	0	0	0	0	0	0	0	0	0	0	0	0	0	0	0	0	0	0	0	0	0	0	0	0	0	0	0	0	0	0	0	0	0	0	0	0	0	0	0	0	0	0	0	0	0	0	0	0	0	0	0	0	0	0	0	0	0	0	0	0	0	0	0	0	0	0	0	0	0	0	0	0	0	0	0	0	0	0	0	0	0	0	0	0	0	0	0	0	0	0	0	0	0	0	0	0	0	0.014620399976599	0.0153451549686685	0.0165330299648478	0.0178307600076511	0.019450973474364	0.0212539878184923	0.0233881859089927	0.0262427614635866	0.0282888718440524	0.0304404143110866	0.0336581027034028	0.0378818890218925	0.0399429794886864	0.0434232698004704	0.0475071865847222	0.0511190920802349	0.05669162314938	0.0608195616331824	0.0662981851621206	0.0706616157150066	0.0748591676086963	0.0800644994289377	0.0833974628792903	0.0879906567001722	0.0924354524137765	0.0977609905926177	0.103472074348876	0.108318515884952	0.11466069161512	0.120211982455925	0.127548330675978	0.132296154724649	0.138864775002099	0.144767542438812	0.153582360695618	0.158713810480925	0.166263259075032	0.170248689237283	0.176414507756555	0.181954798436158	0.190605464500189	0.196803102152493	0.202600853450354	0.210400280643478	0.213739219287788	0.222658262925545	0.230116708131028	0.23559727733052	0.241664516503745	0.246113079110854	0.255166643665531	0.260619196042098	0.266823391186986	0.269920355637989	0.27634832728498	0.280750871395649	0.285553875173172	0.290695706544226	0.293189409118877	0.297989819337803	0.301562646406643	0.304390402726553	0.310050356056961	0.312678084832796	0.317830381631039	0.321457980254603	0.324459803541651	0.325599216932046	0.329336686570696	0.329134365166487	0.331691711106449	0.329720703390319	0.32929793993133	0.327744641905626	0.328204031267289	0.326167143673147	0.326090757318126	0.325433744327758	0.32192105718161	0.322089888821495	0.320719403154694	0.318998943971189	0.318661050451802	0.318276004888952	0.31934532941679	0.322486463263818	0.321603840096284	0.324238988843146	0.328490058659386	0.33205506567959	0.33389047210342	0.341267828050755	0.348252598350726	0.357611469628985	0.369172759155741	0.382036083102249	0.394555465511217	0.405769130742303	0.414613654935434	0.430777160091885	0.442844935421101	0.459491084415842	0.472349387018095	0.49031956352508	0.503410699174447	0.514101314804471	0.524402593538154	0.534583190904071	0.549377126232563	0.556184307676868	0.575004895191146	0.585668796182374	0	0	0	0	0	0	0	0	0	0	0.712248853252293	0.671475678914921
491.914	0	0	0	0	0	0	0	0	0	0	0	0	0	0	0	0	0	0	0	0	0	0	0	0	0	0	0	0	0	0	0	0	0	0	0	0	0	0	0	0	0	0	0	0	0	0	0	0	0	0	0	0	0	0	0	0	0	0	0	0	0	0	0	0	0	0	0	0	0	0	0	0	0	0	0	0	0	0	0	0	0	0	0	0	0	0	0	0	0	0	0	0	0	0	0	0	0	0	0	0	0	0	0	0	0	0	0	0	0	0	0.0143093117074911	0.0153582367172566	0.0162247346260171	0.0185010104569011	0.019967648309235	0.0216874744332127	0.0234977829929635	0.025841837203658	0.0272410336578253	0.030206566114842	0.0329319864875022	0.0358710760800474	0.0382155044602262	0.0426267445973096	0.0450475402054673	0.0484273616455475	0.051891911377766	0.0578337112238755	0.0608867010913884	0.0655982109702415	0.0702536798210639	0.0757972094185597	0.0807221287576386	0.0826846394336894	0.0887499904382212	0.0930102029841582	0.0976226111029842	0.10347350169237	0.10745199275705	0.112921208108901	0.117274774318328	0.124506635130844	0.130840988532539	0.135698730530983	0.141515843715836	0.148429285255549	0.155704128153085	0.161531611644168	0.16746963417453	0.173494541367111	0.177390430398662	0.184493929446346	0.189459170328657	0.196320558774665	0.202261463304705	0.208954952398854	0.215682354181718	0.221793146513496	0.228713714311908	0.232485987591624	0.238616786242347	0.244193955639618	0.250011188554977	0.25475612638736	0.261200015911121	0.266178812460482	0.269648228403822	0.273806580844089	0.278419374376626	0.283077052471268	0.285650582740039	0.288772961385262	0.293456068940508	0.294911748134401	0.298883353606951	0.304017889072606	0.305637887888569	0.308863121799918	0.313712773593872	0.313980649811477	0.316161300555246	0.316760178692238	0.316227385019075	0.316760488873254	0.315019274488688	0.318017955717403	0.31654489710521	0.313778937543953	0.313990012405055	0.314106004513301	0.31027574968201	0.309889337161976	0.312020424642802	0.31044391498077	0.309322715153969	0.312575738799791	0.311078586778238	0.312495073212635	0.312291455379606	0.317763164169737	0.320010402615482	0.325634869905003	0.329965700828869	0.336548926273946	0.346293204645153	0.355478451905647	0.363009228220498	0.3732077569609	0.385301218227712	0.397108137520333	0.406375368572885	0.421385590874946	0.438026610106099	0.45400435267714	0.463164694633407	0.477113690488913	0.490182538415964	0.505383462727247	0.514436516258765	0.529846325358127	0.544736002116071	0.557789892212044	0.567627323475408	0	0	0	0	0	0	0	0	0	0	0.686218900666997	0.685968815998781	0.684723562187331
496.567	0	0	0	0	0	0	0	0	0	0	0	0	0	0	0	0	0	0	0	0	0	0	0	0	0	0	0	0	0	0	0	0	0	0	0	0	0	0	0	0	0	0	0	0	0	0	0	0	0	0	0	0	0	0	0	0	0	0	0	0	0	0	0	0	0	0	0	0	0	0	0	0	0	0	0	0	0	0	0	0	0	0	0	0	0	0	0	0	0	0	0	0	0	0	0	0	0	0	0	0	0	0	0	0	0	0	0	0.0145323880462662	0.0131412670920038	0.0137869255847961	0.0159317352258599	0.0170377690477611	0.0188721261950252	0.0207290962788582	0.0220920197151257	0.0242085457129001	0.0260141251705509	0.0278220334355602	0.03022912817099	0.0325961428322286	0.0348931223512453	0.0385918373441601	0.0413237366784592	0.0444224820554448	0.04677820315448	0.0515143716304953	0.0549041288778722	0.0599042080094656	0.0640805961527544	0.067656524610319	0.0726137068823038	0.0778326444066863	0.0803128571033472	0.0869025272051358	0.0894388342835221	0.0949868323764435	0.0974895630581875	0.103259406613482	0.108383612766098	0.113095257040563	0.120419756610112	0.123707786010476	0.129896582494255	0.137298320200386	0.14066745889707	0.146694157264648	0.152854541115503	0.159350943686809	0.164660436833333	0.169958229384459	0.177307691726996	0.1817653090159	0.185663529107339	0.192854840567051	0.196175192777646	0.202881975511033	0.210033556335593	0.215953109546138	0.220786908552063	0.226806761809774	0.230728604069734	0.237436733842241	0.241617839921296	0.246560378676714	0.250841177346976	0.255536306008674	0.258602589454672	0.263035737587811	0.265481286830423	0.269859143673262	0.273806118075688	0.27484469975149	0.278117746198009	0.281081179894662	0.286136893197011	0.28826690782263	0.290524036374743	0.293196648480999	0.296472484346287	0.298403485142701	0.298117362619795	0.299792125428559	0.300085501851995	0.297872949322407	0.299360289829899	0.298016272338809	0.300353493244981	0.297510379632827	0.298815164368735	0.296982306466175	0.298112505735469	0.29381157996903	0.294521481525609	0.298279878070618	0.295817274650269	0.294759065872906	0.297915706321562	0.297124333551821	0.300615183719158	0.303365796376294	0.306174427808638	0.312385072956913	0.318997380673811	0.325037834337021	0.330312549051179	0.342007143349698	0.351523366469516	0.361760835723348	0.374370869284407	0.382107527106453	0.393545225135495	0.409708909972166	0.418554171130384	0.440081244473866	0.451891267081979	0.455353204811116	0.474832383904552	0.483580605995069	0.493865491484962	0.506895204453069	0.5136912795951	0	0	0	0	0	0	0	0	0	0	0.639048349621564	0.633158050584593	0.651677636978925	0.586185255379921	0.555622673171422
501.224	0	0	0	0	0	0	0	0	0	0	0	0	0	0	0	0	0	0	0	0	0	0	0	0	0	0	0	0	0	0	0	0	0	0	0	0	0	0	0	0	0	0	0	0	0	0	0	0	0	0	0	0	0	0	0	0	0	0	0	0	0	0	0	0	0	0	0	0	0	0	0	0	0	0	0	0	0	0	0	0	0	0	0	0	0	0	0	0	0	0	0	0	0	0	0	0	0	0	0	0	0	0	0	0	0	0.0116230764188369	0.0119233671105789	0.0137291454714866	0.0142745661970574	0.0160941557462086	0.0175715815533184	0.0195629147534497	0.0213532138557718	0.0234191903245675	0.0250753088117799	0.0266734550671567	0.0286850546440534	0.0302147647584992	0.0331026895863613	0.0355341796832106	0.0375214941334649	0.0405295102053012	0.043023977308786	0.0471273345293386	0.0505568012159173	0.0532119451488802	0.056159461243046	0.0621557883609164	0.0662305336609681	0.0708137670310028	0.0742344302095312	0.0786738015342966	0.0838379230117176	0.0865719758270655	0.0917715378074079	0.0959355001308234	0.0990252604662901	0.102369192264166	0.107364718048489	0.112906094313234	0.118422344323265	0.123502785105571	0.128881448298972	0.133847519504478	0.140070721534254	0.145943026358061	0.15022752888304	0.155975609559196	0.159932293247201	0.167187832568869	0.170742571849493	0.177485418117035	0.18135590034365	0.186082345962405	0.193242224447421	0.198801705016242	0.201982863386799	0.208150451387886	0.211631380067527	0.218099360270884	0.22391069150198	0.227821630054801	0.232954402168395	0.23783118588544	0.238615472078274	0.244912853572917	0.248455409403083	0.253431109016103	0.254927206269537	0.258478594480474	0.261695925387528	0.263228592623708	0.265566734376167	0.267846239347205	0.271655689038806	0.275363874970044	0.276337142874032	0.27781541726925	0.281413236457896	0.283979670846086	0.283711097265242	0.283153267442043	0.284711561638287	0.285294895047289	0.283307755208364	0.285134487491868	0.283826960834109	0.283440487481718	0.281234716317563	0.280713127746183	0.280148932513169	0.281159374934061	0.280562620722824	0.281738025444171	0.28271773933094	0.28567894386021	0.287057071702987	0.286773290597577	0.287610363470414	0.290747908037252	0.294788174239745	0.30271674445586	0.30674255907295	0.315092412063811	0.325360093482471	0.329606714404241	0.33753808874472	0.347241013469151	0.358251022667365	0.367990882823569	0.381679885176638	0.394348071045791	0.405758677334163	0.421079073305481	0.433106188702709	0.445247539173343	0.458124850959755	0.46104132783765	0.476795761524235	0.48960370739588	0	0	0	0	0	0	0	0	0	0	0.560725659291826	0.568562213988879	0.576026402801548	0.537127407112996	0.514810406556632	0.548793683831037
505.882	0	0	0	0	0	0	0	0	0	0	0	0	0	0	0	0	0	0	0	0	0	0	0	0	0	0	0	0	0	0	0	0	0	0	0	0	0	0	0	0	0	0	0	0	0	0	0	0	0	0	0	0	0	0	0	0	0	0	0	0	0	0	0	0	0	0	0	0	0	0	0	0	0	0	0	0	0	0	0	0	0	0	0	0	0	0	0	0	0	0	0	0	0	0	0	0	0	0	0	0	0	0	0	0.0106696866499506	0.0121621652820047	0.0134045945989924	0.0140970022803394	0.0156742469964164	0.0174456433939507	0.0189171609331143	0.0209286867088964	0.0227929207297198	0.0245033059485669	0.0259642836821602	0.0279885120701389	0.0294657581393537	0.0318379439795604	0.0339084030155802	0.0358512175725227	0.0383929399358245	0.0410779386340807	0.0437513518907011	0.0469803896821211	0.0493576826888365	0.0522713178524438	0.0559299404760724	0.0596871601135266	0.0643584455001468	0.0676336469620415	0.0732086986531859	0.0752373744807584	0.0804939373077114	0.0844937613403123	0.0886407373423695	0.0919521689351387	0.0954580087752882	0.0994647174654481	0.10374953660343	0.108034471322727	0.113479808655244	0.11826329423831	0.123569914552991	0.129304654148508	0.133257190846963	0.137591820544003	0.14329163337649	0.146619853793958	0.153686237438584	0.15985860622942	0.163168542517354	0.168655571060112	0.173293045960833	0.177595161824814	0.182311374009217	0.187534217569219	0.190013261894368	0.196820561502089	0.203046306849577	0.206192717105874	0.211316046504557	0.214789335382922	0.218505040433186	0.224199494738338	0.229846970686485	0.232252472780855	0.234686214074397	0.236537172701032	0.241150461497044	0.245150733129969	0.246714521338966	0.247060856655485	0.25210511415876	0.254150294724264	0.255317349878355	0.256653492763178	0.258935247313487	0.262919267094553	0.262145212845336	0.266501320523327	0.266317574299148	0.266943727183954	0.270183008480568	0.27067571087143	0.268635879542106	0.267467987877269	0.26923308864774	0.27007221927097	0.26781289833233	0.268018826668705	0.268572533231478	0.26797930336787	0.268127094139849	0.27068424389255	0.267821372306164	0.26964099681309	0.267602348873297	0.269547137969175	0.274501637107436	0.276663624417325	0.281257204093599	0.285544458947577	0.290096305551183	0.293387900376686	0.300892863198344	0.312331935619731	0.319837071566893	0.328486797946102	0.336300736656862	0.348293663984037	0.360727754087091	0.368424389252587	0.38039833289359	0.392470174632088	0.404806965261558	0.416670039229533	0.428493651197533	0.435942405267479	0.451050430798332	0.458314740917316	0	0	0	0	0	0	0	0	0	0	0.549665056718814	0.557084545818193	0.56799449869526	0.541245681463802	0.515029396264768	0.524704895651386	0.527868881904424
510.544	0	0	0	0	0	0	0	0	0	0	0	0	0	0	0	0	0	0	0	0	0	0	0	0	0	0	0	0	0	0	0	0	0	0	0	0	0	0	0	0	0	0	0	0	0	0	0	0	0	0	0	0	0	0	0	0	0	0	0	0	0	0	0	0	0	0	0	0	0	0	0	0	0	0	0	0	0	0	0	0	0	0	0	0	0	0	0	0	0	0	0	0	0	0	0	0	0	0	0	0	0.0115650665608674	0.0104064881444288	0.0118732832725304	0.0121481438655112	0.0137512122154705	0.0151634303443232	0.0155518307978983	0.0184476958289165	0.0189974962455544	0.0210918324183179	0.0224320284493294	0.0236898547102225	0.0260470086778857	0.0276632623288302	0.0296588807258513	0.0315250895096218	0.0333263934745789	0.0353991820452825	0.0378435253637991	0.0405408489429658	0.0424681889096979	0.045147892015629	0.0478288158313132	0.0509508187370266	0.0537761148479477	0.0570369414089209	0.0603863023686882	0.0648986133183464	0.0683001391524405	0.0727027229995091	0.0757784310500734	0.0802718555792257	0.0828815405169961	0.08781914495205	0.0913635388583271	0.0934455983115809	0.0996739641686171	0.102950705197626	0.106442116836196	0.112044750264586	0.116764426333299	0.12052067634197	0.125114689784628	0.129754858287319	0.134468844395606	0.138357687841498	0.142959058924216	0.14700539378273	0.153105246575939	0.158132010446985	0.162230082547232	0.165941646624127	0.169340649173277	0.174691020382273	0.178863473027138	0.18409145987858	0.187906784237778	0.191014342941619	0.195946529776856	0.19986094521957	0.204448368692735	0.208166979209608	0.212863664758863	0.215462433975486	0.219891479843624	0.222075421606098	0.224819922080088	0.228243091987621	0.22987596581691	0.234105891231338	0.235073801786931	0.235295798459354	0.238490499963344	0.239614465102544	0.242656240082896	0.24364779647564	0.246791636727401	0.247883454080166	0.250175785117503	0.251914894062028	0.252027655473871	0.252844341118987	0.252959893869177	0.253243342865209	0.253083826223503	0.253799674416964	0.253172302166796	0.252917806884403	0.252797421069843	0.249973295891714	0.251442922856532	0.25304086107363	0.252975404733008	0.253470561696886	0.254792761960893	0.255116023559168	0.2592610447793	0.261266610637215	0.262229764579225	0.266883074918017	0.267388705095952	0.27120630407466	0.284133505855015	0.287382738071765	0.295122557166585	0.304340742986709	0.31280105113578	0.319272405149664	0.335311542285457	0.342645442397089	0.350905126882958	0.366122577268781	0.371921260030736	0.385030826412823	0.398111833370307	0.404430399980911	0.418711381289908	0.427868448157235	0	0	0	0	0	0	0	0	0	0	0.514010625831069	0.521798013266416	0.511443933243229	0.515826775865627	0.477425680238476	0.482640626253405	0.484862474276891	0.521354826478904
515.208	0	0	0	0	0	0	0	0	0	0	0	0	0	0	0	0	0	0	0	0	0	0	0	0	0	0	0	0	0	0	0	0	0	0	0	0	0	0	0	0	0	0	0	0	0	0	0	0	0	0	0	0	0	0	0	0	0	0	0	0	0	0	0	0	0	0	0	0	0	0	0	0	0	0	0	0	0	0	0	0	0	0	0	0	0	0	0	0	0	0	0	0	0	0	0	0	0	0	0.00924417542349636	0.00992957406862869	0.0118318500100305	0.0118678631823979	0.0131555230373947	0.0133077970208042	0.0146436042870455	0.0163631672777953	0.0170642484106316	0.019261763552257	0.0212932497631726	0.0226621884733754	0.0244516644474031	0.0267403248493351	0.0282623035329096	0.0303502320592739	0.0320334057029491	0.0333018636629025	0.0351846133747502	0.0371221664904961	0.0400628042798119	0.0413948649101379	0.0434577951203915	0.0468449338105175	0.0499479758454238	0.0519360108648753	0.0552075110386736	0.0586835229912631	0.0605261970684072	0.0657728004798334	0.0689217314156573	0.0721711134428298	0.0752272755431067	0.0795597586725979	0.0834438077232236	0.0857737543378597	0.0905551987186845	0.0930885253846907	0.0969894836901326	0.101295550737491	0.105079317239945	0.109334484294612	0.113520244799421	0.118231920873402	0.122098100210693	0.125593462040487	0.129556906417041	0.132399983209045	0.13901883853892	0.141468166674939	0.148165395673999	0.150517125521154	0.153056560769359	0.159697432695533	0.162871434628718	0.167835917256145	0.171482339926806	0.175018449565801	0.179405141816949	0.184390913504341	0.187746468428603	0.19109355980708	0.194386587745953	0.198156897669514	0.202885479307411	0.204079389603014	0.207849844722268	0.211717191193924	0.212139764475676	0.214002967670795	0.217258346867356	0.220340617084508	0.221616468595072	0.223510137300288	0.22460368750931	0.227006906496124	0.227805605576927	0.230569287345926	0.232039139409437	0.233434523600061	0.233716902076673	0.237077809127518	0.234450142870512	0.237092964862675	0.237841093327828	0.236777547316718	0.237136782833755	0.237181347588597	0.235674884076033	0.238571833679378	0.236149573426309	0.239200341335122	0.238690811111318	0.236750422687642	0.238485404501074	0.241835359965852	0.240060140361316	0.241314335835607	0.242389099247992	0.247522527642828	0.250623477697566	0.254417578726987	0.259579308563496	0.262266761298769	0.268413199599133	0.275115361587182	0.281053122316136	0.288973794008005	0.29722863861378	0.307607241775146	0.317092334282878	0.326344985291658	0.33495309458315	0.343323031479447	0.358626065175634	0.368915320320292	0.38065490090503	0.390286623487222	0.395191109442886	0	0	0	0	0	0	0	0	0	0	0.478019682545836	0.487487499550202	0.485283593131739	0.488921898098533	0.472752113846057	0.433715958528579	0.472029180394192	0.50559711159596	0.554434221058663
519.874	0	0	0	0	0	0	0	0	0	0	0	0	0	0	0	0	0	0	0	0	0	0	0	0	0	0	0	0	0	0	0	0	0	0	0	0	0	0	0	0	0	0	0	0	0	0	0	0	0	0	0	0	0	0	0	0	0	0	0	0	0	0	0	0	0	0	0	0	0	0	0	0	0	0	0	0	0	0	0	0	0	0	0	0	0	0	0	0	0	0	0	0	0	0	0	0	0.00857567901491557	0.00927872828521205	0.0110047796567235	0.0104058863697917	0.0128935839366359	0.0131569392878088	0.0147843954448055	0.0161300734995838	0.016355730015437	0.0184654833785402	0.0193507454511342	0.0212599161942934	0.0227221737199885	0.0238748063909059	0.0252608688748767	0.0282736680502124	0.0300089788847189	0.0313517454531663	0.0330301765112868	0.0349801773398076	0.0362398337445701	0.0379480483286416	0.0402512303341246	0.0424819373220261	0.0453561458538824	0.0473641038534465	0.0504991060478888	0.0529497890849195	0.0541766656094592	0.0583863576959689	0.0603878106732344	0.0650531722524977	0.0677047324821728	0.0715857856744611	0.0760351074081675	0.0783912304944916	0.0814241451043	0.085491671969374	0.0893527446366334	0.0912782894228018	0.0939912309783729	0.0978620315883056	0.101555511245481	0.106206620062451	0.110298426569043	0.113300770606194	0.118492165479045	0.121648815018462	0.124444551868676	0.12958681397786	0.133826712663537	0.136511494228171	0.142437280816991	0.146171614284363	0.149918038712954	0.151186628681298	0.15456712951576	0.16060295279979	0.164213393052901	0.166431664441754	0.170046800741426	0.174217304502934	0.176527049649086	0.181886000554056	0.184764311599043	0.186614789196381	0.19092535615553	0.193069216026106	0.196482729915443	0.198298809906532	0.202471818673689	0.203273669398882	0.20390476132285	0.205793057302417	0.20791570542684	0.210070552646483	0.210937225845061	0.212819555989845	0.215747108841603	0.215141783956175	0.217189034651848	0.217884396536546	0.219087021135697	0.221199231753056	0.21830943202074	0.223433946340489	0.219701693047146	0.221427790383473	0.221310133297788	0.221760006069416	0.22354676700176	0.223120583110546	0.224571075349459	0.22338879771333	0.221902376008895	0.223791675894405	0.227131445335604	0.226111313056542	0.228943418450246	0.229166584321988	0.22969838039427	0.235739688340207	0.23633003031942	0.239983387775021	0.2453380950354	0.251578280099735	0.25375594574736	0.264511601061784	0.268301622268358	0.274548437382893	0.283882590372922	0.293098632114313	0.302855019990994	0.307747720136024	0.319915901393157	0.331974518078215	0.340055955170977	0.352380469400052	0.357845344423975	0.371137344421261	0	0	0	0	0	0	0	0	0	0	0.452027419112677	0.451693219499147	0.458841370379872	0.437781114627884	0.448753625897874	0.432247372347916	0.440703671219461	0.471786853930032	0.497787612441399	0.50031353196245
524.543	0	0	0	0	0	0	0	0	0	0	0	0	0	0	0	0	0	0	0	0	0	0	0	0	0	0	0	0	0	0	0	0	0	0	0	0	0	0	0	0	0	0	0	0	0	0	0	0	0	0	0	0	0	0	0	0	0	0	0	0	0	0	0	0	0	0	0	0	0	0	0	0	0	0	0	0	0	0	0	0	0	0	0	0	0	0	0	0	0	0	0	0	0	0.00766225096090765	0.00780652072567346	0.00871091082740604	0.00974582485792735	0.0109889510529421	0.0116134204891277	0.0125305353967343	0.0130894648191374	0.0144124784254215	0.0151343016681051	0.017000170821443	0.0185741549168711	0.0199417330539271	0.0203139149410154	0.0225278469299183	0.0240502022070154	0.0250893824383901	0.0268204324571656	0.0290128537878026	0.0306971547343075	0.0321828375836198	0.0341030021252028	0.0352634817826253	0.0372759254163884	0.0385925733900042	0.0407017743260259	0.0420374325203965	0.04499502248387	0.0475952573014513	0.0501961702264324	0.0524446116657544	0.0550181926471665	0.057111251683103	0.0600782492810835	0.0639677018972664	0.0661447574549673	0.0700698192024589	0.0729815839754582	0.0759354596192498	0.0798578205720018	0.0832485501740981	0.0859068963943301	0.0870277572585601	0.0912514317540497	0.0950560195720509	0.0974937989049703	0.101476794052694	0.10550674920183	0.108898458674588	0.113578859855985	0.116226982800525	0.118905938279926	0.122717315350013	0.126419328124628	0.13122581022514	0.133295038485267	0.136298552916189	0.140689155029824	0.144570316553891	0.147169908651004	0.150033021808166	0.154940956026638	0.157205535529847	0.160920492065376	0.163486663976153	0.166045073239672	0.170257661242153	0.173262393822936	0.177189580399392	0.17812814544235	0.181751147608934	0.183575937849894	0.186050848298637	0.187134077607124	0.189262185013703	0.19268671031795	0.193039996111605	0.193048634139356	0.196445781413579	0.196440890383906	0.197056231589368	0.198112249298808	0.200424661025415	0.200327985282406	0.201995842942621	0.203867608847553	0.204691901861376	0.20476641580325	0.204473874055882	0.205824071071769	0.207674698026382	0.207442294116858	0.207929555533603	0.206183358691759	0.206076484992233	0.20831493185507	0.20761352443743	0.206964831721935	0.209934338223762	0.210424078499701	0.211893610077862	0.212865860966689	0.214752299541002	0.218182441170756	0.218676546963524	0.22228923231281	0.225452332937271	0.231071108563463	0.233832761128785	0.241478737212375	0.248603598471119	0.250585886614555	0.262265475536426	0.269891139785582	0.276530761436134	0.284492739700419	0.292409969082959	0.304593602190781	0.309525115616324	0.319724164331232	0.326703830701055	0	0	0	0	0	0	0	0	0	0	0.412406219282857	0.408857023239438	0.41430426905811	0.420437539572319	0.408540090266345	0.407891327702554	0.413628455244983	0.423843528926633	0.427836505366232	0.440146938528495	0.472013771284826	0.481491940052007
529.215	0	0	0	0	0	0	0	0	0	0	0	0	0	0	0	0	0	0	0	0	0	0	0	0	0	0	0	0	0	0	0	0	0	0	0	0	0	0	0	0	0	0	0	0	0	0	0	0	0	0	0	0	0	0	0	0	0	0	0	0	0	0	0	0	0	0	0	0	0	0	0	0	0	0	0	0	0	0	0	0	0	0	0	0	0	0	0	0	0	0	0	0.00841319669397772	0.00751574107667185	0.00787009885364109	0.00925661033733463	0.0091585024890392	0.0105527405574546	0.0115461785152398	0.0128627377951947	0.0132910723394613	0.0149554855157321	0.0156252506153266	0.0174401914879188	0.0177842416716595	0.01910706068423	0.0210011364048211	0.0219353927436926	0.0234857805832064	0.0252220137345225	0.0267084124530546	0.027978159100094	0.029809092436271	0.0310101088489368	0.0322937667755771	0.0350865664042231	0.0360738683058853	0.0372266580763608	0.0392090604949393	0.0417746387238601	0.043025779246574	0.0451293432154729	0.0476165421288158	0.0495812876035281	0.0524226499501059	0.0539051907566574	0.0573017048763592	0.0595941981070163	0.063796194037218	0.0669878690162695	0.0690883232846742	0.0718093363593601	0.07543556838659	0.0775448329261488	0.0795615477807455	0.0826085189968627	0.0859246191228416	0.0895660595189518	0.0919043098593763	0.0948600207962799	0.0976329175649001	0.100467671727285	0.105862663136757	0.108339490734819	0.111627601027274	0.114190728399243	0.117350704666411	0.122801040190825	0.123642645328367	0.128451618822133	0.130137727559841	0.136817150316299	0.138319645162409	0.139314786893509	0.143836653347608	0.145908487266846	0.149704865062717	0.151821920755435	0.15598466251731	0.159335634088344	0.16102008862316	0.164525049150189	0.16736870328813	0.169373481494104	0.171751913128796	0.17425114005412	0.175850842366993	0.175837727853421	0.178503218269249	0.18132946575678	0.180464319536779	0.18199477355767	0.18296684511006	0.184275453236802	0.184714672833798	0.186942862373868	0.188938597232572	0.190026830496218	0.189898893544616	0.189889721002538	0.192109487759438	0.19313827292929	0.19344247115049	0.195247143860585	0.193876201666224	0.19402889985317	0.193378477360082	0.194189326718993	0.195570704575302	0.193979911049205	0.197573797138774	0.196903613960062	0.197317357770549	0.200434957848082	0.200643958371812	0.203890358937383	0.20464489182505	0.206822267881772	0.210918381740825	0.211676037169029	0.215317947531948	0.222152191339619	0.225539565430395	0.227075203275555	0.235176309352549	0.239694258273962	0.247749706403105	0.253037580154978	0.261683950728071	0.270274890990835	0.276559465202193	0.291409543314396	0.295884956640023	0.303728061003151	0	0	0	0	0	0	0	0	0	0	0.373088038114939	0.38599233743711	0.389598049841045	0.390622698964325	0.392178122936417	0.378068395612383	0.375094916918991	0.371936727999751	0.403224421283121	0.427578850339457	0.433298993934889	0.425313240684892	0.478754876262152
533.888	0	0	0	0	0	0	0	0	0	0	0	0	0	0	0	0	0	0	0	0	0	0	0	0	0	0	0	0	0	0	0	0	0	0	0	0	0	0	0	0	0	0	0	0	0	0	0	0	0	0	0	0	0	0	0	0	0	0	0	0	0	0	0	0	0	0	0	0	0	0	0	0	0	0	0	0	0	0	0	0	0	0	0	0	0	0	0	0	0	0.00697221825295612	0.0084535238096215	0.00860903616237011	0.00886562411551054	0.00988284285657735	0.0116463335087991	0.0119759980346243	0.0119128997598273	0.0140563948069501	0.0154347728973082	0.0148609097295852	0.0161951440711001	0.0181778746518061	0.0188091595458716	0.0200449720562111	0.0203440095307496	0.0225523514141672	0.0240369663035622	0.0251606693987438	0.0263243554196318	0.0268738018621888	0.0290085170561345	0.0300271886265668	0.0316430636909449	0.0340689476605013	0.0355069130538444	0.0372233018180477	0.0384367559922225	0.0402329069156874	0.0414661842105707	0.0439211163263023	0.0460652541862642	0.0471553957201186	0.0499866332481503	0.0521266648124803	0.0540318709767055	0.0569119890426354	0.0596543406955403	0.0632102744138737	0.06562260674107	0.0691564202243908	0.0709979764607173	0.0751646511626526	0.0771639920523207	0.0785358523801078	0.0812577343393307	0.0844625550079312	0.085724581672058	0.0878810667354537	0.0921346952524908	0.0953775257794414	0.0995390889093549	0.10198033815169	0.106410384514116	0.109619678964199	0.109866339797695	0.11454622957163	0.117862221941225	0.119997102437527	0.123233545821831	0.128304892096186	0.12913884425879	0.131256011543318	0.135642066688272	0.136234524646678	0.140754327632105	0.143620819355554	0.145242780049699	0.149498471675177	0.150448282381761	0.152947330176688	0.155148799983344	0.158264498643979	0.161665019410465	0.163404795814585	0.164176316618795	0.168143294728656	0.168561907148465	0.169156374948603	0.171913746477495	0.172611635110126	0.172926674156143	0.173245892975312	0.17344545785351	0.175705816629128	0.175607311183197	0.177623053829541	0.178963881807113	0.179552943988874	0.180709867822527	0.180972749163441	0.182035929351165	0.181774673205806	0.183133512718322	0.183251157434871	0.183808449799179	0.185653485076503	0.18441777382955	0.184481021429119	0.18493697584464	0.186522639134526	0.187129638518386	0.187427898555299	0.188564201860089	0.191128441246547	0.193096756899532	0.195023043514348	0.198029800607042	0.199918746354168	0.201050756625186	0.205506923671425	0.209548575287348	0.215345668410384	0.219012129899374	0.22584127946005	0.2294661327096	0.238170586218199	0.245535564411773	0.249027045131889	0.262183455177028	0.26936917267392	0.278359431964941	0.287994632109493	0	0	0	0	0	0	0	0	0	0	0.352352030890715	0.358085538382789	0.368312270928367	0.372315429303373	0.376401031728359	0.357838442565264	0.362984812314432	0.36210175631288	0.381009406518362	0.388600089369645	0.404191694743314	0.409353620818476	0.426058696231939	0.421577455709301
538.565	0	0	0	0	0	0	0	0	0	0	0	0	0	0	0	0	0	0	0	0	0	0	0	0	0	0	0	0	0	0	0	0	0	0	0	0	0	0	0	0	0	0	0	0	0	0	0	0	0	0	0	0	0	0	0	0	0	0	0	0	0	0	0	0	0	0	0	0	0	0	0	0	0	0	0	0	0	0	0	0	0	0	0	0	0	0	0.00422477445064582	0.00582057762627469	0.00621221918186912	0.00702972446454682	0.00761305929664376	0.0080770730678679	0.0090533713591256	0.00983522501612743	0.0101378618179229	0.0107454440244425	0.0129412425810564	0.0132032157321875	0.0148927951065354	0.015198777782109	0.0164654810831629	0.0178820001271423	0.0182491259573874	0.0202925558257749	0.0213080592768997	0.0224307126833716	0.0235977998361379	0.0249146090278935	0.0262061843969462	0.0278093188523873	0.0283768027534361	0.0301818965510686	0.0319429935073984	0.0335897881870366	0.0355022469802085	0.0361788635996893	0.0382185155916852	0.0395462686371208	0.0407851010375567	0.0431163716882183	0.0442637111135222	0.0464035688065049	0.0488521938367345	0.049724355634405	0.0528669645276537	0.0555767458486568	0.0566844999326804	0.0602918613768469	0.0628942938994765	0.0669020693737949	0.0692590871033666	0.0703486020758971	0.0738026735802084	0.0748919525245629	0.0788259490585507	0.0805632136958058	0.0825003587148507	0.086593608303213	0.0900429177490991	0.0905432786798469	0.0931593530225082	0.0976432226066428	0.100405180887914	0.102998239242734	0.103683949099974	0.109239866058151	0.111309335324539	0.115528105894348	0.116098321365511	0.119815001264484	0.120643170342314	0.124302795053425	0.126061171408959	0.131016082797081	0.132518657708507	0.134803213495272	0.138577164272251	0.139246340096746	0.141732432178285	0.143931588072051	0.144790192352575	0.150508284537029	0.150616467478544	0.154667701011024	0.154905318754763	0.155592895325254	0.156906572392106	0.158601142033087	0.159215656268541	0.161323126480296	0.160314292786598	0.160587942264658	0.162698186925078	0.163193410935966	0.165121982008694	0.167633562256854	0.166412456435377	0.168014463066888	0.16834601821164	0.169438513681833	0.17013074736964	0.169620870767992	0.170653775686118	0.170360656055104	0.171815606595573	0.17205848555586	0.173367130421091	0.173232616741611	0.174570790129761	0.175106760988471	0.174116719942438	0.175006520663544	0.178572525246164	0.178765264085004	0.17819954218009	0.181022770972274	0.187003634097432	0.188092878177488	0.189684150119533	0.193280539131645	0.196779318016806	0.205592072166284	0.204450230904702	0.212884441565301	0.219200832556364	0.225656534248518	0.231805966523066	0.240972756711803	0.248152458837006	0.252240152791197	0.257685930538457	0	0	0	0	0	0	0	0	0	0	0.324439779151657	0.327777943256805	0.330898266414875	0.342109392242728	0.339114674101091	0.34200248736177	0.329233639801911	0.337566789146511	0.345036913363097	0.349804554573388	0.369056406787949	0.367707742738438	0.373247536406065	0.391042643956745	0.390835589293072
543.243	0	0	0	0	0	0	0	0	0	0	0	0	0	0	0	0	0	0	0	0	0	0	0	0	0	0	0	0	0	0	0	0	0	0	0	0	0	0	0	0	0	0	0	0	0	0	0	0	0	0	0	0	0	0	0	0	0	0	0	0	0	0	0	0	0	0	0	0	0	0	0	0	0	0	0	0	0	0	0	0	0	0	0	0	0.00497734384273776	0.00524332724544607	0.00396027367468856	0.00547480269228109	0.00628699380080766	0.00729360344059397	0.00747540869855465	0.00916627637102254	0.00888829630449566	0.0115338584248668	0.0113790672702096	0.0118021304929348	0.0139752401718865	0.0142590503028969	0.0152167219039541	0.0159670820172188	0.0177056685679296	0.0191194661814919	0.0195596132440483	0.0201572617289218	0.0217985490634978	0.0215879038265164	0.0237735254212899	0.025568547151298	0.0263002174266603	0.0286096233745066	0.0283560553652019	0.0305756774596585	0.0325303761971939	0.0337419036307082	0.0353943603633669	0.0364849232588716	0.0378960800779334	0.0395638931366875	0.0405641101909195	0.043334720276918	0.0443295017648688	0.0456261621527519	0.0478613005292971	0.0494527163894698	0.051346305210353	0.0545918001071351	0.0573335687880977	0.0593949457865762	0.0615223313361124	0.0635073676964226	0.0663662837493791	0.0682732823840252	0.0703711806484927	0.0743697653331295	0.075662961633257	0.0765744078346079	0.0802463307285611	0.0816734549006633	0.0837400167728484	0.0879157964644848	0.0914582203320545	0.0933902624585134	0.0964508300876625	0.0981107113815273	0.101008876832331	0.101640964043634	0.105660955752484	0.109969304927765	0.111353517042647	0.114531222831978	0.115653705106138	0.1190603007634	0.120897118783738	0.124021475168239	0.12606159343546	0.126949816298551	0.131760258880509	0.133329155128254	0.135264117685838	0.136436348691614	0.137786211280205	0.140157029331899	0.142584829216301	0.144272085080434	0.145591065741275	0.147995709380462	0.147648171447914	0.149872591282895	0.150883614822616	0.152421006712973	0.153472427595988	0.152766237681667	0.1537990885074	0.155642931029282	0.155198363512702	0.156863491110347	0.155899068332358	0.159497907999572	0.157533393625645	0.15917415141444	0.15881244177829	0.160258506357953	0.160814703520514	0.160678760882737	0.16039009482493	0.160903041922767	0.163354248719323	0.164220919026091	0.163510196698507	0.16451697499928	0.164051403687713	0.167299787454857	0.168980786217243	0.170912121147476	0.169916988249809	0.174317835985164	0.175755206026158	0.177872777904472	0.181227540891314	0.184267072252943	0.190124269519146	0.19384381830626	0.195508854327587	0.204466659196566	0.209522953292667	0.214020089891074	0.219619782249305	0.230322566232204	0.235310846047239	0.243635694129217	0	0	0	0	0	0	0	0	0	0	0.306075911011855	0.304983197792869	0.313144936987954	0.320476334750459	0.319290828776135	0.310330503782847	0.315146832758906	0.322477942446022	0.33949096101246	0.339465606371129	0.353352005365988	0.333847977737582	0.352410433489623	0.35113852796444	0.326844035583513	0.374479601021484
547.924	0	0	0	0	0	0	0	0	0	0	0	0	0	0	0	0	0	0	0	0	0	0	0	0	0	0	0	0	0	0	0	0	0	0	0	0	0	0	0	0	0	0	0	0	0	0	0	0	0	0	0	0	0	0	0	0	0	0	0	0	0	0	0	0	0	0	0	0	0	0	0	0	0	0	0	0	0	0	0	0	0	0	0.00285654467777483	0.00485812390263042	0.0055576645399091	0.00605504049105419	0.00611902199655237	0.00706023271246162	0.00741228554681743	0.00769336208597417	0.00851530308451941	0.00918323154619265	0.0101413335332565	0.00989324899499547	0.0116709984391448	0.0126760437287172	0.0140467365644695	0.01505666598388	0.0150251633039817	0.0169949478792577	0.0167110922653164	0.0179814615546832	0.0187961767738704	0.0205383224270363	0.0216814731106787	0.0227442223857321	0.0237870129649301	0.0251531007914302	0.0265690060158158	0.0274011771528127	0.0282695527729136	0.0301628198230256	0.0315650772993673	0.0334850717778436	0.0345271084128185	0.0360181063565987	0.0374317724904016	0.0389129664425713	0.0398680619270977	0.0415133356455849	0.0432857612712783	0.0438814360331793	0.0464275584355614	0.0473955099195101	0.0509563205657383	0.052445030067311	0.0545256652779223	0.0568947220568754	0.0596583533972064	0.0620326909285433	0.0641248432907224	0.0666738877722224	0.0675634523407227	0.0697382737042792	0.0728710252892869	0.0740190005064024	0.0758275333223669	0.0783503436754193	0.0802638091666056	0.0834085098330147	0.0865807406353125	0.0886515445783615	0.0916533376381994	0.0929183581306766	0.0965273589831822	0.0988816590224463	0.101470991474651	0.102519808137978	0.104761073232319	0.107122571148759	0.109991783591117	0.111862327865601	0.113550647193512	0.11651574256913	0.118834823042397	0.119740101218725	0.12192457241535	0.124504447399158	0.124995151674593	0.127375745391386	0.130281565779448	0.13066028667066	0.134494248539532	0.135217214320362	0.136237030623405	0.137479174365015	0.138466977578026	0.140849931200697	0.141389895788415	0.140959614744043	0.143366387746416	0.143818955440172	0.142672605951918	0.144777161069174	0.144246776276814	0.147693581473316	0.147176795308673	0.146247256960939	0.14876187973444	0.149806277747943	0.149489953157441	0.150855987467507	0.150442471826202	0.151120602781982	0.151269385399847	0.15174242480003	0.14986712645412	0.15271983812877	0.150637834312806	0.155472223258709	0.154937053374874	0.156591466907985	0.158869244910031	0.158071756607731	0.160458819095912	0.162340826918573	0.164255647197428	0.170689340306635	0.170404006581026	0.174535317386949	0.177508923231037	0.181795094160472	0.186405779697157	0.192393638285039	0.193461390132779	0.203890752288908	0.20905213058713	0.212795682409938	0.223579681978633	0	0	0	0	0	0	0	0	0	0	0.280083928400535	0.282839118479167	0.289755491714769	0.287823734931754	0.298356594009063	0.294144287799292	0.288447611428338	0.284154854744618	0.305231785186992	0.313980648412878	0.308515508270892	0.318114073495758	0.333215523894942	0.314932949942483	0.323703418795519	0.346292401918479	0.331628171526646
552.608	0	0	0	0	0	0	0	0	0	0	0	0	0	0	0	0	0	0	0	0	0	0	0	0	0	0	0	0	0	0	0	0	0	0	0	0	0	0	0	0	0	0	0	0	0	0	0	0	0	0	0	0	0	0	0	0	0	0	0	0	0	0	0	0	0	0	0	0	0	0	0	0	0	0	0	0	0	0	0	0.00249696011004313	0.00201179103294622	0.00363747134787924	0.00432099970121105	0.00470847564728015	0.00476586058663326	0.00665598103988811	0.0055378958232069	0.00752390605005555	0.00823188084092649	0.00765434575671092	0.00865628508282471	0.00894614322304244	0.0107450720259639	0.0122319301936168	0.0120053569409449	0.0130115341463976	0.0133911068462433	0.0148364436937976	0.0158160687506923	0.0160131634096038	0.017027996494502	0.0191500382882287	0.0193892833483532	0.0200630231042061	0.0209675137050928	0.0226746814750548	0.0234187272613399	0.0250774224424455	0.0258862353798253	0.0264017475742139	0.0276016226688767	0.029313861805575	0.0321057846926306	0.0324818901405453	0.0339442574926147	0.0349168784188058	0.0356901478620626	0.0372321882092802	0.0390161406112792	0.0401836334998245	0.0418556050578083	0.0435049215614133	0.0449970507484651	0.045989850458297	0.0478177385145731	0.04950221457953	0.0516622430140827	0.0535617295781292	0.0574752139681644	0.0586056841063407	0.0612660884337138	0.0638213886284446	0.0659284326575773	0.066521867972344	0.069076923045026	0.0700965107230399	0.0723128334101481	0.0740785533629408	0.0760887932211927	0.0781274840577112	0.0807753218515765	0.0832233393691183	0.0857782462835717	0.0874167559245111	0.0907771969532815	0.0929774781421745	0.0962877527327054	0.0965136789047449	0.0986401862265807	0.102286941023874	0.102477916221115	0.104038112237435	0.107217203255452	0.108015761644216	0.11088763579501	0.11231477383916	0.114080920989955	0.115348633736798	0.117427474355437	0.121066812900966	0.120265692091713	0.122702257233714	0.123525328237334	0.126375685979173	0.127410076184564	0.129499106616307	0.130517058317791	0.131268111857736	0.131841883267947	0.13250541242659	0.132988341816628	0.132062559002871	0.133724673120979	0.134721299186127	0.135941095408026	0.135828177646763	0.137436477992581	0.136323737999908	0.138005082095798	0.13845346503151	0.138921426910074	0.140836943073531	0.140742432487914	0.139886216084914	0.142511822203691	0.141594664340005	0.141114766946724	0.143930422796719	0.144933899236534	0.144364357455989	0.145145050420413	0.146344069434316	0.14908759573041	0.148925599880889	0.151825294447997	0.153356193313475	0.154692316816373	0.156041676204098	0.16114695418573	0.163055702802268	0.167899725325803	0.173225805280917	0.176896554064867	0.179894552802798	0.183964718487858	0.193845405603887	0.199615147710798	0	0	0	0	0	0	0	0	0	0	0.253799418508343	0.255575440112786	0.259542342608441	0.258040861597552	0.267355255443659	0.274897320242336	0.267299486072646	0.269235612782082	0.270464179142245	0.275148306518975	0.290430895462031	0.289264998661728	0.291474669516307	0.304084553303854	0.313475638021322	0.297928561234586	0.315930539340317	0.295694872962307	0.306674492541933
557.294	0	0	0	0	0	0	0	0	0	0	0	0	0	0	0	0	0	0	0	0	0	0	0	0	0	0	0	0	0	0	0	0	0	0	0	0	0	0	0	0	0	0	0	0	0	0	0	0	0	0	0	0	0	0	0	0	0	0	0	0	0	0	0	0	0	0	0	0	0	0	0	0	0	0	0	0	0	0.00338961059923436	0.00398368116654867	0.00346228032438574	0.00397891966258726	0.00513747361394102	0.00491996761456886	0.0055005962956277	0.00536252075773974	0.00665752508116284	0.00656475949554849	0.00865162002501024	0.00824110077386509	0.0083299158686806	0.00971288880073283	0.00936349132221383	0.0106626481891456	0.0121368404476188	0.0131331227840418	0.0130036721280427	0.0139620724885809	0.0155319295923487	0.0164096660657744	0.0172253018251237	0.0182852566495904	0.0181517284893579	0.0200648444729873	0.0202458530818147	0.0217752507744593	0.0219965128290652	0.0240213012851156	0.0258968898631254	0.0252296953915526	0.0264096867575634	0.0278760619773174	0.0289983384950421	0.0306180614444464	0.0318837407824055	0.0333460594353646	0.0337468768209651	0.0347064443050158	0.0359510055748603	0.0373470194378903	0.0393345020227748	0.0404321813427515	0.0421427673074514	0.0438402353184413	0.0448980967695257	0.046594432178778	0.0480672558491426	0.0508434554228333	0.0526017303627938	0.054534007005542	0.0559617401946005	0.0577765024006694	0.0613533007484937	0.0605791918215344	0.0642223219903624	0.0661512091140069	0.067875510117051	0.0688832293503055	0.0718588958503078	0.073887310108614	0.0754031384123265	0.0770553301266751	0.079246080841032	0.0817644909140434	0.0827987862025272	0.0855289925354031	0.087995359435797	0.0889634786917358	0.0908173680287981	0.0920927350131369	0.0960818918605131	0.0956525449911925	0.0968224446739004	0.100914390169277	0.102342145872162	0.102303176281857	0.106480990650399	0.108012584061469	0.10923756922526	0.109959582020975	0.111652846183855	0.113298961257103	0.11547776178282	0.11712611735307	0.117870088962785	0.120439941462285	0.121589399934888	0.119834226218071	0.122154785679609	0.122142042049271	0.123427148382443	0.122430928865667	0.123185946704152	0.123350821317169	0.12547587605491	0.125932732586174	0.127239983056837	0.127073137543665	0.12866337305196	0.127905078811296	0.129280862228903	0.129971213789308	0.129453642321058	0.130846682639765	0.13061379289669	0.131755899041207	0.132491219963555	0.132576735811118	0.132773403392058	0.133401921330363	0.13541885728977	0.136070545215803	0.137358282660699	0.138051218364887	0.139803266421759	0.141219341936333	0.144066448407631	0.146779588227659	0.147658912127647	0.150494378889572	0.153290798223713	0.157942247561674	0.164257910365077	0.168603359941132	0.170011922286502	0.176023778656045	0.180959169657684	0	0	0	0	0	0	0	0	0	0	0.232410770024301	0.236741204840566	0.237385911814232	0.24613038777843	0.245685576122273	0.244384303146408	0.24290144519809	0.251214785573759	0.248400527402022	0.259116955068278	0.265939281442206	0.266497961871768	0.276118480632336	0.28273837014132	0.288154596247912	0.289907066726771	0.284931981293965	0.293865531012219	0.29150147215316	0.301072097554494
561.982	0	0	0	0	0	0	0	0	0	0	0	0	0	0	0	0	0	0	0	0	0	0	0	0	0	0	0	0	0	0	0	0	0	0	0	0	0	0	0	0	0	0	0	0	0	0	0	0	0	0	0	0	0	0	0	0	0	0	0	0	0	0	0	0	0	0	0	0	0	0	0	0	0	0	0	0.00263739307695312	0.00246167833710513	0.00153143179611353	0.00326055935017426	0.00365474145735481	0.00464427055488884	0.00364759401029159	0.00505793699978969	0.00465300726571144	0.0072473802543108	0.00675037175183324	0.0076204669231907	0.00859078089629746	0.00822685197021207	0.00995362707100064	0.00850591739009905	0.00908302973483077	0.0106066596102012	0.011662816832664	0.0125943213523167	0.0142550198339237	0.0142276543763445	0.0151807657285467	0.0157420538775783	0.0157474621250234	0.0165193390957484	0.0177810552066292	0.0188786926214882	0.0205285549261395	0.0215375053300595	0.0217473728430959	0.0225238823506489	0.0239170671892442	0.0257453742671107	0.0257184702251365	0.0266628568474382	0.0280056987440128	0.0295781648324439	0.0308296070410981	0.0313164558603502	0.0330167237222486	0.0336389693481127	0.0348057284169885	0.0355894012562268	0.0376824542879599	0.038032782272821	0.0405229642842829	0.0421408597832698	0.043144323361478	0.0445034873620618	0.0461915370196537	0.0468409442743591	0.0499332320296916	0.0515731557184003	0.0528349264712027	0.0543375950922811	0.0576985865301532	0.0584954582945222	0.0594435656103121	0.0619307596239159	0.0624112091516518	0.0640474948125356	0.0656475081024728	0.0680893779988905	0.0709551325064997	0.0711590332915138	0.0745052594938237	0.0761124919326639	0.0781615976831419	0.0802583751515126	0.0814442081590416	0.082829434187625	0.0849309497919286	0.0870543005251954	0.0876486198628579	0.0906568461108856	0.0916419504506721	0.092678958863096	0.095260881677391	0.0973741487429912	0.0991968915306973	0.100564286534594	0.10067543575417	0.101991048011252	0.103367990161644	0.104922200410383	0.107449193055786	0.107779941172555	0.108298979860533	0.110989234007453	0.111971438064034	0.11296082747027	0.112550375431118	0.113963461671833	0.114832826017159	0.114394020890622	0.114069732942822	0.11371785920665	0.115659548247349	0.117088783739643	0.11693689449513	0.115593225565199	0.118507990674007	0.118535152244293	0.118822402596956	0.119780659659879	0.120162082557345	0.120466760623132	0.121636177048335	0.121125224602821	0.123057327519775	0.123342344817801	0.122920273850148	0.124556901748232	0.126631699283478	0.125557968490136	0.126732582529345	0.128982103189414	0.130708216249251	0.131116053379944	0.135904006152363	0.138062232023011	0.138272855903682	0.139800773871861	0.143186224474297	0.14718674076071	0.151450931993401	0.155970022447174	0.16134978492461	0.166500807679881	0	0	0	0	0	0	0	0	0	0	0.211942039313998	0.218819235625531	0.219993249040435	0.225793021407823	0.226101004968071	0.22071492583149	0.226616462230912	0.226241483494333	0.229406292362133	0.238001941377032	0.25417074001859	0.246087718098157	0.246908855806465	0.264128492567506	0.25844770804348	0.2506559923472	0.273373699635468	0.259946724538227	0.241337869892051	0.281648648375769	0.29433875010165
566.672	0	0	0	0	0	0	0	0	0	0	0	0	0	0	0	0	0	0	0	0	0	0	0	0	0	0	0	0	0	0	0	0	0	0	0	0	0	0	0	0	0	0	0	0	0	0	0	0	0	0	0	0	0	0	0	0	0	0	0	0	0	0	0	0	0	0	0	0	0	0	0	0	0.00373526115878174	0.00375970070800788	0.00252353844386009	0.00247604904922089	0.00472438813617526	0.00317652324337429	0.00427836778782025	0.00563051245036661	0.00549933362927266	0.00527320371245345	0.00623137976415879	0.00658192413752766	0.00726116812599159	0.00778322445432579	0.00778654188847986	0.0086678205389856	0.00985322240294055	0.010562543847508	0.010505104375448	0.0117996896397507	0.0111030995488489	0.0120769523442905	0.0141701682156222	0.013146023083641	0.014452130852297	0.0153922104882154	0.0168517685747639	0.016307242138547	0.0176089931846101	0.0173604963432889	0.0190788623865156	0.0203637731978338	0.0211538873171488	0.0222650835158203	0.0225661361346755	0.0243736273750458	0.024382673819869	0.0255241139211504	0.0268782321771954	0.0278191451317847	0.0283242392011826	0.0300397051417603	0.0306327315459626	0.0307470072826689	0.0329071905331826	0.0331062349657643	0.0346677577558823	0.0368438542298468	0.0374084315483286	0.0385741180343606	0.039908419347542	0.0413489427725527	0.0427320420390112	0.043830870590013	0.0468924694599734	0.0472235968339811	0.0491153908861925	0.0509937868036369	0.0520972389097884	0.0535165176518801	0.0565602103318923	0.0568192853758508	0.0589341527346251	0.0594794096891609	0.0615180710155403	0.0627028355053582	0.0656649640595975	0.0672631248826266	0.068208033467956	0.0704170224688053	0.0721072547497188	0.0745745283579922	0.0758093638034235	0.0764166418840421	0.0784752301485239	0.0799628328901681	0.0820266210403436	0.0834302959351395	0.0850112503446041	0.0867817307486884	0.0868837717974745	0.0892484630904778	0.0909139561462895	0.092128671986389	0.0929283752637152	0.0949399046337811	0.0955965710424626	0.0985868347707717	0.097906733484478	0.100392385334644	0.100667483853291	0.104256515562215	0.103290630916489	0.103572074373985	0.105210129997433	0.104449392871311	0.106225091295033	0.106918219750949	0.106311447298123	0.107629969405469	0.107530012974234	0.107556870812674	0.109509218886245	0.11030267111638	0.110411724240753	0.110582587828333	0.111414782563423	0.111040989895421	0.111204989499937	0.11279243845698	0.113129635101036	0.112971031455347	0.113363486176218	0.115241302663721	0.115660444771588	0.116699004553197	0.117288877036989	0.118263166149869	0.117906045217703	0.121332040993868	0.121415413507725	0.123122783548506	0.125997175862099	0.127486532437053	0.129715565561737	0.131365991815652	0.133930525564941	0.13433256091132	0.141169033704076	0.141351797866645	0.148175610382329	0.15173749812348	0	0	0	0	0	0	0	0	0	0	0.195154639252178	0.198664510871511	0.204663588850433	0.205998722932331	0.208314068667324	0.211551837952242	0.21284604288743	0.21358540912469	0.210500434489864	0.230062137172861	0.227870527305073	0.233656925321027	0.244950835402267	0.241248393971036	0.245984358764073	0.241783698090012	0.246179414738821	0.24005599329342	0.265269479633489	0.247895493126211	0.258471594875073	0.269339646835025
571.364	0	0	0	0	0	0	0	0	0	0	0	0	0	0	0	0	0	0	0	0	0	0	0	0	0	0	0	0	0	0	0	0	0	0	0	0	0	0	0	0	0	0	0	0	0	0	0	0	0	0	0	0	0	0	0	0	0	0	0	0	0	0	0	0	0	0	0	0	0	0	0.00285270447066004	0.00269402076670373	0.00214642544001227	0.00272016146139424	0.00285905432917129	0.00504923050668171	0.0057375784686361	0.00454469699760822	0.0063933618185326	0.00466665199925985	0.0056552140848108	0.0062267357769099	0.00536030073978111	0.00655492607622563	0.00644228594416582	0.00729147044687893	0.00833682615024421	0.00818518291605855	0.0109342182574255	0.0096198800424937	0.0105649995076417	0.0104546474612402	0.0102311362891896	0.0129226740106465	0.0136252960919129	0.0131882585826866	0.0149581627705311	0.0153016695876679	0.0159130828433906	0.0163249127025997	0.0167974188796963	0.0168612228433524	0.0191965475263053	0.0191524346301385	0.02117102998182	0.0218618489024027	0.021452387024607	0.0229527257626965	0.0243693392943725	0.0240281559483209	0.0254162049021773	0.0265364900647142	0.0267397070319847	0.028763666705908	0.0299584700720919	0.0303567339001757	0.0314557265966557	0.032001568740788	0.0333767215468087	0.0338361256603912	0.0347591472159601	0.0367835460216069	0.038644077902015	0.0393875861239343	0.0405507586718238	0.0424252554788445	0.0437574126031836	0.0448243813848535	0.0472789541300942	0.0481882767913118	0.0491919036437723	0.0515700148698263	0.0522580270361296	0.05456719123324	0.0548619794293292	0.0559948234547917	0.0577809870807935	0.0600786405395032	0.0621025430722739	0.062319839023578	0.0640019548153084	0.0636835648990085	0.0670000201064598	0.069150116863984	0.070562974679385	0.0717433092922346	0.0724634929807964	0.0745222784451112	0.0760022015313669	0.0775255942407411	0.0798178745247239	0.0804822694164859	0.0805115830314215	0.082982307091496	0.0849154737266637	0.0866185715516146	0.0866504700508913	0.0878174164086043	0.0892157705998428	0.0902242482766163	0.0912692556896628	0.093531904807763	0.0937012730402709	0.0946509581028005	0.0962215671443667	0.0967804688844532	0.0966221768561962	0.0967741734340316	0.0982676953504357	0.100351615305506	0.099663185606373	0.0993040801293555	0.100656606535887	0.0999804160499027	0.100459509497982	0.10223659117989	0.102076207355233	0.102494199452327	0.102244410990488	0.103197592962076	0.103541667158704	0.103199687224013	0.104876208025172	0.105149780253663	0.105846137866722	0.105208823588624	0.106712453547708	0.107061811866114	0.108266252800668	0.110647638844311	0.109739907574926	0.111230848185441	0.114090071957876	0.114668210912944	0.117163113003477	0.117150316844906	0.119553358514146	0.12299523945276	0.125168415557481	0.128184320590239	0.133740136281337	0.135666204339969	0.138904315864231	0	0	0	0	0	0	0	0	0	0	0.177618221648024	0.188955304843553	0.186450591397523	0.192125583091919	0.193286980582056	0.192443089249852	0.197849916861592	0.199723330468782	0.193543354205957	0.203869003579556	0.207265648749677	0.213963083992702	0.224824075319997	0.230100443774888	0.224029299806904	0.22218838671581	0.228739797533448	0.240095248859364	0.243949843274515	0.244090274108333	0.240954235686073	0.242067069134776	0.262592547517386
576.059	0	0	0	0	0	0	0	0	0	0	0	0	0	0	0	0	0	0	0	0	0	0	0	0	0	0	0	0	0	0	0	0	0	0	0	0	0	0	0	0	0	0	0	0	0	0	0	0	0	0	0	0	0	0	0	0	0	0	0	0	0	0	0	0	0	0	0	0.00301559022476644	5.06017788226217E-4	-3.88397385347699E-4	9.04201559209046E-4	-9.85870764107375E-4	0.00150171840961423	0.00166970387709123	0.00151069763165818	0.00217402217583835	0.001974128555348	0.00305295724327967	0.00302387809725624	0.00395872194862837	0.0041729801761639	0.00483895244628096	0.00445970645193457	0.00568919816285742	0.00500029538774691	0.00607303369758172	0.0069383899121559	0.00708710836475466	0.00876059109610801	0.00859270304545703	0.010135941922994	0.00950910375570011	0.0101670060693609	0.011098240035531	0.0123206263698991	0.0134902299149498	0.0123759077637573	0.0133874562240952	0.0153600492964158	0.015977065604435	0.0154715720539861	0.0157556064082151	0.0170824996713041	0.0190315694045431	0.0189482038218675	0.0199090724138816	0.0212237063223168	0.0214956196727482	0.0220516125347838	0.0235052104017832	0.0237467090627193	0.0245395646512264	0.0264822174038738	0.0262836362252933	0.0274495650432559	0.0287869463578505	0.029990176176856	0.0304097603332246	0.0317280839519247	0.0320565451464769	0.0334026906087124	0.0343954427420405	0.0352367396110949	0.0362324561382367	0.0375803511488113	0.0391524903037729	0.0401834542181735	0.0416541171207468	0.0430348217964045	0.0453576011204165	0.0457888538471247	0.0473318811027682	0.0495752674496951	0.0492677360204317	0.0512741261771479	0.052821230724211	0.0530797072959565	0.0552139706451181	0.0563346355451692	0.0568705977445278	0.0593939805757283	0.06022912885409	0.0619737917833846	0.0637548916765771	0.0645642429000533	0.0656706213862742	0.0682293182333573	0.0689885299425207	0.0692941959707359	0.0709197601579405	0.0724639125271773	0.0741540830421093	0.0748113874681962	0.0767314128889351	0.0773556992929279	0.078448580500112	0.0802960558291414	0.0818047716600804	0.0826869730254713	0.0833962810141112	0.0848138355413602	0.085395759010803	0.0858783566463012	0.0881198987680392	0.0888166182532336	0.0888291482041389	0.0890680526181177	0.0900698270184291	0.0921671985546085	0.0906124342512777	0.0918187156006049	0.0928522351071325	0.0906489500970679	0.0919208864772108	0.0923639606789358	0.0933476593238721	0.092747531595635	0.0953555609334359	0.0940607542481994	0.0949083886037357	0.0954613617991892	0.094815469302174	0.096384290277711	0.0973191574998881	0.0985218686789949	0.0981191806436615	0.098109788414747	0.0989073039701856	0.0994415288291794	0.102455556998805	0.101221929516618	0.103430374056674	0.105930388622202	0.105207930390033	0.108149982189984	0.109148016360133	0.111859243990332	0.115287566834507	0.116624085377137	0.118960116796801	0.122468550302651	0	0	0	0	0	0	0	0	0	0	0.158779969730375	0.161139503590572	0.164414080869168	0.165777701987187	0.168626859953777	0.173293905912661	0.175276715791365	0.177620233629483	0.170532070166803	0.178790742866787	0.180066401477216	0.191625248892027	0.192378973376777	0.190923846381551	0.19840909921621	0.195241659446346	0.196641938350501	0.201689735013383	0.208065267438562	0.20139832572465	0.20457018308655	0.209873338797762	0.196518188399547	0.212908634432193	0.191198609728506
580.756	0	0	0	0	0	0	0	0	0	0	0	0	0	0	0	0	0	0	0	0	0	0	0	0	0	0	0	0	0	0	0	0	0	0	0	0	0	0	0	0	0	0	0	0	0	0	0	0	0	0	0	0	0	0	0	0	0	0	0	0	0	0	0	0	0	0.00346054960421258	3.4172152078904E-4	0.00115445078860998	0.00127871878409921	0.00154216404001128	-3.1507287073172E-4	0.00120536907224598	-2.35994867121504E-4	0.00261507382326757	0.00207978137703544	0.00468361547085775	0.00302674988665922	0.0023554417964612	0.00509699349307206	0.00347552569836646	0.00381701107102996	0.00497968423515226	0.00561745831281259	0.00553941615833511	0.00658577938649658	0.00691485736652482	0.00701987593709634	0.00626400850428816	0.00778725472467276	0.00869230225791791	0.0086588929450225	0.00997541931393686	0.0116574446020598	0.0108639400769565	0.0115836618057421	0.0126602401176741	0.0123985575384574	0.013562192713125	0.0141362588219994	0.0143023249641754	0.015687361148343	0.0160084385996936	0.0164387186931294	0.0175081688875592	0.0180768966298878	0.0193240455952451	0.0203713632436245	0.0207937358766876	0.0210965966691937	0.0219670183861104	0.0227789053384344	0.0236527590789794	0.024349297277197	0.0260666571297847	0.0260853795693075	0.0270312953604993	0.0280855458274558	0.0285298376138084	0.0299187560498164	0.0302747613454948	0.0312637475995886	0.0322004048345973	0.0335934359910711	0.0347297499708032	0.0351324369450221	0.036131262430943	0.0376500471729463	0.0396249448749545	0.0407329420102158	0.041947286594781	0.0438948272022986	0.0444479370803953	0.0465394161554151	0.0474138754017468	0.0477614040597759	0.048780167734494	0.0509001052460478	0.0513472582655776	0.0527234214410203	0.0541641414037421	0.055438185672643	0.055948887140544	0.0570640042027212	0.0595155541863423	0.0618379898369055	0.0615604998007105	0.0626789760931813	0.0645771586658818	0.0645180900966723	0.0661789116160958	0.0674951848458865	0.0687004641581746	0.0699378461699333	0.0721422414305106	0.073242654493482	0.0730907444055112	0.075084005629288	0.0754425296543192	0.0773442429458096	0.0769369522507584	0.0782748998654474	0.080934984614275	0.0794610328562829	0.081619596910987	0.0824777831705111	0.0817827777035542	0.0831674730016101	0.0827449230063645	0.0839327700355285	0.083808055532247	0.0848564270292877	0.0843179158119009	0.0859588997340461	0.0845976885492889	0.086586397006852	0.0871724366920523	0.0876151472642703	0.0872718922139173	0.0876738164360559	0.0871815106427046	0.0897375985187036	0.0908919457721561	0.0903878022190389	0.0895447932010407	0.0902442110350001	0.0915448247921134	0.0915397527906532	0.0945300548473492	0.0940085838611229	0.0948035951816413	0.095295187355435	0.0959011940763892	0.0980881666654034	0.0990328881458747	0.101178354225311	0.101923696263462	0.103557466201451	0.10691178404145	0.109769911175168	0.113001978537152	0	0	0	0	0	0	0	0	0	0	0.139873761349824	0.150106717858557	0.153215308574181	0.155865400315294	0.155785838094531	0.158342294349218	0.158959110635848	0.162922590591119	0.159668295140384	0.162091582172297	0.168990169081496	0.171982219130182	0.177812920086623	0.176569061515946	0.180276532015659	0.183177945952746	0.189711477937131	0.176040278694688	0.189881767640692	0.189137663141313	0.19887249662256	0.204588336837492	0.185774925944338	0.188466364585973	0.200116831167769	0.177245271267899
585.455	0	0	0	0	0	0	0	0	0	0	0	0	0	0	0	0	0	0	0	0	0	0	0	0	0	0	0	0	0	0	0	0	0	0	0	0	0	0	0	0	0	0	0	0	0	0	0	0	0	0	0	0	0	0	0	0	0	0	0	0	0	0	0	0.00244193441164818	0.0024009197330126	0.00305404766028787	0.0013309908605941	0.00269224024612501	0.0025707874480207	0.00266706965495837	0.00279040294078485	0.003010816291299	0.00322447064139106	0.00502512886218995	0.00398406186330361	0.00538217667189463	0.00564708484825275	0.00454793462559981	0.00660206948362225	0.00515194385136445	0.00621907360611579	0.00523402080028509	0.00659448251256525	0.00700836760806044	0.00617242804728902	0.00718491976225823	0.00733527888065477	0.00841333125453586	0.00979896894551673	0.0104036772651302	0.0107444954092907	0.0111263107390927	0.0123562087102361	0.0121036726017724	0.0108896228326046	0.0131637940225637	0.0131936751906273	0.0134989069434368	0.0141937978793639	0.0151556043849776	0.0148713129226965	0.016537960940338	0.0168111788019788	0.0174172080340418	0.0176294237183899	0.0183822926876917	0.0200807024719308	0.0194909726622971	0.020482594187079	0.0213831863154633	0.0219780462489101	0.0224340926903567	0.0239907980380945	0.0240672740958563	0.0250921384601975	0.0264826842990956	0.026280141923537	0.0277383826658116	0.0285307651085956	0.0290212946593674	0.0300381272995051	0.0304188655150561	0.0318860682197023	0.0321433414234737	0.0337328352169302	0.0350813979033294	0.0370823153996134	0.0373820426050251	0.0384323788822686	0.0391545094244399	0.0407625216867172	0.0432458596168603	0.043229461520618	0.0444387659632761	0.0458811501437204	0.0463458225403269	0.0467958384901258	0.0481760322411014	0.0500170723267373	0.0505545442704978	0.0518410964761151	0.0524208339190734	0.0538156832860695	0.0552455083315689	0.056210085009693	0.0581174798540227	0.0589817978473121	0.0609211923481942	0.061426529346324	0.0623050673607663	0.0649644623770029	0.0639530005939306	0.0652624579709206	0.065004810601534	0.0685905082253547	0.0677543514021569	0.0699816596190376	0.0714541192542774	0.0706923959034643	0.0725149417935783	0.071355507339102	0.0746760610533138	0.073954942733478	0.0747478335033368	0.0765673534018698	0.0764619101930724	0.0771157647580457	0.0766906592846649	0.0777835152249445	0.07797011318649	0.0788319591092489	0.078429120820632	0.0800603157556601	0.080214076689037	0.0803991481042552	0.0800195866110988	0.0813890502516877	0.080461715892721	0.0817871366123869	0.0828414707374667	0.0821147758110682	0.0823563035143362	0.0840830743923185	0.0832927121070172	0.0845489526215966	0.08473053671186	0.0853674916541444	0.0858464658171468	0.0870399575907288	0.0890550493488978	0.0887239629586098	0.0900409259287675	0.0919858257676093	0.0918213075329762	0.096018815180764	0.0966100744006397	0.0995353565812831	0.100880965147796	0.102924752393771	0	0	0	0	0	0	0	0	0	0	0.131137995840517	0.135892897577336	0.139887889640493	0.144919234652245	0.138809690123201	0.144834154158899	0.147025016876057	0.147991970772117	0.147622972722699	0.150911925026566	0.152662743196233	0.166209578194293	0.16557206421579	0.169494514428543	0.171384705570093	0.172279042915872	0.172527099217385	0.167559025324816	0.166560977996252	0.187520436091979	0.183174490990653	0.195329818941149	0.18881191248793	0.202381812583589	0.203625494412518	0.214512406501923	0.188619119733599
590.156	0	0	0	0	0	0	0	0	0	0	0	0	0	0	0	0	0	0	0	0	0	0	0	0	0	0	0	0	0	0	0	0	0	0	0	0	0	0	0	0	0	0	0	0	0	0	0	0	0	0	0	0	0	0	0	0	0	0	0	0	0.00297312977347609	8.40351099169455E-5	-6.95790299257881E-4	0.00233968518158547	0.00103181799433248	3.97215789340424E-5	7.28467220866012E-4	0.00135762647157386	-9.23748648149809E-4	0.00207051743848628	7.83858720802553E-4	0.00282530866996157	0.00150518950629568	0.00295137085343004	0.00263282224812108	0.00377773974935806	0.00360466408945132	0.00282028406873298	0.00261317299419954	0.00226942211472517	0.00553559863990266	0.00461636292302481	0.00521617145277585	0.00509266910869814	0.00611254214671837	0.00669370969648811	0.0066554833687527	0.00820628418186926	0.00789049145201213	0.00762755022322214	0.0091899809969394	0.00965657134470261	0.00978086307252908	0.0095816918509022	0.0102309187899788	0.010247364383313	0.0124207874743792	0.0119535073357622	0.0129232459676762	0.0130454110874983	0.0145788227201538	0.0144972553498419	0.0150345324164269	0.0157066183372564	0.0169680433081815	0.0167613399979565	0.0174872701155094	0.0181027287263949	0.0193388644326678	0.0197512911370952	0.0202739046777403	0.0218422373808851	0.0226861503105392	0.0224578424058133	0.0240290633337002	0.0235002676170197	0.0251807254651646	0.0253907195434135	0.0258384613729056	0.027636901396385	0.0275943336941733	0.0282676251728991	0.030152948349008	0.0301173543361513	0.0306883304695327	0.0327225599259452	0.0324363090370822	0.0347871220433845	0.035823512489325	0.037266995729837	0.0383188552886496	0.0388110350881342	0.0391708718604293	0.0409766631611959	0.0409718761335469	0.0417255616707735	0.0420865553380591	0.0442669515522742	0.0452487126752042	0.0463990809876832	0.0484211609563532	0.0484307096229827	0.0506440720654618	0.0503970126200069	0.0521716696061216	0.0519797492153824	0.0538933314337693	0.0553975668309846	0.0566157655259103	0.0571322404105416	0.0575650763543937	0.0590842081496883	0.0602031151613776	0.0605125983527193	0.0614187816123273	0.0630468696766363	0.0631601114968369	0.0637716040230193	0.0648555118323849	0.0653351091641784	0.0664029289908636	0.0677431944064058	0.0672950457906053	0.068829159734473	0.0681721678466287	0.0707720400214087	0.0695655520298118	0.0708210678991457	0.071676271546201	0.0716679425789244	0.0717554490414992	0.0715388965709736	0.0720187525403451	0.0723515423957312	0.0722279944352522	0.0726904333571248	0.073573433830443	0.0731653261932783	0.0739014569128282	0.0740703336343415	0.075065056378222	0.0755681640438169	0.076996818541791	0.0764362281162625	0.0780363515198761	0.0783375029174395	0.078455640902979	0.0778224971358653	0.0795069502842341	0.0802138932864714	0.080800172702961	0.0827411797253977	0.0830779231358437	0.0864278878078176	0.0871291884681725	0.088177620620544	0.0909769492524251	0.0926080163560699	0	0	0	0	0	0	0	0	0	0	0.117432497184207	0.117458078148208	0.124300282727058	0.122932407324585	0.125943440258413	0.13015755726592	0.131080458683457	0.131666617492128	0.134797116925141	0.133857452546152	0.138016727952626	0.14199111927443	0.14246749832242	0.148608905020725	0.146196116287635	0.150779949664155	0.150408787698647	0.159039477247776	0.160801040486517	0.154476996577678	0.154653483949216	0.163658477019347	0.165719422804042	0.16429098050972	0.17566307763936	0.152443113806284	0.158401005502031	0.17435253610645
594.86	0	0	0	0	0	0	0	0	0	0	0	0	0	0	0	0	0	0	0	0	0	0	0	0	0	0	0	0	0	0	0	0	0	0	0	0	0	0	0	0	0	0	0	0	0	0	0	0	0	0	0	0	0	0	0	0	0	0	0.00304110012268441	0.00294956389540784	0.00187870765895282	0.00239415489456223	0.00210507033267961	0.00125789747919672	0.00151615872902257	0.00113653499049043	0.00269654960308531	0.00462217132254324	0.00279058372122462	0.00325015037322849	0.0046522743000433	0.00389316966532446	0.00436739933133539	0.0047543821705759	0.0038052449220591	0.00503153418211241	0.00572160497339542	0.00507650117113461	0.00537628940662906	0.00411012711054346	0.00624251159365133	0.00478466635028871	0.00594828048596902	0.00531430191260269	0.00689776222604634	0.00756769602076765	0.00847857575037581	0.00777660347565283	0.00815279857265326	0.00864188072377701	0.00984266156149785	0.0101627450795464	0.00905752975369224	0.0109805307344565	0.0105636670643976	0.0113905381416944	0.0116692699705656	0.0125379953766208	0.0131900300787863	0.0141508338112384	0.0149949758874064	0.0147376409477793	0.0146112163753357	0.0153953795587188	0.016114745510588	0.0167729394906482	0.0168279755771401	0.0182886224769094	0.0190074758856304	0.0191712033367905	0.0199913283225421	0.0192669338485915	0.0209848336270111	0.022099653376403	0.0221357804061604	0.0228604199982406	0.0235310464136804	0.0241788362279233	0.0248776809576233	0.0256236484542423	0.0256486146055334	0.0270474628695924	0.027641313047503	0.0298325602295615	0.0291168321351136	0.0301379022564169	0.0302281311492955	0.0323300276176739	0.0334771715743165	0.0344913782796809	0.0356839715413621	0.0363232906094915	0.036722598071601	0.0378237059840522	0.0391491473012058	0.0401517132517465	0.0406878013783519	0.0405327805568277	0.0432329710879372	0.0444797892995299	0.0445394063938156	0.0461741305467872	0.0458455915328179	0.0470004918770449	0.0492093382321556	0.0487505129881344	0.0500321126357763	0.0500775713368837	0.0524603766568164	0.0528617733222344	0.0526849995232326	0.0549403392316665	0.0549692593012499	0.056375115578642	0.0570606569502401	0.0583766818435774	0.0589186396865303	0.0594989450167957	0.0610748051267618	0.0608301820389831	0.0616923880441237	0.0620777450506628	0.0631679494393568	0.063601804408566	0.0642913973255637	0.0652112580118719	0.0637982358968853	0.065525986573381	0.0655747576241734	0.0650160256162957	0.0659190183184097	0.0662882146589257	0.0664163446229196	0.0669658297685452	0.0667515618602237	0.0687645447834542	0.0674029083402928	0.0672110232511187	0.0682806574697341	0.0693184188155798	0.0693335814362443	0.0725140514682131	0.070788294917646	0.0715793464144089	0.0718496166963515	0.0733832100456864	0.0729074798360447	0.073855905170455	0.0746245971871145	0.0756214953379025	0.0768978720172048	0.0782395817379102	0.0794211005006931	0.0800832863450883	0.0819509947865091	0.0839419234295576	0.0841047552202174	0	0	0	0	0	0	0	0	0	0	0.107480754495549	0.10871438720792	0.112740074138724	0.117889753645991	0.118435932365138	0.122584846759607	0.125429059427618	0.122757775228995	0.122028261091038	0.118753137933702	0.128170671759053	0.132662926941223	0.136070359400695	0.14165175235572	0.141147172711114	0.150793590840545	0.144800988265058	0.149227277649741	0.15708690007313	0.155160509222511	0.156747185770455	0.154882624434395	0.155160449400449	0.166357702609927	0.162478362218431	0.185738340261049	0.170104892307823	0.197111019415149	0.188477266625265
599.565	0	0	0	0	0	0	0	0	0	0	0	0	0	0	0	0	0	0	0	0	0	0	0	0	0	0	0	0	0	0	0	0	0	0	0	0	0	0	0	0	0	0	0	0	0	0	0	0	0	0	0	0	0	0	0	0	0.00147289199169573	1.3839537206824E-4	7.6064756058864E-7	2.62903505115084E-4	-2.57699919255931E-4	5.50242974555302E-4	0.00195544201155042	0.00220661870797374	-3.20442651965321E-4	0.00142093576837602	9.3237847870152E-4	8.0262736393836E-4	0.00254916643596838	0.00125166041563269	0.00187606751771518	0.00339260544205305	0.00204444219046912	0.00299010656065259	0.00353449064204353	0.00320681723437347	0.00506014497133904	0.0039551186463398	0.00338567124630528	0.00447353206641386	0.00596315297968178	0.00519823811255103	0.00516955395529962	0.00529913399886676	0.00648976566659774	0.00641207311424293	0.00643343807774764	0.00720791240080429	0.00674317635833089	0.00808521994885506	0.00872456120937664	0.00953055686750693	0.00854419349478484	0.00948694421625941	0.00989077692617095	0.0104852001690097	0.0108708252473962	0.01074006707876	0.0113406524715325	0.0115198046528029	0.0123826054520971	0.0125610048360778	0.0128577817068187	0.0142796337562792	0.014172477964927	0.0149383505373837	0.0161947321180723	0.0163494062647188	0.0168000970886129	0.0173290248835814	0.0182439141183729	0.0178362477438385	0.0196562101079239	0.020057375376096	0.0205565025520382	0.0205499128352843	0.02146410478962	0.0219050790456708	0.0224582339114932	0.0238376206792979	0.0243198717754931	0.0244387185164144	0.0253792638324889	0.0258065198274494	0.0264045576309969	0.0276578307866127	0.0282468398243917	0.0304574950590255	0.0301535186207411	0.031907449523967	0.0323049189497285	0.033744343849776	0.0338720935462314	0.0345775819461211	0.0347654429534743	0.0360557161137891	0.0376689314968183	0.0377916016559035	0.0384500354951991	0.0390071095553893	0.0400277827473173	0.0413797567560304	0.0419764637937911	0.0440017468391915	0.044118996993916	0.0447442993902706	0.0460889413310336	0.0463597905428655	0.0474415499148603	0.0489918749233953	0.0489757531781451	0.0493143662174747	0.0494358902299342	0.0508861781820882	0.0517330358659126	0.0530123978649406	0.0531636970260847	0.0546121562530919	0.0548261734509275	0.055969573958941	0.0564793911252482	0.0578664851674964	0.0580073345546617	0.0580261859768733	0.0588529994002049	0.0584244199224388	0.0590957855718477	0.0601359012188397	0.0586398739226551	0.0598505406401138	0.0604014918495633	0.0608332760583236	0.0598484794922892	0.0611330552101728	0.0604351482729263	0.0615883259971673	0.0620315477784165	0.0633576934405417	0.0628793053272617	0.0642414232020437	0.0629481572572084	0.0634149061056667	0.0641629926753474	0.0642439977390807	0.0650354342888637	0.0656523445079667	0.0655453234473292	0.0684552741838476	0.0672078270362816	0.0681520367589914	0.0685100338133083	0.0721039437801999	0.0731687740568521	0.0757903185031135	0.0746033642479946	0.0763010265273029	0	0	0	0	0	0	0	0	0	0	0.0963635515853114	0.0988159352035705	0.102829736080466	0.102542047214176	0.103588107911889	0.106352836299566	0.104644100470585	0.110387985830869	0.106873384824978	0.109042901086878	0.11804962237896	0.119408619966167	0.119848069063802	0.125083857204725	0.123832418036178	0.127204081900736	0.128713485228621	0.130295162147895	0.125713530597713	0.12993322424504	0.136330204220969	0.141122709372243	0.140097612944844	0.139270193494202	0.132676629777332	0.140406097498964	0.14611394297845	0.130268910995456	0.133277651419654	0.150061564558102
604.273	0	0	0	0	0	0	0	0	0	0	0	0	0	0	0	0	0	0	0	0	0	0	0	0	0	0	0	0	0	0	0	0	0	0	0	0	0	0	0	0	0	0	0	0	0	0	0	0	0	0	0	0	0	7.49777986422599E-4	0.00291888553449542	0.00313383568209917	0.00227749430403704	0.00246321029708388	0.00291501059529055	0.00256032651801328	0.00282403824071715	0.0021798838680315	0.00327567340939925	0.00379712425924905	0.00186623557267238	0.00287002991648588	0.00321378157475671	0.00485801427969725	0.00264961617718807	0.00185864589688153	0.00331422056316205	0.00353365407433007	0.00416507752307141	0.00295159847876949	0.0032328311241002	0.00333782445836455	0.00313856171492497	0.00554578056675909	0.00525402451322278	0.0046711760210314	0.00644294557735684	0.00539783426355079	0.00582387258041418	0.00697534446130666	0.00742909292761097	0.00732857157817941	0.00725243683872951	0.00799040634358538	0.00762765071137487	0.00807048039698269	0.00831606023802028	0.0102266426354901	0.0110697932715068	0.00960467206081771	0.0101870872000628	0.0103367781980829	0.0123567949239412	0.0113789551497169	0.0124328688423684	0.0124360339664862	0.0123178161529511	0.0125785295017337	0.0130229976131217	0.0135511332551069	0.014830884330322	0.0153863286846522	0.0156673273610249	0.0157918262838114	0.0162561379671821	0.0167019692716772	0.017888218767413	0.0175496394414892	0.0181409942123986	0.0191772885780223	0.0193162534594801	0.0202408531703362	0.0205776524330058	0.0210347293744885	0.0215836100355149	0.0223817705158316	0.0229964236529053	0.0236520943747761	0.0248374297438002	0.0247691745830433	0.0259558984704051	0.0262762862175772	0.0269536467150582	0.0285945191488671	0.0282279654120093	0.0295163172108578	0.0311863445788471	0.0307476845711284	0.0327278368601745	0.0335474320305435	0.0336824055258138	0.0340961879152497	0.0339756747251668	0.0365632120981016	0.0365548172160996	0.036536751462858	0.0386072787270098	0.0385225613452706	0.0394754083090975	0.0397432433200173	0.0423147344891117	0.0420477197151238	0.0426035651716546	0.0433664251019937	0.0442103747691114	0.0448860205949783	0.0470669913674333	0.0462537598942787	0.0470531432824261	0.0481039091612518	0.0484530985244456	0.0496474791326254	0.0501145808011291	0.0500773490633278	0.0506383117885311	0.0511469982824561	0.0521965951407292	0.0530706251888502	0.0535723133156779	0.0535986484233161	0.053914510428279	0.0545495661453401	0.054541839981226	0.0551628517116309	0.0562757284794237	0.0562142531532762	0.0565352884396572	0.0554521436845969	0.057007689980227	0.0565083212437835	0.0568434670809306	0.057092072353899	0.0576177032246586	0.0575204261675434	0.0576771481786197	0.0586029298235741	0.0598106688359866	0.0588679885633465	0.0599507295290415	0.059161187459978	0.0621985107729115	0.0619586261075787	0.0618622616779443	0.0618712090765924	0.0636910606700436	0.0643150655574103	0.0671532584385208	0.0672276098978776	0.0681984644425257	0.069980313487648	0	0	0	0	0	0	0	0	0	0	0.0869604064463323	0.0896687937286955	0.0896169276745246	0.0912163401589529	0.0945981288342208	0.0993523744826405	0.0970132885869902	0.0991864732114988	0.102009857350893	0.103267662829997	0.10667152102349	0.107564961019818	0.109387988633218	0.114298762633656	0.114269607010811	0.1193861116942	0.116692314725669	0.121467385192871	0.121961661055073	0.124020523369359	0.127113338038134	0.120373400569016	0.135611560310164	0.12995849911248	0.136559942587303	0.143241613654065	0.138527955621793	0.140602913853205	0.144722638872189	0.147838503018501	0.148883785193858	0.144876283097948
608.982	0	0	0	0	0	0	0	0	0	0	0	0	0	0	0	0	0	0	0	0	0	0	0	0	0	0	0	0	0	0	0	0	0	0	0	0	0	0	0	0	0	0	0	0	0	0	0	0	0	0	0	0.00159448647178613	0.00134683386808811	0.00191616068348461	0.00333988983923574	0.00110380140509943	3.30418533104104E-4	0.00198182575239058	9.10333081062735E-5	7.58435954228399E-4	0.00289540200618748	6.0452749407438E-4	0.00131536283037814	0.00220898203972969	0.00249905823619818	0.00181106132153268	0.003878942794471	0.0035811576421604	0.00240868465762404	0.00191451270286118	0.00312564655492278	0.0026668617377627	0.00385174486047413	0.00450443393815224	0.00445337891242781	0.00343662495940466	0.00532422147031701	0.00342383625395537	0.00395565011619759	0.00564048909408056	0.00469101166491238	0.00521203525084161	0.00547500741608358	0.00678676048270751	0.00634224762486623	0.00602762525748859	0.00821312701483699	0.00663372214396989	0.00720153718288119	0.00690384826510025	0.00863466810242594	0.00876398190580176	0.00889604685871648	0.00846930322264532	0.010022557142507	0.0105230498776849	0.0111517378394598	0.0107495581328534	0.0109449775618215	0.0109223831474881	0.0121274718182534	0.0120916929411072	0.0132002222021955	0.0136805714788025	0.0140182454298292	0.0137907948819238	0.0146688104447673	0.014920506354453	0.014709437094665	0.0162739439961972	0.0159162325681627	0.0160978006971702	0.0170015825413731	0.0175804530193961	0.0179323452602561	0.0184427090005084	0.0184941663317612	0.0188647126238556	0.0200334007256799	0.0206484697737794	0.0207898590245828	0.0219709075287312	0.0230041705123776	0.0229676767911184	0.0237816302627167	0.0252739949530353	0.0245154141281112	0.0254844804664286	0.0266570669546449	0.0279422145723558	0.0283906190172494	0.0295023243424596	0.0294643636894457	0.0300529217286045	0.0315461394954869	0.0319152630631663	0.0307973835483806	0.0324886558530132	0.0330391932505591	0.0343675184057044	0.0349154158299009	0.0345386808935573	0.0366652627610129	0.0372596681055607	0.0371321470265759	0.0380881875601662	0.0383888622087553	0.0407449938044954	0.0409862854943973	0.0419631878077266	0.0429292426149886	0.0422223357793385	0.0434232603845915	0.0441805677706252	0.0441167386733159	0.0471545981498483	0.0459033410591357	0.0457231222077646	0.0478080063272056	0.0478024855404041	0.0474189426225659	0.0493512417165279	0.0485571824155862	0.049216256050498	0.0496292814196563	0.0503461000700859	0.0505907254741387	0.0507656936866297	0.0511536673096103	0.051842708692679	0.0515851949438523	0.0510106306608916	0.0508219344196449	0.0528072111861817	0.0518214328019161	0.0525356179919735	0.0529945871060454	0.0526113544558333	0.0536496765413506	0.0543368937708772	0.0539364505118074	0.0551401214354083	0.0546482240073409	0.0549098968801918	0.0565597773202767	0.056216626101557	0.0563583140544218	0.057975951875823	0.0589911395937587	0.0594805545675304	0.0614450203593447	0.0632919552048234	0.0646094051981266	0	0	0	0	0	0	0	0	0	0	0.0741937932458901	0.07644301730304	0.0804469064630574	0.0831583718205851	0.084931882014755	0.0859761894974744	0.0888194225433847	0.0919247010705352	0.0904282615827881	0.0911611033008349	0.0938153760172747	0.0934500278753506	0.0975264684763395	0.103884992787657	0.103806940683747	0.106440076045007	0.109544822632933	0.108050431051868	0.117966880245549	0.111497950672872	0.114565329761367	0.113335174480159	0.118782520359089	0.116841895454226	0.12088934891287	0.116595682993811	0.116869237390422	0.133426570317011	0.12374901037202	0.119067483773294	0.141022591141947	0.151374122128499	0.154390378394784
613.694	0	0	0	0	0	0	0	0	0	0	0	0	0	0	0	0	0	0	0	0	0	0	0	0	0	0	0	0	0	0	0	0	0	0	0	0	0	0	0	0	0	0	0	0	0	0	0	0	0	2.26913700621029E-4	0.0025897094191626	0.00113046246808423	0.00162392709907432	0.00214300150742834	-5.94485092251165E-4	0.00324966932977515	0.0011404362834958	0.00237675614771468	0.00329702694568627	0.00374063414336939	7.55018970988431E-4	0.00305470599125013	0.00420318728412205	0.00189753117619924	0.00240434020905497	0.00354108025139833	-7.81981749665149E-5	0.0020877704951544	0.00398190892208588	9.88180001670589E-4	0.00297550527757879	0.00404529490435612	0.00460931341059077	0.00423998717007262	0.0034733905244713	0.00482442650123112	0.00544980295915691	0.00330293125226178	0.00406363741578195	0.00430315404922232	0.0045293994068587	0.00500150444697981	0.0060347286001113	0.00586419288735109	0.00591197979953219	0.0060405556894085	0.00681905312522302	0.00663071360616563	0.00740882270843382	0.00806639092555931	0.00863506832727442	0.00775587735343036	0.00754403537471037	0.0086779139187628	0.0086290432850997	0.00959830912317724	0.00946887081784879	0.0105574870741395	0.0104953843601125	0.0115795241598212	0.0114654940535287	0.0131174070857942	0.0123687537532674	0.0127282576557837	0.0135629317596611	0.0131748593769405	0.0138274112177137	0.0139632119705226	0.0134817513295553	0.0147369523569011	0.0155021036293095	0.015400025839817	0.016321388055784	0.0165938593863324	0.0169249497897841	0.0175200475055384	0.0173479059496475	0.018113655776392	0.0188068245080367	0.0192290078834418	0.0197737350378886	0.0200934616062169	0.0205588596472828	0.0215160956687672	0.0228570220903542	0.0217261642258385	0.0228104200784489	0.0240841601677293	0.0251824725581534	0.025320675310299	0.0258420769405829	0.0269583903734363	0.0280007352037829	0.028507919409363	0.0290320651603038	0.0286781294212607	0.0293521105000756	0.0296595720253974	0.0311423449298929	0.0314629437453287	0.0322028424927861	0.0333457998245348	0.0340311092416367	0.0350214814074692	0.0342313759277706	0.036708117913895	0.0365986655404006	0.0376624944424659	0.0371896567428315	0.038187416882012	0.0382836704423837	0.0402308145005945	0.0392931027959257	0.039583988627748	0.0405934258498152	0.041230861668866	0.0411756341420923	0.0436161615004382	0.0436214806167328	0.0431465155780338	0.0444577663587806	0.0442166186995828	0.0456098278657282	0.0463098156951868	0.0452750492873691	0.0459588009245945	0.0464284523246173	0.0461488338413579	0.0464152541789427	0.046687318295693	0.0464892454058002	0.0470971715353038	0.0474524200779658	0.0483228450981996	0.0479714575277366	0.0477909835349624	0.0491298991236743	0.0486665561267785	0.0490620421356041	0.0504794550942764	0.0504152061705804	0.0508887578992486	0.0500703615289251	0.0515927337086668	0.0512142269360644	0.0532893959213818	0.0536150607566725	0.0547154312641101	0.0544725561255163	0.0564972965143791	0.0566853016038217	0.0580151159158157	0	0	0	0	0	0	0	0	0	0	0.0689001301265997	0.0716275026076132	0.0739596901116634	0.0744381819422365	0.0754515979859186	0.0783215959171429	0.0816545199163766	0.0797541404196197	0.0790771141820682	0.0843196070082828	0.0840956522861895	0.089550376515743	0.0898287820620598	0.0944615339058475	0.0982150921015946	0.0947873102114021	0.0969586919938175	0.0988553658190948	0.101031199888934	0.0973898407182469	0.101083408974741	0.0994087642211009	0.100337968547122	0.10111276456034	0.107087760138121	0.116271713432111	0.102286455736401	0.113893843554015	0.108915710823482	0.12263160064559	0.122584108654588	0.124694674693352	0.135825506397203	0.141047418330573
618.407	0	0	0	0	0	0	0	0	0	0	0	0	0	0	0	0	0	0	0	0	0	0	0	0	0	0	0	0	0	0	0	0	0	0	0	0	0	0	0	0	0	0	0	0	0	0	0.00444811992034012	0.00112530452945527	0.00214984987349376	7.9703953779945E-4	0.0013359176001847	3.80499564770073E-4	-0.00105741948402823	0.00128934846637516	-4.88492907883506E-5	0.00107947714990212	-1.9128586851391E-4	0.00174328334851208	7.40962096046439E-4	0.00127598414577708	0.00210745973969251	7.5014240851249E-4	0.00112858568956142	0.00191722113903571	9.2282838526876E-4	0.00255092388279971	0.00202309771171915	0.00183138293126995	8.21500854254073E-4	9.21189362724945E-4	0.00251873072116835	0.00324160370883383	0.00292586406573243	0.0027635384543936	0.00295472776846322	0.00289932215679155	0.00300555473846207	0.00369692147777874	0.00487680484895632	0.0022069927248069	0.00346519871505788	0.00387512491584026	0.0043826764048893	0.00523358469839458	0.00442621660780778	0.00508917352709269	0.00501716158634083	0.0064663534653633	0.00544502451020795	0.00745635547515875	0.00697494567085529	0.00750704511946207	0.00709056802329559	0.00761007213055483	0.00836594273782421	0.00816397802259858	0.00907712653960126	0.00840359716096041	0.00976425240680542	0.00870873372111249	0.010060364313655	0.0107063686877105	0.0107556259598522	0.0117338803812767	0.0111584362072791	0.0106453351214658	0.0117254269542666	0.0123084423657993	0.0131840996269953	0.0133881988375271	0.0136129475940061	0.0147859950578699	0.0140956475580164	0.0156133097104735	0.0153585843989472	0.0155397314878065	0.0159075101234856	0.0166310552202527	0.0165953941789075	0.0170423101264367	0.0176214768909446	0.0183617828901036	0.0188496603108836	0.0194721031941537	0.0192972708668045	0.019263747212808	0.0210597565763612	0.0212814655029657	0.0224056676389359	0.0219645001354617	0.0236183710643661	0.0237373128625028	0.0246327650312807	0.0249697765619269	0.0256871708103486	0.0261484253571867	0.0265187495203301	0.0267078774187147	0.0279039313722807	0.0288490055447263	0.0293028050929452	0.0310821483140208	0.0311062031449108	0.0310776290681461	0.0321463852981779	0.032451069011585	0.0327980984991717	0.0325389411567813	0.0338874891775359	0.036079449009144	0.0345779480536637	0.0353885408829014	0.0355326274734912	0.0371611735811718	0.0380921796530605	0.0375604461474558	0.0384041063052213	0.0390239325994545	0.0393103848972466	0.0396097408561749	0.0404740471776841	0.0402044072574692	0.0404575385206443	0.0411921268555182	0.0420075252259673	0.0421743461784539	0.0421259963956331	0.041719710335707	0.043430465766004	0.0431725010496059	0.0425098661238432	0.0429990787188701	0.0435570122325546	0.0438083861784516	0.0444943058653225	0.0439465899203401	0.0441374744895692	0.044602493531761	0.0451612995723677	0.0454245342458851	0.0453996048749227	0.0472956547946897	0.0463454996353408	0.0466971300375879	0.0472247073516908	0.0470122773346583	0.0477614815908043	0.0491037772186389	0.0501877733869999	0.0517004890720309	0.0539209648343796	0	0	0	0	0	0	0	0	0	0	0.0601700463438573	0.0625155860656064	0.0647677714786614	0.0666686664507816	0.0672733144446558	0.07030791744703	0.0709008615944969	0.0757301476974547	0.0737908135797898	0.0721201637202071	0.0752586263103501	0.0782428050145488	0.0804830319930039	0.0862205162827262	0.0869120766412085	0.0801254319186505	0.0841924681377809	0.0879913814595728	0.0935550094155926	0.0944316412223977	0.0906288837977428	0.089243055943258	0.0926575495055616	0.0899022539933008	0.0986708765896149	0.0887425342602796	0.0887248479624104	0.10063308873392	0.095909146844138	0.0991449030105321	0.103781502888257	0.100316396758825	0.103496450385429	0.102430417793318	0.134974888712672
623.123	0	0	0	0	0	0	0	0	0	0	0	0	0	0	0	0	0	0	0	0	0	0	0	0	0	0	0	0	0	0	0	0	0	0	0	0	0	0	0	0	0	0	0	0	0.00124445705629662	-0.00104401033146025	0.00115184593077831	-4.17586090367376E-4	-2.32740853459697E-4	-0.00126283807072336	-3.91988035339401E-4	5.81369775699843E-7	0.00117494777691006	5.27083758955085E-5	0.00197549500917147	2.49080931770287E-4	0.00149968647871464	0.00142560553505942	0.00163508015944886	-0.00147045283654939	0.00253315389000766	0.00204751170929117	0.00144409505453992	0.00133262024474326	7.19380533557171E-4	0.00199264260197083	0.00248982381646591	0.00236944560294124	0.00299633598009024	-3.70848082374584E-5	0.00136596599720437	0.00163593729900979	0.00357183492060656	0.00218053536745122	0.00462827215491675	0.00361164212095363	0.0027961646416331	0.00356531834590029	0.00375598266987302	0.00397431277055703	0.00492939213002857	0.0045814662519202	0.00537787235750444	0.00507612239923438	0.00503437484711121	0.00516189788367449	0.00562992224794757	0.00554835551364983	0.00675774951033972	0.00671899166456029	0.00608094666462958	0.00570241553892833	0.00746135188900582	0.00714818048321494	0.00730928287768557	0.00805812859104386	0.00766055690187525	0.00845597184807084	0.00808851338837293	0.00921288750913433	0.00997262613173037	0.00981751846673985	0.0103181796137161	0.00980509253147462	0.00965087753659017	0.0110191935439976	0.011639656039147	0.0120731706393581	0.0123199588910581	0.0127271587167667	0.0127979239227544	0.0126961266057604	0.0135212948280157	0.014039459575896	0.0146139104654277	0.0148123915290523	0.0147603227156372	0.0148473553267561	0.0150595165384906	0.0166910475905557	0.0161680198372242	0.0172799426954593	0.017159756190817	0.0171259250794115	0.0172494186159493	0.0185020484990602	0.0185879588933664	0.0197188992072229	0.0204876702842976	0.0208490553339965	0.020908765902175	0.0222042832938511	0.0231667979417567	0.0231064923326313	0.0233993276968917	0.023582235848899	0.0250007899765028	0.0258578633333224	0.0266655287254887	0.0264935016437478	0.0270766075928393	0.0277213438524324	0.0285800645486203	0.0277559699022986	0.0292516143869979	0.0303634039998175	0.0299764523255572	0.0300709767994857	0.0318497645401179	0.0318145004487995	0.0322667306095177	0.0326955639533077	0.0326008725195164	0.0347678811242149	0.0334840379816684	0.0350829691554424	0.0354063183844155	0.0351075450737249	0.0362090378704022	0.0365105217816258	0.0364878823187553	0.0359081903387392	0.0377539399155663	0.0376769327382477	0.0376579754822198	0.0387956444897455	0.0398914493799928	0.0389934185937892	0.0398047177444593	0.0383953628139263	0.0390267296884936	0.0393414237685409	0.0397331646008984	0.0406588893362396	0.0405174319860891	0.0394391080382899	0.0404073588128748	0.0415176896914138	0.0421492488768165	0.0409620917097734	0.0417504202628938	0.0423361287162848	0.0425847241760958	0.0422451350303204	0.0445242074745721	0.0446068987272504	0.0459288338196602	0.0465109845680154	0.0474827028453552	0.0481318225886475	0	0	0	0	0	0	0	0	0	0	0.0568387240672316	0.0569473368283541	0.0579080209790375	0.0615291430268777	0.0603354137232944	0.0625004193618116	0.0629379104639284	0.0653679363642043	0.0654342387353234	0.0651525985843045	0.0673327596104566	0.0711265679375691	0.0711402062630979	0.0741824316848287	0.0799275951418081	0.0760211807497024	0.0769287108022263	0.0794423732116992	0.0817105072316566	0.0824977471379708	0.0853060871335459	0.0853844486025105	0.0826159854459377	0.0885366639677869	0.0863496108311063	0.0842114081561474	0.0855038512590687	0.0887628771166953	0.0950882770571945	0.0970152095764013	0.0867760698063103	0.101846294090447	0.0960131943051909	0.0888113638809483	0.101707598659868	0.111748604714926
627.84	0	0	0	0	0	0	0	0	0	0	0	0	0	0	0	0	0	0	0	0	0	0	0	0	0	0	0	0	0	0	0	0	0	0	0	0	0	0	0	0	0	0	0.00205310304577581	-0.0022893490053198	-6.11381655067398E-5	5.61838918178459E-4	0.00239815986942499	-1.80593928943699E-4	8.33711947649277E-4	0.00267936481510412	5.73517765716396E-5	3.34696226908385E-4	-7.57819569929313E-4	0.00121344012399473	8.733710785576E-4	0.00180580878744604	0.00328898209409253	0.00255238459087727	-9.38983379161503E-5	0.0024238011110108	0.00160559096519438	0.00392614763474649	4.89107754889172E-4	0.00117713957527283	0.00342745965701735	0.00298832859983251	0.0013251509614086	0.00256486536422159	0.00299883292464171	0.00345268332864138	0.00311541244299258	0.00388120394672935	0.00450804812126536	0.00184878898821943	0.00472832110867704	0.003105324457302	0.00484993347532339	0.00408334346682677	0.002331227866337	0.00473831294020567	0.004746771997206	0.00408838886712924	0.00539265986610094	0.00423106749616367	0.00565223558640579	0.00467142731890528	0.00466647043035818	0.0055997847919862	0.00583331836081766	0.00683840629535343	0.00549382074837426	0.00580616645423672	0.00696864252137478	0.00766684957659035	0.00603404196090991	0.00733623253170381	0.00778769517830524	0.00779986371813687	0.00826366535088713	0.009135217831993	0.00900800649936898	0.00912753325864415	0.00944954343067103	0.00978742201785031	0.0107317782852312	0.010807464207014	0.0108758145211702	0.0104983382563283	0.0110806230105438	0.0114821790514967	0.0122280825584467	0.012472119522938	0.0129847036193518	0.0127309838208879	0.0131356159914364	0.0135921752462407	0.0141398127993421	0.0138915378178344	0.014573643890078	0.014641201932149	0.0146210981013842	0.015486805331634	0.0167292703711224	0.0166294131621975	0.0176806035395189	0.0168969730939085	0.0183460011870088	0.0175345698016717	0.0185467779148014	0.0191965981929755	0.0195264274323259	0.020043114672612	0.0214764093147908	0.0219867741496666	0.0218847552383803	0.0232532043081698	0.022675256459835	0.0235968755141607	0.0243465056942571	0.0257393451957835	0.0252858125433765	0.0259370941480359	0.0257373255295888	0.0275414091521894	0.0269633293889219	0.0276416994616877	0.0281609991140229	0.0283568083408076	0.0297277557784411	0.0297128370446061	0.0304148014906583	0.0306234950768441	0.0309971619376875	0.0303558260160734	0.0314961892845056	0.0318520857451843	0.0313323128299939	0.033132144842968	0.033244225783618	0.0336568508265334	0.0339931764369089	0.0342574300491263	0.0344764925531928	0.0341349509838735	0.0353808699362314	0.0343565294078426	0.0364940581190947	0.035921577461338	0.0354893550366818	0.0362570775538299	0.0360086508185143	0.0359395686542643	0.0363179313883508	0.035994904387987	0.0373309503115806	0.0372396036158592	0.0376401752606188	0.0371613881859226	0.0379977840473324	0.0394855912677555	0.0383246767355062	0.0386405259033217	0.0386329109713978	0.0409368323697886	0.040086762174076	0.0422947518324441	0.0426980384901696	0.0428554089007308	0.0441111244070492	0	0	0	0	0	0	0	0	0	0	0.0498762002768813	0.0530747654737152	0.0540436361389161	0.0539825456938622	0.0551996722848564	0.0591171724271647	0.0595965839323219	0.0589426261197101	0.0603844009707841	0.061100990767334	0.061820638337525	0.0617277290044573	0.0665616130758056	0.0684980303091365	0.0750946772585467	0.073495435762596	0.0723280425850472	0.071417290030302	0.0742314249338775	0.0731251601367494	0.0728150160268037	0.0765523005638401	0.0823726731137917	0.07881044113469	0.0795915449621499	0.0823191188906953	0.0843216082350318	0.0916378602973464	0.0884496991970483	0.0865928069204721	0.0882798806175448	0.0989030618721638	0.075844033118898	0.0807507287583345	0.0981885099854884	0.0975476211086712	0.090643068555543
632.559	0	0	0	0	0	0	0	0	0	0	0	0	0	0	0	0	0	0	0	0	0	0	0	0	0	0	0	0	0	0	0	0	0	0	0	0	0	0	0	0.00286294368919332	0.00368801557094765	0.00222191614411124	0.00337017339645494	0.00180136860878612	0.00363221369941626	0.00100835339123648	0.00372975800464227	0.00348498653515837	0.00258265453575733	0.00488622127809133	0.00512320718189203	0.00522492875608705	0.00426812979027419	0.00367687582705939	0.00461972221952435	0.00177364538558282	0.0035210422520327	0.00437992564600832	0.00459369228951613	0.00263762206465884	6.4903736096371E-4	0.00301024219611083	0.00197179215155187	0.00295135478186531	0.00376683868031289	0.00459392514493339	0.00455889486992059	0.00394974086240452	0.0044445480048948	0.00408446740757442	0.00353655929722744	0.00457072251724448	0.00638642486853652	0.00501622080671128	0.00470579615565956	0.00687310022505138	0.00617906001000444	0.00564601424984922	0.00534029590659634	0.00508142887366811	0.00486127080136793	0.00416346696960198	0.00697892755323598	0.00621657666344807	0.00445982738787456	0.00642808827307951	0.00571499233093259	0.00733782850330927	0.00626723001015879	0.00616423850694728	0.00756829945653651	0.00729538201776817	0.00723463552468219	0.00772296533838838	0.00727813017534198	0.00834528661190147	0.00829301625728405	0.00909871425991031	0.00837220134462547	0.00954426637665541	0.00977261618695793	0.00932210124237689	0.00949628528536524	0.00956476005658193	0.0100722842490476	0.0102025086482681	0.0109434245497734	0.0101941798330712	0.0110706020134054	0.0107071877031465	0.0118095915895868	0.0117292563856158	0.0119377398892043	0.0126411512946365	0.0130529676020835	0.0133818305524314	0.0134299753788617	0.0134108609596439	0.0139245229430331	0.0141391455953457	0.0143374348405363	0.0152258723324654	0.0155553180610329	0.0159498245571189	0.0161918652925634	0.0168680232476077	0.0168743421846491	0.0180735998648536	0.0184994287057418	0.0185423072599458	0.0202855277581163	0.0195699896918472	0.0208324937260325	0.020941760086729	0.0211207705529116	0.0216666609719109	0.0213546723633938	0.0217173289386408	0.0231861887167825	0.0228126480856103	0.0245042415094398	0.0244205619474908	0.0245913295649744	0.0246331285174421	0.0254099246944673	0.026010535913494	0.0270425854885509	0.0274356024110765	0.0276647812211918	0.0277306739532085	0.0286792182483755	0.0282599448599915	0.0299169424355308	0.029116680809298	0.0311308719793737	0.030353173881809	0.031342623106561	0.0319597541829723	0.0313564749683443	0.0312966450589274	0.0321366134411374	0.0318959391185241	0.0321299978134609	0.0327586154186709	0.0330541684815292	0.0326312356476243	0.032699274347549	0.0337207980052502	0.0334970209086372	0.0339984665057555	0.0341350380907973	0.0341740127744926	0.0345375999862538	0.0336344066963048	0.0340645537845252	0.034177046636686	0.0355477699727959	0.035112109870408	0.0352980048472704	0.0351169006630086	0.0354486588782219	0.0362571295718351	0.0370597397026266	0.0379210648765625	0.0391165642835412	0.0398273145684954	0.0393964883081779	0	0	0	0	0	0	0	0	0	0	0.045671744608571	0.045342604833317	0.0479195008257033	0.0481642153878846	0.0494146522134326	0.0503665068073767	0.0520754187458216	0.0539461895753362	0.0560154612718793	0.0544577033311849	0.0542093172639306	0.0588641158764337	0.0581537427377291	0.0623391196670531	0.0635522418879393	0.0670090360496602	0.0663380716750496	0.0693476889535009	0.0686986754896131	0.0674734096548786	0.0711406525313205	0.0734411734963349	0.0755177330193871	0.0756506059288727	0.076544999544731	0.0744291102284567	0.0724600737760897	0.0846884520607698	0.0850710638486512	0.0843396940645373	0.0773252156480539	0.0817880733158239	0.0889721596440821	0.0991050517165458	0.0896923362282055	0.09456226275429	0.100583649103311	0.0907044616878455	0.098052302957275
637.28	0	0	0	0	0	0	0	0	0	0	0	0	0	0	0	0	0	0	0	0	0	0	0	0	0	0	0	0	0	0	0	0	0	0	0	0	0	2.09663168821287E-4	-0.0045580019974608	-7.35046938421497E-4	-0.00211734479790534	-0.00170700638514821	-0.00104277581673569	5.19641911636039E-4	-6.41190639378492E-4	-0.00443486360043899	-0.00124991072699378	-7.36929481607935E-4	-0.00175037746483482	-0.00165732375117129	-0.0017366889306414	-3.38529879871983E-4	-3.85077369190724E-4	-0.00166086740746629	-0.00203618614139655	-0.00213971184503906	-9.95961677476191E-4	-0.00127082314779462	-5.7671917519765E-4	5.21936291039496E-4	-9.18436710269852E-5	-5.04314908986754E-4	1.81997213519373E-4	-2.2045453609053E-4	1.17788634520192E-6	8.13518048563718E-4	1.39777624999527E-6	6.22238851238658E-4	8.54855563044306E-4	0.00223456523676677	1.19201836383307E-4	8.06024415040968E-4	8.26789312589455E-4	0.00110633202755935	0.00267672225228749	0.00191651799374657	0.00288300757416786	0.00282524474854156	0.00116885521720444	0.0032458223382282	0.00267297602515115	0.00337045805946708	0.00354342094711266	0.00382213170746724	0.00425319228852524	0.00377957585480042	0.00407736617668063	0.00414543668710281	0.00545499968040834	0.00474893070588612	0.00363355786761069	0.00448875091304195	0.00528849008332978	0.00411164920667891	0.00508392708717794	0.0058117430008029	0.00548058266021563	0.00631421477387431	0.00609440955719878	0.00694575225735818	0.00687492636609321	0.00662396820800032	0.007036468924842	0.00813170042768327	0.00734409880319432	0.00829279715676471	0.00967249523070655	0.00921404751971613	0.00912360004690624	0.0096601136989303	0.00884270919630088	0.0100372502974728	0.0102450084673422	0.0100823266696891	0.0107465331536769	0.0112884819442089	0.0115789982891127	0.0116508215198958	0.0117184442343888	0.0122426178763185	0.0125424068795589	0.0126080761415516	0.0138155887991845	0.0139930467414465	0.0140006499825929	0.0144023782357	0.0148964311954953	0.0158715304368188	0.0145061023736538	0.0163979401152395	0.0165094017227026	0.0160859575881135	0.0183925084760874	0.017822389161005	0.0179758189951211	0.0187378312555814	0.019074288941654	0.019202538194595	0.0196222080675174	0.0206526012759204	0.0212351606618425	0.0215068958123525	0.0208563136073543	0.0223264829719524	0.0226829404988111	0.0217768626157738	0.0231308629686737	0.0233519073211188	0.0244621753803009	0.0246875503119832	0.0244813454676369	0.0243298683614401	0.0249903281541148	0.0254763159206558	0.026391403894499	0.0260157216529579	0.0275062811114987	0.0267090856681035	0.0271250084812294	0.0280876979395636	0.0280265441067777	0.0287845225527665	0.0288541761147333	0.0288409944608179	0.0292506648029458	0.0285636125564375	0.0291437154493279	0.0295652927772684	0.0290131643885136	0.0302786645462522	0.0287286398661478	0.0290224310107804	0.0301718847453449	0.0294657726925431	0.0299314058358041	0.0322093704758244	0.0303301447901105	0.0314048603262457	0.0314402405643958	0.0319249601673872	0.0319080007635362	0.0325013283590629	0.0337516781145585	0.0347145259417878	0.0348449450031972	0.0353245489667452	0	0	0	0	0	0	0	0	0	0	0.0393938159338231	0.0392045185912585	0.0406053578158163	0.0406609068431257	0.0434301100411154	0.0432113799229047	0.0445539189096708	0.0465486331324738	0.0468055127354118	0.0487552179896029	0.0461431390712022	0.048089108867997	0.0500978918730787	0.0535415462043623	0.0540329247759605	0.0571379828622837	0.0583031229236403	0.0590798727113368	0.0592070755201075	0.0578699192418333	0.0594469345936159	0.0586568613827951	0.0598452696575708	0.0579038571973539	0.0613640279595836	0.0607370226072961	0.0632775812899445	0.0668142522458704	0.0669365636627028	0.0637688142658877	0.0633368564909163	0.0664314978377665	0.0634323091390802	0.0632662437865001	0.0604075397805909	0.0715384719140612	0.0659976357421597	0.0561635226733665	0.0793514988228658	0.0770486428045376
642.003	0	0	0	0	0	0	0	0	0	0	0	0	0	0	0	0	0	0	0	0	0	0	0	0	0	0	0	0	0	0	0	0	0	0	-9.00804274262798E-4	-9.56381532600096E-4	-4.3297512660985E-4	0.00126517256282472	-0.0015116556922301	1.35670443458117E-4	-5.34466177500461E-4	0.00404635970634669	0.00217173273921947	0.0011092852777706	-1.07605127970611E-6	-3.83704713954762E-4	0.00252255286547661	0.00210990681940669	-0.00109747346890051	-0.0014345800369005	5.25789469138889E-4	-3.43021480518785E-4	5.50689730741558E-5	0.0015688334275424	0.00100145036924869	8.2264635339554E-4	7.55422592677457E-4	0.00242015909695307	0.00111757703711559	0.00196024750746939	0.00254135998603118	1.38893661817999E-4	-1.7935230232537E-7	0.0021907116845777	0.00197815142621615	0.00211595684251082	0.00305678175669625	0.00221412073477479	0.0026654755387505	0.00370295868158171	0.00291927466598048	0.00266774742117754	0.00341240904597974	0.00130188818236569	0.00273602035139232	0.00218243500590115	0.00325946428558213	0.00158019414502885	0.00346898569299568	0.00307629675884654	0.00334498551484661	0.00409904979865275	0.00472477619324102	0.00625229137046988	0.0042333709379053	0.00468076111134996	0.0052695578632776	0.00596818415014874	0.00587828247439307	0.00455614901269543	0.0046854445967783	0.00615239500218342	0.00636313613756906	0.00620921240217237	0.00661153657051537	0.00614117509311162	0.00674884767607786	0.00617356000865798	0.00670967860317619	0.00705114761648105	0.00780140663092036	0.00796562810763672	0.0065816144366001	0.00799592473154181	0.00684701065764971	0.00840184269308121	0.00836167119639219	0.00903266657355252	0.0093242177599299	0.00880843499327158	0.00917369231551757	0.00985472051882585	0.00985201675972934	0.0105891001529768	0.0102665475855147	0.0106501330468464	0.0114264510555338	0.0110506007560364	0.0107842231718353	0.0118823436029972	0.0123271166968201	0.0121873389952753	0.0126239153469015	0.0126416077972551	0.0126526259979898	0.0130258874806399	0.0138679741285021	0.0145859440910879	0.0150405427521559	0.0145171281117762	0.016696222130613	0.0158284964556705	0.0170030612585468	0.0174324759226656	0.0167941029938834	0.0173732716700162	0.0174547514585753	0.0178062874731834	0.018643546890309	0.0190141805805916	0.0199227710108155	0.0193306929194258	0.0207956762562828	0.0211205897915354	0.0209994098138649	0.0216003302441596	0.0218153655512715	0.0216568115074094	0.0213479223244274	0.0233133449159014	0.0222834195397968	0.0240692851329699	0.0228503106426026	0.0233860655014666	0.0233029101675998	0.0246602881923489	0.0251916925209408	0.0245026759393276	0.0253018084209339	0.025303882045139	0.0258993940917994	0.025658086231641	0.0276848675564605	0.0270644573253023	0.025585815981224	0.0264849456726649	0.0275608209545755	0.0277601329755007	0.0278434834734307	0.0281684233478084	0.02840870979782	0.0273153709128273	0.0280686188222121	0.0276174390049471	0.0282375130770447	0.0284719045167134	0.028828141263617	0.0290433752111947	0.0301138527707617	0.0294870791833899	0.0306347641041796	0.0308983241404816	0.0317095441241701	0.0324063133528438	0.0328368311558681	0	0	0	0	0	0	0	0	0	0	0.0364314461621421	0.0374494219574472	0.0377632272647806	0.0375375814501862	0.0382352960439183	0.0404153460893393	0.0421087630577215	0.0421550174499734	0.0423123325498597	0.042912333617379	0.0454811411397332	0.0461266592696467	0.046764777753347	0.049085321342998	0.0511949374440337	0.0518226374091116	0.05441322824886	0.0522920685631503	0.0560843900675793	0.0542301646259592	0.0564636481363282	0.0606970152215741	0.058002934955417	0.0567511005187518	0.0573314092841062	0.0599927673403883	0.0632908709024139	0.0584400775243572	0.0595628641019688	0.0645187749440167	0.0615589707540054	0.0649645182295587	0.0699974951165718	0.0555054996557469	0.066863765760494	0.0678529272880349	0.0606027137190648	0.0801330602513712	0.0784435271413293	0.0800703238310446	0.0661207221348054
646.728	0	0	0	0	0	0	0	0	0	0	0	0	0	0	0	0	0	0	0	0	0	0	0	0	0	0	0	0	0	0	0	0	0.00190941481093509	0.00536249748997652	0.00288873829550178	0.00544193148512249	0.00320529998234409	0.00398695667294501	0.0022266492236257	0.0015061771987762	7.43316409658291E-4	0.00363059195996106	0.00426912473902885	0.00357262889687186	0.00563757382943295	0.00421319847250781	0.00230162131906708	0.00106899840602792	0.00172736647293558	0.00254415236300053	0.00313922464228882	0.00173394734846085	0.00281531643125146	0.0025214401009942	0.00288437631806177	0.00192816985116856	0.00188804763286889	0.00115118489227939	0.00452965763157864	0.00436116064975391	0.00357770344597238	0.00183042328010494	0.00299725847657009	0.00367068503654986	0.00396398522361321	0.00450819695866356	0.00382988182224291	0.00325982456512305	0.00465549246563384	0.00346791247219545	0.00427837545206258	0.0037620107368095	0.0036128705562657	0.00384316551174226	0.00203218975312565	0.00279342161408708	0.00330338062055652	0.00427942737252919	0.00430048508607479	0.0034863406986407	0.00417976058715371	0.00560520988049399	0.00567242030828772	0.00388044349871678	0.00414271458819869	0.00556309045815973	0.00496950988068252	0.0044324702711305	0.00603851670865633	0.00530728674228923	0.00677025399891862	0.00621099250365064	0.00538366866292409	0.00573463959134896	0.00593904867031616	0.00641200676256494	0.00615463135382544	0.00634687908163279	0.00642936023867851	0.00753238410065069	0.00684404709712344	0.00701553470051576	0.00746150527532036	0.00803427285366222	0.00794223061719114	0.00936076836959866	0.00871276802236887	0.00898175005967387	0.00838540509032519	0.00891466397628462	0.00921401501187453	0.00940714021139506	0.0100522065825984	0.00977773617090029	0.0105124914952351	0.00974618415531079	0.0107622393003447	0.0108146760288592	0.0108382315505871	0.0112913808110581	0.0112116154904002	0.0106782061184725	0.0118637973507758	0.0125192462160788	0.0132571014478917	0.0132525466031653	0.0133589780871387	0.0144980910652257	0.0143907578629668	0.0154661002631792	0.015883466199693	0.015263644693494	0.0158961376418379	0.0163175727260824	0.0167406776634763	0.0169290202926675	0.0171860405186672	0.0172887943816584	0.0180315539348327	0.0183118202538165	0.0186160236675135	0.0185507552648578	0.0204943579715468	0.0207058067420042	0.0194118136500052	0.0202288926851183	0.02228618349539	0.0208885299861737	0.0221603118696521	0.0218833449918588	0.0219648146585664	0.0229937725891119	0.0231220298091518	0.022841220034747	0.0237420389700658	0.0232838062035917	0.0240591364735359	0.0241786374007501	0.0237591662671772	0.02407208878394	0.0245447071799398	0.0248271151060366	0.0248828967068533	0.0249283713844801	0.0263367601838751	0.0248202189401377	0.0243517814012202	0.0258571000259457	0.0262142546202866	0.0266188478832013	0.0258288642444761	0.0265297008446552	0.0255599116991537	0.0268512512419764	0.026414695010996	0.0268915129670602	0.0269279417473022	0.0272168554732302	0.0281285766832129	0.02802791312119	0.028016061933951	0.0294933503016723	0.0309527035744112	0.0301689374059511	0	0	0	0	0	0	0	0	0	0	0.0337786707977089	0.0339435865122633	0.0339580085812693	0.0348035451191415	0.0371734719792375	0.0364368944321955	0.0367634465434454	0.0387145642480902	0.0396543430845203	0.0398345220043733	0.0407489375895259	0.0406606988047042	0.0427774326667523	0.045235066596173	0.0494863074302877	0.0492142160723304	0.0498427456572692	0.0505215711498342	0.0507209191105446	0.0535728498244012	0.055681477858704	0.0504721563502969	0.0554704806826606	0.0539679668464087	0.0567268242581766	0.0557109807836144	0.058389862565585	0.0585729501467234	0.0600235074790586	0.0596312855158596	0.0644260049429529	0.0644437580999424	0.0617690908065048	0.0681471992526451	0.0687439704218322	0.0662441125902868	0.0664349171100377	0.080555078744828	0.0847550462106004	0.107250104234594	0.0591324144905825	0.111947305959882
651.455	0	0	0	0	0	0	0	0	0	0	0	0	0	0	0	0	0	0	0	0	0	0	0	0	0	0	0	0	0	0	0.00300449448877689	0.00250618182788558	5.68947087280196E-4	9.5211109434086E-4	-0.00131911511192747	4.55765393625171E-4	0.00118904055571948	0.00442831561730843	8.51458185067331E-4	-6.28362518503464E-4	-8.27615661033255E-4	0.00116499463957225	6.80505132120117E-4	1.3374642334201E-4	-0.00153822605932117	-2.63688917009235E-4	-0.0011733578123286	8.3371669785928E-4	0.00151092173221023	2.47470841765375E-4	-6.03814185207676E-4	0.00188721749731171	0.0013207868344925	3.35866089257843E-4	0.00114374745100454	-7.43171983038705E-4	0.00156152395216633	-1.01552190034265E-4	0.00130526047047553	0.00232241139999064	7.78169093756964E-4	0.00114837967810953	0.00272616065137724	9.7035830983316E-4	0.00290726751623533	0.00214193343660997	0.00131668796287214	0.0015973739737883	6.78545145031057E-4	0.00145610421152986	0.00309878815448988	0.00247712798100634	0.00141072108395763	0.0018824542613217	0.00335384774855039	0.00332851822933826	0.00155752482271721	0.00294516313234562	0.00243779137188377	0.00444360793784898	0.00318963041957179	0.00387826608377041	0.00424333608432176	0.00364329426426334	0.00342835986502253	0.00501481772545103	0.00369789089683007	0.00480039591253444	0.00435330299883435	0.00351710583781361	0.00528969235839669	0.00338655369208117	0.00561462259471909	0.00579710909908598	0.00525182096364051	0.0053199998396604	0.00510855030669678	0.00539976225611163	0.0061980594026774	0.00643544285033723	0.00725359615804912	0.00647928682174508	0.00706981192528954	0.00699736650456827	0.00617582272023978	0.00671425298773432	0.00748757867313524	0.007405641930362	0.00803521705574708	0.00804459768055883	0.00713169652943116	0.00793526132778218	0.00845992190654081	0.00901599368212432	0.0090620263179645	0.00862008629863041	0.00969749901129889	0.00947845933630044	0.00979567023726702	0.00946452799495649	0.00990330622688005	0.0107802430016417	0.0110883575033461	0.0109369417547267	0.0117707700858396	0.010766037876114	0.0121241174114642	0.0126611118649549	0.012668201968978	0.0124527765756305	0.0129360952965157	0.0137954993960365	0.014315088085881	0.014500313532801	0.0154225423724882	0.0141918745654328	0.015132139278337	0.0150274040275607	0.0157512639151849	0.0171951511788641	0.0172958374077207	0.0176382643248905	0.0173787213355219	0.0169902057607663	0.0187596191461033	0.017999002929169	0.0186880494592249	0.017682540134176	0.0194087101485982	0.018721527981939	0.019380635909401	0.0198903163414423	0.0197255252055963	0.019961588497964	0.0207226876778057	0.0211146059830498	0.0209711584256001	0.0217601574316393	0.021166558822728	0.0215513530058224	0.0226921640341664	0.0222591593392427	0.021428815264066	0.0216056775280204	0.0225995226181566	0.0226449666848275	0.0235936557289676	0.022271569282071	0.0227515387503191	0.0227316398759248	0.023011978252133	0.023859811941904	0.0242536074049006	0.0237254353616826	0.0240517475322216	0.0243715258929075	0.0255192769969927	0.0257769140568009	0.0251684879555467	0.0259049559911885	0.0264757653561883	0.0271903939477087	0.02758717560441	0	0	0	0	0	0	0	0	0	0	0.029753273804587	0.0277525573505892	0.0311704540216093	0.0310451962378644	0.0326318117272044	0.0330278690546702	0.0320711718914272	0.0341109252446182	0.0355828307180066	0.0338412495566055	0.032676011896474	0.0372952165520384	0.0372215252360917	0.0392217321123566	0.0410814869580057	0.0414888185238431	0.0450948417206282	0.044136165642417	0.043699663664161	0.0449448436345242	0.0454496562266793	0.0443739802720446	0.0454519761561215	0.0502211249222445	0.0513997076006118	0.0493220135811599	0.05188456475501	0.0551601974777853	0.0525729831803009	0.0511459583712392	0.0524137115475166	0.0517496469558944	0.0536789792302785	0.0575418591470174	0.0615023670633687	0.0529645704853961	0.0641432336915548	0.0490235416872823	0.0390139404626777	0.0536111382770638	0.0547074049524174	0.0549735072907386	0.0623232487674556
656.183	0	0	0	0	0	0	0	0	0	0	0	0	0	0	0	0	0	0	0	0	0	0	0	0	0	0	0	0.00704938683548046	0.00118214278577788	-3.56871118500173E-4	0.00417929081803211	0.00440518272120235	0.00346077283875074	0.00466558178870586	3.9295077876713E-4	0.00431773947066317	0.00286731499682003	0.00250391563324381	9.36180607687663E-4	-5.66319822245707E-4	7.01765612507137E-4	0.00167013740916363	0.00407014381554473	0.00260127689732341	0.00257611778624466	0.00120662985030556	0.00370368020640657	1.31685112058521E-4	0.00344968507483435	0.00382182194866854	0.00226743572841197	0.00597873017298776	0.00232965807612444	0.00170108749178596	0.0019887023674134	0.00436765367126172	0.00211042144102883	0.00383242120566851	0.00437927348822641	0.00411006906256466	0.00231817029807651	4.85541554638922E-4	0.00453031972349446	0.00248426756118973	0.001521008318951	0.00248944532073442	0.00396139042567342	0.00293427063963584	0.00270861392067968	0.00286943370498636	0.00318340927229857	0.00413339863582836	0.00131169500692143	0.0036631921851819	0.00374663079659288	0.00337686558008805	0.00411436412895649	0.00291577839935775	0.00480174299924183	0.00360747780031935	0.0055493662329685	0.00376918237056434	0.00570571293990129	0.00356779998237686	0.00428250695488725	0.00408761055863719	0.00492995072623103	0.00535760074114457	0.00427484100518571	0.00565227759913429	0.00472201903831954	0.00477104684320123	0.00428448047581519	0.00495049990559424	0.00537664077592746	0.0055415556727982	0.00466142671609317	0.00538422190856381	0.00630857994658863	0.00562068496536606	0.0064302419429925	0.00651036899370301	0.00559700461612496	0.00706089302951722	0.00669298351491557	0.00736263532235234	0.0065299465092838	0.00747908630231665	0.00743008306578896	0.00765991337804707	0.00758458119215247	0.00750387978933578	0.00827251364213798	0.00811973338117002	0.00845582552234478	0.00838541609482938	0.0089782706096203	0.00845571724951887	0.00928429772573645	0.00943920859219812	0.00960239640508208	0.0104548848398326	0.0102115933001727	0.0111835587022777	0.0109195563806809	0.01102130932838	0.0118726911839695	0.0109296330959457	0.0113020078330861	0.0120746141503431	0.0130626465889301	0.0122226542127625	0.0141787182162293	0.013494945489015	0.0144531493462274	0.0149737847695378	0.0149153738664623	0.0146024667314725	0.0140735008503175	0.0152976281565848	0.0155251232808398	0.0163100877825851	0.0160774916931516	0.017461781047506	0.0174093006645469	0.0175594095065228	0.0185115886306995	0.0175541117059102	0.0185883076831792	0.0192099761544804	0.0189274107641124	0.0198596689591288	0.0179223758213912	0.0197275955469318	0.0188809126192747	0.0204898599667432	0.0194994432061237	0.0208081708938755	0.0216276022121301	0.0201117532117502	0.0202700329778851	0.0216421915934464	0.0215083158631191	0.0214053314636203	0.0214744745350243	0.0220523568647384	0.0216396421457225	0.0226841284863763	0.0221125094151631	0.0225205688253152	0.0223064479795559	0.0215437766971676	0.0215542686944721	0.0231225611759928	0.0223714477394923	0.0220282020304326	0.024020414654051	0.0232940511536144	0.0246837842834347	0.0261599027093892	0.0258676172212151	0	0	0	0	0	0	0	0	0	0	0.0280623775917925	0.0276613058931521	0.0289170711624389	0.028892380037327	0.0294837586929212	0.0289311015578134	0.0307715664293474	0.0328960036947428	0.0318451487067448	0.0319587411495556	0.0319872094754685	0.0332887747148556	0.0340771155915844	0.0354299197482414	0.0384300236676232	0.037705705214298	0.0396467052633288	0.0412911874084395	0.0404958489921207	0.0423551911934141	0.0433218409443668	0.0439927288446845	0.0496183794427678	0.0477372109708666	0.0457543389392154	0.0464458347207064	0.0492493707900317	0.0516890814581607	0.0479173055510936	0.0521943347510231	0.0486029241567413	0.0475945714801258	0.0522654588927191	0.0470098705603836	0.0536365742680892	0.0532290147070791	0.0565867758048077	0.0574776481939594	0.0663854310865474	0.0467087683034561	0.0652571828908575	0.0689788994509515	0.0831890822865229	0.0671480694765215	0.111191595674466
660.913	0	0	0	0	0	0	0	0	0	0	0	0	0	0	0	0	0	0	0	0	0	0	0	0	0	-7.49471700331724E-4	0.00167281722882175	-0.0043672477674892	-1.84394217562298E-4	-8.16021762688525E-4	0.00220818504780715	-0.00387093084580318	0.00183612466717328	0.00309992644155223	-0.00103753230441658	-4.70541797397599E-4	-7.6579033109061E-4	2.23034684059011E-4	7.21705271625582E-5	7.91107198091847E-4	-7.06827071207101E-5	-0.00360083954541899	-0.00147219265543981	-9.0374045653998E-4	0.00220195025300596	0.00108830801544776	-6.3113184294734E-7	7.92100843660541E-4	0.00168550048477795	-0.00432475276443539	0.00118174814495566	-0.00176053315935609	-1.1866287734629E-4	0.00224412695398805	1.11978693608858E-4	5.46373232359487E-5	0.00198189272979212	-0.00126174039379899	6.72259185892755E-4	3.05620930374865E-4	-1.31650805300254E-7	0.00133050933077845	-7.74623084163597E-4	0.00104625047187095	9.34635073414002E-4	-4.58982958133643E-4	6.77034450538341E-4	0.00146655738345486	0.0018330228656179	0.00239809687277451	0.00121804555574887	0.00222170622211696	-2.01607752840787E-4	0.0012658638377101	0.002795221918743	0.00304713181775744	0.00261066208037901	0.00241309017751368	0.00190163081033872	0.00204534009793292	0.00204237383188925	0.00321685110207221	0.00271589708209793	0.00306985339808578	0.00274002269732255	0.00248895478402744	0.00335538189590269	0.00312906615073283	0.00371126294808541	0.00314735291889756	0.00310443499748119	0.00327293983584711	0.00466102894440306	0.00216920547003543	0.00327998974828098	0.00375867532187822	0.00434692790734686	0.00452725887029513	0.00355851402115367	0.00449285256045769	0.00582612675977218	0.00516106840393196	0.00540521603020371	0.00517546387637616	0.0065567088757239	0.00571838987478307	0.00616768221841935	0.00677428764427456	0.00664035633734798	0.00583557387485083	0.00666069737096103	0.00745670438731017	0.00663860770378922	0.00734811035404187	0.00694566994186542	0.00721776515772529	0.00776276502193469	0.0077711399935356	0.0083291252498217	0.00896420571100312	0.00856200275096615	0.00871787042997512	0.00876020170463594	0.00906960117685974	0.00943326169847547	0.00968860969381551	0.0103063896005844	0.00949251774436274	0.0107983612170684	0.00977306884331196	0.011711175386473	0.0110197953690196	0.0108093257702297	0.0115955587574542	0.012198196528187	0.0119877784170834	0.0119657348173325	0.0129468994026557	0.0132623461773922	0.0134879342824385	0.0141760905953682	0.0142477864052456	0.0147654570977969	0.0146660987953393	0.0137352552652438	0.0159197381093201	0.015655565251735	0.0161305082179354	0.0150227619303862	0.0158508741305329	0.0157416919853934	0.0164183425863249	0.0161380914695696	0.0160117795426921	0.0174576270057952	0.0177022232721448	0.0174769982202673	0.0173336357436212	0.016926513827552	0.0185807050801604	0.0182160929561509	0.0184008639995273	0.0175857003925629	0.0192304722879455	0.0186270477908323	0.018698571229067	0.0196009376827077	0.0190060816114484	0.0205425362393351	0.019266440650362	0.0197889542290688	0.0190014092859174	0.0191984088721775	0.0196219331581539	0.0205774425591958	0.0209751023129627	0.0197736168099621	0.0217153074395753	0.0221679468819242	0.0230968531219619	0	0	0	0	0	0	0	0	0	0	0.023479424057539	0.0231771158493579	0.0243846837779196	0.0241154015520077	0.0262918261893634	0.0272490156526863	0.0267985863492848	0.0266280618484596	0.0268427986157588	0.027924759592506	0.028778216562316	0.0266745779497597	0.0299270475305945	0.0310852797906267	0.0299945689966369	0.0343732225148876	0.0349823300810283	0.0339020851933699	0.0352917777357027	0.0353781757768285	0.035695376719413	0.0384285363142768	0.0376335434174715	0.0383811921823467	0.0402233911470247	0.0421834730793734	0.0431793888826944	0.0401674710523143	0.0398357466036333	0.0412400048750521	0.0395922659179839	0.0382559127589122	0.0413775446243391	0.0431228021813073	0.0395223371891148	0.0372880654777331	0.0393120425127756	0.0410259509538517	0.0476292142012464	0.0298034023992162	0.0412964530558201	0.0447467143043706	0.0444876318303778	0.033598121745567	0.0079161438173488	0.0479375325549513
665.645	0	0	0	0	0	0	0	0	0	0	0	0	0	0	0	0	0	0	0	0	0	0	0	-0.00233929052385374	8.77673682619762E-4	-3.79421159386624E-4	8.46846892133554E-4	-0.00159823348989142	0.00438960268145101	-0.00211100135237712	-0.00170030685083672	-0.00365759631555908	0.00177759727670952	0.00281099815678984	-5.65096894526446E-4	8.72318035727173E-4	-0.00108685593375625	3.01855409418346E-4	-0.00192352875480121	6.55402408395944E-4	9.36591136021444E-4	0.00193020954946968	-0.00375907177852631	-9.85456247458884E-4	-2.10899787766092E-4	0.00151489335039184	-0.00108820769009977	3.34069358417331E-4	-0.00177365594842414	0.00193207002565692	-1.26205654958082E-4	-0.00208928657068419	0.00209482187321542	-0.00168999024067223	4.5458489897366E-4	5.49267579507203E-5	2.827025040044E-7	-2.65464146941774E-4	-6.28357629700312E-4	-8.2440474637315E-4	0.00192746226608775	0.00234516979058028	4.9375191362735E-5	-9.60046534774244E-5	4.73707734234249E-4	0.00120991509519562	2.28876965416901E-4	0.00193483260246417	0.00190024733272989	0.00264532775014646	0.00152997604524754	0.00116692916165569	0.00134830293910431	7.60871281434535E-4	0.00196598378873757	0.00196844484473103	0.00162507864792445	0.00270385380867249	0.00185420756590272	0.00239166797979945	0.00108907609456799	0.00116909561630564	0.00284783608517198	0.00281298265906825	0.00290105352085633	0.00214700482766354	0.00360994261423966	0.00367134600224112	0.00297829034400799	0.00363822873728211	0.00361334146223235	0.00239850285881479	0.00311224264282944	0.00335820388000132	0.00453824072702544	0.00480051924923022	0.00408606699149075	0.00489341056182937	0.00536879799043457	0.00466261354868607	0.00503453878568335	0.00469512453582801	0.00525371594478762	0.00586278516635915	0.00467344476605556	0.00571742886254088	0.00540189568078773	0.00594740225503244	0.006314433609531	0.00636245089555876	0.00638416508910181	0.00725573781668717	0.00644644687645039	0.00670918656922131	0.00673289752289933	0.00726787451854459	0.00690964119490822	0.00767394606387515	0.00760015975403526	0.0073798477873384	0.00772211856296188	0.00795024524826065	0.00788054290474615	0.00930914688848682	0.00868430008570069	0.00867524477881825	0.00884058705191039	0.009551094234064	0.00971509116855014	0.0104482977317045	0.0104317289283928	0.0103080825688952	0.0111599685879652	0.0109550486485241	0.0107704964433936	0.011431925682626	0.0115219035410945	0.0124329250099968	0.0119530475032387	0.0129888119050394	0.0123178848010742	0.0141100003532515	0.0135439325725775	0.0141672536763818	0.0141058118767662	0.0139016897916887	0.013957045271159	0.0142779465320817	0.0153958166386649	0.0148044789325057	0.01481265935144	0.015240009365461	0.0166846072963968	0.0163635822232052	0.0163971832406175	0.0169933857957333	0.0165247768255825	0.0166654736321868	0.0166533606250053	0.0165982883615263	0.0176756285197245	0.016669685569545	0.0176903964420997	0.0176252246684888	0.0182430512377274	0.0175299581449542	0.0182006628403651	0.0174111625155531	0.0183399476862246	0.0183473249996925	0.0184987656918783	0.0185011544629852	0.0188709879412813	0.0186716605918172	0.0186215966512318	0.0187216999521654	0.0198489631165475	0.0200735334404048	0.0211237484525953	0	0	0	0	0	0	0	0	0	0	0.0223894305196119	0.0215883499916352	0.0209681293168442	0.0232014127373435	0.0221821956888045	0.0238031352359632	0.0240428207245735	0.0253927028417907	0.0254492351482511	0.0231338478578131	0.0252316398380396	0.0251346190152681	0.0250203215141625	0.026747620671257	0.0302196276652798	0.0298323832318235	0.031528393086616	0.0314073116625825	0.0309830135829445	0.0326226503369385	0.0322118617325922	0.0334484052460306	0.0346159392969058	0.0344623466183673	0.0404148185823077	0.0352636722014051	0.0368906583551808	0.0350848001683103	0.0415571989728382	0.0408501702833775	0.0381966686535286	0.0387059897587317	0.0388465313375943	0.0376143947666434	0.0423436721883928	0.0377992849049922	0.044440834546238	0.0398095356444939	0.0400568516432007	0.0426837654298741	0.0271890505599248	0.0535883322213246	0.0396041898898943	0.0558923442004348	0.0240176354790836	0.0369816723433497	0.0180124221037247
670.378	0	0	0	0	0	0	0	0	0	0	0	0	0	0	0	0	0	0	0	0	0.00438167975504033	0.00230875288372694	0.00128163703297796	-0.00307832372775538	0.00324628115259962	9.55359167474498E-4	0.00313339792375867	0.00265689353681615	-5.66222126331535E-4	-0.00407155867168844	0.00234674453309731	0.00237095343053569	6.82880791082561E-4	0.00291461455276881	-5.7205102610774E-4	0.00271818093727029	-5.5050911437544E-4	0.0013729194923566	0.00126777362348667	2.92747523012562E-4	0.00144928782404145	-1.69988430909683E-6	-0.00228938053578607	0.00155911526036292	5.61163058607057E-4	-7.04390045825971E-5	0.0024681636781509	0.0039799532962719	5.30624361873045E-4	0.00298739338810767	0.00203262482939977	6.18826986436335E-4	0.00150953671628223	0.00411449316979624	5.72371341107715E-4	-5.5870637988411E-5	-8.7605706131457E-4	0.00236166918768274	0.00132021108063808	6.2287475430707E-4	0.00158614633922	-0.00130844856096653	0.00217556289008088	0.00223572682257738	0.00143311288987961	1.87530218436677E-4	0.00161456473637715	0.0035854232306665	0.00133739845221274	-3.93887968922135E-4	0.00235879764548801	0.00294074611283896	9.89185063078706E-4	0.00282915799976993	0.00222193886180653	0.00167517939305897	0.00282050110639848	0.00425604886352228	0.00446789331345176	0.00133360110250431	0.0028944261760699	0.0036615933267624	0.00300599801143718	0.00346261506167235	0.00379444015930132	0.00379693195558111	0.00419208097734693	0.00319571350766379	0.00355784379269489	0.00253219099715302	0.00364417968758226	0.00380553755603261	0.0045484749148173	0.0058618928456975	0.00526745662589443	0.00396464809833763	0.00390083765426483	-0.00543345973472527	0.00525155754454324	0.00507052136928019	0.00532452393913196	0.00469339414253928	0.00491718561194452	0.00387964395554664	0.0054735449318038	0.00524982900980119	0.00566693520674231	0.00579540838214243	0.00554430736092685	0.00554927140293884	0.00662160205452011	0.00586143018676076	0.00591825191943014	0.00641797332511074	0.0066574671343765	0.00665026151685036	0.00617015868009792	0.00662180529849199	0.00664700827097327	0.00732521773448073	0.00736810002301319	0.00788119815196418	0.00851498200585038	0.0076414640980553	0.00735565027878778	0.00880319990884826	0.00826461890634424	0.00920431912370589	0.0096126996321431	0.00884887620965554	0.00967174154056513	0.010059168619305	0.0104116500972357	0.0103932108939486	0.0103142151932475	0.0102392210677224	0.0111726825049195	0.0115172609301473	0.0114188137313053	0.0118322566676482	0.0119504595180528	0.0126142018056621	0.0122827870489441	0.0126964654578301	0.0138757553158207	0.0128247302609624	0.0131806853441117	0.0137507234141329	0.0144149092291061	0.013653618832486	0.0136715316016328	0.0146530786958915	0.0143000860988701	0.0158813729252663	0.0152915164759243	0.0156677232183345	0.0166063872173547	0.0156674003066486	0.0162876998514051	0.0157766818898691	0.0152010389375328	0.0160039426149733	0.0167811949074907	0.0161708274007003	0.0169786166418979	0.0167714312659944	0.0166985291499701	0.0175449434433108	0.0167491372916895	0.0172787022989018	0.0168200444151966	0.0177069609899433	0.0176961462689727	0.0162654559874349	0.0177449446695651	0.0190025007159984	0.020003941356156	0.0197573258577115	0	0	0	0	0	0	0	0	0	0	0.020478555713854	0.0195096922769272	0.0210163365471396	0.0202399612907978	0.0216562591041326	0.0219034170575911	0.0218219791293283	0.0228561372569011	0.0219178582411417	0.0242668321229014	0.0239338912141603	0.0238362810938334	0.0241193483069492	0.0265552227268689	0.0262289080566142	0.0283593613239672	0.0295878617336294	0.0304187344113964	0.0282779163811656	0.0318935533549124	0.0308309791223469	0.0302857595371649	0.0318915981061449	0.0327796017224129	0.0339674811276752	0.0338664513933114	0.0361250780249342	0.0364174451531687	0.0346293268047988	0.0371477528863106	0.0350148282671444	0.0355823285476098	0.0389410249336052	0.0399483724731476	0.0380632552876677	0.0389771835721295	0.0402208757689138	0.0424700368722323	0.046437937849846	0.0421254398673823	0.0345442969371518	0.0323602333174833	0.0340628899436459	0.0608196012607306	0.0589044841327785	0.0554693161765556	0.0261154297669251	0.067918407760185
675.113	0	0	0	0	0	0	0	0	0	0	0	0	0	0	0	0	0	0	0.00477333727511247	0.00391382019580825	0.00362807228443388	0.00121971484519183	0.00442259406121906	0.00176028154562079	0.00426875626737541	0.00395586622594718	0.0042156509720821	0.00268114683048321	0.00247098125341178	0.00279827171826056	0.00573996626647039	-2.66904260692699E-4	0.00396356279593879	0.00311112185984067	0.00674994222838059	1.79773472999605E-7	6.30309848000997E-4	4.61633401540774E-4	0.00625167591771431	0.00185302875447865	0.00410662789057708	0.00276404210185213	0.00115526170676909	0.00171825629769001	7.10807681018221E-4	9.11605290678966E-4	0.00214452455106973	0.0034052133566467	0.00347696059484401	0.00124487149256596	0.00358929198323888	0.00156324220765537	0.00517879895788588	0.00213577155306116	0.00196475585323684	0.00112802029070577	0.00436181183947192	0.00325041686155884	0.00404975067854121	0.00414283866252107	0.00227116981916479	0.00203145470694517	0.00159688096228039	0.00303996201694902	0.0057362056703959	0.00175319256793686	0.00391168440955222	4.12544766912878E-4	0.00287860924157231	0.00242835117802837	0.00367848554375488	0.00288340857236937	0.00282815631826685	0.00448615128470353	0.00216265412882362	0.00373206479049954	0.00361562286726513	0.00324137529358667	0.00443416304012481	0.00359232040507609	0.00416706903483141	0.00331089599687398	0.00504324518796088	0.00505767829563618	0.00311553782898211	0.00468627866849421	0.00401360702490094	0.00461071018502707	0.00356057574823144	0.00410559752717018	0.00404159824883117	0.0033188906210625	0.00399962815128313	0.0046274810266095	0.00420664571902504	0.00392476154171689	0.00371339405876384	0.0031683322318591	0.0043296199592621	0.0040983756139129	0.00465091661335481	0.00449818585725024	0.0045146305236279	0.00510463578421368	0.00509286240843579	0.00596929193431128	0.0056090788195984	0.00548707430517913	0.00545064605590219	0.00550767513838487	0.00588699576361425	0.00585514165502163	0.00643608691625741	0.00560545325372198	0.00667297162836482	0.00612724765069153	0.00622617482686773	0.00626374983964481	0.00666241659429896	0.00650474172206133	0.0072933375970007	0.00718621038137723	0.00796024427452317	0.0073778036594542	0.00837262534862405	0.00858169564283806	0.00762495086469487	0.00889643066000474	0.00930044951854183	0.00953295877066058	0.00986214400825353	0.01041288027415	0.00899731544836243	0.00923826998849796	0.0108297879390185	0.0102375047942738	0.00979950057866864	0.0108182119301178	0.0111520576734372	0.0124604527302613	0.0119051857965772	0.0112969379415852	0.012437389421029	0.0132681558887836	0.0128876401918221	0.0119374319526097	0.0130685652122514	0.013335273000503	0.013889588895807	0.0141468522352297	0.0134136539031043	0.0145442770149246	0.0129027487737077	0.0147416672037979	0.0142574519790463	0.0152280525367041	0.0143274093333668	0.015117461680136	0.0143716409197804	0.0148634829473248	0.0147768915607048	0.015050698457812	0.014745402780086	0.0150508784668057	0.0151445474144597	0.015553296048742	0.0148031142168039	0.0153897706383244	0.0161831770445398	0.0155939101749284	0.016973511504743	0.015859580016875	0.0155387466635014	0.0169172579872744	0.0174792295773995	0.0184716460664812	0.0191613977312599	0	0	0	0	0	0	0	0	0	0	0.0183798514801797	0.0187752983235959	0.0183425106284223	0.0200418586224197	0.0219695085979325	0.0203358510893207	0.0207254427828881	0.0219067836703742	0.0217134779217441	0.0218471727644319	0.0217740623876578	0.0230746856674601	0.0226831240054548	0.0227887230603349	0.0238275909458866	0.026468117583921	0.0261740410420536	0.0257054490432741	0.030079991626302	0.0282744298633101	0.0291919466283515	0.0296008260690694	0.032996691847111	0.0311393003798172	0.0316205701921193	0.0340298596925529	0.0322694351817281	0.0309587097733485	0.0355784697038636	0.0330945743632346	0.033321194775466	0.0349003721408664	0.0349771743782638	0.0360737398085793	0.0407499164947034	0.0411964029939974	0.0401406705574864	0.0331957363312627	0.0404763128435714	0.0437885484533446	0.0431591099401459	0.0397688303570179	0.0509209084153215	0.0381487497322051	0.0493926440909817	0.0573201207212315	0.04276191751358	0.0464243376441033	0.0900517250404312
679.85	0	0	0	0	0	0	0	0	0	0	0	0	0	0	0	0	-0.00119655633849294	-0.00261005079609936	-3.52090876570978E-4	-0.00663649364471543	-0.00561828242551331	-0.00403946631727306	6.54978793671027E-4	-0.00209341261132185	-0.00210802485549144	9.76696945647242E-4	-0.00532756211743078	-0.00445346402898578	-0.00249965097167756	-0.00150865348250028	-0.00110500966322389	-7.15725283860191E-4	-0.00287426643210602	-0.00680278910502302	-0.00416198367478038	-3.2566188924605E-4	-0.00254926241314978	-0.00568736669746095	-0.00449331276588872	6.01286500859255E-4	-0.00148343652471497	-0.0031633015244747	-1.45021717382638E-4	-0.00137404325595753	-0.00315312475295192	3.55582728542869E-4	-4.88574495310246E-4	-8.25265468973802E-4	-0.00189089113388997	-6.62113639009598E-4	5.83993706621305E-4	-7.58570937777746E-4	-3.07139708209836E-4	1.80934366111757E-4	0.00134525550495934	-7.9668583397392E-4	5.03530188782722E-4	6.50189005963923E-7	-8.61319260808711E-4	-0.00254481939128692	-3.12721401179389E-4	-6.15846115096049E-4	-0.00131107536827905	-0.00213089848511248	0.00199946205314428	8.62717845822695E-4	7.08781985689591E-4	0.00125189979973066	-2.72377800525514E-4	0.00107265253177506	0.00118410195427521	0.00120254640778949	2.52983203010701E-4	-3.67752680761087E-4	6.92482698554753E-4	0.00242551160233622	0.00214033100649301	8.0367243792644E-4	1.90281611116977E-6	8.82105642948872E-4	6.49360996618313E-4	6.37065770236108E-4	0.0012087295671693	0.00164953070652392	0.00108415455871815	0.00288274675491883	5.95484724694613E-4	0.0012505386823174	0.00193554951046529	0.00194583517186216	0.00110897332376915	0.00258048343325209	0.0012499428178246	0.00239356341157876	0.00250604003035985	0.00189605133138647	0.00265466080966669	0.00357120640788645	0.00366228022918908	0.00393375619003701	0.00337983109148062	0.0040679248779264	0.00320788348019497	0.00339661678143089	0.00331534555351408	0.00379239661353384	0.00399043471082291	0.00429563523585411	0.00444155272704342	0.00457419658801577	0.00380457187834127	0.00438801282819126	0.00402128556975334	0.00460859561830531	0.0049719579973747	0.00492163139505163	0.00521521356902994	0.00528815842722948	0.00495374220308359	0.00552344510903433	0.00566019970447692	0.00537832105766787	0.00622587492896666	0.00616010899279125	0.00656260419577954	0.0062918831797231	0.00671318667979847	0.00732765919519146	0.00627791009491342	0.00660950185860315	0.00778099262946402	0.00810654739458766	0.00847620123373286	0.00839425980117508	0.00864536191193829	0.00801883765354368	0.00860952330165786	0.00875270490575035	0.00869132910333137	0.00984651905294468	0.0100011397973916	0.00979368982158413	0.0111711636418519	0.010053877853918	0.00978645401815928	0.0116792594733836	0.0106527675383158	0.0109169886140658	0.0112473033915981	0.0116460820995257	0.0114938494338625	0.0115442095308462	0.0110616613570067	0.0118031016555665	0.0114737059858369	0.0118663222356412	0.0116860324348401	0.0117845111611445	0.0130928364975869	0.0126253064666284	0.0119347039939392	0.0122496299127276	0.0127578862358412	0.0130973267362141	0.0125668872360052	0.0133119221854294	0.0125042202181475	0.0136938458313065	0.0133988752757122	0.0142393668305121	0.0129372404017717	0.0135567688027075	0.0142674599202719	0.015130666873002	0.0161224656831643	0.0155127530465761	0	0	0	0	0	0	0	0	0	0	0.0154090495525524	0.0159769799034052	0.0174829604000872	0.0166915344148958	0.0168621398206854	0.0164358333662807	0.01676782378566	0.0174039065913144	0.018435850226458	0.0181553457634379	0.0170713830287313	0.0170909665978252	0.0193598466787861	0.018812853260801	0.0189885011930315	0.021163369038341	0.0214935943154346	0.0216405776414641	0.0215182465920522	0.023124251527624	0.0227875960126312	0.0237006120792658	0.023721487501114	0.0251457352438437	0.0254366062335039	0.0262555683444957	0.0257792168627814	0.024458754413838	0.0263820618493827	0.0253914152628863	0.0271461907517254	0.0265927388907623	0.0261626965520979	0.0292556349276022	0.0297582357884328	0.0282161618726611	0.0263474611771631	0.0295616990868581	0.0346401615475611	0.027520495841549	0.0233094193109015	0.02851621036873	0.0305363621148887	0.0251934366098062	0.0181917956917402	0.02681984144977	0.01032719743486	0.030399846737323	-0.0158361079986442	9.21760198235485E-6
684.588	0	0	0	0	0	0	0	0	0	0	0	0	0	-0.00537795000345189	0.00150927052482851	0.0034567178831843	-0.00388853589036945	0.00216765444469759	0.00584779967028315	-5.88537024421745E-4	0.00371924580463524	2.29402767102582E-4	0.00187978812303224	0.00212221678220286	-5.08595619109431E-4	-0.00108755181688365	-0.00549815738493666	0.0016691707050074	0.00117074536893987	4.79670898854753E-4	0.0012152325859767	0.00299898037720808	0.00247469787431183	-0.00413642122272442	0.00557109892789633	-0.0013218502710685	2.2019781907644E-6	0.00458030739627523	0.00293560819233916	0.00174807132849644	0.00413781956544652	-7.43680295933529E-4	-9.60758047470171E-4	0.00132230829513197	0.00116492306342679	-7.90484740056852E-4	0.00163219465157018	2.81600718501228E-4	-2.72047799843325E-4	-2.01398511131049E-4	-3.27260665341329E-4	0.00115434550910724	-5.61519658461606E-4	0.00115598175621796	7.11791940900118E-4	5.85626137130704E-5	3.40801923491503E-4	0.00116791795210658	7.10657576148948E-4	0.00193606892844703	0.00153477906546787	0.00260297256393388	0.00322217991704363	8.04916102034673E-4	0.00153221758814742	0.00135989726010707	0.00181502021248028	0.00380505345195149	8.78407422451334E-4	5.89314624983347E-4	0.00115585939807353	0.0031323899591464	0.00179085229775891	0.00154961887195062	0.00230084945667231	5.26427151566204E-4	0.00236510413589092	0.00251049794842469	0.00336997386406867	0.00252957728858149	0.00182566904017301	0.00392903129811857	0.00429720522668339	0.00211602531957991	0.0043241851112085	0.00288928862495955	0.00155259157812103	0.00364602059515392	0.00304716964438386	0.00347250295911974	0.00264785230501125	0.00489248593477281	0.00324708183692752	0.00318092816711296	0.00367717739659169	0.00246671608963551	0.00218274929498938	0.00329673968048129	0.00412289355714388	0.00353601012336056	0.00342536841339142	0.00372410217543076	0.00377253961151176	0.00336389400444069	0.00404975579794045	0.0040733453986564	0.00470016493942789	0.00453046058538654	0.00437025856205932	0.00457295289094303	0.00473340443660375	0.00387806122690402	0.00521391517285102	0.00522771718886576	0.00501616255931383	0.00492404153637134	0.00523384795627077	0.00534873476191227	0.00531724478821007	0.00579368709346117	0.00573593123143051	0.00504961480374781	0.00714167695937926	0.00580245377654025	0.0058645166068766	0.00646705216872357	0.00704183476906844	0.00710961168766992	0.00685852743618045	0.00714711305361534	0.00773912467013021	0.00807166766462415	0.00753221388323662	0.00800753448655571	0.00785870867468549	0.00779767527260924	0.00860959733335714	0.00836105867358696	0.00888829002637831	0.0096923861290803	0.0101358822931205	0.00951220033347471	0.0104579115303591	0.00996688788189999	0.0101930541195372	0.0108782516531755	0.0100105343353032	0.0102691719852373	0.0109665568356944	0.0114486368596621	0.0100117069826314	0.0115648070909942	0.0116581164556866	0.0116278586123749	0.0104257566685751	0.0112531485536404	0.0113416625280473	0.0124603972443876	0.0126770500691751	0.0114206870043329	0.0111894176178472	0.0123330909008761	0.011727340387269	0.0124018804235641	0.0122323869836689	0.0116450898647712	0.0131133560142297	0.0133009707946185	0.0135204667995966	0.0138159491299087	0.0129338734939595	0.0138592428308306	0.0144408552324938	0.0144031220958748	0	0	0	0	0	0	0	0	0	0	0.0157851075579222	0.015001459965525	0.0144898799389058	0.014984707110573	0.0156530838840167	0.0164932154134913	0.0159224179610114	0.0167696662615547	0.0169116039651548	0.0169477878024744	0.0176553833943733	0.0158722911421137	0.0187830423989248	0.0184289650247897	0.0182575648742012	0.0198033255488976	0.020592976290821	0.020661819550122	0.0203372340984279	0.0226251841990348	0.0219293669380239	0.023142749488537	0.0232739026140369	0.0244459182525643	0.0243419739711913	0.0235748534883552	0.024486170467758	0.0247563586196848	0.0292349813627285	0.0266760107036507	0.0257413195154907	0.0272361848959643	0.0291750077414083	0.0263675428790674	0.026605893625787	0.0277449848938433	0.0298500828710663	0.0257835448678085	0.0327884812299883	0.0331355254441723	0.0346423857286545	0.0299844953231611	0.0273651390295442	0.0342355839846621	0.0372393081578126	0.0405668909411079	0.0342645569492768	0.030528356181337	0.054399440399798	0.0542732587447958	0.0340888858535116	0.0302296515563167
689.328	0	0	0	0	0	0	0	0	0	0	0	-0.00245078634335766	-5.30632953002861E-4	-0.00402218168696449	-0.00750983652629959	1.94600620060956E-6	-0.0039437735674335	-9.75581207021656E-4	-0.00205645468618182	-5.9911713997519E-4	-9.41867458397071E-4	-0.00553254504253557	-0.00324712229095442	-0.00333320169172407	-5.15447544951668E-4	8.01435958655039E-4	-0.00179136044073474	-0.00248648117089425	-0.00523283684971105	-0.00252064974629303	-0.00510940168540401	-0.00184025996522136	-0.00295309995123828	6.97163496929208E-4	-5.12173218133438E-4	-0.00326808851849916	-0.00336007758017378	-0.00384038045156954	-0.0033641139069148	2.30597416364225E-4	-0.00190572139189548	-0.0032495730798786	-0.00277441456680505	-0.0030483999108411	-0.00132738729491421	-0.00138439485897547	-0.00309042347288542	-0.00120495173777085	-0.00291533449207914	-6.11946931122733E-4	-0.00192993481853361	-0.00175335195285053	1.26684930426203E-4	-5.55148267168841E-4	-0.00143986722978353	-0.0025187252545495	-0.00349624624216126	-0.0019134134527649	-0.00160442225154795	-0.00212314515714002	8.57460662859994E-4	-1.58329891387996E-4	3.11126764066687E-4	-0.00351281373447664	-0.0016013919496822	0.00137751413766139	4.36057994376862E-4	-8.55315002790227E-4	0.00158939440171335	0.00119405421761931	7.22220478008024E-4	-0.00123044072771051	0.00125288826063727	-4.21694869945417E-4	8.33607257788378E-4	5.30977176373044E-4	-0.00103630075067479	8.60512000600003E-4	9.97411097045474E-4	6.40937835209475E-4	2.59463607229065E-4	6.2550136961351E-7	0.00191140949565569	9.6862425383783E-4	2.02847092961865E-4	3.29554951423221E-4	0.00134733613834548	0.00153305074305988	0.00174184346810014	8.64938668120989E-4	9.92116572802859E-4	0.00122537907343286	0.00248098525982929	0.00297625177760794	0.00209037311623098	0.00192045709283407	0.00213420979371858	0.00221013007065237	0.00142602594534711	0.00262112196526007	0.00297797134255701	0.00300943173340496	0.00225941276839494	0.00356706807859881	0.00326767711352604	0.00364208371952046	0.00337684623553062	0.00342921566244529	0.00321228999430581	0.00346683642410557	0.00428737589301073	0.00417799965944746	0.0040127413209037	0.00390666102993772	0.00397617868477477	0.00427461403360564	0.00430697465293974	0.00424690995904022	0.00501537026158761	0.00469852028413011	0.00531603874461898	0.00494172215070386	0.00492321547714369	0.00581230962027171	0.00533501926604573	0.00520533894492158	0.00558614382236043	0.00638781561372443	0.00664249163732195	0.00670042066861822	0.00565216997649229	0.00623270711572501	0.00575448477373577	0.00636872851423226	0.0066085576207752	0.00656350339763561	0.0070921524296108	0.0070987643487705	0.00799096392424926	0.00665784856011005	0.00793670851748724	0.00787659390924515	0.00768510338528452	0.00772518666991926	0.00926154306914759	0.00862775283865965	0.00828271779078534	0.00947614031412519	0.00847930642887889	0.00905924166829819	0.00927829905697121	0.00979444095652923	0.00915894299560752	0.00924825677477862	0.00945675212948923	0.010034592883613	0.00949811691097294	0.0102040134268526	0.0103352702440715	0.01034629960934	0.00966636635938048	0.0108138273750108	0.00938122576420548	0.00962365524363656	0.0109001813155993	0.0101912706517487	0.0104705667103602	0.0108695132557187	0.010853693788207	0.011016628050253	0.0113553213482948	0.0126372752703012	0.0124431019131773	0	0	0	0	0	0	0	0	0	0	0.0136731702835562	0.0128735592432045	0.0128103006666323	0.0127676404478448	0.0135744179545273	0.0142363890600863	0.0133787741604355	0.0132685661002596	0.0136987021217011	0.015213963066309	0.0153892376383207	0.0146364237112078	0.014433697544561	0.015311390332137	0.0162373848889024	0.016127785396896	0.0170133247169707	0.0176080710260107	0.0175958010519787	0.0181605762878633	0.0195255730428161	0.0189617522631043	0.0185682576247731	0.0196041271295497	0.021181199666524	0.0218254074818592	0.0196350879309035	0.0224125967838027	0.0219931007334467	0.020946061653909	0.0243644541406165	0.0190717139922412	0.0217407469211049	0.0238704135529216	0.0219647936370413	0.0239805720562971	0.0275303215754081	0.026159816953435	0.0241825853559541	0.0174925521317772	0.0251787915598214	0.0172387435886989	0.022783849457128	0.019745353986009	0.0180190677457148	0.0321190148785984	0.0169582339716275	0.0163801826731925	0.00226759868500507	0.00220950423829185	0.0127160545991445	0.0286629854855858	-0.00826729307460276
694.069	0	0	0	0	0	0	0	0	0.207565948595478	0.0136882250005358	0.00878824193206717	0.00771952805260305	0.00778968081073903	0.0109028325474377	0.00450788546274694	0.008347656896215	0.00398998305895679	0.0104892752240301	0.00538450561672219	0.00448168993768776	0.0050043960730447	0.00349843173191111	0.00748179757908118	0.00195901855250682	0.0045913992534016	0.00456450389594192	0.00120787651494498	0.0046300665747039	0.0015988512258704	0.00313984794086631	0.00392655794443052	0.0066161458942694	0.00543632021103144	0.00512688377568384	0.00545330937134964	0.00110234107379154	0.00448034859279899	0.00534429778137264	0.00340491626413989	0.00187068320593289	0.00416401560086805	0.00497019184140911	0.00167030413012622	0.00368612799890659	0.00246163613599625	0.0039812867964958	0.00567322302332599	0.00415056162553351	0.00140524691950155	0.00502994503651328	0.00222395877274141	0.00512904425943611	0.00153768112005049	0.00480063413676277	0.00255186892798126	0.00515898991833521	0.00185774754693581	0.00324720390360221	0.00380842517481779	0.00358340870946446	0.00282179894453946	0.00234893352900154	0.00445841065424308	0.00288640343096193	0.00415529520790745	0.0034359106302425	0.00352637114774664	0.00284142956254863	0.00236541520821799	0.00292509818836366	0.00395953932892556	0.00361217919248899	0.00214227384688407	0.00145821417440612	0.00378437530886901	0.0039602918448081	0.00343396296226636	0.00277186744808902	0.00372718652674247	0.00289821448785975	0.0038161399702348	0.00384516931428647	0.00279428248161082	0.00419662907131421	0.0027628657805166	0.00449287703579259	0.0025644920043799	0.00234434513620807	0.00451596147528092	0.00356087190893987	0.00174099932514527	0.00302808798816177	0.00361139372157737	0.00453173616869503	0.00349933450510209	0.00415150346245433	0.00372077522028626	0.00498111605710861	0.00363091565226009	0.00389392505723702	0.00232610770323124	0.00440991460824295	0.00369790226000535	0.00340906769602463	0.00456618907432139	0.00331377494585397	0.00437863418615691	0.00471888347161042	0.00409432517750196	0.00417202521432617	0.0037129378656943	0.00495481928315313	0.00472663203379872	0.00411358410187209	0.00488249801507844	0.00431572436886783	0.00537709194873471	0.00461612102769943	0.00494694333355495	0.00434005073138938	0.00515126170629018	0.00593954979049525	0.00567824678346647	0.00586570102856921	0.00524217900102645	0.00627547609408854	0.00689499334037812	0.00585816231508706	0.00694458947353569	0.00665088653506515	0.0067752271257178	0.00730357770821662	0.00716033917656342	0.00736973400081384	0.00781736816146504	0.00815475277065202	0.00725789843164852	0.00768818538560604	0.00823206878572486	0.0083809061943562	0.00795261124335617	0.00913796424579187	0.0100583161263122	0.00882535696663832	0.0100538443354346	0.0093086876530194	0.0103634000644988	0.00922101870364466	0.0100859874588079	0.0093878678232841	0.0105979203699921	0.0103769350278617	0.0103261717334561	0.0101621500431175	0.0100060560772781	0.0103159006752218	0.0114291648137089	0.0103947977426326	0.0108083915949617	0.0107713823070551	0.0101223411128179	0.0110297066030199	0.010939377227066	0.0102413502140838	0.0116749478748553	0.0113653539254553	0.0113981596797746	0.0112886734789792	0.0114559092097943	0.0122115535945679	0.013507929630063	0.0133806868945529	0	0	0	0	0	0	0	0	0	0	0.0124872373699542	0.0136322641029083	0.0127933713043298	0.0138458495282683	0.0141556088988565	0.0138955525460489	0.0148343469951899	0.0138141237435319	0.0152145213457716	0.0148343550794715	0.0164730218709383	0.0170551711263445	0.0161135706977913	0.0154126654078357	0.0171435677769242	0.0176679109185566	0.0171910821923053	0.0202741566875848	0.0194531235111086	0.0177738371648979	0.0190293014595183	0.020948884435163	0.0189879528148085	0.0219156947110811	0.023089601873367	0.0220208634287842	0.0228610061358245	0.0233582918888635	0.0213588014130238	0.0266749446708635	0.0245833232479462	0.0251455255660564	0.0252284692693133	0.0264702737062712	0.0265958853571104	0.0242934045325758	0.0264636385478181	0.0269870130144357	0.0284910432461486	0.0243630779032319	0.0262360932298538	0.0352534225555057	0.0352087263073834	0.0353954154421695	0.0308870848811491	0.0419417413835488	0.0281265683415791	0.0386913539701464	0.0487158653471251	0.0362634014507784	0.061585512279615	0.0417404097286591	0.0448494049551861	0.0745542405940707
698.812	0	0	0	0	0	0	5.71903134782067E-4	-0.00181015116899791	0.00110503681128115	-0.00223338479755528	-9.38334978818319E-8	-5.56163920685406E-4	-6.77794473684405E-4	-0.0014571341704571	-9.08605974645144E-4	2.5382847623718E-4	-0.00226521264466116	0.00361333470811892	-0.00370735650982604	-9.79975780872901E-4	0.0014426091638062	0.00447500474183946	-6.85976961655834E-4	0.00373601789723602	0.00221227389731185	2.05043879230814E-4	-0.00487963542085088	-0.00213330521943622	5.0448407954212E-4	0.00208205835859881	0.00435124307591337	-5.64915721183568E-4	0.00292699176897213	0.00339117858868846	0.0013101915464597	-0.00171143290614096	6.70977941133757E-4	-0.00163479262117101	-4.79662170623079E-4	-2.36324742675819E-4	3.11881378421222E-4	0.00216435538215966	0.00145524370706754	0.00152151750240562	0.00173225087083914	0.00163779142719515	7.34707375048556E-4	0.00144543926859727	7.80371446938353E-4	-6.95090552288595E-4	0.00380973794441041	6.65098337930008E-4	-6.46398460347733E-4	0.00157310621343832	0.00392539726711867	9.58077002154387E-4	0.00199318633543883	9.20042479325506E-4	8.48673762257402E-4	9.46882097829431E-4	0.00136980603295861	1.62054828996324E-4	0.00169451056984774	0.00145781836636018	0.00194567978611399	5.0336771460839E-4	0.00301664455896047	0.00126625791889222	-3.79301874210587E-4	0.00346902600298793	0.00206922417461035	1.36093848004801E-4	0.00383942787188003	-3.45128822037515E-4	0.00220813909403063	0.0030827093353122	0.00175449374921916	0.00111833851465022	0.00231308081447751	0.00284741710178825	0.00294827020157305	0.00303153567763793	0.00115750691236697	0.00222478911087489	0.00165283388365693	0.00201661118310006	0.00140950471394631	0.00236770008214475	0.0018431860024316	0.00155388043930958	0.00333626313394599	0.0018050927380651	0.00338938190177763	9.77728402544679E-4	0.00224587395629128	0.00255291108465352	0.00139295545489222	0.00261762879434069	0.00286245099047808	0.00289946615399902	0.00210904257865927	0.0028456581339085	0.00256773632416662	0.00299358721686648	0.0027028942469371	0.00298946088515122	0.00284985899218473	0.0034857465343895	0.00381039530202786	0.00288961233276221	0.00339125577054081	0.0038710625695124	0.0032951194447941	0.00375081144319931	0.00361827755516009	0.00458874597996264	0.00401571246748675	0.00370710483993068	0.00437785079614187	0.004342816166919	0.00408233036179778	0.0047082270280867	0.00404083882190771	0.00410047148351838	0.00488493564487821	0.00486468882666548	0.00525694512067438	0.00514766664909341	0.00493468971112872	0.00556608948279057	0.00521141816366934	0.00559952566849894	0.0060487017791258	0.00627970148362755	0.00654931994814734	0.00614450460406948	0.00632343489464434	0.00605503879390009	0.00717047009298842	0.00792938962221541	0.00652066980815578	0.00717134527971507	0.00843260873958553	0.00793949439336859	0.00835187503656024	0.00789531559046314	0.00653904706741279	0.00821060676518964	0.00995813809865352	0.00746963356001945	0.00909907616028259	0.00806763225322174	0.00884908882390748	0.00945015052790355	0.0086716887278283	0.00952132208323862	0.00959231352368525	0.00917918867863142	0.00841390245798023	0.00875982357744873	0.00849074932682089	0.0100316582090119	0.00914272028103074	0.00930898799158852	0.00923659998101603	0.00873006508895664	0.00997504497123405	0.010054050655235	0.0100188449403504	0.0108869568546239	0.0112953188612009	0	0	0	0	0	0	0	0	0	0	0.0107438135620914	0.0103719722590265	0.010822931617753	0.0122199827999533	0.0123998208125684	0.011625130019064	0.0128541200854091	0.0124616149405324	0.0121611765264378	0.0127990192255113	0.0137390236252678	0.0149295744223371	0.0132186704996093	0.0123663833941581	0.0142492053280465	0.0141453542267242	0.013745066638399	0.0144285090574826	0.0157225817439492	0.014022185763569	0.0155704662008966	0.0155988033611209	0.0177182901941848	0.0186279000724199	0.0178815021700478	0.0180942815979332	0.0192989272617233	0.0183700936917512	0.0185244631239362	0.0190560811783083	0.0200585160786473	0.0181211975578866	0.0207821893128772	0.0202271036333347	0.0195752760596252	0.0214453178051021	0.0191518424555383	0.0247807636387425	0.0209256847081735	0.0214942206508705	0.0216797470436723	0.0221164938236835	0.0278713117617863	0.0160146728621087	0.0265295865568299	0.0244574633577525	0.024398074686415	0.02683104631194	0.0261376034635898	0.0311200963060895	0.0262145748562331	0.00811984555741444	0.0432248501311041	0.0213130510037569	0.0160755735502906
703.556	0	0	0	0	-0.00586019283298271	-0.00105882844420579	-0.00202953996376935	-0.00211625658784746	-0.00405907478824502	-0.00792125794201274	7.14077424074394E-4	-0.0070525239610189	-5.49645388231945E-4	-0.00981270638579517	-0.00263639363126775	3.86471625440409E-4	-0.00293523407180129	-0.00303033503134282	-0.00676005909525478	-0.00359043170039581	-0.00524224578732533	-0.00298536998377355	-0.00510302763208549	-0.00434228778625937	-0.0050189383940906	-0.00622649998715641	-0.00484295288916262	-0.00133830514410934	-0.00368010849160587	-0.00642554580642938	-0.00362442108851509	-0.0010484872670406	-5.54967014532539E-4	-0.00108408731319092	-0.0031850724122091	-0.00390367658311879	-0.00610998931778388	-0.00455791394500477	-0.00267349274833189	-0.00318865846145371	-0.00528354238207327	-0.00485254081942345	-0.00566897608146073	7.7052359083904E-4	-6.08450905210698E-4	-0.0022633713754529	-0.00371949565515633	-0.00197666204002926	5.76327722208212E-4	-0.00176223849107109	0.00117260962345664	-0.00168054626251499	-0.00432562090377169	-0.0034453636104438	-0.00304546358180541	-0.00272891749250881	-0.00112789192290285	-0.00256383497748828	-4.5851442411546E-4	-9.01770485335058E-4	-0.00199770250455625	-0.00152907555977878	-0.00429054929936969	-5.26427144291301E-4	-0.00274506808248824	-0.00249456796156509	1.03459229674502E-4	-0.00108132429741724	-9.64771932211541E-4	-9.47446921216433E-4	-8.82176382109015E-4	-2.26065035249037E-4	-5.3660140344239E-4	1.32358173114697E-4	-0.00249233321552852	-7.99596929341384E-4	-8.17177267922845E-5	-8.00850930386231E-5	4.02553299032545E-5	-8.17385590696421E-4	-1.90002403515219E-4	-8.96772313409577E-4	0.00238390767880947	7.90107573812406E-4	0.00136214834589309	6.82326259241832E-4	3.66866492389793E-4	8.76933094689017E-4	4.76716553319322E-4	-2.77478678530279E-4	-3.90263165918899E-4	7.68114731573176E-4	3.1859219407047E-4	4.81843175727109E-4	0.00108334019701055	0.00228827362086994	0.00170458088627094	0.00176940034052245	0.00170674182194405	0.00221713274176083	9.72676800457819E-4	3.95820042238416E-4	0.00218738556080704	0.00233289079500866	0.00207542517004968	0.0019871678272748	0.00139492664281967	0.00183073320705477	0.00215496661964684	0.00244932996504621	0.00205669255134341	0.00347220007576762	0.00315893278534574	0.00247135136510534	0.00370460815156568	0.00243292494271139	0.00319184810886142	0.00307185613374228	0.00340484303078527	0.00302224537509685	0.00339132579133641	0.00345388998504921	0.00348202239268694	0.00350742740067525	0.00412781246971419	0.00403545602687651	0.00304056137586416	0.00255530166951627	0.00475359016129302	0.00535116584508692	0.00398449030862936	0.00431152230667497	0.0041879146369707	0.00474846937267792	0.00513407216391998	0.00510986109010049	0.00447764775478364	0.00444963074333975	0.00495892517500927	0.00586189610893866	0.00607347817424041	0.00573009285896038	0.00569289368176776	0.00510313035317266	0.00621232230415184	0.00608928720764045	0.00722901470079319	0.00602126490735042	0.00676414529866664	0.00600829056817894	0.0071179613176938	0.00606900307020675	0.0067873399149211	0.00616048198207996	0.00692082441925219	0.00661282117782405	0.00717848726227277	0.00673064507525943	0.00681935113829852	0.00734917227047922	0.00774230420391504	0.00754708855127706	0.0072775652448691	0.00751924340946838	0.00845255775219672	0.00724874246689661	0.00839157842969999	0.00920836958713455	0.00911144219109793	0.00899158308287668	0	0	0	0	0	0	0	0	0	0	0.00923081722847788	0.00837779119661826	0.0088278010450488	0.00974189669328069	0.00954646723063335	0.00984614817494109	0.0101636144093045	0.0105455318358021	0.0104091793788547	0.00957308588006563	0.00972302644319467	0.0109546823710143	0.0114519905165744	0.0105263327045188	0.0113319645580066	0.0110628904193485	0.0121385269157933	0.0123080164158675	0.0128535954704183	0.0131650074465363	0.0127279041794152	0.0149948324656766	0.0137876548707437	0.0124197745664197	0.0138691178298212	0.0142250083897655	0.0155352486105199	0.0161959285341125	0.015370703776956	0.0175525759358245	0.0148282513663686	0.0167575161308676	0.0122467464668621	0.0146342835241797	0.0160888417635543	0.0150393237075853	0.0155147363960272	0.0140551148431727	0.0164359329242128	0.0162093031110186	0.0217882031966985	0.0145363591789104	0.0162939997623705	0.0221707878085481	0.0173695771835845	0.0175635034760768	0.019009301372151	0.00443829485849041	0.0163733543489688	0.0023902121160988	0.00713549929845352	0.0308724292106324	0.00230056901385012	-0.0119844212257858	-6.61378689998614E-4	-0.00685056018430384
708.302	0	-0.00671873301278617	-0.00446063668995971	0.00220218864348717	-0.00149528857392998	-0.00278014877104807	-0.00428974853222894	-0.00417737918917116	-0.00414034388012443	-0.00201943496896762	-0.00276681617921991	-0.00172739775216058	-0.00462788982570211	0.00589821180275382	-0.00107395040123837	-0.00276902504345964	-0.00507830911665951	-0.00502401934468208	-0.00242795931050267	0.00518788739134133	-0.00298723390067491	0.00292571127100167	2.37439451055816E-4	-0.00715965469895672	5.44847278308342E-4	-0.00148174799956392	-0.00168169137005897	-0.00409912940255835	0.00240082041237012	-0.00665839141452588	-0.00379934351126466	-0.00564223434015935	-0.0033094614527143	-0.00221576302019018	-0.00216898160235688	-0.00141694265125591	-0.00302755915131883	-6.75965098941986E-4	-0.00173620303266121	-5.69006460098412E-4	1.62313601656321E-4	-0.0031935430235819	-4.74714491463781E-4	-0.00306624439337389	-0.00178951988715681	-0.0022332199912763	-0.00106276970571163	-0.00627905051374491	0.00139491795524722	-0.00151089375367061	-0.00267389766114794	-5.49084233720887E-4	6.02062754019464E-4	9.12000900599669E-4	-0.00101451555369645	-8.66024442305217E-4	4.85665141974993E-4	-0.00107046668787309	-0.00152029340852935	-2.29929915441476E-4	-7.92517022611362E-4	-0.00312142020317036	-0.00186040834608536	-6.45066925215251E-4	-3.13905668476687E-4	8.33439085996228E-4	3.61147325120392E-4	0.00176241934039415	2.49145116487018E-4	-0.00125868153050335	4.88012814430162E-5	-7.44654435276273E-4	-5.9324449502411E-4	-8.91002996000818E-5	1.97318205679873E-6	-7.31817398117637E-4	-7.16699992056778E-4	2.91267955269335E-4	8.92944833486421E-4	-0.0014310154646459	0.00183747539894575	3.07347530020686E-4	-6.70878576175973E-4	1.47186802238293E-4	0.00114026204975842	-2.07454648425658E-4	0.00145901043436928	-8.91001836507857E-4	0.00135678024801193	-2.83376941305767E-4	0.00200282861723105	9.34486106612062E-4	0.00138503043567031	0.00176080176389896	0.00195461960799831	0.00150086934539858	0.00100588369277601	0.00130155528152319	0.00197355436073713	0.00210985180578104	8.18491968301876E-4	0.00201804628438608	0.0018303744998725	0.00223288669285807	0.00183069852265933	0.00141402348183466	0.0019649315006394	0.00277509814553797	0.00204071984191174	0.002516214511146	0.00283674965902788	0.00314744431686277	0.00220555217426676	0.00250799598635811	0.00252417360230192	0.00299711028749043	0.00278079098512244	0.00287103768832988	0.0029333315526989	0.00266217332962124	0.00357319592142634	0.00254519318246119	0.00358450201635277	0.00293362938000757	0.00355257122485639	0.00314283197069994	0.00422718012100294	0.00296898995557694	0.00360364682017231	0.00399844151912227	0.00336997229908004	0.00411215483526868	0.00394655580507487	0.00471674877556318	0.00486029634591907	0.00459081057806405	0.00548233431821488	0.00548554648817154	0.00420272114502625	0.00571741827205419	0.00560667358310616	0.00575801660060965	0.00553086530882682	0.00532500347476303	0.00626587467612203	0.0062384379199813	0.00592176213337898	0.00487932985307459	0.00625870024679027	0.00671334424876673	0.00671959587136633	0.00580572688966736	0.00668607186475414	0.00638189822967525	0.00668023732832055	0.00717391081817911	0.00641249079241689	0.0074211746923352	0.00763836277491415	0.0073428926810184	0.00756947637174554	0.00710849974995083	0.00674916344678923	0.00795587120975988	0.00845233631185928	0.00690230188518696	0.00867011886478993	0.00807250617706533	0	0	0	0	0	0	0	0	0	0	0.00933987703059058	0.00972490182579449	0.00923784953113058	0.00891877063896934	0.00898428600031901	0.00892759584285425	0.00949360665895688	0.008134819371811	0.00858592183878985	0.0103299151674834	0.00951558129507835	0.0104502623137168	0.01140602106177	0.00984031958090103	0.00971711556735508	0.0101241893213679	0.0108395666531678	0.0120623558822451	0.0119572390220549	0.0113070992139766	0.0132206728509986	0.0121802263062657	0.0116559254938738	0.0143809270638364	0.0131552800898897	0.0139521407933173	0.0126033321136154	0.0151503207068354	0.0143250380831514	0.0157687185952515	0.0161662914265461	0.0154660190698848	0.017482099761378	0.0162023896573201	0.0173186405397288	0.0141400002497498	0.0166467917944075	0.0174367042931426	0.0149860228495679	0.0170320486567228	0.0180106759853755	0.0173581516087305	0.0174772183196689	0.0142291747433497	0.0192876832902363	0.0124221648349007	0.0172263027717081	0.0166149428033421	0.0107530375972373	0.0133360839802403	0.0148211163596918	0.0127629283469342	0.016621859283579	0.0251150673728634	-0.0144202313583858	0.00224896012823785	-0.0254612439954545	0.0288730210018955
713.049	0.0222022263627345	8.8316685138939E-4	0.0139847432556118	0.0124687721884182	0.0121299236750353	0.00344847128206796	0.00330016229903621	0.00306959519804105	0.00550357247156145	0.0081981347563197	0.00531848883469385	0.00306573022135729	0.00497825042954625	0.010710896859743	0.0019095923380309	0.00817114781640908	0.0112201353287924	0.0125464473669728	0.00544363271553985	0.00846264345310921	0.00542635941772707	0.0044477302891179	0.00744141857266119	0.00530162142412223	0.00519375967283714	0.0099875255963089	0.00437237192246575	0.00405164083744031	0.00709147413176108	0.00841593374677741	0.010140645045581	0.00592220774755647	0.00441309287472559	0.00271485141739346	0.00797042056198291	9.87833095027925E-4	0.00149338722528158	0.00274474626364789	0.00285158054863707	0.00379667631599913	0.0066138434244119	0.00558872438513607	0.003374987314206	0.00271148782648402	0.00347351509305348	0.00234242088886531	0.00600597653195448	0.0022730716688178	0.00327499494105779	0.00744268597277153	0.0044958152340122	0.0029253608228552	0.0037980885603518	0.00488707380205857	0.0038604164873934	0.00357935978062557	0.0038106995747141	0.00223163253948282	0.00296635588485158	0.00227779774788133	0.0047696456579709	0.00327926094152743	0.00427867472733017	0.00464125613836632	0.00322147019491759	0.00500953631569303	0.00254131103617943	0.00306073050308956	0.00415607111000488	0.00348935793883137	0.00467292339521475	0.00320904866718854	0.0041663800000113	0.00467489891633545	0.00449646552866226	0.004412913179048	0.00491948609466496	0.00448486273775994	0.00201530943857373	0.00214044100243866	0.0022978226940565	0.00387819714864161	0.00284556496090938	0.00192665944747946	0.00328683673445858	0.00327726387781363	0.00305821115909897	0.00342200433310734	0.00320991324238616	0.00367458562253609	0.00249984461739163	0.00311409352913353	0.00355567715725817	0.00298531407206214	0.00267125953479467	0.00301541262970795	0.00223163497978841	0.00325625754113184	0.00410782945773021	0.00224223059719886	0.00384485563542063	0.00375537946746384	0.00384838316779899	0.0039944498954404	0.0034175973125066	0.00423556089453899	0.00416934797170867	0.00323619627364562	0.00331926275115802	0.00373298756526148	0.00320005963282114	0.00315826445708755	0.00320663674235854	0.00363985611164175	0.00322862820460353	0.00341034790871512	0.00367275044127089	0.00398008725602006	0.00378221291588877	0.00329978928986079	0.00429532958308615	0.00425496354922832	0.00438809314106685	0.00403472731778744	0.00421418179152257	0.00365849191927121	0.00428602500467928	0.00493967438004119	0.00545719745677317	0.00509710132610131	0.00480518626143012	0.00486506124168202	0.00568165002128601	0.00484817404691155	0.00529145693929561	0.00564489089743676	0.0049278020041425	0.00541385536850951	0.00584778306250524	0.00642228157604248	0.00698937989348444	0.00590561777636782	0.00663988750155552	0.00612638548407738	0.00684986329795609	0.00663120311707008	0.00701460754262281	0.00712092446376949	0.00762578171617255	0.00696131970416903	0.00786619504595476	0.00883055378346595	0.00755718691146568	0.00867719210640746	0.00771727877441081	0.00765900084086076	0.00773688325977418	0.00810994890218374	0.00664270869245048	0.00841929345728773	0.00834722307126666	0.00861010054519715	0.00761976159018391	0.00839909138061299	0.00872490279789012	0.00911426030358498	0.00916153335662195	0	0	0	0	0	0	0	0	0	0	0.0102330934273474	0.00929270267735948	0.00995282057673794	0.00959820442454774	0.0100523066077475	0.0115737193595647	0.0102280673784432	0.0112102669619797	0.0111975790374866	0.0109703109228875	0.0106124096083334	0.012315506408056	0.0115192197649491	0.0108879439763538	0.0107031760394936	0.0113918565014978	0.0117385119258779	0.0139984575439124	0.0135402912219908	0.0141025002315272	0.0138356347165287	0.0144304245405804	0.0149313548940938	0.0138466031552367	0.0137670634152204	0.0145902361811179	0.0169111005048017	0.0170978075962522	0.0160986666079089	0.0167048532231994	0.0183486877704327	0.0174247562481616	0.0193164626194263	0.0193789812641878	0.0192875249887053	0.0195596478859294	0.0200452141264388	0.0207547042818963	0.0202092565250429	0.0182042828983012	0.0177277014511245	0.0188446258334846	0.022470471089229	0.0232148600364868	0.0210311180265377	0.0211768040301065	0.0277371648316581	0.0235134195734607	0.024610124439285	0.0322805391003271	0.0357220715747922	0.0284194782145473	0.0329603614358733	0.0207179617073267	0.037600542840721	0.039226033507461	0.0611939519917863	0.0586546993808044	0.11088425973175
717.797	0.00431300152703269	0.00133799968193068	-2.07493021149428E-4	0.00640504360574854	5.18130248187637E-7	-0.00110980174293117	-0.00121481990651874	-2.9597195252225E-4	-1.48647102625374E-4	0.00459444634492263	-0.00134604890617912	-4.43387428335348E-4	-0.00388739625169761	-0.00183019172308871	-1.3818748167688E-4	-0.00311908902645386	0.00120428951773906	5.30224748493108E-4	0.00157448237751838	0.00155950769875381	2.54869494810474E-4	-0.00550093415959093	0.00352486506109755	-0.00280000538305153	-0.0015660988284711	-0.00543689622011248	-0.00151168888412428	-3.22779923747135E-4	0.00139194338241891	0.00136629585267907	0.0041073143800687	-0.00169806850934149	-6.79436229289524E-4	0.00464529511091412	0.00176300285617568	-0.00109044074315442	-1.77525670505891E-4	0.00112882846576801	0.00254706440926041	0.00175444712190695	0.00107446914655172	-8.26952385646813E-5	-0.00130141203996652	0.00145300833228173	0.00175573104000086	1.57913297766228E-4	0.00101333221874404	-0.00107322324327292	-9.02362358080658E-4	0.0020689808737828	-0.00267246716237373	7.04177385316864E-5	-0.00103003007654903	0.00180572358273604	0.00110668621514541	-1.96689896032367E-7	0.00205254466634033	0.00287305373424814	-4.79970368528677E-4	8.27596049585482E-4	3.49829731519884E-4	-3.99836638745445E-4	3.96462226496721E-4	6.64300817958515E-4	-0.00146340285921792	-5.2794683136199E-5	-7.33568022148846E-4	3.61830082337114E-4	6.07649243309264E-4	-1.82178547464951E-7	0.00229101225237928	0.00148159531111353	0.00126530414432595	0.00170087256188907	-4.49906704597962E-4	7.52788633897066E-4	6.93604022428688E-4	0.00161164177376788	0.00287138342664237	-7.74990320162565E-4	0.00144454018439867	0.00121801758370454	0.00142140051650132	0.00123834226978784	0.00142638776179387	-1.77439162623537E-4	0.00149636103129511	3.41028577227235E-4	0.00159196597343944	-2.26101592458307E-4	0.00170848860347646	9.57926552926895E-4	0.00136138876703303	0.00225138146330781	0.00241380406514288	9.4177986189456E-4	0.00209236747795461	0.00198912147416734	0.00255983297284733	0.00219155263587628	0.00228927364514929	0.00219323959415258	0.00199347859643312	0.00207589980113952	0.00162549709145272	0.00256434887468589	0.00249094322066949	0.00209353018766758	0.00186026745373321	0.0023922808191181	0.00267038875570459	0.00245309317580307	0.00240673623480289	0.00308707950725791	0.00280848228450265	0.00239548526707191	0.00280858636215342	0.00307557697793198	0.00297287419155706	0.00246176674009345	0.00336328522710522	0.00283065917925756	0.00289984979402813	0.00327891491285996	0.00297040020625723	0.0033051041047774	0.00340173794545439	0.00372165447458417	0.00493146075276656	0.00443273192378264	0.00262895644747388	0.00385812516739862	0.00409570773562572	0.00429175099119453	0.0046653866899117	0.00490424767435255	0.00468976320957495	0.00407786265499968	0.00490754502627913	0.00444707779892026	0.00489028401348542	0.00500078357696561	0.00505997013859823	0.00475541720495738	0.00472339143477528	0.00527231742766588	0.00592187141683579	0.00508836632084237	0.00631885278259077	0.00551356312138622	0.00568058154290681	0.0067044225534269	0.00602703950317413	0.00603587393227505	0.00639200964575136	0.00571169367952291	0.00624638746289633	0.00515774270927059	0.00581700580217754	0.00627787950219949	0.00584492547781501	0.00752227009441357	0.00688366914189203	0.00789935046110595	0.00687936023236337	0.00869662251687733	0	0	0	0	0	0	0	0	0	0	0.00804101226316439	0.00717457643032781	0.00763859029483965	0.00844553005184675	0.00855117491085509	0.00815948660207384	0.00927113977183716	0.00891703082066894	0.00900731157726933	0.0109424611984085	0.00857138727432669	0.00855523980885512	0.00979629358513254	0.00886218064017305	0.0105433261845156	0.00949143533498088	0.00885910603954167	0.0102349456951706	0.00951087075506607	0.0100318301781758	0.0108507397771296	0.0113294271828566	0.0126432690043981	0.010407556012846	0.00968637561437	0.0135816429922583	0.0116279128605735	0.0120773314704776	0.0132017366012216	0.012627902858281	0.0134793518955381	0.011985221324814	0.0131878889990893	0.0134838381109715	0.0121913620587745	0.0165007825645156	0.0121316816892027	0.0148856681045323	0.0181087160555406	0.0129504357816489	0.0161673106091493	0.0150002132170317	0.0149673456878661	0.0150940245519944	0.013855264856304	0.0177002011145145	0.0191121935091558	0.01517824452516	0.0226132084178588	0.0185896050044418	0.0168817566173951	0.0146648499311897	0.00747046026159077	0.0237032285596157	0.0156323105920432	0.0306915172691289	0.0296632934918313	0.0418922593704359	0.00989779095967497	0.0287374554509141
722.547	7.59157211834082E-7	-0.00700819549352303	0.00464867445353555	-0.00305977003574543	-0.0032912478903279	-0.00257625316604227	0.0010789657545426	-0.0031559624798927	0.00238193103214108	0.00135335428905375	-0.00227750214530711	-0.00180172972180767	0.00379961291142785	0.0037165919060186	0.00139955256877272	-0.0027578531808503	-0.00325586912791755	0.00228260605100448	-6.66440220857114E-4	-0.00118720788997865	-5.20851043607597E-4	6.35473552704142E-4	0.00148048330587404	0.00189440425430598	-2.27248585499703E-4	-0.00132414585496735	-4.39440413804991E-4	-0.00153481121668681	-0.00152292437797054	0.00437773059841871	-0.00448087432157277	0.00121597330919655	-0.00118311274895922	-7.68895644856148E-4	-0.00282552946939846	-0.00193836955220329	0.00288867994608952	-0.00149778562462755	0.00103386697274596	-0.00466440137084745	9.22307253326047E-4	-7.51509979465658E-4	0.00148484411579798	9.00800336910376E-4	0.00316529603407416	0.00160397528860896	-0.00277012178334321	0.00280461641163661	0.00290450812147998	0.00209863806442369	-0.00110015084649591	-6.44479865861531E-4	8.36160328251709E-4	7.46834345886282E-4	0.00211617617106229	-0.00206529661373232	6.42998440546276E-5	-2.47834988957785E-4	-0.00213270666056783	0.0010804663381106	-0.00100325699466652	-0.0024972890355021	4.57700002727756E-4	8.98255465963954E-4	4.42482752516546E-4	-2.16721419600357E-4	5.36469430380152E-5	8.90646109659117E-4	0.00138963193768524	0.0022214485548488	0.00128555255751595	-0.0018914463716508	-9.49333318810132E-5	1.28023187455662E-7	-0.00164639643689157	0.00251399823962024	4.40160846448383E-4	-8.26693490305927E-7	1.27829366173155E-4	0.00120376401610227	0.00162943275399814	1.59824984323474E-4	-1.95273677437816E-4	2.67275214533221E-4	0.00133595292438581	3.68997340306701E-5	0.00218965469615047	0.001378951097191	0.0010100310870721	0.00187190046412744	3.53480389892693E-4	7.53046256665513E-4	0.00119748713457331	0.00153341809131037	0.00118024007101589	7.23921283924889E-4	0.00141566013831552	9.96441192118122E-4	0.00205691473179241	0.00193322397583771	0.00105914038279645	0.00148417019120581	0.00151198138015845	0.00147068296667999	0.00111417410561193	0.00134473222939317	0.00223631793718618	0.00240000548179943	0.00273217964906718	0.00244590500176623	0.00162708018445011	0.00106495941885218	0.00229856234327776	0.00236844918414751	0.00270835319918542	0.00212189390651074	0.00260883829911681	0.00220081539119993	0.00231488233330191	0.00304613083435682	0.00266301123697953	0.00236244221313834	0.00251414255069902	0.00241928497263995	0.00242262984842389	0.00333309195151689	0.00318721713142292	0.00328106723875228	0.00322520277419638	0.00333319833385329	0.00231773115972555	0.00340974718164921	0.00320350669212628	0.00431158651769735	0.00348627904312001	0.00441569456643801	0.00411131831883986	0.00411738408571857	0.00411064488508853	0.00433126831421167	0.00415126275413892	0.00500699674501694	0.00506351549594446	0.00457887394235681	0.00533022157576966	0.00501304079151341	0.00539933575158923	0.00554180312445346	0.00397252487795646	0.00564916316598488	0.00512292816401163	0.00428542594421369	0.00559349006677932	0.00453318495475534	0.00564333290980603	0.00572395279671793	0.00529207895747668	0.0060522667602142	0.00564503574803137	0.00604702250624998	0.00561136981016541	0.00637847726960518	0.00669189412739845	0.00665970792078531	0.0067581197520701	0	0	0	0	0	0	0	0	0	0	0.00837103200585524	0.00766681165952835	0.00769287341985983	0.00901982613261005	0.00759476017474672	0.00794728097084479	0.00705497142312088	0.00764212762871884	0.0080460911637036	0.00805895742211562	0.00845050409166835	0.00788012317198003	0.00874051321734633	0.00873375297172519	0.00941047882342803	0.00685156433701882	0.0104105553633168	0.00858424741017891	0.0101324064052723	0.00814367786932581	0.0109562512115428	0.0123573731914843	0.0100189842727113	0.0119642903004523	0.00970620747084818	0.0120691984851126	0.0121486698593904	0.0129217684527061	0.0115281630982217	0.0118331063068905	0.0125835514450874	0.0139319160554595	0.0137987632612037	0.0131084015918617	0.0100149493309749	0.0143855891672051	0.0128795488950186	0.0147206052240829	0.0131556886138007	0.0105038623009415	0.015323599788244	0.0130588821178161	0.0141064203026388	0.0159880760170588	0.0090438740521137	0.0136025397774724	0.0165835947479742	0.0184333219474351	0.0101704684592405	0.0226075083026494	0.0136187278723081	0.0193319354196849	0.00992580375766342	0.0129174528765925	0.007915920631403	0.0194815008403762	0.0211897443997825	0.0369019325377182	0.0110717029980111	-0.0035871841292289	0.00820088453199144
727.298	-0.00795544299149859	-0.00435165777287459	-0.00685716920082931	-9.7017062458206E-4	-0.00333564129819525	4.9061809762242E-4	-4.69229813226565E-4	0.00168299624452355	0.00120856273908839	-4.56469443699096E-4	0.00477593064903238	-0.00152038277574676	0.00355875635821655	0.00232266835861795	-0.00497720033094496	-6.97541043626497E-4	-0.0045407610076254	0.0040880452846063	0.00135268119120909	0.00107052397653152	0.00289529228308327	-0.00102923630963473	-0.00187607026086169	8.41856969084675E-4	-4.60576688598987E-4	-0.0016781309593682	0.00177938186522398	0.00222550279416598	0.00143716859539835	8.03615144765976E-7	-0.00390977534897257	-6.16952994376467E-4	6.02321165798183E-4	0.00371184237809139	-0.00372428307070486	9.37070241483597E-4	4.58223238048261E-4	0.00241492564913695	0.00236164809997933	-0.00128999113712814	2.61739398518915E-6	5.07365918108417E-4	-0.00167452075726895	0.00108170104488615	4.98580463228835E-4	-0.00154526495708306	0.00160609575237081	-0.0014226828596607	7.87320252034969E-5	2.29130306169225E-4	0.00171216177879891	9.1416490059397E-7	0.00169734633640334	-9.62962509142232E-4	5.38156173767417E-4	0.00104833939479125	-0.00211220280771504	-0.0015058496740043	-8.6419565770243E-4	-9.72425006646919E-4	-1.78098271892216E-4	0.00224041791941907	0.001276609962927	0.0012521542347827	-2.77172818095588E-4	-5.48454657354408E-4	0.00264921369497913	8.51842471075276E-4	4.18847943671976E-4	0.00194793832042334	-8.0225397800028E-4	5.90998413187623E-4	-5.30549558860025E-4	-2.35549833921649E-4	8.3562125116357E-4	0.00127562796962528	4.46814151876761E-4	0.00209872823776559	8.15126075879488E-4	5.05531803415356E-4	-2.04914332337362E-4	8.09993902073884E-4	3.17419043307921E-4	9.27546474158623E-4	0.00101770817996376	4.7929473733604E-4	0.00164935341911455	8.06013269944754E-4	0.00129807350900791	0.0019326828522125	5.22263111342438E-4	0.00222844107346517	0.00221208325586436	0.00106870856255482	0.00161751980902437	0.00135226196345026	7.18482759740889E-4	0.00129067289349709	0.00219690858952344	4.84348034191517E-4	0.00201772987043547	8.03383211414871E-4	0.00141580615196998	0.00169274387106159	0.0018902813598915	0.00199149870974975	0.00165335907008236	0.00183561500042185	0.00171096198000075	0.00158915965523138	0.00260857549327041	0.00200373697721556	0.00161402133781837	0.00190429551552157	0.00195854351846425	0.0024064126741715	0.00220173192386539	0.00193052738541833	0.00180413308092886	0.00267446201876348	0.0022701881325549	0.00234893223105168	0.00270709988816667	0.00302708731416042	0.00257523494546783	0.00385440028479421	0.00220158049304958	0.00186940664431906	0.00405322207587939	0.00275390020910931	0.00351445004624546	0.00371622214613291	0.00242044856438017	0.00330935140086188	0.00415952845689226	0.00419421824817533	0.0043905846200756	0.00331150452663934	0.00349034779289075	0.00346433309060959	0.00340998367375997	0.00440126795244452	0.00323041671352648	0.0049729554403924	0.0045022920599413	0.0036293638036717	0.0027525601987691	0.00406655351796127	0.0039753818320193	0.00441948539539165	0.00535388746114343	0.00534447786145475	0.00420572670959677	0.00535693229240057	0.00484278154130188	0.00490606510653672	0.00509658267929205	0.00501926109655046	0.00479264653854849	0.00549767544128652	0.00534261048741653	0.00572936764582771	0.00535690272902784	0.00569834441358456	0	0	0	0	0	0	0	0	0	0	0.00661038172801901	0.00619814057799062	0.0065649129656806	0.00692675167449362	0.00756296769506845	0.00768100715877491	0.00727050543177913	0.00776766298269613	0.0074289058011213	0.00698919974883989	0.00869965182336353	0.00757545711557073	0.00885470372094512	0.00909454841012814	0.00842090820689766	0.00876613414142854	0.00747419854022663	0.00920969984588669	0.00809973457521096	0.0086474431305023	0.00996097195496239	0.00971763104901305	0.0104758289385562	0.0104146533241634	0.0105559138789315	0.0109071692585564	0.00923193736271253	0.010338232306594	0.00949570666355976	0.0122194112227452	0.00982277014359236	0.0118089771867927	0.010550279674138	0.0112739736622102	0.01097870811408	0.0122028816935672	0.0114076739415929	0.0164511289427681	0.0139289705450487	0.0122026630339622	0.0150961856962218	0.0142711753600491	0.0138734606609321	0.0160157881292576	0.0110816602840477	0.0156519081204275	0.0106426941845924	0.0130046981467895	0.011813129503732	0.0137557078733695	0.014709939326189	0.00829061148896045	0.0144873505707345	0.00655028141381626	0.0242148940896167	0.00707060341084654	0.0391635117788866	0.0236111499904118	0.0211941370437771	0.0153820824172574	0.0305806071136187	0.0527146704379788
732.051	-0.0125667770726476	0.00419111935808017	-0.00608525181848535	-0.00570673516674838	-0.00391838807592875	1.66005288351351E-4	-0.00174485259671329	-0.00695234278224484	0.00153455648040036	-0.00247522328705252	-0.00265539994654977	0.00185301929479495	0.00165460309416983	-1.45085382160062E-4	-0.00518815938272861	-0.00353820977653101	2.81543581855201E-4	-0.00455794105919009	-0.00465746236793435	-0.00149141283974266	-0.00640193852119176	1.77788630527234E-6	-6.33418293038682E-4	-0.0035321721393717	0.0022201106061152	-3.39759762472236E-4	-0.00270527685359748	-0.00383121462434936	-0.00212383649170024	-0.00241476007151744	-0.0013928230092546	-0.00281579684191075	-9.11296325941077E-4	-0.00118521442525791	9.96818287847001E-5	-0.0011386288407156	1.85571538392898E-4	-0.00326320010446646	-0.00230430328382782	8.732657931441E-4	2.59676786261652E-4	-0.00171016028421256	6.81696210236896E-4	-5.03466363946608E-4	-8.04551839102851E-5	-9.06572001994132E-4	-0.0010576215267206	0.00384791148401314	-0.0018089814780703	-4.62599221634965E-4	-9.04800895772958E-4	-0.0017658210218531	-0.00157683391840657	0.00174763113120712	0.00102230798533701	0.00166062190972402	0.00240778491448313	5.12604281418061E-4	-2.48415282163466E-4	0.00154422185625985	0.00176326879289445	0.00340794655321577	0.0012344788502363	1.73872263880133E-4	5.82334609981071E-5	2.24036881560068E-4	3.30040451746677E-4	-1.06586384332287E-4	5.83828583558173E-4	-6.2330641784548E-4	-0.0017798596963801	-0.00179623357409609	8.81219100412242E-4	7.68667858552631E-4	-4.50415718515582E-5	6.47677864431771E-4	-0.00158275476004805	-4.41301271690028E-4	3.04551055749808E-4	-0.0018344376030944	8.51214008532074E-5	3.29679447681644E-4	2.01871220768113E-4	0.00109827894870222	0.00103221829315625	4.85713858191835E-4	5.10280964609493E-4	0.00134879572760871	9.36645156040569E-4	4.73615966469064E-4	8.59657442882819E-4	0.00135696018234893	0.00183273215000746	-8.03480359766606E-4	5.4797910151267E-4	0.00143124733207882	4.08746674446875E-4	9.96564063216879E-4	0.00189440207252032	4.91069000998149E-4	8.77457734806865E-4	7.63840080816429E-4	5.98232325514738E-4	0.00117485158142294	6.62669105146592E-4	0.00109896345750144	0.00232240993908467	0.0011126908517309	0.00173562733570934	0.00110496638594044	0.00102667579732058	6.18797039701402E-4	0.00102522197835556	0.00141145869952117	0.00174660172483762	0.00214658733501814	0.00206701097756194	0.00190913866634242	0.00186987620445933	0.0026414443859963	0.00195513469717506	0.00243200552250762	0.00228643050087832	0.00262050127097546	0.00327856954656136	0.00213502692212588	0.00368934226101458	0.00140999303557035	0.00270012970409531	0.00242555897429406	0.00250501351159827	0.00237086510351713	0.00219791367267013	0.00285096799810214	0.00196308258020371	0.00298546729067884	0.00365198444657134	0.00338136608887232	0.00259851587141701	0.00252422265287831	0.00370718850180587	0.00389423047794262	0.00322740419099904	0.00332952084909776	0.00475020068934493	0.0035742274138908	0.00481718488497506	0.00315585156757748	0.0039221068661694	0.0039662979501003	0.00423859243255772	0.00422819105068569	0.00477956532380023	0.0047671535342987	0.0038634545042373	0.00411314871541593	0.00401506440707236	0.00385548486824656	0.00600315161610793	0.00493046899408943	0.0056321203982368	0.00637549281454167	0	0	0	0	0	0	0	0	0	0	0.00548240819206992	0.00558149806487299	0.00446204310184821	0.00536581787804857	0.00577714529318964	0.0066276223790916	0.00629775369169441	0.00625659664310618	0.0063036846411824	0.00723452095661884	0.00662505412816772	0.0065198867217976	0.00653888753439461	0.00760171216531056	0.00650370674885294	0.00714181899586607	0.00863045295710775	0.00767336835578006	0.00786222737166988	0.00771514229153213	0.00785791877956122	0.00741394271235912	0.00983300524872285	0.00940668671755404	0.00949208214818927	0.00867569605503742	0.00899068002809674	0.0107941070736779	0.00928449974348959	0.0115549373655074	0.00843816298943509	0.00903071206870812	0.0117148684529429	0.00867941790815882	0.00901127478439511	0.00970072165176937	0.00947094883660274	0.00993958560760301	0.00898517743967994	0.0121545897455697	0.010341550784079	0.0140010226250303	0.010807877193982	0.0128378314958864	0.0139819508873035	0.0134571039178903	0.0092985709338973	0.0108389026554878	0.0162506543780055	0.0182299319986654	0.016686939095438	0.0125264872937388	0.0129672121709722	0.0110114099227777	0.00249170405575669	0.0122572805898008	0.0109812489002909	0.0205252546504304	0.0267243159612413	0.0333473206670097	0.00500866064433506	0.00961648956111886	0.0103492822854456	-0.00561948600796515
736.804	0.00479763054200164	0.00447255833276201	0.00264065246030451	-0.00537509341022928	-1.79503030945422E-4	-0.0050298545035409	4.8130338131387E-4	0.00704120951702645	-7.73581115072741E-4	0.00109673242739996	-0.00474115797365646	0.00656081031404661	-0.00167333916916933	2.07414296007555E-6	4.38401161717347E-4	8.59673173611656E-4	-0.00211850900403253	-1.3852702825683E-4	-0.00138630653812079	0.00480081593405587	0.00216036112084997	-0.00383157579449144	0.00244057483885165	-1.23100958534901E-4	0.00165507411333951	0.00160926789222113	0.00376454740779076	8.00564748915322E-4	2.28346822271855E-4	0.00311472528364732	-0.00444615450617566	-0.00105389777201124	-0.00420665049633	3.9993731111643E-4	0.00117683267951849	0.00153801113971423	-0.00366289092108009	-0.00109999997708694	0.00170362557730722	-0.00158711393216481	0.00288351753206812	0.00251372031048008	0.00129016419692092	-0.00213091256801059	-4.21800380343504E-4	0.00325759937538135	-0.00140071088709626	2.43962912755028E-4	0.00119539864890812	0.00296717684174877	0.00374002797660463	5.96902406483642E-4	-0.00145032792586807	0.0014146266943787	-3.42600457064028E-4	-1.32056146815209E-4	9.8816983822095E-4	-9.65235820426698E-4	-0.0020928086752218	2.49893440929672E-4	-7.37407135422083E-4	0.00133020362903053	5.96067667681445E-4	7.58857450986964E-4	0.00206710756965528	8.33334094876822E-7	-8.3134369827475E-4	0.00169110638153576	-0.00107037041710521	0.00136654511733607	-3.60319111651529E-4	-8.57163743343299E-4	-4.93832434359439E-5	-4.84630225810625E-4	0.00252538283186919	0.00154236211269112	0.00183092336601002	0.00130052827443624	-1.31580442978777E-4	3.89590100332574E-4	0.00152745315020776	0.00265518743990159	6.90701044663445E-4	0.00142679891530237	0.00112098911406073	8.29221690006707E-4	0.0018022992206734	0.00154403508265177	6.66288720212706E-4	0.0015043668819822	0.00197199796935877	2.29154513470096E-4	4.16199834292993E-4	0.00256787423463093	-2.14455513110356E-4	0.00199022569151376	7.66634842675375E-4	0.00236091477835067	0.00132468340660752	0.00297770156558853	9.14367341544437E-4	7.21371268447038E-4	1.93501604773903E-4	7.54377181227416E-4	8.47738081212653E-4	8.44831992260346E-4	9.57178683854658E-4	0.00188422602293538	0.00175591664475687	0.0014474767374335	0.00214885674565933	0.00107275050277952	0.0020749224649014	0.00198429154318591	0.00188873155985845	0.00192351991188013	0.00174269669652698	0.00173102939088932	0.00231670938742471	0.00224430718965545	0.00229792334538411	0.00197817617080513	0.00232926978453417	0.00157294953741327	0.00208594992842427	0.00211708800786825	0.00159120165186921	0.00123059862581905	0.00150383027147382	0.00285047942018227	0.00209636198303085	0.00242252232255013	0.0022946291805433	0.00337264232907598	0.00369764967643495	0.00277204634120739	0.00288407659349427	0.00296433307357098	0.0030930054663737	0.00379298526744914	0.00274439184114463	0.00357976134964956	0.00374011122053974	0.00313423026213946	0.00411549633169712	0.00285459232512567	0.00368291189711251	0.00355676545408403	0.00511253628712098	0.00335337228350612	0.00332341679441352	0.00448721648850247	0.00415938131277342	0.00422663378074461	0.00292507892248413	0.00362173058903347	0.00413841210422112	0.00510045740531201	0.00395902577441341	0.00491542138301419	0.0054586523427168	0	0	0	0	0	0	0	0	0	0	0.00611859182576332	-0.0108349974038105	0.00511680105899242	0.00581109479132798	0.00554534864029602	0.00568049888943492	0.00604172106492637	0.006347732551241	0.00582054539524024	0.00635276763005726	0.00661734370141743	0.00601194860659663	0.00638687179542156	0.00683048381070142	0.00852067216465278	0.00737746015757781	0.00766501248877001	0.00804206988831545	0.00736277302864951	0.00808107012682539	0.00812856244809759	0.00870544636325867	0.00890733194726169	0.00858085404162548	0.00797710734779625	0.00734589133478609	0.00811635141336166	0.00985090337841591	0.0103376207573242	0.00883130049598706	0.00894476880541043	0.0102615613359796	0.0103444717930854	0.0100318606756814	0.00730956571336982	0.0102042457327091	0.0133232903679695	0.0105104733590892	0.00943768511176245	0.0113137024122405	0.0091722311319843	0.0159140059036814	0.00837425178086378	0.0108517845452618	0.0125522355221524	0.0128603318630026	0.0140042350138802	0.0132325476239031	0.0116309904488637	0.0130817795924926	0.00941743473044204	0.01457415554198	0.0157210578307993	0.00988587856168067	0.0186323064399882	0.00823695024463758	0.0162732434360265	0.00877176632784796	0.0125250323402473	0.00601906771978193	0.0172991514164606	0.0202211133648808	0.00911127107849428	0.0201771563593295	0.011395569454478
741.559	0.0117119696724244	0.0023933300557697	-0.00335632141107785	-0.0113349442996726	0.00201704725135799	0.00272763013113798	0.0096260753288949	0.00604310152430392	7.87875600352921E-4	-0.00684728647120883	-0.00610471286816788	0.00206509914723823	0.00216565381313435	6.04747217311221E-4	-4.42943695455822E-4	-0.002915359022734	-0.00143425055802548	0.00554351659724199	0.00606055495518978	0.00278886985778277	0.00247107817997499	0.0030879795750093	-0.00443953643838767	-0.00614198153278537	-6.00887724079459E-4	0.00128586576076863	0.00266883643010256	-3.48675325661437E-4	0.00241762738779812	-0.0230420328927063	-0.00231608885163422	0.00525949941716778	0.00292192592221499	0.00254814001374734	0.0037865046728343	-0.00165929476139017	0.00143133741609296	0.00233311472439728	0.00127571598045426	5.38303585811673E-4	-0.00337524470418017	3.52445759602416E-4	-7.87538698947512E-4	0.00164735573378056	-0.00274982643620007	0.00203822771974026	0.00109118979332786	-8.28629948396147E-5	2.42670577058409E-4	0.00373061079595508	4.66480207047096E-4	0.00393873447073304	9.51370941020924E-7	7.33798903201625E-5	0.00203023393451044	0.00157199208774659	0.00267397929235895	5.25331563657862E-4	1.94315930277709E-4	0.00139723471277621	0.0024373736142341	9.83768505483495E-4	0.00102753499692625	6.52963657288949E-4	0.00116795667348931	5.73583054311164E-4	-5.63251571425734E-4	0.00249653873876677	0.00108943573051606	0.00315325655041265	0.00146647147795667	0.00112931642060374	-7.54990653164287E-4	3.94624091929136E-4	9.6877692654791E-4	0.00232793676719652	8.83060213925664E-4	0.00136742552090815	0.00165436910303897	-0.00135956826000426	0.00116413018096205	0.00387999802993154	5.77654550775302E-4	0.00177252595087505	6.29361347873168E-4	8.05795631589848E-4	0.00194464000500874	0.00113064603624593	9.97938750709354E-4	7.30088957059005E-4	0.00132577756245994	2.99162513207337E-4	0.00117004845929814	0.00162357664506338	0.00190572350942546	0.00174690470727718	0.00137897051973922	8.48715984880303E-4	0.00183280309660435	5.60745896208691E-4	5.19715386398167E-4	8.90339435896258E-4	0.00160039158763043	5.3455473021464E-4	7.4817648218229E-4	0.0027103472721179	9.95102105636936E-4	0.00172800302960793	5.62516464421699E-4	0.00184397435122379	0.00199925431048104	0.00170853040519295	0.00188845160725359	0.00178822488526008	0.00207109493062455	0.00235891736018622	0.00196679306293566	0.00122864663818593	0.00197601247879297	0.00236836857556708	0.00165114578027291	0.00250004015089917	0.00240488395553914	0.00125198300511704	0.00159615673073374	0.00131292663922335	0.00220219437399897	0.00165032442474728	0.00252204861240275	0.00264590689061923	0.00262611679418286	0.00299922698061734	0.00269317931906576	0.00349944744211166	0.00297033919448926	0.0030927256761778	0.00334347293528472	0.00352366747453639	0.00345209249164345	0.0033957620390083	0.0035804109621888	0.0039561110687476	0.0035985107767278	0.00365945614373217	0.00342846715564257	0.00301223640641467	0.00335012085895002	0.0042141204834772	0.00377836032976315	0.00329723412621225	0.00465924878881857	0.00432185445368448	0.00502118899239427	0.00432332490924849	0.00442038012628077	0.00376032742940937	0.0051366743246938	0.00442307970436216	0.00487489287137918	0.00482521781566365	0	0	0	0	0	0	0	0	0	0	0.00550637627321818	0.00519185469063701	0.0043990777214877	0.00564758496923272	0.00586132206323925	0.00632521213002603	0.00615764365421629	0.00585382174784297	0.00655125860727363	0.00739746408808559	0.00703459304752081	0.00558111837908737	0.00629417194034986	0.00625409120682103	0.0066715033616417	0.00646925816372353	0.00747177866508291	0.00764495695853925	0.00787167877734245	0.00786166698564866	0.00747789821382977	0.0089859211384835	0.00728211888019812	0.00752407692453819	0.00841164396361443	0.00853717918612019	0.00754140101386009	0.01023107786852	0.0101306566589409	0.00908792302755996	0.00979503788805852	0.0091785632174762	0.00986316722026318	0.00987994312379407	0.011432058757185	0.00788110932937663	0.0086371367123218	0.0103128309648001	0.0115123806195106	0.0121665123919498	0.0114363153586027	0.0117249078585066	0.0104870236291115	0.0116170743647051	0.00943307335055683	0.0107241505642409	0.0118608795303605	0.00840408535759527	0.00903920403966372	0.0125010771731041	0.00866326921272947	0.0203438878852169	0.0178983718375806	0.00750234052464032	0.0169873500577316	0.00844435733503952	0.0183703220551933	0.0238983781984011	0.0193192088397467	0.0154131362602201	0.0179473009401744	0.0255036488253788	0.0138871916447924	0.0154144152595002	0.0326638067270887	0.0492041495521075
746.315	0.00298368650816546	-0.00341617416519704	-0.00182618134071537	0.0074327967371873	0.00728903020598433	-8.69213040880908E-4	8.3199802146999E-4	-0.00227006082488758	0.00594537210430797	0.00487173542964516	0.00835775644401977	0.00647862819522343	0.00394461687996483	0.00246895206064689	0.0098420471019935	0.00713288492375553	0.00219434445000732	0.00594233731835853	0.0054640884646498	0.0058324244326945	0.00504065209064569	0.00150750899733322	3.98427124739004E-4	-0.00255751096943249	-0.00441359099481585	0.00440801533867355	0.00248444271079616	0.00366487504647096	-5.86749670425439E-4	0.00299822645244617	0.00371397321095345	0.00262877960247623	0.00180798821779822	-4.14031185093003E-4	0.00416800990481915	0.00308871187151839	3.88973935823187E-4	0.00199901876333088	0.00111647829985043	0.00238049799019098	0.00497996823189771	8.08097145306636E-4	0.0057049449779827	0.00512715229851721	-1.76120485689396E-4	0.00485066887844549	-8.54188696305881E-4	0.0036176243917076	0.00404814644003458	0.00259109935533691	0.00356255311700131	0.00355531844802993	0.00331141335977799	0.00278582651850487	0.00114251361562887	7.66967023245571E-4	0.00259077571985455	-1.98872084519821E-4	0.0014478717943817	0.00148977460648791	0.0052267876325138	8.77825659374419E-4	0.00271217000157748	0.00169546749806889	0.00113161963776423	0.00111181601333106	0.00103504819464731	-3.94975190570038E-4	0.00211171209429497	8.73257307107683E-4	-6.4078039417159E-4	0.00130900239461706	0.00267061653717893	0.00276932114625698	0.00177928264883753	0.00130836974536965	9.01885473203923E-4	0.00167441263950371	0.0017326381322927	0.00116362643663049	3.52544178572938E-4	0.00258072622918742	0.00206261085524018	0.00250587248186695	9.21860071340674E-4	0.00128940212871395	6.10358499497238E-4	0.00219542977275422	0.00174433752255764	3.54817648433916E-4	0.00145560862940395	0.00121860766831937	0.00205480887928775	0.00162354592983533	9.24246935140554E-4	0.00118829098423697	0.0012229499066838	0.00107512915541331	0.00224909006502792	0.00108666552667827	9.4807444165636E-4	0.00178916580738897	0.0020593416291392	0.0019431683139568	0.00182664044697305	0.00124413767406996	0.00112823167852445	0.00135971507038913	0.00194027460191858	0.00112101935885533	0.00277554223229064	8.90003495795758E-4	0.00253385551893001	0.00236982646844144	0.00215470696338323	0.00194337428334737	0.00183136519702	0.00196293909304425	0.00189138348233585	0.00171915334998142	0.0016205602987371	0.00118930205019458	0.00215543365154149	0.00241451211969425	0.00275994579102363	0.00245650384809741	0.00303424729037082	0.00249753083449323	0.00272836669471713	0.0026475707661841	0.00328453494047424	0.00268620580043274	0.00237907604304531	0.00301491452496787	0.00260381762249239	0.0023606012059425	0.00240628273175273	0.00276639538875879	0.00318307625435952	0.00353771580983655	0.00336738528782939	0.00376118250608457	0.00322779181907286	0.00367949412414264	0.00368942852642811	0.00315643514876741	0.00335977419695806	0.00397898022728853	0.00370937283266044	0.00407567093965098	0.00414093119965184	0.00345607894485543	0.00366727754194885	0.00449069131236509	0.00477707858475793	0.00500762640361915	0.00595043788607038	0.00477110710852387	0.00451358278990808	0	0	0	0	0	0	0	0	0	0	0.00438322547269992	0.00396759919500493	0.00484253340914936	0.0048690004447717	0.00382453326663581	0.00518649078840562	0.00625891412277451	0.00584285472608122	0.00641337999718389	0.00596209093072457	0.00586048375696364	0.00533709752929126	0.00514697305369354	0.00642029176941111	0.00705806012018652	0.00780898502477777	0.007373470810847	0.00744421917664115	0.00722188361339599	0.00781183357906135	0.00830669095364463	0.00772622210266005	0.0069581284056789	0.0091664347400018	0.00923767009429634	0.00861583761825159	0.00725713717192385	0.00825007732868028	0.00948388847947811	0.00857222496514135	0.00931032321371953	0.0102410686554907	0.010354702661831	0.0100160030695307	0.0100306348475484	0.00967700486050672	0.0095147817334427	0.00918616667603574	0.0122250926086165	0.0112611707613642	0.0103629245585356	0.0112583344207082	0.0114556458188732	0.010391818416375	0.0125801761750074	0.0102240414652561	0.0152786190387187	0.0133387067199157	0.012405848922634	0.00911310036739607	0.0149347944935239	0.0179171387119162	0.0131566419039582	0.00793327722996305	0.0146387314068547	0.0191923597838685	0.0287728262464622	0.0161302399686176	0.0136636652954484	0.0154616991500183	0.00615310727795082	0.0323168234861193	0.0336331450213779	0.00839559676668433	0.0571887599765761	0.0286752611413682	0.0767595553477558
751.073	0.00379334050411433	0.00173929573822212	0.0138994649563144	0.00796442597074073	-1.89139762131733E-4	0.00688427095696856	0.00456146332549714	0.00230522702722285	0.00326107833385998	0.00560791975008138	0.00682600645532954	-6.57612233996056E-4	-4.80310175145267E-4	0.00329094418049381	0.00276611470687018	7.51486013107549E-4	0.00252639746583329	0.00176760167970264	0.00467029837092833	-5.76328443224545E-4	-0.00113673592526207	0.00153142101885307	0.00121735958403601	2.59638007245763E-4	0.00808984717812533	0.00701679857544721	0.00384405283998476	-4.78529901858585E-4	0.00298159042164737	0.00983257518839812	0.0011426141288189	0.00488908938724747	-8.62776965599998E-4	-2.99332278463443E-7	0.00257829988238512	4.04681517659984E-4	0.00148320283473418	6.76234338151149E-4	9.45524554436377E-4	0.00232381889292251	-8.27221974576404E-4	0.00319370095547776	8.97769521264607E-5	0.0013480973463129	0.00106785287452567	0.00430928417323146	0.00321000352224088	-0.00170473273051128	8.38619059657244E-4	0.00156311359218389	8.0470612349295E-4	-7.03599027998898E-4	0.00122330880198035	0.00126613924063782	-2.88671763126819E-4	-9.16095533486308E-4	-0.00124463032618756	0.00319294720898759	-8.68815331378965E-4	-5.26523781498606E-4	6.47541999784696E-4	-5.09651560910475E-4	7.51168367854207E-4	-7.37144639355698E-4	0.00308260013297256	4.75452310371738E-4	0.00198513602885624	0.00304468713498615	4.51291092878987E-4	0.00105218349187403	0.00173569699497381	5.84859990695046E-4	0.00302413219248023	0.00117614480252738	0.00220636081786222	0.00255874707293641	0.00168664113685206	0.00320905014191004	0.00175979078199375	0.00150075360372333	0.00151768978181702	4.39496213789511E-5	0.00123938415417872	0.00100159661138262	0.00203468637641834	2.38950515106797E-4	0.00205219183076493	0.00173726542219467	0.00147487827761368	0.00111568895426264	0.00165343787914074	0.00223490232369918	3.03294744491251E-4	0.00108723327674707	-3.55552045633142E-4	0.00111096255929919	5.27713891445602E-4	0.00148563207627411	0.00133474536156258	0.00130631226424919	5.10177553305513E-4	0.00151830033146745	9.17683757950434E-4	0.00192472913499001	0.00166643906708262	0.00147333923792154	0.00130560868219138	0.00189753720390408	0.00106507970458968	0.00281559797045477	0.00157201740051564	0.00176924535980631	0.00221985303323393	0.00194687645644953	0.00140594241626252	0.00181577668470663	0.00145512073077497	0.0017953335683851	0.00222722316684092	0.0020014008593708	0.00179104198112453	0.00150425473703166	0.00209398587559854	0.00167415310952035	0.0031357311659301	0.00198285824024942	0.00135910119679912	0.00297559894520056	0.002084265969679	0.00227024184394414	0.00338564748823166	0.00285311696846264	0.00356052426959542	0.00208142931103837	0.00271538691184137	0.00251459496955103	0.00334409914526526	0.00271265021539	0.00423482328065244	0.00323968712840031	0.00344215583228774	0.00427261769227211	0.00253811071860896	0.00256329062543303	0.00245979984573769	0.00314806676598627	0.00314841207390131	0.00383288228835452	0.00423491577499603	0.00295127374414492	0.00335780524349995	0.00284591456766263	0.00251817172957114	0.00436777064744674	0.0044689760234466	0.004110386105279	0.00395589441964786	0.00492234958141918	0	0	0	0	0	0	0	0	0	0	0.00358029351273367	0.00406051436957669	0.00494977162360358	0.00435910263767787	0.00419165137340853	0.00643056297662356	0.00482615900762146	0.00547054920087	0.00568430105437529	0.0062861944314958	0.00562370653363214	0.00566845274650568	0.0069214233198908	0.00717801622709645	0.00624870270622829	0.00658637431713045	0.00642722039317106	0.00760179445089768	0.00650749126507445	0.0064380109499028	0.00818296292701621	0.00804345920334531	0.00827543303273408	0.00859194338165267	0.00851040117369006	0.00750919922981085	0.00885465588225998	0.00817758849657754	0.00739423260203595	0.00781037767624841	0.0080266930802749	0.00928782985249527	0.00841009851826049	0.00867243565452621	0.0104855942560342	0.0101358840823488	0.0104143488373806	0.00800645375240542	0.0108522175338703	0.0128144796307307	0.00959816903274854	0.0101947515542966	0.0125996660320931	0.0114825294004138	0.0121001056066992	0.00947525332625071	0.0102041636916011	0.0127572191315352	0.013346063859769	0.0124910105099141	0.0126252925015661	0.0141111388986607	0.0168004307801868	0.0154236908011355	0.0138244424969525	0.0130045261124073	0.0196742269101471	0.0159924431485047	0.0161339734926342	0.0206675963087777	0.00584831202846244	0.0166524429005868	0.0118637959051881	0.0104760432197193	0.0138502599962141	0.0350998813228693	0.0157267293313473	0.0489535602984907
755.831	2.68932851577513E-4	-0.012454099798916	-0.00403952355526106	-0.0109717256298917	-0.00233628031081658	-0.00488921723106778	-0.0102312553293579	1.71185566581169E-4	-0.00150490276134051	0.00101527437273075	8.55806180028901E-4	0.00118399388772571	-0.00641137223688312	1.61541196804441E-4	-3.12813173464088E-4	-0.00479333731521355	0.00412531052480295	0.00211729910974843	-0.00374293755352104	-0.00399975108264844	-0.00247752531094391	-0.00399595385548646	0.00139023953754036	-0.00292974073203973	0.00166080119176701	6.21709303268966E-4	-0.0012318116960827	8.64194816213689E-4	-0.00366707485981541	-0.00155713068340126	5.87508843695073E-4	-0.00250886649013325	-0.00254817285166428	-8.6097320598214E-4	-0.00677973561534856	-0.00207568123956194	-0.00425879206124649	5.96401625988742E-4	-0.00125870387154649	-0.00200279303841751	-0.00283012676516184	-3.75020568829107E-4	-0.00492156223678534	-0.00119690903905886	0.00164355032457848	5.42645500956087E-4	4.4749318546741E-4	-0.00253880131334773	-0.00395090857554317	-0.00278316785492524	-0.00164790784433868	-0.00112520844929543	-7.04570832017784E-4	6.13234523032626E-4	-2.96165485898442E-4	-0.00486105211861684	5.67043659284696E-4	-9.73943300879482E-4	-3.41811770069097E-4	-0.00209103733296432	-0.00126165846639787	-0.00280950381941272	6.58798808010298E-5	-0.00126079110278655	2.49949607670466E-4	-0.0017672684596908	-0.00143604656435742	1.18169326828331E-4	-6.34901756955975E-4	0.00108046683842359	0.00183778613924345	6.00739190450151E-4	3.74686135442836E-4	2.10486713616286E-4	1.38788309633756E-6	-4.93919673657861E-5	-0.00138352027541438	-0.00179062987275998	6.67243256572085E-4	-0.00242498631621259	0.00110140916541998	-7.60026059991024E-4	3.96232684490209E-4	0.00115693086029119	3.77799140890448E-4	-9.36272505073283E-4	-0.00214382944906176	-1.92350251021532E-4	4.93272512778085E-4	0.00147767853809869	5.0715806368749E-4	2.83189772596416E-4	9.09216542305337E-7	-1.34570141044993E-4	0.00116268462013229	-0.00107359902027379	-3.08102210568221E-5	1.87281061021346E-4	4.57548497552884E-4	-7.73718535963574E-4	8.13912366730117E-4	-3.61365834943889E-4	5.21172540015739E-5	0.00148175188404769	3.61846007865175E-4	0.00115296822226977	4.46402109912569E-4	3.97802877943535E-4	3.08955758473479E-4	0.00158365110757425	9.05645668192946E-4	0.00123663173555857	5.06162545740366E-4	0.00118567342859172	7.72246686654675E-4	8.04953196006249E-4	0.00149368879159104	0.00123873464588454	9.21788133327293E-4	0.00148303453343083	0.00114340423438592	0.00140166788345364	0.00112499366998346	0.00112658945131985	0.00167527667755452	0.00114514638623511	0.00164479676080034	0.00199310775584839	0.00140859112375409	0.00195524403047879	6.06737216196587E-4	0.00121848497910233	0.00109932722025832	0.00226200421431855	0.00108561218534003	0.00211881195495698	0.00204529246039422	0.0019220697508445	0.00211165579508281	0.00198530940035218	5.93864511133066E-4	7.28060212468523E-4	0.00298393350523774	0.00120568344378842	9.47299806745409E-4	0.00273189680049065	0.00197512448405941	0.00226992655969039	0.00250599353590858	0.00196014524375544	0.00344635721962894	0.00283620042886933	0.00199527371374903	0.00165333035028987	0.00302076555795027	0.00341416968900561	0.00414289619801168	0	0	0	0	0	0	0	0	0	0	0.00335466632306578	0.00359986495132451	0.00349385259777575	0.0042835513762417	0.00370323054274934	0.00527234546753793	0.00298865284907068	0.00432797679509004	0.00506052155503148	0.00479391626220455	0.0037888652437598	0.00442610258556057	0.00610630756796347	0.00492265412194045	0.00438768423872991	0.00528082145477904	0.0057420121521587	0.00592877765945737	0.00475335030301759	0.00532501692111179	0.00499511512804244	0.00564219897317364	0.00639167305178104	0.00542339338242598	0.00623905236986781	0.00663828697065808	0.00763510088743177	0.00480171296581001	0.00688190918951227	0.00573076331801677	0.00686559460777868	0.00652564600221507	0.00760133810040865	0.00858884431193618	0.00692347232746795	0.00610357582992281	0.00672821458510411	0.00781631315942937	0.00901258605764551	0.00761340421314994	0.00740618891938106	0.00715520813551479	0.00946633038011882	0.00855104889478002	0.00946077656902714	0.00724599834194374	0.00786508982651176	0.00429643747700712	0.00941962944913935	0.00376789859958426	0.00777601837913694	0.00726133202312055	0.00837788388058887	0.00843132950795694	0.0142772218426293	0.0134092364218931	0.00849577607238523	0.00932308570437902	0.0144461524049955	0.0192782217120306	0.0178636268727297	0.00979326811993623	0.00748296625620554	-0.00525860630036378	0.0056125775839674	-0.0158323184588308	0.00460620161972157	-0.0104769003944949	0.0164128518299244
760.59	0.00850274946490075	0.00573334838604361	0.0058466675862765	0.0127774639719081	-3.99036344898319E-4	0.00148496781913933	0.00692554173711062	0.00155351005715693	0.00120180744407223	0.00398744387881337	0.00349691225705581	0.00363070348041019	-1.68042515779397E-4	-0.00378652220865952	0.004203745941937	0.00507693821800947	0.00218985244879132	-0.00154330698135354	0.00490855530330377	0.00349130163231631	-0.00194137436730479	0.00219563714937711	-9.94125425086214E-4	0.00136519358474345	0.0088955021549949	0.00864645247913254	0.00164113707405239	0.00429102859668319	0.00501143055663248	0.00197221309971497	0.00324107839718333	0.00175465573065924	0.00375048131122757	0.00576313665643913	0.00423178595458023	1.77666038682863E-7	0.00478331535500977	9.15088119485205E-4	0.00297939309906899	0.00429851488133755	0.00106221172168212	0.00556124557474521	-4.7584200836532E-4	-0.00198054335249588	1.89958645008055E-4	0.0016636408114683	0.00383044927869706	0.00170751997353673	7.94258524510841E-4	0.00241840849649286	0.00557555901544501	-3.28734287320077E-4	0.00136521659079195	0.00179728694972117	0.0022098453882427	0.00185801387306482	0.00240027420979649	-7.13550836168722E-4	0.00456527498520077	0.00221173812882627	-5.4376809233114E-4	-7.36198074256527E-4	0.00131538543209	0.00213292798073353	0.00203340402846553	7.49016740699053E-4	0.00306862218881892	0.0013277074653545	5.34059790820724E-4	0.00162854987418909	0.0017102393413396	0.0014527075383694	9.8643955031263E-4	0.00128993157545543	0.00216082331272723	3.10126888769431E-4	8.11287839977165E-4	9.92615117111147E-5	0.00150940872189353	-8.11849611399418E-4	3.2955950243123E-4	0.00261802380655615	-7.63383790324424E-4	0.00144806970794386	0.00213821137191277	9.60416119339308E-4	0.00158689323859658	-3.96354348500176E-4	0.00228749245695915	6.05588448781421E-4	0.00136871431201504	7.96083816951203E-4	3.54492716597465E-4	8.66212272400935E-4	0.00170001806386047	0.00160105850390408	0.00166333087076921	3.82929080408157E-4	0.00105965930180538	0.00268452455283538	0.00294459787540407	0.00133958613728554	2.41104002774668E-4	8.85076174757907E-4	0.00197365692679557	9.83672277088319E-4	0.00134796058455346	5.43566545978102E-4	0.00135167302826751	0.00212833874591768	0.00191394585308739	0.00197812145121016	0.00138875505412648	0.00179670731910029	0.00131353758272897	0.0015652802338767	0.00118316754736925	0.00103382545886257	0.00148769747031719	0.00136016847955425	0.00272913945959907	0.00193039405386345	0.00222096733193189	0.00165562715438282	0.0028561460784485	0.00149829024237144	0.00262573951319437	0.0019857041738438	0.00158046273177545	0.00202978760688252	0.00115958514180677	0.00270689994034667	0.00183223531851096	0.00180196079132857	0.00169245552901709	0.00304174560724749	0.00201930279068553	0.00229625381681121	0.00280474752241604	0.00364287836049466	0.00212598789835378	0.00292347269073518	0.00272241304419169	0.00338137977570496	0.00367267738271093	0.00246645769050246	0.00214498446742837	0.00306806158445552	0.00290581999846789	0.00307184467393334	0.00240255619453261	0.00386202371206398	0.00253194260419799	0.00393110240222005	0.00395288340527741	0	0	0	0	0	0	0	0	0	0	0.00480089750759977	0.002415687823523	0.00481983906879859	0.0037375517309727	0.0038334718844326	0.00469250063392043	0.00407284260155084	0.0052716397977296	0.00522863807449135	0.00417594426060681	0.00523402119842756	0.00477957350065001	0.00550591308167723	0.00577846825422044	0.0050721832106664	0.0062125945266744	0.00499256312619761	0.00529421506476996	0.00559041502416767	0.00782585491338087	0.00648998381683243	0.00620950140963823	0.00747951657181022	0.00650882756082072	0.00674984681787506	0.00600781829311183	0.0073886772753343	0.00647104960181017	0.00774460159174927	0.00669577388674557	0.010066000494965	0.0080495834963793	0.00950994792944547	0.00743435548053928	0.00636495501503927	0.00821783991734542	0.00874692596547735	0.0108304630384411	0.0100094004948123	0.0108949969981808	0.00814419508177983	0.0115781507127505	0.0100110004436952	0.0102173259606171	0.0121498428882777	0.009045943922165	0.00891849855963634	0.0106802416075173	0.00857341023089269	0.0122844605409635	0.0105140656113735	0.01168854953304	0.00990090411750709	0.0118974792987172	0.0125029336824553	0.013145608050127	0.0111468981476844	0.0111784488538844	0.0211223274005801	0.0155111755703359	0.0161369503850695	0.0205003117494036	0.0202900124409685	0.0139104557592194	0.0178723348105907	0.0394625517587596	0.0229676196153706	0.0229445855996922	0.0335510013448619	0.0405015806619661	0.0472538784637306
765.351	-0.0202666056756582	-0.0201389514407037	-0.00718532417199544	0.0067245625331831	0.00223119755686015	-0.00868256932928972	-0.00668509176366982	-0.00757375025002615	0.00139472273787284	-0.00705220415845069	-0.0119209185908517	-0.00738540220249569	-0.00256980513546378	-0.00720651003584122	-0.00476566575896215	-0.00839291784510185	-0.00811060546777693	-0.00708493174196559	-0.00390124369867279	-0.00586739073335993	-0.0101844834286582	-0.00729057222708402	-0.00910950702436075	-0.00236010300464414	-0.00545704434322344	0.00142351475189798	-0.00539404819746212	-0.00115773151167624	-0.00318804959536677	-0.00538157846341856	-0.00439667639369369	-0.00534840034681614	-0.00485419890885638	-0.00372134373438665	5.51602198843178E-4	-0.00356983007436406	-0.00476311847243418	-5.17205262798786E-4	-4.03383774433176E-4	-0.00109451217297235	-0.00393520946074291	4.86754269677138E-4	-9.69131624414915E-5	-8.64007773667661E-4	-0.00342397937062287	-0.00169231471431052	2.79613201340272E-4	-0.00410698704551968	-0.0034048733825395	0.00132006203606657	-0.0023192739545432	-0.00260071094332694	-0.00326774722550776	-3.97597944027892E-4	-0.00201541640007315	-0.00196645933123734	-0.00229564552520052	-0.00261487319604587	-9.28298473639995E-4	-4.2224508235556E-4	-3.45747726386974E-4	-0.00374494623794981	-0.00167195526383777	-0.00243236589717853	-6.45667533697041E-4	-0.00120666974578946	-0.00168624310960851	-0.00245629487778889	-1.21466819588562E-4	0.00189409767443423	2.9050703199918E-4	5.69891873508183E-5	-0.00267645731440135	-0.00147624275967978	-8.03909566644491E-4	-0.00194809041370839	-0.00319443051279127	-9.58837843094089E-4	-7.92557979226609E-4	-0.0025766368828872	-0.00100224990779367	-8.8704761283947E-4	-3.19064481996395E-4	6.24380003154939E-4	-4.35106563506222E-4	-0.00212181582771099	-0.00111747736602198	-5.24757388302628E-4	0.00173509598215357	-8.08107309954005E-4	6.02285931360596E-4	-5.88248849039367E-4	-8.63229394798719E-4	3.87976408973707E-4	-1.37875052882879E-4	3.73839762923132E-4	-3.97717063936682E-4	3.56570783441049E-4	-0.00187029046608062	1.55378851217332E-4	2.42883380350035E-4	-8.98413739020559E-4	8.452455989007E-4	3.86039675034037E-4	-3.00971293273565E-4	3.50632247303066E-4	-1.22569396885144E-4	1.61182274327002E-4	7.51843116145832E-4	6.39490709766601E-4	7.79106710598702E-4	-8.02370179804127E-5	9.79769860909839E-4	0.00120205391357051	7.13866610696624E-4	4.89365984847575E-4	6.35998206956529E-4	0.00112170253510257	6.30716509960465E-4	4.35612250073705E-4	0.00130965467050301	5.24922075891059E-4	8.48278326061998E-4	0.00115097806558872	6.71348218060711E-4	6.20120228686913E-4	0.00158178193912447	0.00102437674980473	7.6192572126078E-4	7.53407569099252E-4	5.59598353911865E-5	0.00191720498528785	7.72464277872199E-4	4.45398021317678E-4	0.00143922608805615	3.04929696795409E-4	0.00142009179544677	0.00133522053548673	0.00151906644095734	0.00177321849379324	0.00252254577031588	0.00221701871580765	0.00141391269811428	0.00116726727871747	0.00197315117602307	0.001194062063741	0.0014655504926594	0.00192353315432213	0.00163636158336974	5.57868470944011E-4	0.00165963411502482	0.00265945209636278	0.00281012243609061	9.63763562777847E-4	0	0	0	0	0	0	0	0	0	0	0.00205954911607308	0.00218005141183151	0.00227482004655398	0.00286933289537756	0.00216192222772801	0.00260018382831397	0.00316584369016315	0.00264154854043507	0.0037831425968586	0.00285464824902383	0.00380581956555367	0.00503686875247466	0.00370010988916779	0.00336084257677086	0.00442290037467227	0.00472395049065397	0.00507367023257554	0.00445892296951046	0.00440704431001644	0.00577650708873917	0.00520744599532272	0.00560662736229822	0.00365613493886636	0.00655580387536778	0.00513558762153645	0.00520290563178476	0.00693113610024803	0.00537476866009403	0.00636325830437356	0.00403414103324891	0.0068133656798501	0.00669703519541181	0.00512379414378142	0.0061611637297897	0.00446203194991575	0.00546974711353273	0.00474575880600309	0.00707310558936479	0.00825266325118968	0.00600073526628416	0.00646206800652393	0.00601952375838751	0.00705682417191894	0.00660542295099163	0.00830367842126754	0.0095154132341165	0.00449170983878326	0.00359976530149776	0.00738292254631445	0.00925241202859474	0.00568933884333321	0.00736109995342446	0.00537765428828758	0.00821147323015684	0.00896261971293705	0.00735835261780334	0.00675754322154145	0.0063342042604351	0.00666367246748867	0.0133666275068126	0.00526319669429795	-0.00113845200016045	0.00180467750118827	0.00581774503233785	0.0164559581471747	0.0107610289908041	0.00592227870413417	-0.00924258720482367	-0.00227375588838016	-0.00614194420090621	0.0134545380611871	-0.0352533761852777
770.113	-8.1967338116211E-4	-0.018255375456879	-0.00376798284118291	-0.00363360455344874	-0.00966240130375409	-0.00650176342196845	-3.66072909827909E-4	-0.00767143766359844	-0.00901319874804634	-0.0035724694793272	-0.00775319022991679	-0.0051669081110235	-0.00520661146069071	-0.00814918988473676	-0.00100469819179827	-0.0112820153652845	-0.00725062638516134	-0.00717672951587834	-0.00569231805746804	-0.0115797624429719	-0.00970312668210484	-0.00271351141599572	-0.00688380618500396	-0.00182931931799655	-0.00606805075645966	-0.00563619635912894	-0.00546672809486375	-0.00117141451051236	-0.00658636514857213	-0.00355553794560361	-0.00470267556654251	-0.00577908259797168	-0.00444714271860548	-0.00228481220546353	-0.00480795311873921	-0.001095815354943	-0.00686026415959689	-0.00471007014864314	-0.00419473152742936	-0.00604157053799874	-0.00418485211583292	-0.00168034477241835	-0.003430878053436	-0.00340420974619943	-0.00298768165935745	-0.00266819945899674	-0.00573163950033772	-0.00314390467853999	-0.00308528137172858	4.45428033437876E-4	-0.00295982749858124	-0.00441834962470527	-0.00496586752751127	-0.00128913133684728	-0.00321800292488353	-0.00298923020971237	-0.00120022079175107	-7.35643670243763E-4	-0.00224416918691151	-0.00327700055217057	-0.00105216011730155	-0.00269036244650308	-0.00223698206252963	-9.99146183824646E-4	-0.00222582594167742	-0.00379617050329655	-0.00151813691236947	-0.0014312967834102	-0.00458166956948192	-0.00431719104344994	-0.00146960547930246	-1.72503394570007E-4	-8.47318377610502E-4	-0.00426452447117533	-5.98380847588616E-4	-0.00293084874884713	-0.00214027692734851	-8.17319230753177E-4	8.02418755883278E-4	-0.00315315451501471	-7.25685811620746E-4	-0.00146754329130764	-0.0016199338107028	-0.00239527912237036	-3.07348694986858E-4	-3.86271706467201E-4	-0.00146769685989987	-5.72551115842547E-4	7.98951353972314E-4	1.15799558945357E-7	-0.0010664675276152	6.33309941382901E-4	-8.74259351686524E-4	-0.0031410752001318	-0.00115594480220771	-8.24738039280606E-4	-5.38015465250018E-4	-0.00180580504887895	-4.17007846254227E-4	-0.00110041466046513	3.98640913066873E-4	-9.69180285180373E-4	-0.00179576447410499	0.00112078312544072	5.85011813693485E-4	-3.04116989263467E-4	-9.95140511650072E-5	-9.11859557110823E-4	2.83192275667363E-4	7.73192668026637E-4	4.36435229789919E-4	1.42871033746095E-4	0.00124078141438555	0.00111479318794579	4.30880394050628E-4	3.11457601871983E-4	8.9114778364225E-4	7.38673495418973E-4	6.98402036012392E-4	0.0014172838553805	6.99661518025454E-4	1.15418569918869E-4	5.72705937434165E-4	3.67966300829868E-4	2.04598238077713E-4	3.62345727440688E-4	-3.94025409785278E-4	6.09840220629721E-7	-8.55248941129126E-5	-3.9557765639677E-4	-4.43344383080719E-4	1.79592287180808E-7	1.62155848658316E-4	-5.27890932852303E-5	3.12408597478167E-4	0.00105427143546188	4.88841618096098E-4	8.58426972403395E-4	7.43421282812345E-4	0.00103424075022812	9.3957419707759E-4	8.22610661217109E-4	-8.57790296954546E-5	2.95721682327852E-4	6.06077514483184E-4	8.6841032456757E-4	0.00148460889461042	6.70994513764347E-4	7.33737330698027E-4	6.58729369488291E-4	8.86853373059453E-4	0.0022154271972123	0.00142386931838106	0	0	0	0	0	0	0	0	0	0	0.00174830973858647	0.00214018096295847	0.00133070464569853	0.00246377683229285	0.00161203621301539	0.00150428545025209	0.00384638200869824	0.00283927991333583	0.00309627023892488	0.00315054937556308	0.00354941226680816	0.00264081442169889	0.00374759782024597	0.00297229881251112	0.00478403089536424	0.00308741120789161	0.00412198648985652	0.00432573741553471	0.00506078230871769	0.00431901443489084	0.00415042192404767	0.00536800738912487	0.00435494438106561	0.00516629043493086	0.00413822627357951	0.00417593571610718	0.0040413400672836	0.00478862792885913	0.00680715321080017	0.00655910068824905	0.00611168379678188	0.00647425045603895	0.00686456704372837	0.00445528651410206	0.0044406635350137	0.00611368900387641	0.00629518576177643	0.00567808385580709	0.00555253264943119	0.00516428228270598	0.00607921519037066	0.00601518368080116	0.00498019110422944	0.00443215182516122	0.0048784902518956	0.00549881941553205	0.00647340299851275	0.00447600417924491	0.0106972555991034	0.00571535232226444	0.00669534984445985	0.00255077762449538	0.00885005690378125	0.00743973030685246	0.00599033894998299	0.00117927146871202	0.00100975787953716	0.0109510595360364	-0.00342583300875557	0.0141570904093922	0.0102481765913515	-4.07182259116017E-4	0.00531330157766812	-1.80401247743681E-7	-2.89892927890645E-4	-6.66550926863192E-4	-0.00864212623516837	0.00428305826752946	-0.00492916191494375	-0.00864336047488934	-0.00620614130362299	-0.0460017748870448	-0.00974211965110368
774.875	-0.00899606135360855	0.00744205891850016	5.19563842171725E-4	2.33476308771081E-4	0.00232353577417801	0.0129649438984928	0.00357263192829243	9.16550228263657E-4	0.00253872164988914	0.00183461310146484	-0.00240705750374584	0.00512329682066316	-0.00160525559667	0.00558072865544386	-0.00205551635470815	-0.00486832774804089	-0.00149170931885741	0.00737117686646974	-0.00178568594764184	-0.00691280721869411	-0.00427112917851093	0.00418008491878546	0.00270790663366885	-0.00288914775219669	0.00415559960187891	0.00175033378990267	0.00280634090756736	-4.026317814902E-4	0.00305227951325183	0.00156280384659985	0.00114593546240653	0.00556600962819852	-0.00372705034847224	-4.66412562658897E-6	-0.00137717279205767	0.00427877315824187	-0.00286090791029691	0.00247229183508108	5.26847999920683E-4	0.00579264868008309	0.00276415091384606	0.00223438489535214	6.0736491094166E-4	0.00269840831794976	-0.00197724812580099	1.96925603139588E-4	-0.00115779043915994	-2.86227354990379E-4	0.0030782294895632	0.00173869674441716	0.00116326147635312	5.7853677379303E-8	-0.00127516290871699	0.00422127451343014	0.00137122621052191	0.0014160241344823	-5.38687106623098E-4	0.00181381964440411	-0.00126465533055679	0.00658560733095825	-5.03825866974244E-4	0.00120501499916156	0.00174083629356383	0.00246403552537216	0.00100788952458193	8.58752329489101E-4	-1.94716304607306E-4	-8.31694716932234E-4	0.00125486988594943	8.62384863436326E-4	-6.63477483716014E-4	0.00331344811558047	2.90187023237506E-4	0.00204694842731366	0.00228936246693782	0.00164341951599407	0.00257384301766556	-0.00120844173937164	8.75234795688655E-4	5.57309720748666E-4	-0.00119085744586335	0.0013619911898318	0.00104630633292289	9.74865303118914E-4	5.43510162998234E-4	0.00220877398817708	0.00232621122548999	0.00176573652084526	0.00184700737151023	-4.80662174296857E-4	5.8782730704228E-4	0.00229548599264793	0.00176034928262014	1.07242104397242E-6	5.76917260466368E-4	0.00151923484732021	0.00151992111033458	1.01514921772784E-4	-1.63628661864822E-4	0.00155073145084519	0.0011653287401817	0.00229302542255616	0.00127682612807615	3.75035237264022E-4	5.74848193130617E-4	0.00163967657461899	0.00117262237493418	0.00127226154446237	0.00131959995091576	0.00154551159396816	7.25304810926386E-4	0.00136139498741133	0.0011960642204202	7.57303861464334E-4	0.00156526936340175	0.00113390342374535	9.2935997621328E-4	9.77318873676089E-4	6.86731019093545E-4	0.00139007020162075	0.00161463013683973	0.00180964354685664	0.00163765336489794	9.99525138521552E-4	7.67439643494153E-4	3.73080582222449E-4	0.00153890969920362	0.00135398991047063	0.00267147430073128	6.68325329596307E-4	0.0018551721559567	0.00132090532194626	0.00108081278199925	0.00182572890841551	0.00176516173746065	0.001900807987104	0.00248101453505618	0.00168327867283234	0.00160817969751543	0.00209720898676331	0.00225067014644692	0.00247574810585636	0.00100033760686316	0.00455138731823218	0.00348415658369884	0.00207035160856821	0.00197948448031803	0.00150966604099895	0.00212830122467071	0.00244722939729418	0.00109944050216756	0.00325919284351714	0	0	0	0	0	0	0	0	0	0	0.00299867477252942	0.00270782307889998	0.00269303791446788	0.00191325751152896	0.00296618226706923	0.00380063742645196	0.00474375812087539	0.00343686470087648	0.00437473401320708	0.00380048366491449	0.00442251827813232	0.00418616812626312	0.00371658671341017	0.00532364245923446	0.00475848101871342	0.00513582837725381	0.00499580437518962	0.00514357636669421	0.00493382562883732	0.00775406322786163	0.0061749150071886	0.00576626588527117	0.00655336510816871	0.00593213356057305	0.00637493298550016	0.00699419807708939	0.00601292781773066	0.00667808636125596	0.00813811626431502	0.00676538690648293	0.00712237714660499	0.00796526644022232	0.00713064171430812	0.00778928955221334	0.0081037840549784	0.00912317493625004	0.00619160051410075	0.00760492526185414	0.00823145720425739	0.00877460641515017	0.00904317847576073	0.00671765352052591	0.0061786328336984	0.00655406014894135	0.0106209592825673	0.00616763823516629	0.00836908290105271	0.0104080605135956	0.00842927019152684	0.00773461390211554	0.0121721964558314	0.011645890709658	0.00893103814092555	0.00847760383331659	0.00828708111264208	0.00923006104093892	0.0112656198514284	0.0128500081235518	0.00773900640668862	0.0174731814489332	0.00592610784967158	0.00808284897944077	0.00716110157125904	0.0170860238672076	0.00830650663221358	0.0199733455970253	7.08720003340433E-7	0.00463910846518374	0.0202380076332555	0.0111525491881983	-0.00888066608254054	0.0106581510122324	-0.00611892747233887	-0.0011068376838084
779.639	-0.0134609888674955	0.00476973756679291	-0.0112913390416436	-0.00474939824018421	-0.00451703788691412	-6.0141418617754E-4	-0.00440237085038464	-0.00429232432315633	-0.0138639828995681	-1.8879783409902E-4	-0.00678998447984948	-0.0089417227933571	0.00217737597736324	-0.00319553876960522	-0.00644679114159629	-0.00582066764333898	-0.00724701149724809	-3.37897791305257E-4	-0.00314196913959595	-0.00589366322659251	-0.00112975864292813	-0.0132448346681626	-0.00520785836319778	-0.00779472072839248	-0.00507650080614948	-0.00479773606800357	-0.00190462290413786	0.00489885821041256	4.0368590509093E-4	-0.00583966455622434	-0.00711807172996663	-0.00805900555843521	-0.00392173270098537	-0.00347001867022458	-0.00561441759842844	-0.00194967801662197	-0.00369892266737622	-0.00394093954629417	-0.00674184619481028	-0.00884598014652176	-0.00552244159149113	-4.15094582777113E-4	-0.00266549758220023	-0.00101898332219762	-0.00282543147979389	9.95608300054618E-4	-0.00579940409327043	-0.00222644062388805	0.00455625557947073	-0.0032598787778481	7.28365776362967E-4	-0.00373269447727412	-0.00398180667074152	-0.00168622719204699	-0.0055834943126662	-0.00440731443351005	-0.00141360998004605	-3.10405960321239E-4	-0.00348240758940131	-0.00253337825752716	-5.13623206430083E-4	-0.00173152837902994	-4.96271137636951E-4	-0.00397011085859378	-0.00314977212630628	-0.00423816989875965	7.93103952463376E-4	-0.00266824367761212	-2.55786059775338E-4	-0.00175658257409292	2.45858520378174E-4	-0.00210835591300466	-0.0013587103442214	-0.00121628847869971	-0.00278364696193228	5.50204116510724E-5	-0.00305718187340333	-0.00358304073543613	-0.00131209569756612	-0.00334800014816736	5.05106786841726E-4	-5.95760841028197E-4	-0.00149977095252935	0.00137046748330686	-0.00161347941309679	-3.15435400821028E-4	-4.49227039571767E-5	-5.14739431562205E-4	-7.52077535383748E-4	-5.7087636886768E-4	-3.99019289477151E-4	-0.00175330619974976	-4.96047378487706E-4	-0.00164281169213828	-5.50140771969401E-4	5.74833284288211E-4	-1.0566216752233E-4	-0.00137384891745096	2.69361773131445E-4	-6.90816976994422E-4	-0.00128199749642866	0.00125886998716078	8.95518279035576E-4	1.90695200736374E-4	-8.00395213229495E-5	5.8198079791221E-4	1.29932585090878E-4	7.31864136312798E-5	-1.82063374304232E-4	-3.05865515362059E-4	-1.95265226638972E-4	-3.41342928808288E-4	-1.79619112348648E-4	1.80500251730362E-5	0.00117492985456331	5.77056306200434E-4	5.7325899101485E-4	5.34571523440762E-4	3.20040890603001E-5	4.59865334727019E-4	9.8536923658128E-4	3.96339205698631E-4	-2.98296795886935E-4	-4.96170871051688E-4	-3.06971630831537E-4	4.03184484737155E-4	2.74552992103865E-4	7.32958452078675E-4	6.57476416339632E-4	2.94270007410955E-5	5.22607083922718E-4	6.00730330237041E-4	0.00112835527327768	1.93735639443175E-4	0.00114348593008936	4.5683991504633E-4	-3.66239596990372E-7	0.00116921952197207	-8.31397017163612E-4	1.70439723874093E-4	2.99708273896278E-4	8.02014845444519E-4	-2.39105996343062E-4	0.00176083794082897	1.58496640865162E-4	6.47837524751267E-4	0.00128790780196644	0.00227156363916149	0.00186521487702012	0.00163885697640824	0.00236568318043401	0	0	0	0	0	0	0	0	0	0	0.0015047060027743	0.00245912505504851	0.00219408599946115	0.00232169750425062	0.00225376900397672	6.92484005212953E-4	0.00207266545301328	0.00229037572100472	0.00231413000811807	0.00335377509793539	0.00307340588971167	0.00329412080082154	0.00371160669665747	0.00312062218101581	0.00269587734235536	0.00330389052021826	0.00313694946837966	0.00468577436063713	0.00341355500627235	0.00475823723409811	0.0055912686769446	0.00396705755079919	0.00355947424360661	0.00497167659731362	0.0051807922373404	0.0063876564642388	0.00540984283358484	0.00397325382965992	0.00481387849876623	0.00564851083815273	0.0055409362729563	0.00474236757547553	0.0070700629601804	0.0061583174267148	0.00542579830268495	0.00594145996065011	0.00722838409758557	0.00594283259736152	0.0072781486950869	0.00588963112196951	0.00615346582690465	0.00390876451785634	0.00389933087888513	0.00879091347208073	0.00626271937104667	0.00531310724180452	0.00366255074182781	0.00851866100279013	0.00551764586978051	0.00569453401353959	0.00654748150743529	0.00421835179654827	0.00756150141442752	0.00464449596941266	0.00613516688549593	0.00734153053138674	0.00440869384979159	0.00517924078547138	0.0031710326766007	0.0133104278558405	0.00936477468041361	0.00533690322766946	0.00803771900750409	0.00557291334962627	-2.40570536780446E-4	0.00436532651280679	-0.0101626057938116	0.00488126224255658	-0.00786250128927634	-0.00671243455856659	0.0185658909099992	-0.0217047136369918	-0.0137348682390949	0.0151433123032317	-0.028302386767533
784.404	-8.75711520716859E-4	0.0151059342913863	-0.00426659712548328	-0.00144694549377323	0.00545846600172002	-0.00223370513435493	7.77742020058376E-4	-0.00303174501877292	-0.00244063235556651	-9.49585256631099E-4	0.00689409963991478	0.00113537551009299	0.00552925356895495	0.00324629078016719	0.00141041202587595	-0.00468598524342938	0.00495987027850559	0.00897831325468519	-0.00335850575652146	4.97259478914282E-4	-0.00212745684032596	-0.00256212907808061	-0.0015563784883148	0.00627206429627827	0.00372310777636482	-0.00208883534448477	-6.9074902092902E-4	0.00137894112845586	-0.00137215522942955	-0.00255904834309804	-0.00275896535966594	2.56052957122923E-4	0.00236082909926603	-7.28349534573393E-4	-0.00308833554184682	0.00290975103364917	-0.0031878266010092	0.0021116882186154	-0.00163014676542348	-0.00117671252448902	0.00285482321658806	0.003150454594778	-0.00333208898870349	-0.00134383378178457	-0.00204698378877782	0.00445095919168714	1.00704594976471E-4	-4.90559753063666E-4	0.0022194491866615	-0.00217439406861993	-0.0022192338497752	0.00108317722480155	-0.00219719608931547	0.00128289307381374	-7.50928196040515E-4	9.77529734417722E-4	0.00398097277522481	-8.58766710601464E-4	0.00176799919844656	7.56019049598487E-4	-0.00379795544789744	-4.39408722744395E-4	-7.20290363468306E-4	-0.00403108821741104	0.00208502133222575	3.4101870093421E-4	-0.00181295920109535	5.28195385619572E-4	-6.4922088120302E-4	-4.45118855751268E-4	0.00106115244744612	3.06748964897105E-4	-7.19898491041728E-4	0.00164597815489646	0.00224969883797735	-0.00113130743255178	-4.43316167856395E-4	4.88675771613827E-4	5.85508331950908E-4	9.94543418836875E-4	6.18278685448978E-7	0.00135631504734444	8.84970030334397E-4	-0.00100811161688795	0.00112327490230537	1.82441154927656E-4	-8.90321979962296E-4	0.00243355509127963	8.05988794525598E-4	7.03980909697038E-4	-4.08532320280727E-5	0.00118653192780222	6.20021339601199E-4	1.0078923797426E-7	-0.00148871636307606	3.61137699269367E-5	6.42415646663614E-4	-1.04347501878177E-4	6.81389343127952E-4	4.67475993211405E-4	0.00104206232695119	9.98299292020564E-4	4.69230742174603E-4	7.74951444613552E-4	0.00196935352466977	0.00112965456214571	1.31860177779108E-4	5.20821021905091E-4	4.62615712443005E-4	9.31966397263048E-4	3.97085618834788E-4	0.00106100240589026	4.86368188562998E-4	7.6484435061186E-4	6.04418619975902E-4	0.00108217342112266	2.91477312336576E-4	8.90029753732171E-4	6.7794254951993E-4	0.00140165806485894	7.23943738975799E-4	0.00132789622251319	8.90850303243374E-4	8.93629043926369E-4	6.97255442598381E-4	7.18034037849086E-4	3.34945105080767E-4	5.6556425923394E-4	9.4094411908846E-4	0.0014710063732315	0.00162333832382917	4.93937504351251E-4	0.00194792627289329	0.00126755400759533	0.00248825753203496	-3.26902577456276E-4	8.45754819331261E-4	0.0016017796536084	0.0020005481525014	0.00161780033757023	4.71209216184634E-4	0.00139682711154008	0.00209708819332105	0.00166268976501331	0.00141509474431346	0.0025010377159223	0.00140889392216041	0.00254437672606341	0.00328218880458752	0	0	0	0	0	0	0	0	0	0	0.00214085216828068	0.00203003485407511	0.00328673551796932	0.00154998155371251	0.0029424593136537	0.002812332357125	0.00330589914188215	0.0019412199185359	0.00331168826999113	0.00319471791956748	0.00416875842866841	0.00293135647886327	0.00370626777856888	0.00340123386836174	0.00298751265933993	0.00356180024469353	0.00539121417979729	0.0047200056093407	0.00528063628910134	0.00377190641292869	0.00505313288754271	0.00459353044430215	0.00598195538583022	0.00666232910752839	0.00615148008503279	0.00566776842934174	0.0053954309114431	0.00510675938948106	0.00581285415024344	0.00712564053945974	0.00634410745222046	0.00642433227166903	0.00558774843390301	0.00577048100664815	0.00807230131364242	0.006460662939755	0.00716276234909231	0.00720585337122385	0.00809700949933264	0.00480068759705884	0.00814451312001144	0.00792618196572727	0.00564449663831416	0.00851335335421037	0.00612942138470255	0.00666959688393588	0.00606147254785782	0.0075293457317835	0.00630954624222375	0.00633153698454329	0.0102356471837681	0.00982306022373385	0.00715329724099041	0.0109774062495882	0.0139355194364755	0.0113401710771515	0.00887092806451516	0.011796616684141	0.00942415470253875	0.00563542133234172	0.012344206510743	0.00857863695156523	0.0150540366166584	0.00873939542671412	0.0108805968130303	0.0202406668863167	0.0130017788061929	0.00304897429542064	0.0134506369401721	0.0194760197901479	0.00119767840354175	0.00863841046784894	0.0361427933307551	0.00183924775607832	0.00662208857576427	0.0271453171414331	-0.0528727167606596
789.169	-0.00880896781577901	0.00345963770151177	0.00349587935440211	0.00121765189264419	-0.00484928078526635	0.00512868815570431	0.00922633298477207	0.0034420370420044	-0.0106121572844333	0.00210703774769351	0.00579869703080047	0.00783431020857234	-0.00167472251298204	1.83202852580275E-4	-0.00267701301581416	0.00211201098779335	0.00293953623973151	-1.69709408003881E-4	3.39990732094621E-4	0.00252200770673692	-0.00495419764599448	0.00678906652724519	-0.00157013927982904	3.0168323020391E-4	-0.00303683666268992	0.00154603542353192	0.00167594801961085	0.00432589800616396	0.00484774189367457	0.00408037254275505	0.00942415335823337	0.00180845240808614	0.00263621587223333	-0.00208254396842483	0.00251977157975277	0.00211550821777308	-0.0021837714139394	0.00437844827789204	0.00131785760655508	0.00539990187241821	3.2263610720931E-4	0.00233554747630944	0.00231505026834794	-3.12513110381859E-4	-4.1363697804088E-4	0.00459819450849553	-0.00100756473287412	-5.94143714376285E-4	9.73263631474212E-5	-0.00353208951487235	-2.79363685562548E-4	-0.00200464139421071	3.54908145187953E-4	0.00285221585524846	-5.89975622756073E-4	0.00107139612844608	0.00184999204406055	0.00221052734658445	0.00139783002438843	0.00275061260845384	0.00345845483695843	0.00110967127827152	-5.07724830992349E-4	0.0021430301455488	4.89527112347372E-4	3.45360985739205E-4	1.35308710491509E-4	0.00133449131518321	0.00262081229870477	-7.07943573015153E-4	0.00113489833864417	-6.1702608499672E-4	0.00102993345574417	0.00106916423054526	-0.0022717619024889	-9.70926920472984E-4	-6.70771485122107E-4	0.00246817461381087	-2.68324235213128E-4	3.16426283428344E-4	-1.03892163968388E-4	3.04791736327348E-4	0.00183701934204132	0.00213397939120557	0.00113470675632847	5.07439156276943E-4	0.00103484046660561	-3.06573570883601E-4	4.71379160686554E-4	4.21082451968625E-5	9.81326571436571E-4	0.001757778239922	3.33000418564553E-7	0.00225896619555922	0.00135288629063563	8.4816637808471E-4	9.73271944170299E-4	0.00119770002447916	0.00217026329975319	0.00185496804931417	0.0021373923317202	0.00122867095794042	6.81299025885463E-4	8.38725530264816E-4	5.18987940539411E-4	-1.89678954571256E-4	3.45807734398492E-4	7.76532056273429E-4	6.07367611782183E-4	0.0011204915801862	0.00100220215735313	0.00111541812130522	9.00678160941819E-4	5.51682256364718E-4	7.59039749559232E-4	0.00106258587870024	4.27154630327312E-4	0.00109619280074024	0.00123764354973209	8.56305455147013E-4	5.99883214722831E-4	0.00156385451891651	5.04350424332399E-4	0.00138995698477339	9.72199217877916E-4	2.85874721633276E-4	0.00129662189453973	0.00129338690982198	0.00239080876798783	0.00115239831903765	0.00143066365619966	0.00155486915673035	0.00109947272898293	0.00108098133451649	0.00159141937413962	0.00187430833957677	0.00165381398911576	0.00278889114658694	0.00179288843705063	4.96253254126169E-4	0.00111939251024956	0.00232148191162173	0.00294746736362898	0.00281981956838584	0.001429130583151	0.00139716550666956	0.00172759809198193	0.00239827168494234	0	0	0	0	0	0	0	0	0	0	0.00267690721179228	0.0028432768053918	0.0014643357186354	0.00165967728026076	0.003043570272557	0.00248115578199062	0.0036717966415354	0.00211169688410634	0.00161924765434139	0.00317420945572848	0.00348086035226409	0.00406847411923611	0.00312950799171217	0.00382678657045577	0.00349081145187765	0.0045394383219267	0.00453135197777332	0.00396135749032026	0.00456529565399464	0.00437563773063713	0.00395551838558031	0.0045984599137236	0.00551221160754978	0.00481405158931881	0.00569538347064924	0.00611595455037148	0.00608545579303512	0.0066329281475856	0.0062720267177783	0.00723041281108638	0.00598386911431007	0.00723561603622368	0.00749200889173424	0.00785264931306575	0.00639021779790126	0.00495651674470179	0.00623102738460829	0.0067196116174296	0.00587387322213105	0.00871583747457689	0.00600220777075167	0.00770172050379928	0.0055490047573427	0.00676877989034462	0.00717310303847235	0.00860045962396363	0.00553788376908098	0.0041395066030198	0.00830112549822042	0.00717670100517263	0.00831210340523173	0.00588698227477696	0.00815998771317297	0.00917887655384482	0.00567866053760073	0.00794603001952651	0.00466145694248176	0.00970426505998583	0.00943936470608861	0.00927866588703569	0.0134051688447017	0.0180218721370317	0.0124804512124257	0.00943894609625474	0.00882696813772308	0.0115778619920214	0.0147276834002028	0.0153588087831545	0.0204231973018531	0.00252995938212759	0.005722724929549	0.0185461092080504	0.0169922444020622	0.0259240745452219	0.0253550423336043	0.0126186386907309	0.0301554521307792	0.0220523857336689
793.936	-6.01539895835307E-4	-0.00887965702115906	0.00636904869047859	0.0125270513080582	-2.26090970663724E-4	-0.00295256134723951	0.00262528493134662	0.00472281639120729	0.00292417111223409	0.00492616640870789	-0.00357925561227992	0.00275224135207172	-0.00210615592709475	-0.00281030202550919	-0.0010998104321688	0.00270051595378236	-0.00106532551318676	0.00211215882781667	0.00348725518450431	0.00966469344701379	-1.70276610697709E-4	-0.00648660483367258	0.00242470840799499	0.00589646418598993	0.00877752835365661	0.00549404497923001	0.00201044832846572	0.00200995579367508	0.00612787049640996	0.0041991407485079	2.72668294661057E-4	0.00172683221195547	0.00490788666427399	-5.00276313980524E-4	0.00641677099966903	0.00253856761202905	0.00248358626361647	-0.00715841655571949	-0.00293587511469592	0.00499968448543246	0.00274666569079845	0.00959601706490745	-4.3246952322103E-4	0.00600976963596577	0.00149019414517242	-0.00157667834342986	-0.00456016599314036	5.0992952279385E-4	-0.00220504423910426	-0.00235702302070761	-5.76898589139518E-4	-0.00103047203640734	-0.00100394298940763	0.00195531469811484	1.73885793493501E-4	0.00262043827717243	0.00273001026191745	1.62588548889111E-4	-5.01683974611926E-7	0.00290798507052234	-0.00100543362824222	4.56766752499719E-4	-3.73156812392642E-4	-0.00271902003006614	0.00122927894840163	0.0014193924085696	0.0034890684267505	0.0019230398782266	0.00404320615028496	-4.61654897767618E-4	0.00200940466669096	-6.30536405524556E-5	0.00317844298739788	-3.05203101472225E-4	-5.8041305211017E-5	7.06511736340578E-4	0.00276451644596358	7.34383059813722E-4	9.41179371343031E-4	0.00173931466644443	8.00964734967468E-4	9.92313160676563E-4	0.00137920776132281	9.49096399840008E-4	0.0020899973236114	-4.66990004121783E-5	0.00180416562770135	0.00131015083490151	7.4979252678087E-4	0.00228028064564725	-5.04540501521301E-4	0.00189041495273146	4.02093813740787E-4	0.00173343523673149	6.18708985563475E-4	4.93815957960324E-4	6.30395605338366E-4	1.0928854480492E-4	9.57734543206789E-4	0.00138778281426148	-1.34995555317779E-4	-5.50904971734327E-4	8.22791229143955E-4	8.91539405307222E-4	1.96901907185257E-4	0.00134157502944436	-5.47929900906367E-4	6.19111040237101E-4	9.61117799413276E-4	2.30717865205815E-4	0.00123726194586912	0.00130459710439498	7.37029170817349E-4	7.37762149694751E-4	4.41256823281856E-4	8.27623424852419E-4	8.92143055320333E-4	0.00139445477847794	0.00120571722341308	9.88118906951777E-4	5.59960664885959E-4	8.56580711238898E-4	-5.17205453452418E-4	7.63059998748243E-4	0.00117475626289078	0.00125166079380905	9.86488168680358E-4	0.00173220704570999	0.00252228464937826	-2.17909863881954E-4	0.00165562320778918	0.00169008331295477	0.00217250627610584	4.68531162083204E-4	0.00198195192399845	0.00181474808750913	2.27214383571835E-4	0.00137706387139011	0.0010831824355948	0.00186104547265704	0.00152528353336557	0.00175404481667965	0.00233679921229109	0.00198885928498909	0.00163731708739494	0.00263299525688176	0.00261351884035074	0	0	0	0	0	0	0	0	0	0	0.00251725339080246	0.00204224825941821	0.00234633532574284	0.00222962824640364	0.0027555552948818	0.00238572979163252	0.00189892764495431	0.00377765234485063	0.00319983415805581	0.00163664663584798	0.00402362923077955	0.00384301911533423	0.00465074941958238	0.00432161059906419	0.00419776685589484	0.00359140681734405	0.00449595381234698	0.00437022777090838	0.00501364564632971	0.00407620747354888	0.0050094087789651	0.00491356885104215	0.00555497766158775	0.00607354273149292	0.00523655858225862	0.00569827259932175	0.00757662802356427	0.00541467780721908	0.00543118028637872	0.00569967985868501	0.00681226422839669	0.00740249400263798	0.00860682359531393	0.00667439655355522	0.00612963457260359	0.00620216271213899	0.00691127049516145	0.00602358984646825	0.00708922166211468	0.00698991995273197	0.00762619809646502	0.00769486969662083	0.00753201430050968	0.00631480597300189	0.0077487252721653	0.00710820410315034	0.00783263891747036	0.00575523489056516	0.00709990157544481	0.00664893339559927	0.00731408589664598	0.00555370931397835	0.010712310692912	0.00444466566647166	0.00865520619403507	0.00871539259673039	0.00748535544716797	0.011885575572791	0.0117389607655645	0.00554611790436762	0.0183589257514466	0.0119693838292704	0.0150549943112534	0.00800582001386056	0.0162931188855177	0.00889737229332312	0.0121108558664584	0.00994730271170892	0.00993952501969547	0.0172702191520516	0.0130005934634027	0.00588720445888316	0.0149326300062725	0.00945229306910592	0.00871997221795235	0.0375303973348044	0.0144859316039504	-0.0103313721096689	0.0620973033043225
798.703	0.00240500488207303	-0.00177295404861253	0.00963271169884014	-0.00572885141229161	-6.76316800905456E-4	0.00167715523313699	-0.00461783343843784	-0.00352441375452998	0.00503989868599025	0.00293709991682147	0.00889814920884543	0.00136606360120809	-0.0011427992691934	0.00446836317162558	0.00694013984823315	0.00322510202735683	-0.00194260246801263	-5.24933478389943E-4	0.00503018141705931	0.00137149252884812	-0.00101402174315629	0.00529067829658748	-0.0032141217189221	0.00370039051072666	-0.00902228096616858	0.00531814398921945	2.8412151649819E-4	-1.15102763064639E-6	0.00169654174693186	-0.00792790911580243	-9.51018668709332E-4	0.00184656945944427	-2.57161645730963E-4	-0.00476390649695996	1.19611605373286E-6	0.00324450625746516	-0.0021178419781472	0.00390382250057027	-0.00112273818705065	0.00253940971334772	9.83394720120868E-4	0.00205758502924445	8.59721141328155E-4	-4.28887216872532E-4	0.00401594905725283	-0.00261331914485514	-0.00330001093883683	0.00131983431187699	0.00328919858373371	9.63323446134812E-5	-0.00181456406208028	5.59808377478935E-4	5.44629868300212E-4	-0.00300547375450557	-0.001207127281094	-5.06507729628544E-4	-5.76048914962073E-4	0.00121140444563865	-5.55116371085697E-4	7.80848915190032E-4	-2.31089084007607E-4	-0.00196740672632092	-7.43580433602758E-4	-8.77707677911411E-4	0.00265529788474919	0.00119855274567887	8.3229537444222E-4	0.00143278307415227	0.00120578712272677	-0.00138200771322385	-3.87176124600816E-4	-5.69356679901627E-4	0.00136322316300162	1.82405865420096E-4	0.00119133312209715	8.76249083215319E-4	3.99596862593517E-4	-0.00224297575469901	0.00225437872899758	-0.0025395334681533	-0.00212148359638896	-5.47726515006325E-5	9.62574763519208E-4	0.00148758431706619	-2.40740958070557E-4	9.43213195228512E-4	-4.15094695194713E-4	-0.0013025228847011	-0.00192870104330757	4.27680194224775E-4	2.5022255691542E-4	-8.58037199223844E-4	1.59956830675982E-4	-2.35379840269593E-4	2.30390774710614E-4	4.90185516383972E-4	8.11374569274764E-4	0.00104367950760096	-2.4665295372299E-4	4.82786889725444E-4	0.00201734131114753	5.79894295185302E-4	6.06183713801605E-5	-2.86450103070507E-5	0.00111519721361131	5.83685839848156E-4	8.4393862392133E-4	0.00164041761929265	4.30159976390647E-4	6.41413242737137E-4	6.377402887629E-4	8.05171538625281E-4	5.23572123625735E-4	0.0016743082171372	5.56898646817559E-4	4.81003168504095E-4	8.86990512621906E-4	8.88098298907507E-4	6.31490920960612E-4	9.28466543638968E-4	3.07054683379565E-4	6.84537724822901E-4	4.04070369286925E-4	9.46051530746631E-4	5.96091540985451E-4	8.9831598668483E-4	1.44922012487495E-4	0.0010446721517427	0.00119103722764066	1.55083747572663E-4	0.00161498359476789	5.1017079269862E-4	0.0010651869212695	4.65412940737417E-4	0.00102789638991711	0.00109929788730414	8.73651914469059E-4	0.00154010474737662	0.00142503418477801	0.00107446681287138	0.00143009245225335	0.00162195175258984	0.0024799065217959	0.00181407688593448	3.32411291904958E-4	0.00197196674936496	0	0	0	0	0	0	0	0	0	0	0.00158815505169751	0.00165796597639383	0.00138441157077125	0.00172673316722591	0.00182699009570774	0.00226331436000266	0.00302409850725796	0.00115039175191116	0.00287538843941162	0.00148845256580999	0.00293482390513772	0.00162323285697081	0.00405216132639511	0.00338075220103335	0.00322944671557171	0.00359770462459325	0.00449176007016897	0.00478699020726524	0.00315711872835508	0.00387694800868114	0.00449346060212194	0.00631464812172704	0.00491517510995041	0.00403573069570754	0.00409736739663631	0.00451605785535443	0.00467303625363294	0.00556751120906893	0.00588721501190511	0.00574562796913045	0.00531009915940533	0.00626017407577845	0.00608272695122987	0.00639827360750208	0.0061216810073267	0.00407553583694378	0.00657752107785437	0.00624268839004969	0.00799953511980471	0.00542779160009732	0.0068595448641637	0.00624924122094305	0.00713063064240242	0.00549457806053162	0.00683046560422765	0.00765152578733863	0.00712067221569494	0.00593947838810182	0.00869691798334817	0.0075506701855707	0.00712878427237138	0.00782014911600169	0.00733763776546853	0.00486283448673763	0.00490937018212996	0.00347798200110171	0.00857234108749592	0.00675612366543638	0.0105731531915509	0.00447182138623126	0.0108018257001719	0.0131406725729217	0.00944214982550824	0.0145525597665629	0.00495516545102138	0.0089996996765295	0.0102875613872449	0.00983384580628187	0.0116899541077303	-0.00430706695350493	0.01173008737113	-0.00420020474466148	0.00877858483658192	0.0226753628455347	0.0291141262525492	0.0183945240892449	-0.00696031842223323	0.0196974135937082	0.0158796975704237	0.0261239970229842
803.471	-0.00225710087534821	0.00662558122356513	-0.00289778213530351	-0.00429853148440974	0.00439802160524022	0.00472068502660688	0.00271184432917065	-0.0014688792995941	0.00145275994618392	-0.00147144810611734	-0.00103968973638581	-0.00337220352671465	0.00214217581587372	6.95639934313669E-4	0.00314887865301975	0.00483835939554013	-0.0022556108785705	0.00170352493833883	0.0055947317081493	0.00566499465607551	0.00278824260784436	-0.00248442825980067	-0.00783578528284302	0.00439806856398958	-0.00177603099266285	-0.00280509885727375	-0.00128553142838596	-1.17776707312221E-6	0.00265718740411299	0.00720023288140139	0.00183330622134382	0.0052519342058944	6.74182934808155E-4	-0.00103512622307698	0.00414380133335684	5.40855446418528E-4	0.00255567145619213	0.00491077128128668	0.00218927834755223	2.47920257051032E-4	0.0027876438463581	0.00325346190069053	-0.00153223489443991	-4.01279938387386E-4	1.21797599720292E-6	3.13670548437314E-4	0.00239784901781943	0.0038052354441387	0.00112139257152134	-4.39853960463188E-4	8.59237993275095E-4	0.00391612306455343	0.00115761558594733	0.00212200889725421	0.00213158466485794	8.82488543872724E-4	0.00141960472612054	0.00224018450897825	8.93348897985524E-4	7.03244796673194E-4	0.0019036005477519	8.51569895269551E-4	0.00211857643887616	0.00230235928716809	-6.45919532509794E-4	-0.00185323899406965	0.0020813196299259	0.00240699894196663	0.00226174290815771	0.00197355795027969	1.92676846453014E-4	0.00104185136672324	1.39378953025959E-4	-4.64372306148134E-5	0.0023685071146053	4.37555417670928E-4	0.00137418375575328	-9.26061157160504E-4	-9.08791297260496E-4	2.43641514676175E-4	0.00111253846738752	7.78335584753492E-4	0.0015990962353124	9.66109749330381E-4	0.00137817184426184	0.00106122851321926	6.84554787020499E-5	0.00279578106858818	9.20616495444028E-4	0.00112336995395358	0.00100279167183764	3.07087640738704E-4	7.79906387015523E-4	8.51888536708237E-4	0.00129761854180936	4.52303687236539E-4	0.00107903325357744	3.51737652313076E-4	7.13668263738301E-4	0.00108653517558001	5.29664480737687E-4	9.42720962500123E-4	0.00104593927664369	6.21997249933324E-4	0.00121323020144525	0.00175083466930792	4.05650248136897E-5	0.00119304147338464	5.73845216550988E-4	7.56677229765124E-4	0.00107665616129278	4.19323045487264E-4	9.74131167919608E-4	5.92824480208973E-4	6.84192403210648E-4	9.20069121132819E-4	1.2400432250452E-4	8.52704240558059E-4	3.49894174466156E-4	3.49231248616989E-4	1.00538470842551E-4	9.35314218349812E-4	0.00121019049398239	0.00113698972062383	6.89039573282323E-4	5.55407380366691E-4	0.00136200987276025	0.00140661224568649	0.00103466666742455	7.67768127597274E-4	9.3754609561423E-4	-2.24920523408214E-4	3.55197967916256E-4	9.17174059134145E-4	0.00169273812932754	8.88363271669248E-4	0.00135275560142792	0.00149779321202384	0.00141865515920206	6.04650432830067E-4	-1.07252960877792E-4	9.24261789882279E-4	0.00150721973361511	0.00150747286826158	0.00194395569389103	0	0	0	0	0	0	0	0	0	0	9.64581405508589E-4	0.00104876574174339	0.00176031686034662	0.00147737771948274	0.00227276823856032	0.00105641101514763	0.00207791295472308	0.00218026473925363	0.00223614183002338	0.00268593086785116	0.00205842657633271	0.00255111574098645	0.00237088830188673	0.00247592151939609	0.00262376469394014	0.00287770554167199	0.00345567967687973	0.00365131648419431	0.00188252831601907	0.00241261277295839	0.00339058874957871	0.00390083216915893	0.0031586822899604	0.00389062353153627	0.00437175451272616	0.0048082317334878	0.00390658070046589	0.00468299467633173	0.00442343592896625	0.00527550191663169	0.00399967017034384	0.00526812901340798	0.00475252870272377	0.00425446531777101	0.00514814752008807	0.00450503767369256	0.00445171460136041	0.00447277404060971	0.00531304117722465	0.00388395980758074	0.00630610011693075	0.00629110215374291	0.00568917772728689	0.00368517798256027	0.00547290225799349	0.00599214513804069	0.00609286042415365	0.00453351294991934	0.00596918189304831	0.00556241175635941	0.00548238848443221	0.00588370913605132	0.00612537970992368	0.00556035157199074	0.00914853125553458	0.00362236967916598	0.00586992317700465	0.00470318458890633	0.00786129875550472	0.010033775369168	0.00671080342641609	0.00957319505936095	0.00757742514317155	0.0105791170612151	0.00748765893072478	0.00923583499743464	0.00736700865590254	0.0073152509239369	0.00767780161612378	0.0113021503653295	0.0117863186078472	0.0171739915534002	0.0169727549344324	0.0142703200548435	0.0139198226060515	0.0229022971084629	0.0215128537172891	0.0303628464032378	0.0051050638115905	0.00700473466973914	0.0445410269627806
808.24	0.00293482558352965	-0.00220866104274127	0.00144426943809364	0.00186930059181767	-5.07998038443506E-4	-0.00424924396321033	-6.02781159283379E-4	-0.00366961937581793	0.00232783285213026	0.00426411300515473	-0.00415593671498396	-5.86725028246463E-4	-7.14388748460757E-4	-0.00167599650249009	-0.00561967958379189	-9.37932221521469E-4	0.00689676798734448	-0.00393829844385758	-6.48189129280217E-4	-0.00141684778869731	1.26097918599577E-4	0.00533701140000461	0.00192976482128085	-0.00243138278131951	0.00177608717240753	6.46345750963836E-4	0.00107022873602592	0.00374758579025302	-8.54829104121396E-7	-0.00458973999391675	4.07713936302969E-4	0.00386573665897783	0.00202447537008538	9.44794839772083E-4	0.00128977626739563	-0.00216506168159271	0.00370630389539134	0.00189535532868384	-0.00193637475576093	0.00248781029716238	-0.00442920130530383	-0.002359133820506	5.66312072981039E-4	-0.00248189241241987	7.93868417831765E-4	-0.00203922005209592	-2.31340122136953E-4	-3.0575594054809E-4	0.00209385682726754	-0.00256483561452585	-7.15491966502451E-5	-0.00209790592295202	-0.00456413863247502	-0.00179089075016861	-3.87955580216523E-4	0.00277707564742517	-0.00185250429595419	-3.61709341650073E-4	-4.16752279739972E-4	4.70402963666677E-4	-8.65434665092434E-4	1.70404332356697E-4	-7.25729517505976E-4	1.09865206385374E-4	3.77778340390219E-4	-5.29489766595973E-4	-5.72153874504347E-4	-4.09431218736495E-4	0.0030167285528985	-1.48316063195201E-4	-9.19298661603385E-4	4.76310149967255E-5	1.85982333580236E-4	6.8454276144252E-4	-0.00245904325962829	-0.00127194214883004	0.00163284866684389	8.83072068596888E-4	-9.49477127722156E-4	-6.07618481441856E-4	-0.0011129487233356	1.94085192524946E-4	1.15489938141688E-4	0.00167393719638302	-3.66775333733335E-5	3.89320336218704E-4	3.79394927286509E-4	-4.03700432714986E-4	9.86839907373464E-4	-2.56494039035984E-4	2.5077199050766E-4	-1.5240027341129E-4	-1.50065788651067E-4	-1.46651034234942E-4	-6.91948949649611E-4	-3.95854380744935E-4	-2.76594914423025E-4	2.66517197957495E-5	-3.43300075090821E-4	-3.36298470390308E-4	5.80655836805721E-4	-2.17610580614363E-4	0.00118237377709763	0.00115868984931634	1.89172272296261E-4	7.09296440334843E-4	3.67635002251036E-4	3.07457682337378E-4	5.55877720034025E-4	1.89231951613027E-4	2.05021425275602E-4	8.05642108290065E-4	3.14257094917264E-4	3.24524630322131E-4	7.85483715865702E-4	3.49682111772758E-4	2.03152651158842E-4	7.48267222362173E-4	5.24475453258266E-4	4.29520532395515E-4	-4.2734169209679E-5	1.5636370144402E-4	5.61010617127786E-7	0.00117317849948918	2.42818582299366E-4	3.77104543388686E-4	1.08672458260783E-6	6.9276840669184E-4	0.00164660726508242	8.61162805006639E-4	0.00173778757637618	6.75636801935496E-4	-4.40031385051566E-5	-6.10911424972663E-4	4.07342840665495E-4	1.69616667419491E-4	5.28812565040411E-4	8.34927078972372E-4	5.46026941335819E-4	6.7222024606627E-4	0.00139553405991427	0.00126321070304894	7.78483382817706E-4	0	0	0	0	0	0	0	0	0	0	0.00129055110341507	0.00230866844811087	0.00130246469280251	9.2986636828033E-4	-1.40724044381524E-4	0.0010159156280678	0.00229612741474297	0.00177599826457051	0.00158686530812941	0.00195796030151986	0.00146127949948286	0.00107909896013855	0.0016209468216002	0.00298763142580929	0.00248003408904741	0.00199851970137956	0.0019300408764489	0.00246708198883537	0.00269980263362705	0.00380342461346973	0.00305160112890731	0.00323911074309042	0.00249409755596468	0.0031298060700178	0.00416043650819834	0.00368878958571896	0.0040080829183687	0.00339887999821192	0.00315395519132664	0.00319501765600209	0.00400637956053693	0.00462021093913389	0.00387054747312102	0.00446668404808533	0.00348893843238996	0.00450871725519374	0.00433909751508485	0.00290446341340214	0.00484613102860288	0.00422684498656389	0.00430773868460603	0.0051044641615403	0.00551927547599616	0.00521538006886379	0.00496592237511146	0.00460728187661676	0.00394124211352753	0.00505088486720603	0.00621113521477549	0.00502027520945102	0.00340674535482276	0.00543297719099237	0.00456070860204913	0.0019457686361123	0.00355246256748386	0.00757914453397236	0.00538630106196886	0.00362321467332183	0.00821806093861201	0.00470468318736899	0.00654054856744333	0.0062229007069826	0.00941317932206946	0.00638041753539378	0.00282978642047202	0.00698928138142782	0.00447210920428411	0.00326992697410474	0.00749258021840663	0.00190062619148911	0.00722964889354122	0.012483952718888	0.00456450929651821	-0.00150016454857391	-0.00193796186205697	0.00768582647318391	3.12004920947428E-4	0.00141073286098832	0.00324658985759407	0.0218386283147044	-0.0244336978477294	0.0189429876196776	0.00713379469309279
813.01	0.00429134866003216	-8.79369915861105E-4	0.00950662756334874	-0.00261759515731657	0.00677045677310437	0.00850188288175562	0.00391833451223541	-1.15967472001939E-6	0.00567795933380808	0.00382494623624611	0.00237450747582626	0.00102815224651936	0.0031432775406321	0.00377301597247194	0.00671586703427829	0.00592691828693043	0.00331980507315252	0.00761520884274776	-9.10790175207584E-4	-6.42161326890415E-4	0.00608627338993829	0.00198413689665807	0.00434149310047943	0.00185262802226058	0.00588437250797146	0.00237493686365269	-0.00342767916737394	0.00450019397968654	0.00404003927195523	0.00198632429077132	0.00142617019460387	0.00386689999771107	0.00327716114440837	0.00583201118593109	0.0021210703688	-0.00108309977646792	0.0019426441261684	0.00637645237989702	-8.30737010048539E-5	8.37139123779579E-5	-0.0010656730468532	0.00292964119259001	0.0019409997872699	0.00328342233405846	0.00436375074120277	0.00149060740984602	0.0030956871013057	0.00175179971020445	0.00426228675384375	0.00278585891805316	0.00329758667685545	0.00251858272681843	0.00408815471954145	0.00298487524354431	0.00142214579539209	0.00321809043701321	0.00166693802287945	0.00242387906966604	0.00208607094171951	0.0024048505002499	0.00340555325406028	0.00147664484469056	0.00362725604864945	1.17403250790526E-7	9.16638991258491E-4	0.00286074144885536	0.00312477259241754	0.0026642612608378	0.00221387837599849	0.00187711081849697	3.39082399046243E-4	0.00170707519799082	0.0010698290514277	9.57284390654083E-4	0.0018788183283936	0.00127270750977008	3.43637624789473E-4	0.00294782895522315	0.00293177450490005	2.84249648303903E-4	0.00143320411884216	6.24820406428305E-4	1.14946467683861E-4	0.00163711578087844	8.70410237195073E-4	-1.75948261819219E-4	0.00172626223333836	0.00117975987530986	0.0019076398936167	0.00122003028413655	0.00109962816993613	7.36226418683217E-4	0.00108032131211992	5.29402204949978E-4	0.00158678179392906	0.0013306509650038	5.26073383276164E-4	7.29935584782605E-4	0.00103121976796046	0.00160524848196312	0.00176714393175423	7.25724968483918E-4	0.00134195834663795	8.58462111289868E-4	2.1037612789792E-4	5.42031062904148E-4	8.37763229417561E-4	2.49939480402419E-4	7.35219494388548E-4	6.19257024390733E-4	0.00121375666620857	9.73641370780582E-4	7.38616119698305E-4	0.00108734528792383	-1.14095541743193E-4	3.37967257678341E-4	5.64548586518383E-4	4.32911791927651E-4	7.61635574715176E-4	7.24169932871123E-4	0.00125135319841028	4.06128322075679E-4	0.00142894716574731	5.33843616461669E-5	0.00173329873499453	0.00131102639104024	0.00129836689263101	0.00133870065292331	0.00141180887190565	0.0014666502507077	0.00137250595787159	4.50822037300315E-5	7.33122185983862E-4	0.00194354179854123	0.00158611364189738	-6.30445123801373E-5	0.00101557082440871	0.00111358378291559	7.42221963610671E-4	0.00156825512415762	6.01311653080584E-4	0.00110553807696441	0	0	0	0	0	0	0	0	0	0	0.00153811149094217	8.03713773694119E-4	0.0025757335044444	0.00147156766499574	0.00157365021044534	8.45455182197625E-4	9.47035054043941E-4	0.00206912984159564	0.00224819661876368	0.00239195252118189	0.00251472579551682	0.00148385211632573	0.00211436768502855	0.00194970267608962	0.00333720178961121	0.00156660100646118	0.00171642162489339	0.00225573250586781	0.00203463245969352	0.00371572328603071	0.00397698520038537	0.00342008715973597	0.0045228215332349	0.00339163011969379	0.00436514891966482	0.00411673935377965	0.00364437230673632	0.00496551855434419	0.00374635823157677	0.00421392904036993	0.00381989134441982	0.00545750546558058	0.00429288594594328	0.00527419265926168	0.00481524090092984	0.00486370479294146	0.00569345578692767	0.00358764406812479	0.00601854703035905	0.00430156048436713	0.00598699005697368	0.00660434056542735	0.00594068486263829	0.00581594081962259	0.00528364937066132	0.00679500363710015	0.00499801706039812	0.00598588540305604	0.00456172095199281	0.00496211505938886	0.0064787615819846	0.0064760136592534	0.0055210371415549	0.00622138557291295	0.00559435590991034	0.0065396290520182	0.00616220673432011	0.00579267753856138	0.00859855343539039	0.00345807351451145	0.00795730061406507	0.00859978211360495	0.0108148516983243	0.0110520180136154	0.0103520581241886	0.00429272248630316	0.00980614397203776	0.00530534329807526	0.00923938971155359	0.00859895959395065	0.0139565969907926	0.0111474664291851	0.00641409820321506	0.0192099737300857	0.00730510901919157	0.0133399723285128	0.00851073709158694	0.0173289204223469	0.0109305424854746	0.015032430839192	0.0251671704281978	0.0329995739276168	0.0343669879352666	0.0240647254318029
817.78	-0.0017955802568281	0.00618837718829008	-0.00557787963470593	-5.61094754031739E-4	0.0030471055674366	0.00251930750436992	-0.00271322958653366	0.00220391131856546	0.00553278690407949	0.00264871016518003	-4.43939063652007E-4	0.00220160006974018	8.57529850845698E-4	2.79657722289881E-4	0.00274317874862607	0.00134789460184176	0.00384774082869683	-0.00105065563999762	0.001692763344913	-0.00154611176160604	2.53236678248696E-4	0.00273234456738248	0.00253376898568584	0.00139057943024888	1.10995398635814E-4	4.32433235119795E-4	4.30145500549159E-4	-0.00203654837549931	-6.38009559793013E-4	-0.00417703417996036	-9.16096301921416E-4	-6.92376696709634E-4	0.00241160803179949	0.00329279867914855	3.69407935610346E-4	1.80129718387131E-4	0.00520611213360483	0.00439534695406616	-6.73320014950068E-4	0.00315040769709947	-1.64681137247928E-4	-9.75170490894417E-4	6.83438139980587E-7	-2.39407796617384E-4	0.00246002692648958	0.00141259740277236	3.87004701245152E-4	7.61582402452826E-4	5.99919847188239E-4	-0.003518910707265	-2.86228713848532E-4	0.00125979294966498	0.00170430858290573	-8.62785905181302E-4	6.46697417432945E-5	6.32785568242325E-4	0.00253187059597525	9.09268663698839E-4	-3.40414229003096E-8	0.00123136382214629	1.15258156796627E-4	0.00204527641355501	-1.10353118809345E-4	0.00208442177292123	3.23692493297456E-4	3.71395478558108E-4	6.76921903916523E-4	8.72123345321046E-4	-1.51059040708009E-4	0.00167942590512143	-0.00188819963591978	0.00137521862951181	0.00158170978202976	4.58359845074149E-5	1.35078640691877E-4	-0.001053842768169	-3.86668425548E-4	4.2036820023602E-4	-1.24093317174356E-4	-0.00129692506095211	0.0015130741324447	3.89262561906174E-4	8.38248809088522E-4	0.00160077724456516	6.53165583894056E-4	-2.12881034371869E-4	3.10886982943369E-4	3.03344722528836E-4	0.00108612099022051	7.06327376530474E-4	3.7714093569899E-4	4.90761824611738E-4	2.70860457668309E-4	-1.16612157357104E-4	8.65765906564648E-5	-2.74857761985903E-5	8.30589113129039E-4	8.38201994934723E-4	9.78699714921666E-4	8.28778238876223E-4	3.78896689411474E-4	6.5316352358695E-4	-1.59299777183825E-4	3.00518191477522E-4	2.09882558018403E-4	-2.70691618176644E-4	2.03288173289038E-5	1.73046619554705E-4	1.43341554712781E-4	2.58349668039919E-4	-2.05094147089519E-4	6.71676736122829E-4	-4.7220569724114E-5	1.41065241402773E-4	1.39152341976504E-4	4.43045576116666E-4	-1.12469683390946E-4	2.22425302203824E-4	3.63427488331257E-4	4.69913470773147E-4	8.91499665966732E-4	-3.08162663684662E-5	2.19114454785055E-4	5.5133215808723E-4	1.9097363984041E-5	1.19965827098438E-4	3.68327788069979E-4	-2.76326842578202E-4	3.53305099297294E-4	-3.49176149001041E-4	3.43511410726695E-4	1.80393657422029E-4	7.33100934026787E-4	0.00115752631524327	3.21880590428284E-4	3.38789096904764E-4	0.00103662324315001	9.42359696081335E-4	1.97164310895986E-4	9.85970408456195E-4	0.00122447077244748	0	0	0	0	0	0	0	0	0	0	5.91674595326371E-4	7.57413937826521E-4	-3.1644388646828E-4	5.10777910737537E-4	0.00125468708901903	0.0012401128790303	0.00138565688738743	0.00147826769550656	0.00159210508487493	0.00173146131240237	0.00178865413850414	0.00282680385872913	0.00212612812497299	0.00264339128003598	0.0016214019006825	0.00220335287541909	0.00243735680294568	0.00304227254998251	0.00242956109535445	0.00222993250703034	0.00194429472384571	0.00319941961619467	0.00281447296646471	0.00210932599654978	0.00223220150772726	0.00235914731844013	0.00291560221914032	0.0029474002731019	0.00385000652518312	0.00397825414620795	0.00477987847528707	0.00341218877960527	0.00383568768075041	0.00401548730553789	0.0042877260761559	0.00441476665214904	0.00423244749734616	0.0042000315152404	0.00379083409727085	0.0032318537475762	0.00318110767580128	0.00490695130279009	0.00490691345823802	0.00420691633807864	0.00496230301049715	0.00410651020794472	0.00445022596624711	0.003580756987093	0.00496478416604185	0.00539202661923945	0.00312636487561786	0.00461700825877127	0.00395475760352423	0.00433934005928915	0.00543921892812806	0.00335762897901981	0.00350231979494248	0.00376399679713239	0.00191283677987859	0.00491441253469569	0.00404688977767644	0.00581360967602357	0.00963048921887665	0.00645828141995982	0.00638651784831984	0.00491793768442566	0.00182614255764687	0.00738019180057256	0.00416201085766646	0.0122829615817412	0.0061433579413038	0.00460993975880108	0.00241083088865246	0.00995783860020935	0.00894055344630541	0.0094535250149325	0.0106758855751794	0.00741456886650287	0.0148587396401284	0.00564926021052456	-0.00445946304907989	0.0294438791733272	0.0210522666215202	0.0266606390371446	-0.031195122614013
822.552	0.00405905621578289	-0.00265257694352532	0.00496163660100978	0.00317948837887811	-5.07052484748856E-4	-9.4511120091135E-4	-0.00361847912153077	0.00264234542629946	0.00800812742763957	-0.00515002268681566	-0.00103854780534414	0.00205529810514463	0.0032879370760363	0.00545293747131105	4.15451930694328E-4	0.00108219684715034	-0.00358266580372583	7.90262063805009E-4	0.00117215853961357	0.00696006046092317	0.00888127050259266	0.00422307941714744	2.42488615350986E-4	0.00324387893368284	0.00277649173583101	0.00194316947534503	0.00460887892135575	-4.27971188232356E-4	-0.00191308532189688	2.08236671971331E-4	0.00132754774611771	0.00277764570850949	0.00144725843870549	0.00564827955128373	0.0033168184942837	0.00442406726247821	0.0028272736016816	0.00198270012993481	0.00421488719071993	6.63511643722391E-4	0.00205323178237784	-0.00121995438293255	-4.83901183114105E-4	2.41486473181845E-4	-0.00190219472203509	0.00439487377055212	-0.00162546990750888	0.00190418511262492	0.00239467256508886	7.34839970430359E-4	0.00100437943156993	4.90367179698771E-4	-0.00115883108442972	1.99408528904069E-4	-6.46438387205633E-5	1.90591888590834E-4	-1.85059251294983E-4	0.00194153189028804	0.00268317408328496	-4.68692837655634E-4	-4.03809131358486E-4	1.70334513997328E-4	0.00195463071281105	0.00263370527205404	-2.15290988605637E-4	2.64986796142933E-4	0.00203201361422013	0.00174308823733926	4.03244594552086E-4	4.44570010797598E-4	6.78356657298373E-4	4.7504968036438E-4	4.65394470847427E-4	6.39062942926428E-4	-4.02319920361955E-4	0.00201913139561213	1.72724502308453E-4	0.00197984657414054	0.00107492325844233	1.61994942375062E-4	0.00235044302154728	-1.16928646328746E-4	5.33974453061628E-4	-3.34458502042559E-4	4.3600534011535E-4	0.00138172170165247	0.0017271382969576	0.00151745477964991	7.56791370183468E-4	6.10333747267241E-4	2.20485800521954E-4	-9.16716779944621E-5	0.00102075327460705	5.88114897147643E-5	2.02684220513021E-4	8.49478812703923E-4	-3.32192560742107E-4	7.84418002296728E-4	8.46440378301917E-4	2.59351379532062E-4	5.81207304894273E-4	0.00106451909395609	9.55577124538172E-4	1.07278463329197E-4	0.00117291115680294	7.72226543610192E-4	2.03324238721004E-5	3.65032424845218E-4	3.94408110843992E-4	-8.58703996384032E-5	7.35643641844975E-4	1.177847560149E-4	4.55941507684352E-4	8.61700057207213E-4	5.07002408618437E-4	0.0010374927781104	2.48403738066526E-4	-1.28426857170466E-4	2.8825374839956E-4	-2.61127169739739E-5	1.72855626195053E-4	1.88108955625137E-4	9.25704724848227E-4	6.94278575708159E-4	2.80211696233194E-4	5.57960628880592E-4	3.46313947993581E-4	9.93077928449516E-4	0.00155335860206009	8.38182330965935E-4	2.97981551386179E-4	0.00182484997271433	6.66591051689237E-4	0.00117962385938534	0.00115794674089431	-4.01847636500648E-4	0.00162923232291928	0.0010921225891646	7.21008325599169E-4	0.00125518448172203	0	0	0	0	0	0	0	0	0	0	7.80842700979462E-4	0.00182402252931852	8.30515396830787E-4	0.00146163250763009	0.00318468312570928	9.41268533549044E-4	0.00128806563950665	0.00258380891648586	0.00103958546969476	8.42088553766749E-4	0.00191172070934177	0.00187818156455992	0.00235967886860877	0.00276960431112548	0.00211507378643649	0.00219140774102753	0.00237825779905346	0.00296022711208092	0.00269508924994556	0.00256023141360075	0.00242523384571643	0.00280915659266021	0.00285420288698107	0.00240357937588396	0.00376292357678191	0.00389664041774238	0.00302130540900145	0.00304955166679262	0.0032180636244364	0.00332667056289341	0.00282236120313709	0.00343824167086614	0.00478262292374309	0.00391014457915768	0.00348638148691696	0.00371667982356419	0.00374653772985102	0.00478316505495763	0.0045110656188389	0.00509390460538346	0.00477493482341674	0.00515190654111357	0.00527856335188553	0.00279985719585112	0.00391836885160437	0.00525930392167664	0.00639662474419468	0.00534816828378187	0.00556716278085335	0.0048560959253105	0.00463879166319181	0.00641008775217164	0.00502289271764245	0.00555418706088506	0.00460288010667926	0.00377863941868775	0.0061317776870884	0.00412096110766572	0.00698305584879156	0.00614288821172691	0.00430100148500457	0.00672371911645175	0.00526132570873081	0.0102938824822826	0.00552533536113629	0.00786185465698823	0.00647326261527516	0.00502495126795666	0.00543899910279467	0.00385007677077482	0.00428619707304499	0.00589903462933152	0.00826848049017357	0.00738553782766637	0.0126605786501918	0.0133186234845685	0.00880970366575652	0.0147982661103948	0.00988698703992994	0.00774037676349411	0.0222173005079902	0.00122999346988313	0.0156791228434015	0.0336017516039292	0.00141199179558585	0.0231786307386867
