Sample - Blank	700	698	696	694	692	690	688	686	684	682	680	678	676	674	672	670	668	666	664	662	660	658	656	654	652	650	648	646	644	642	640	638	636	634	632	630	628	626	624	622	620	618	616	614	612	610	608	606	604	602	600	598	596	594	592	590	588	586	584	582	580	578	576	574	572	570	568	566	564	562	560	558	556	554	552	550	548	546	544	542	540	538	536	534	532	530	528	526	524	522	520	518	516	514	512	510	508	506	504	502	500	498	496	494	492	490	488	486	484	482	480	478	476	474	472	470	468	466	464	462	460	458	456	454	452	450	448	446	444	442	440	438	436	434	432	430	428	426	424	422	420	418	416	414	412	410	408	406	404	402	400	398	396	394	392	390	388	386	384	382	380	378	376	374	372	370	368	366	364	362	360	358	356	354	352	350	348	346	344	342	340	338	336	334	332	330	328	326	324	322	320	318	316	314	312	310	308	306	304	302	300	298	296	294	292	290	288	286	284	282	280	278	276	274	272	270	268	266	264	262	260	258	256	254	252	250	248	246	244	242	240	238	236	234	232	230
nm																																																																																																																																																																																																																																												
Normalized by 10307.053																																																																																																																																																																																																																																												
245.154	0	0	0	0	0	0	0	0	0	0	0	0	0	0	0	0	0	0	0	0	0	0	0	0	0	0	0	0	0	0	0	0	0	0	0	0	0	0	0	0	0	0	0	0	0	0	0	0	0	0	0	0	0	0	0	0	0	0	0	0	0	0	0	0	0	0	0	0	0	0	0	0	0	0	0	0	0	0	0	0	0	0	0	0	0	0	0	0	0	0	0	0	0	0	0	0	0	0	0	0	0	0	0	0	0	0	0	0	0	0	0	0	0	0	0	0	0	0	0	0	0	0	0	0	0	0	0	0	0	0	0	0	0	0	0	0	0	0	0	0	0	0	0	0	0	0	0	0	0	0	0	0	0	0	0	0	0	0	0	0	0	0	0	0	0	0	0	0	0	0	0	0	0	0	0	0	0	0	0	0	0	0	0	0	0	0	0	0	0	0	0	0	0	0	0	0	0	0	0	0	0	0	0	0	0	0	0	0	0	0	0	0	0	0	0	0	0	0	0	0	0	0	0	0	0	0	0	0	0	0	0	0	0	-0.00954871844789611	-0.0800641888139246	-0.186503661129326
249.632	0	0	0	0	0	0	0	0	0	0	0	0	0	0	0	0	0	0	0	0	0	0	0	0	0	0	0	0	0	0	0	0	0	0	0	0	0	0	0	0	0	0	0	0	0	0	0	0	0	0	0	0	0	0	0	0	0	0	0	0	0	0	0	0	0	0	0	0	0	0	0	0	0	0	0	0	0	0	0	0	0	0	0	0	0	0	0	0	0	0	0	0	0	0	0	0	0	0	0	0	0	0	0	0	0	0	0	0	0	0	0	0	0	0	0	0	0	0	0	0	0	0	0	0	0	0	0	0	0	0	0	0	0	0	0	0	0	0	0	0	0	0	0	0	0	0	0	0	0	0	0	0	0	0	0	0	0	0	0	0	0	0	0	0	0	0	0	0	0	0	0	0	0	0	0	0	0	0	0	0	0	0	0	0	0	0	0	0	0	0	0	0	0	0	0	0	0	0	0	0	0	0	0	0	0	0	0	0	0	0	0	0	0	0	0	0	0	0	0	0	0	0	0	0	0	0	0	0	0	0	0	-0.00248585718617164	-0.0330807010896971	-0.150923365252777	-0.330071543550832	-0.503361350882617
254.115	0	0	0	0	0	0	0	0	0	0	0	0	0	0	0	0	0	0	0	0	0	0	0	0	0	0	0	0	0	0	0	0	0	0	0	0	0	0	0	0	0	0	0	0	0	0	0	0	0	0	0	0	0	0	0	0	0	0	0	0	0	0	0	0	0	0	0	0	0	0	0	0	0	0	0	0	0	0	0	0	0	0	0	0	0	0	0	0	0	0	0	0	0	0	0	0	0	0	0	0	0	0	0	0	0	0	0	0	0	0	0	0	0	0	0	0	0	0	0	0	0	0	0	0	0	0	0	0	0	0	0	0	0	0	0	0	0	0	0	0	0	0	0	0	0	0	0	0	0	0	0	0	0	0	0	0	0	0	0	0	0	0	0	0	0	0	0	0	0	0	0	0	0	0	0	0	0	0	0	0	0	0	0	0	0	0	0	0	0	0	0	0	0	0	0	0	0	0	0	0	0	0	0	0	0	0	0	0	0	0	0	0	0	0	0	0	0	0	0	0	0	0	0	0	0	0	0	0	-0.00419782338659549	-0.0207399078780383	-0.0341584063124583	-0.0866702782164365	-0.223123274846899	-0.32670864029137	-0.340344588098779	-0.295019411241282
258.601	0	0	0	0	0	0	0	0	0	0	0	0	0	0	0	0	0	0	0	0	0	0	0	0	0	0	0	0	0	0	0	0	0	0	0	0	0	0	0	0	0	0	0	0	0	0	0	0	0	0	0	0	0	0	0	0	0	0	0	0	0	0	0	0	0	0	0	0	0	0	0	0	0	0	0	0	0	0	0	0	0	0	0	0	0	0	0	0	0	0	0	0	0	0	0	0	0	0	0	0	0	0	0	0	0	0	0	0	0	0	0	0	0	0	0	0	0	0	0	0	0	0	0	0	0	0	0	0	0	0	0	0	0	0	0	0	0	0	0	0	0	0	0	0	0	0	0	0	0	0	0	0	0	0	0	0	0	0	0	0	0	0	0	0	0	0	0	0	0	0	0	0	0	0	0	0	0	0	0	0	0	0	0	0	0	0	0	0	0	0	0	0	0	0	0	0	0	0	0	0	0	0	0	0	0	0	0	0	0	0	0	0	0	0	0	0	0	0	0	0	0	0	0	0	0	0	-0.00652592148321913	-0.00156165757499776	-0.00933444781303019	-0.048184525624885	-0.132944292437402	-0.234363344307297	-0.276188273488562	-0.222045884877009	-0.12245391152985	-0.0347642939312287
263.091	0	0	0	0	0	0	0	0	0	0	0	0	0	0	0	0	0	0	0	0	0	0	0	0	0	0	0	0	0	0	0	0	0	0	0	0	0	0	0	0	0	0	0	0	0	0	0	0	0	0	0	0	0	0	0	0	0	0	0	0	0	0	0	0	0	0	0	0	0	0	0	0	0	0	0	0	0	0	0	0	0	0	0	0	0	0	0	0	0	0	0	0	0	0	0	0	0	0	0	0	0	0	0	0	0	0	0	0	0	0	0	0	0	0	0	0	0	0	0	0	0	0	0	0	0	0	0	0	0	0	0	0	0	0	0	0	0	0	0	0	0	0	0	0	0	0	0	0	0	0	0	0	0	0	0	0	0	0	0	0	0	0	0	0	0	0	0	0	0	0	0	0	0	0	0	0	0	0	0	0	0	0	0	0	0	0	0	0	0	0	0	0	0	0	0	0	0	0	0	0	0	0	0	0	0	0	0	0	0	0	0	0	0	0	0	0	0	0	0	0	0	0	0	0	-0.0059529946037404	-0.0116279833283901	-0.0176891439206898	-0.0466027872142301	-0.104513808093324	-0.173137450787837	-0.24417186349456	-0.197409556283146	-0.124865494451333	-0.0337918130705885	-0.0283165858953864	-0.0565200093353734
267.584	0	0	0	0	0	0	0	0	0	0	0	0	0	0	0	0	0	0	0	0	0	0	0	0	0	0	0	0	0	0	0	0	0	0	0	0	0	0	0	0	0	0	0	0	0	0	0	0	0	0	0	0	0	0	0	0	0	0	0	0	0	0	0	0	0	0	0	0	0	0	0	0	0	0	0	0	0	0	0	0	0	0	0	0	0	0	0	0	0	0	0	0	0	0	0	0	0	0	0	0	0	0	0	0	0	0	0	0	0	0	0	0	0	0	0	0	0	0	0	0	0	0	0	0	0	0	0	0	0	0	0	0	0	0	0	0	0	0	0	0	0	0	0	0	0	0	0	0	0	0	0	0	0	0	0	0	0	0	0	0	0	0	0	0	0	0	0	0	0	0	0	0	0	0	0	0	0	0	0	0	0	0	0	0	0	0	0	0	0	0	0	0	0	0	0	0	0	0	0	0	0	0	0	0	0	0	0	0	0	0	0	0	0	0	0	0	0	0	0	0	0	0	-0.00497390138727318	-0.00221339337457242	-0.0112165750285187	-0.0261221868476889	-0.0596990723145774	-0.135095987378642	-0.166479151738023	-0.145013683982694	-0.0716507333183585	-0.0414775835925699	-0.0159965792035943	-0.00646612741486836	-7.40115294297439E-4	-0.0369259817473548
272.082	0	0	0	0	0	0	0	0	0	0	0	0	0	0	0	0	0	0	0	0	0	0	0	0	0	0	0	0	0	0	0	0	0	0	0	0	0	0	0	0	0	0	0	0	0	0	0	0	0	0	0	0	0	0	0	0	0	0	0	0	0	0	0	0	0	0	0	0	0	0	0	0	0	0	0	0	0	0	0	0	0	0	0	0	0	0	0	0	0	0	0	0	0	0	0	0	0	0	0	0	0	0	0	0	0	0	0	0	0	0	0	0	0	0	0	0	0	0	0	0	0	0	0	0	0	0	0	0	0	0	0	0	0	0	0	0	0	0	0	0	0	0	0	0	0	0	0	0	0	0	0	0	0	0	0	0	0	0	0	0	0	0	0	0	0	0	0	0	0	0	0	0	0	0	0	0	0	0	0	0	0	0	0	0	0	0	0	0	0	0	0	0	0	0	0	0	0	0	0	0	0	0	0	0	0	0	0	0	0	0	0	0	0	0	0	0	0	0	0	0.00587813213213949	0.00389960872567736	0.00980129045701237	-3.71793303765064E-4	-0.00910155319702826	-0.0532236510629337	-0.102566774021673	-0.138400357621562	-0.118284587421093	-0.0713299914428086	-0.01324775074565	0.0197604112951373	0.00792279945576969	0.0146397102885613	0.0454829043455018	0.0377157080539178	0.0302423353592047
276.583	0	0	0	0	0	0	0	0	0	0	0	0	0	0	0	0	0	0	0	0	0	0	0	0	0	0	0	0	0	0	0	0	0	0	0	0	0	0	0	0	0	0	0	0	0	0	0	0	0	0	0	0	0	0	0	0	0	0	0	0	0	0	0	0	0	0	0	0	0	0	0	0	0	0	0	0	0	0	0	0	0	0	0	0	0	0	0	0	0	0	0	0	0	0	0	0	0	0	0	0	0	0	0	0	0	0	0	0	0	0	0	0	0	0	0	0	0	0	0	0	0	0	0	0	0	0	0	0	0	0	0	0	0	0	0	0	0	0	0	0	0	0	0	0	0	0	0	0	0	0	0	0	0	0	0	0	0	0	0	0	0	0	0	0	0	0	0	0	0	0	0	0	0	0	0	0	0	0	0	0	0	0	0	0	0	0	0	0	0	0	0	0	0	0	0	0	0	0	0	0	0	0	0	0	0	0	0	0	0	0	0	0	0	0	0	0	0	0.00860114021724031	0.0101786574566382	0.00806794677434775	0.00809654580705688	-0.011727234885814	-0.0353367324936765	-0.0919002859600687	-0.0987905285808794	-0.0971611157098847	-0.0632588173065969	0.00145074994861133	-0.00164453301266607	0.00888102586211539	0.00971046089993147	0.00871673991383082	0.0435242021512699	0.0026956377186988	0.0136214156412084	0.0320042081991339
281.087	0	0	0	0	0	0	0	0	0	0	0	0	0	0	0	0	0	0	0	0	0	0	0	0	0	0	0	0	0	0	0	0	0	0	0	0	0	0	0	0	0	0	0	0	0	0	0	0	0	0	0	0	0	0	0	0	0	0	0	0	0	0	0	0	0	0	0	0	0	0	0	0	0	0	0	0	0	0	0	0	0	0	0	0	0	0	0	0	0	0	0	0	0	0	0	0	0	0	0	0	0	0	0	0	0	0	0	0	0	0	0	0	0	0	0	0	0	0	0	0	0	0	0	0	0	0	0	0	0	0	0	0	0	0	0	0	0	0	0	0	0	0	0	0	0	0	0	0	0	0	0	0	0	0	0	0	0	0	0	0	0	0	0	0	0	0	0	0	0	0	0	0	0	0	0	0	0	0	0	0	0	0	0	0	0	0	0	0	0	0	0	0	0	0	0	0	0	0	0	0	0	0	0	0	0	0	0	0	0	0	0	0	0	0	0	0.0132976665073934	0.0118554435524652	0.0124353126665618	0.0128731378596765	-0.00122145942863236	-0.0282224772075722	-0.0481142992489013	-0.0847064219901257	-0.09357139385816	-0.0538453559533668	-0.0175624947765634	0.0010585190199634	0.00545808615068952	0.00696272658150418	0.0120302137780708	0.00544514727883402	-0.00234128923072436	0.00358363500582147	5.22452000140623E-4	0.00761764178261626	0.00928739647656523
285.595	0	0	0	0	0	0	0	0	0	0	0	0	0	0	0	0	0	0	0	0	0	0	0	0	0	0	0	0	0	0	0	0	0	0	0	0	0	0	0	0	0	0	0	0	0	0	0	0	0	0	0	0	0	0	0	0	0	0	0	0	0	0	0	0	0	0	0	0	0	0	0	0	0	0	0	0	0	0	0	0	0	0	0	0	0	0	0	0	0	0	0	0	0	0	0	0	0	0	0	0	0	0	0	0	0	0	0	0	0	0	0	0	0	0	0	0	0	0	0	0	0	0	0	0	0	0	0	0	0	0	0	0	0	0	0	0	0	0	0	0	0	0	0	0	0	0	0	0	0	0	0	0	0	0	0	0	0	0	0	0	0	0	0	0	0	0	0	0	0	0	0	0	0	0	0	0	0	0	0	0	0	0	0	0	0	0	0	0	0	0	0	0	0	0	0	0	0	0	0	0	0	0	0	0	0	0	0	0	0	0	0	0	0	0.0211273940810159	0.0237580758938516	0.0215816408126202	0.0199615971548619	0.0109251673207714	-0.0101464134948546	-0.0431335260149049	-0.0607148975275876	-0.0635771488527231	-0.0384403514083213	-0.0147478735673451	-9.27549247683346E-4	0.00658750533364268	0.00554393872906243	0.0263682181391971	0.0127935381206889	0.0117210244228596	0.0424879620495167	0.0197292147564016	0.0293520179953769	0.0217392777249132	0.0379700137913593	0.0559524627578853
290.107	0	0	0	0	0	0	0	0	0	0	0	0	0	0	0	0	0	0	0	0	0	0	0	0	0	0	0	0	0	0	0	0	0	0	0	0	0	0	0	0	0	0	0	0	0	0	0	0	0	0	0	0	0	0	0	0	0	0	0	0	0	0	0	0	0	0	0	0	0	0	0	0	0	0	0	0	0	0	0	0	0	0	0	0	0	0	0	0	0	0	0	0	0	0	0	0	0	0	0	0	0	0	0	0	0	0	0	0	0	0	0	0	0	0	0	0	0	0	0	0	0	0	0	0	0	0	0	0	0	0	0	0	0	0	0	0	0	0	0	0	0	0	0	0	0	0	0	0	0	0	0	0	0	0	0	0	0	0	0	0	0	0	0	0	0	0	0	0	0	0	0	0	0	0	0	0	0	0	0	0	0	0	0	0	0	0	0	0	0	0	0	0	0	0	0	0	0	0	0	0	0	0	0	0	0	0	0	0	0	0	0.0308523488350369	0.031359408448395	0.0342827515936395	0.0360319313545427	0.0281633613076963	0.0259434589291645	0.00621086020496143	-0.0226896964116994	-0.0431389239339973	-0.0481388673899167	-0.0288316015050288	-0.0019113296855128	0.0185094346157172	0.0232551104773449	0.019628303658343	0.0215686908926666	0.0259047513291528	0.0139086686330638	0.0296002474552974	0.0265821455976246	0.0320691322852143	0.0400182445665264	0.0518473032365714	0.0535925113153799	0.0859791410051654	0.100657245969182
294.623	0	0	0	0	0	0	0	0	0	0	0	0	0	0	0	0	0	0	0	0	0	0	0	0	0	0	0	0	0	0	0	0	0	0	0	0	0	0	0	0	0	0	0	0	0	0	0	0	0	0	0	0	0	0	0	0	0	0	0	0	0	0	0	0	0	0	0	0	0	0	0	0	0	0	0	0	0	0	0	0	0	0	0	0	0	0	0	0	0	0	0	0	0	0	0	0	0	0	0	0	0	0	0	0	0	0	0	0	0	0	0	0	0	0	0	0	0	0	0	0	0	0	0	0	0	0	0	0	0	0	0	0	0	0	0	0	0	0	0	0	0	0	0	0	0	0	0	0	0	0	0	0	0	0	0	0	0	0	0	0	0	0	0	0	0	0	0	0	0	0	0	0	0	0	0	0	0	0	0	0	0	0	0	0	0	0	0	0	0	0	0	0	0	0	0	0	0	0	0	0	0	0	0	0	0	0	0	0	0.0314562553151876	0.0338795294120992	0.0364936601663692	0.040975488956648	0.0401827232415225	0.0316385413393568	0.0191358693381014	-0.00479582324001255	-0.0235652969842955	-0.0314187695589652	-0.0113402632823113	0.00535930965280305	0.0109846958873668	0.0167301571219859	0.024086796943503	0.0220054407505775	0.0238311727814497	0.0248966511936116	0.0121318107267749	0.0362988179067608	0.0126468866956615	0.019023449013681	0.0263656460429163	0.0474164180176154	0.050529475659445	0.0466485079882494	0.0845343837508397	0.0735735006233067
299.142	0	0	0	0	0	0	0	0	0	0	0	0	0	0	0	0	0	0	0	0	0	0	0	0	0	0	0	0	0	0	0	0	0	0	0	0	0	0	0	0	0	0	0	0	0	0	0	0	0	0	0	0	0	0	0	0	0	0	0	0	0	0	0	0	0	0	0	0	0	0	0	0	0	0	0	0	0	0	0	0	0	0	0	0	0	0	0	0	0	0	0	0	0	0	0	0	0	0	0	0	0	0	0	0	0	0	0	0	0	0	0	0	0	0	0	0	0	0	0	0	0	0	0	0	0	0	0	0	0	0	0	0	0	0	0	0	0	0	0	0	0	0	0	0	0	0	0	0	0	0	0	0	0	0	0	0	0	0	0	0	0	0	0	0	0	0	0	0	0	0	0	0	0	0	0	0	0	0	0	0	0	0	0	0	0	0	0	0	0	0	0	0	0	0	0	0	0	0	0	0	0	0	0	0	0	0	0.0304901133192077	0.0354694645762696	0.0413389766145663	0.0462448975073166	0.0490154288383257	0.0517357504441682	0.0357381603927305	0.0231662997673747	0.0023886262205673	-0.00277721792315008	0.00975520699133063	0.027075755592371	0.0336782893005597	0.0353805489091083	0.0343619292495122	0.0366420251889605	0.0306830621388216	0.0334063243846455	0.0282660048389889	0.0391434457066503	0.0391837535392318	0.0282540863530728	0.036131768632951	0.027970581943512	0.0405367519005766	0.038378541797943	0.0531172358708053	0.102781352345344	0.110627749525172	0.115737073062391
303.665	0	0	0	0	0	0	0	0	0	0	0	0	0	0	0	0	0	0	0	0	0	0	0	0	0	0	0	0	0	0	0	0	0	0	0	0	0	0	0	0	0	0	0	0	0	0	0	0	0	0	0	0	0	0	0	0	0	0	0	0	0	0	0	0	0	0	0	0	0	0	0	0	0	0	0	0	0	0	0	0	0	0	0	0	0	0	0	0	0	0	0	0	0	0	0	0	0	0	0	0	0	0	0	0	0	0	0	0	0	0	0	0	0	0	0	0	0	0	0	0	0	0	0	0	0	0	0	0	0	0	0	0	0	0	0	0	0	0	0	0	0	0	0	0	0	0	0	0	0	0	0	0	0	0	0	0	0	0	0	0	0	0	0	0	0	0	0	0	0	0	0	0	0	0	0	0	0	0	0	0	0	0	0	0	0	0	0	0	0	0	0	0	0	0	0	0	0	0	0	0	0	0	0	0	0.0311229233837734	0.0395201283553722	0.0425434749978437	0.0502499427886641	0.0554090297972175	0.0602838780455387	0.0546698189832109	0.0414353781136202	0.0303122438994507	0.023491990466468	0.0288073081478284	0.0401412027430312	0.0480294264123815	0.0541357038642533	0.0508193785562125	0.0505172219140028	0.0436604604930044	0.0472240568231426	0.0406661159929199	0.0460106411805981	0.0328888474441848	0.0417198183704471	0.0345037837364508	0.0364574834455179	0.0443793596999101	0.0475912512595117	0.060195506329938	0.0731334184568695	0.0678239670245486	0.0830840154403735	0.131380732726662	0.145043642718234
308.191	0	0	0	0	0	0	0	0	0	0	0	0	0	0	0	0	0	0	0	0	0	0	0	0	0	0	0	0	0	0	0	0	0	0	0	0	0	0	0	0	0	0	0	0	0	0	0	0	0	0	0	0	0	0	0	0	0	0	0	0	0	0	0	0	0	0	0	0	0	0	0	0	0	0	0	0	0	0	0	0	0	0	0	0	0	0	0	0	0	0	0	0	0	0	0	0	0	0	0	0	0	0	0	0	0	0	0	0	0	0	0	0	0	0	0	0	0	0	0	0	0	0	0	0	0	0	0	0	0	0	0	0	0	0	0	0	0	0	0	0	0	0	0	0	0	0	0	0	0	0	0	0	0	0	0	0	0	0	0	0	0	0	0	0	0	0	0	0	0	0	0	0	0	0	0	0	0	0	0	0	0	0	0	0	0	0	0	0	0	0	0	0	0	0	0	0	0	0	0	0	0	0.0261869610010391	0.0305055545238507	0.0354521090537258	0.0443306786118662	0.0516498219002894	0.0597487930829542	0.0649094908548288	0.0639145957629028	0.0565786220563165	0.0540782156998194	0.0429844699676859	0.050364339281881	0.0623965669515223	0.0756800307376533	0.0734727808326147	0.0730791226599707	0.0696105559430034	0.0647210251061807	0.0618493238731821	0.0552485369222366	0.0566945721290981	0.0514150148473205	0.053272832828718	0.0549678408685856	0.0480049830669507	0.0591534366995943	0.0602460459528258	0.0572975765380349	0.0483772544071615	0.0823368711027054	0.0901381947690022	0.104124073591601	0.124489879378973	0.158165939330569	0.195616861274335
312.721	0	0	0	0	0	0	0	0	0	0	0	0	0	0	0	0	0	0	0	0	0	0	0	0	0	0	0	0	0	0	0	0	0	0	0	0	0	0	0	0	0	0	0	0	0	0	0	0	0	0	0	0	0	0	0	0	0	0	0	0	0	0	0	0	0	0	0	0	0	0	0	0	0	0	0	0	0	0	0	0	0	0	0	0	0	0	0	0	0	0	0	0	0	0	0	0	0	0	0	0	0	0	0	0	0	0	0	0	0	0	0	0	0	0	0	0	0	0	0	0	0	0	0	0	0	0	0	0	0	0	0	0	0	0	0	0	0	0	0	0	0	0	0	0	0	0	0	0	0	0	0	0	0	0	0	0	0	0	0	0	0	0	0	0	0	0	0	0	0	0	0	0	0	0	0	0	0	0	0	0	0	0	0	0	0	0	0	0	0	0	0	0	0	0	0	0	0	0	0	0.0226997507609644	0.0262410661465672	0.0325211990257559	0.0396232654477168	0.0456113537726274	0.051901909226057	0.0608870481526875	0.0555095381272576	0.0632170810332517	0.0510115277059326	0.0497034181277923	0.0613755469527209	0.0738771940190826	0.0794757471600078	0.0839870916612788	0.0874565791891715	0.082689689219983	0.0759636030639299	0.0764393729517612	0.0675245601921629	0.0636154009068966	0.0605770104104863	0.0598001147442542	0.0580741325463312	0.0552990974198628	0.0581606847667652	0.0549214562871187	0.0594984833199929	0.0557887327692025	0.0589964689376288	0.0723778296859608	0.0806924638742417	0.0958562024333444	0.089834414427376	0.109588315188635	0.149169249077838	0.14709714967695
317.254	0	0	0	0	0	0	0	0	0	0	0	0	0	0	0	0	0	0	0	0	0	0	0	0	0	0	0	0	0	0	0	0	0	0	0	0	0	0	0	0	0	0	0	0	0	0	0	0	0	0	0	0	0	0	0	0	0	0	0	0	0	0	0	0	0	0	0	0	0	0	0	0	0	0	0	0	0	0	0	0	0	0	0	0	0	0	0	0	0	0	0	0	0	0	0	0	0	0	0	0	0	0	0	0	0	0	0	0	0	0	0	0	0	0	0	0	0	0	0	0	0	0	0	0	0	0	0	0	0	0	0	0	0	0	0	0	0	0	0	0	0	0	0	0	0	0	0	0	0	0	0	0	0	0	0	0	0	0	0	0	0	0	0	0	0	0	0	0	0	0	0	0	0	0	0	0	0	0	0	0	0	0	0	0	0	0	0	0	0	0	0	0	0	0	0	0	0	0.0226251575042364	0.0282746777795432	0.033181327345999	0.0353840506443747	0.0419947182727339	0.0470170930001812	0.0543917547985013	0.0610435716467441	0.0571670235901054	0.0518892575800599	0.0580039572562914	0.0670383276279878	0.0792084658047109	0.0918699408931685	0.0953960605647197	0.0933142036935789	0.0964410388306018	0.0902930263371545	0.085373082950335	0.0863014753080903	0.0789661683207033	0.0734350767405607	0.0773850208673893	0.0713558692468938	0.0703581230996551	0.0703977188437322	0.0658617350322563	0.0621853845442907	0.0607713466829041	0.0573908054241176	0.0751024297183639	0.0722394610107658	0.08306696857797	0.0870426731027775	0.0940362816741406	0.132209639450384	0.143254039635369	0.177811114270216	0.182244583599505
321.791	0	0	0	0	0	0	0	0	0	0	0	0	0	0	0	0	0	0	0	0	0	0	0	0	0	0	0	0	0	0	0	0	0	0	0	0	0	0	0	0	0	0	0	0	0	0	0	0	0	0	0	0	0	0	0	0	0	0	0	0	0	0	0	0	0	0	0	0	0	0	0	0	0	0	0	0	0	0	0	0	0	0	0	0	0	0	0	0	0	0	0	0	0	0	0	0	0	0	0	0	0	0	0	0	0	0	0	0	0	0	0	0	0	0	0	0	0	0	0	0	0	0	0	0	0	0	0	0	0	0	0	0	0	0	0	0	0	0	0	0	0	0	0	0	0	0	0	0	0	0	0	0	0	0	0	0	0	0	0	0	0	0	0	0	0	0	0	0	0	0	0	0	0	0	0	0	0	0	0	0	0	0	0	0	0	0	0	0	0	0	0	0	0	0	0	0.0260988965174688	0.0279570293478869	0.034442333818612	0.0382573521013988	0.0428893801094618	0.0458484934178229	0.0525462848509307	0.0551200171125137	0.0632248547357406	0.0589790646960282	0.0642238386033744	0.06648764570643	0.0828803180271999	0.0961005480461257	0.103682494796732	0.106025569534053	0.105060354804701	0.105544155865191	0.103909036806018	0.105495854294192	0.100213872054229	0.0916484369576513	0.0844336357407397	0.0899452926079023	0.0839110853566689	0.0858404579937462	0.0830344492569281	0.0824839489942957	0.0744594530670748	0.0766778035142385	0.0799715892043889	0.0778604635359592	0.0814088668996857	0.0738263380838424	0.096886005002469	0.104525563079456	0.125773344600742	0.126063892719659	0.189819123039448	0.1847172942156	0.191650619101531
326.331	0	0	0	0	0	0	0	0	0	0	0	0	0	0	0	0	0	0	0	0	0	0	0	0	0	0	0	0	0	0	0	0	0	0	0	0	0	0	0	0	0	0	0	0	0	0	0	0	0	0	0	0	0	0	0	0	0	0	0	0	0	0	0	0	0	0	0	0	0	0	0	0	0	0	0	0	0	0	0	0	0	0	0	0	0	0	0	0	0	0	0	0	0	0	0	0	0	0	0	0	0	0	0	0	0	0	0	0	0	0	0	0	0	0	0	0	0	0	0	0	0	0	0	0	0	0	0	0	0	0	0	0	0	0	0	0	0	0	0	0	0	0	0	0	0	0	0	0	0	0	0	0	0	0	0	0	0	0	0	0	0	0	0	0	0	0	0	0	0	0	0	0	0	0	0	0	0	0	0	0	0	0	0	0	0	0	0	0	0	0	0	0	0.0205521027043113	0.0245844253656141	0.0264410706627876	0.0309786538584048	0.0374398001297187	0.042998921021255	0.049213095951498	0.0530081138656472	0.056682103748795	0.0613997172017266	0.0597028266749307	0.0646764102585675	0.0711739167234714	0.0843019361227778	0.0918059286772342	0.106872799066993	0.11259300059046	0.115097325673458	0.118704568999473	0.112320086973871	0.112250923765122	0.111844822965264	0.105934077445493	0.106116075385048	0.100636904587713	0.0955983266519264	0.0897094621989359	0.0854900034032957	0.0919790561496584	0.0849157103010248	0.0815135362037899	0.0865494877814879	0.085392516691392	0.0805847717484169	0.0768543620053528	0.093957576600792	0.0928092064323982	0.0957241039001211	0.10177724891753	0.126921795077977	0.169310378065632	0.191772733217052	0.222752292212043	0.273711900955403
330.875	0	0	0	0	0	0	0	0	0	0	0	0	0	0	0	0	0	0	0	0	0	0	0	0	0	0	0	0	0	0	0	0	0	0	0	0	0	0	0	0	0	0	0	0	0	0	0	0	0	0	0	0	0	0	0	0	0	0	0	0	0	0	0	0	0	0	0	0	0	0	0	0	0	0	0	0	0	0	0	0	0	0	0	0	0	0	0	0	0	0	0	0	0	0	0	0	0	0	0	0	0	0	0	0	0	0	0	0	0	0	0	0	0	0	0	0	0	0	0	0	0	0	0	0	0	0	0	0	0	0	0	0	0	0	0	0	0	0	0	0	0	0	0	0	0	0	0	0	0	0	0	0	0	0	0	0	0	0	0	0	0	0	0	0	0	0	0	0	0	0	0	0	0	0	0	0	0	0	0	0	0	0	0	0	0	0	0	0	0	0	0.0212055510546408	0.0232819370774397	0.0288007266760619	0.0336916532119769	0.0362551860427524	0.0441605677711522	0.0495319688651198	0.0537980473012504	0.0594322421208346	0.057758603678915	0.0611383438382934	0.0635298871809173	0.0713952547672771	0.0832261934315236	0.096377155863411	0.108756580051797	0.114416359222677	0.116860228079407	0.118422895835203	0.121868171847062	0.121955004180704	0.122880600952364	0.118057737867272	0.11636550861322	0.108402075097996	0.10762612883514	0.108145447219498	0.0980316023307652	0.0958512735405912	0.0944815652814993	0.0941824810810762	0.0850355416003046	0.0932968034066243	0.0866702575401449	0.0901325473910339	0.083938559826044	0.0959711814193333	0.10324397354578	0.104212181856972	0.118757361999096	0.129797213886254	0.160196954010419	0.191218916102836	0.19624244569842	0.22801925051317	0.285612150891695
335.422	0	0	0	0	0	0	0	0	0	0	0	0	0	0	0	0	0	0	0	0	0	0	0	0	0	0	0	0	0	0	0	0	0	0	0	0	0	0	0	0	0	0	0	0	0	0	0	0	0	0	0	0	0	0	0	0	0	0	0	0	0	0	0	0	0	0	0	0	0	0	0	0	0	0	0	0	0	0	0	0	0	0	0	0	0	0	0	0	0	0	0	0	0	0	0	0	0	0	0	0	0	0	0	0	0	0	0	0	0	0	0	0	0	0	0	0	0	0	0	0	0	0	0	0	0	0	0	0	0	0	0	0	0	0	0	0	0	0	0	0	0	0	0	0	0	0	0	0	0	0	0	0	0	0	0	0	0	0	0	0	0	0	0	0	0	0	0	0	0	0	0	0	0	0	0	0	0	0	0	0	0	0	0	0	0	0	0	0	0.0228654078633379	0.0246923027065283	0.0274556073166054	0.0348557338045071	0.0368873525213962	0.0443770473162014	0.0462401839216186	0.0542317162585168	0.0575847417172813	0.0625691961433018	0.0593443177924282	0.0660305865053495	0.0680730402768855	0.0825919839626783	0.0919884570064634	0.104772720788941	0.113896377054808	0.11683368667541	0.12188534904655	0.126030206583883	0.127878903498593	0.126962368627837	0.122121122055011	0.124664217551227	0.12253433137499	0.115870466116078	0.115760156150255	0.112767517274505	0.112740585607506	0.102588902705917	0.103344040856626	0.0993162187470336	0.0964036916633147	0.0967345954392879	0.0958900988928578	0.0972811807962696	0.0958626846213295	0.0882550133595914	0.101853312529665	0.102466928167433	0.123000975683462	0.123680009331475	0.160342201551514	0.17263835543208	0.198096657636901	0.195118854898362	0.259208033967395	0.256168250838342
339.972	0	0	0	0	0	0	0	0	0	0	0	0	0	0	0	0	0	0	0	0	0	0	0	0	0	0	0	0	0	0	0	0	0	0	0	0	0	0	0	0	0	0	0	0	0	0	0	0	0	0	0	0	0	0	0	0	0	0	0	0	0	0	0	0	0	0	0	0	0	0	0	0	0	0	0	0	0	0	0	0	0	0	0	0	0	0	0	0	0	0	0	0	0	0	0	0	0	0	0	0	0	0	0	0	0	0	0	0	0	0	0	0	0	0	0	0	0	0	0	0	0	0	0	0	0	0	0	0	0	0	0	0	0	0	0	0	0	0	0	0	0	0	0	0	0	0	0	0	0	0	0	0	0	0	0	0	0	0	0	0	0	0	0	0	0	0	0	0	0	0	0	0	0	0	0	0	0	0	0	0	0	0	0	0	0	0	0.0259129892963304	0.0304534000789536	0.0334792124894393	0.0362379667970343	0.0432808040080022	0.0467519696232913	0.0530989618939924	0.0566911109892381	0.0647209312988352	0.064411412456102	0.0678662627090592	0.0707221166365984	0.0809363400021122	0.0858673012587348	0.0967872991007486	0.104437089912616	0.116214882362573	0.119416184751406	0.125723242705574	0.130019947645261	0.129090494597683	0.132049472123529	0.13352034053407	0.140619796568196	0.134122650534413	0.135324267839704	0.129686306310211	0.130378421811178	0.126850387016352	0.119974654785031	0.118163538301029	0.11460464279453	0.114136538842961	0.109800784467136	0.107324317009126	0.112705898627075	0.109856072293433	0.116481129471363	0.108657572439398	0.111910267269127	0.126845363814087	0.133277292097418	0.147606366615638	0.171806571624259	0.185652352646155	0.208082584868973	0.228165180248039	0.260857978668895	0.280571626184136	0.301487997423625
344.526	0	0	0	0	0	0	0	0	0	0	0	0	0	0	0	0	0	0	0	0	0	0	0	0	0	0	0	0	0	0	0	0	0	0	0	0	0	0	0	0	0	0	0	0	0	0	0	0	0	0	0	0	0	0	0	0	0	0	0	0	0	0	0	0	0	0	0	0	0	0	0	0	0	0	0	0	0	0	0	0	0	0	0	0	0	0	0	0	0	0	0	0	0	0	0	0	0	0	0	0	0	0	0	0	0	0	0	0	0	0	0	0	0	0	0	0	0	0	0	0	0	0	0	0	0	0	0	0	0	0	0	0	0	0	0	0	0	0	0	0	0	0	0	0	0	0	0	0	0	0	0	0	0	0	0	0	0	0	0	0	0	0	0	0	0	0	0	0	0	0	0	0	0	0	0	0	0	0	0	0	0	0	0	0.0270968994959035	0.0311820622144686	0.0354672749788604	0.0379400280631557	0.0437476766088096	0.0473145895815671	0.0527996154601859	0.0580842929405545	0.0626261750582647	0.0694865297032255	0.0718300736935825	0.0729776856026349	0.0786414117703453	0.0834645685181526	0.0910303105643113	0.102151845886545	0.108820735980426	0.117050814600371	0.12348678826293	0.129523005264248	0.133960336258832	0.136319716775131	0.139801461027621	0.144475107054813	0.146033921576979	0.143547877013072	0.143120306526671	0.140016487850503	0.141308242318085	0.138014163132187	0.137500325850078	0.13414292781753	0.130909653119859	0.120846696820263	0.126526640431959	0.128510680855147	0.122488344371465	0.123894580834956	0.124366902508541	0.129714413645076	0.1314436954623	0.131256511171261	0.137602527668311	0.144835257604974	0.157018016877384	0.173389568033307	0.185680550742326	0.221383058548948	0.248945749465542	0.255557169026438	0.290700017801308	0.320330224454874	0.327200032735221
349.084	0	0	0	0	0	0	0	0	0	0	0	0	0	0	0	0	0	0	0	0	0	0	0	0	0	0	0	0	0	0	0	0	0	0	0	0	0	0	0	0	0	0	0	0	0	0	0	0	0	0	0	0	0	0	0	0	0	0	0	0	0	0	0	0	0	0	0	0	0	0	0	0	0	0	0	0	0	0	0	0	0	0	0	0	0	0	0	0	0	0	0	0	0	0	0	0	0	0	0	0	0	0	0	0	0	0	0	0	0	0	0	0	0	0	0	0	0	0	0	0	0	0	0	0	0	0	0	0	0	0	0	0	0	0	0	0	0	0	0	0	0	0	0	0	0	0	0	0	0	0	0	0	0	0	0	0	0	0	0	0	0	0	0	0	0	0	0	0	0	0	0	0	0	0	0	0	0	0	0	0	0	0.0284494819814947	0.0309319160084611	0.0367716893608648	0.0406470262456561	0.0459171552533878	0.0520120719086367	0.0586451139837885	0.0624977552713965	0.0672686305603154	0.0759627246924436	0.0770253133736938	0.0819987030261376	0.0839252086083268	0.0905182417020188	0.100745586994717	0.105815704179761	0.113888396654198	0.122652410552155	0.123890747929891	0.130607216839516	0.137243995278517	0.139857483402663	0.142723887193586	0.149196411874064	0.147194746416419	0.152335023291851	0.151304253780944	0.147344667379234	0.145503410729961	0.145872616251947	0.142115594038954	0.14256463416652	0.142675569138259	0.135549503106781	0.137572668551248	0.13533940099926	0.134039003196293	0.128247199498382	0.132643782409807	0.132541175526693	0.125709242885548	0.139798551242476	0.132033880085713	0.13918112354421	0.146804781252295	0.161847097358539	0.174979011701095	0.179075817092282	0.204526496115926	0.235225752665955	0.22054291361555	0.256486159583913	0.269545627374194	0.25921318604646	0.27187847833878
353.644	0	0	0	0	0	0	0	0	0	0	0	0	0	0	0	0	0	0	0	0	0	0	0	0	0	0	0	0	0	0	0	0	0	0	0	0	0	0	0	0	0	0	0	0	0	0	0	0	0	0	0	0	0	0	0	0	0	0	0	0	0	0	0	0	0	0	0	0	0	0	0	0	0	0	0	0	0	0	0	0	0	0	0	0	0	0	0	0	0	0	0	0	0	0	0	0	0	0	0	0	0	0	0	0	0	0	0	0	0	0	0	0	0	0	0	0	0	0	0	0	0	0	0	0	0	0	0	0	0	0	0	0	0	0	0	0	0	0	0	0	0	0	0	0	0	0	0	0	0	0	0	0	0	0	0	0	0	0	0	0	0	0	0	0	0	0	0	0	0	0	0	0	0	0	0	0	0	0	0	0.0324105696435086	0.038154719079181	0.0425189113345317	0.0472379928601484	0.0544646104720205	0.0604931187352986	0.0669876602578443	0.0737945343370407	0.0787821735822418	0.0835627645245953	0.0882441737310779	0.0917483099458041	0.0959666171758953	0.100305607098288	0.104470170935221	0.116739099438606	0.124199211340625	0.131397770983298	0.138771915457885	0.140949931806304	0.143307233830189	0.150337349906276	0.157815777082131	0.15557522105856	0.161933257116451	0.161395619791309	0.163525239276846	0.162471182358904	0.16373188600548	0.162484189558948	0.165976025119471	0.159978566606848	0.155927809796074	0.156508926421968	0.156806099601059	0.156755806735903	0.146443824272078	0.151865818380267	0.146975428789003	0.14636161705649	0.150374812269371	0.15498869655248	0.154821128526612	0.174123874040521	0.178650901270758	0.177068574334573	0.186979254178148	0.191774540829551	0.216762828336567	0.224197892661056	0.246961816087091	0.263264184034413	0.295598544977588	0.315419192636917	0.324186142136134	0.350662442485592	0.351623303702304
358.208	0	0	0	0	0	0	0	0	0	0	0	0	0	0	0	0	0	0	0	0	0	0	0	0	0	0	0	0	0	0	0	0	0	0	0	0	0	0	0	0	0	0	0	0	0	0	0	0	0	0	0	0	0	0	0	0	0	0	0	0	0	0	0	0	0	0	0	0	0	0	0	0	0	0	0	0	0	0	0	0	0	0	0	0	0	0	0	0	0	0	0	0	0	0	0	0	0	0	0	0	0	0	0	0	0	0	0	0	0	0	0	0	0	0	0	0	0	0	0	0	0	0	0	0	0	0	0	0	0	0	0	0	0	0	0	0	0	0	0	0	0	0	0	0	0	0	0	0	0	0	0	0	0	0	0	0	0	0	0	0	0	0	0	0	0	0	0	0	0	0	0	0	0	0	0	0	0.0316047412976996	0.0353668036840877	0.0415182189989557	0.0482376795859635	0.0550527851016679	0.0602152778309556	0.0678987858864619	0.0728626339690433	0.0818199687056299	0.0875769945465075	0.0931434828702318	0.100691359791218	0.105555501262357	0.110980725881093	0.11631452055959	0.117371431786274	0.130200516310139	0.13530503935333	0.143901478724146	0.150138420326738	0.15365484218809	0.160298371273608	0.162835898820512	0.166723105104502	0.167677052440815	0.170027297629002	0.17668902481097	0.177774098235827	0.17787420037466	0.1780685883208	0.175887019963814	0.179736203414226	0.179113452043109	0.174557360647455	0.17122701731876	0.169415862760152	0.170932753447712	0.168064155069555	0.169118788935429	0.165866506765511	0.166126390985156	0.173195951364157	0.17243399979169	0.180477620571032	0.178136123508594	0.185676822547146	0.193221430853733	0.200622423437067	0.218376143280521	0.22988132274118	0.233053980046373	0.257171718986931	0.262742645321725	0.287216737809823	0.333987023562584	0.323225773670541	0.355122960105889	0.36277126739312	0.387908568709159	0.397612162140384
362.776	0	0	0	0	0	0	0	0	0	0	0	0	0	0	0	0	0	0	0	0	0	0	0	0	0	0	0	0	0	0	0	0	0	0	0	0	0	0	0	0	0	0	0	0	0	0	0	0	0	0	0	0	0	0	0	0	0	0	0	0	0	0	0	0	0	0	0	0	0	0	0	0	0	0	0	0	0	0	0	0	0	0	0	0	0	0	0	0	0	0	0	0	0	0	0	0	0	0	0	0	0	0	0	0	0	0	0	0	0	0	0	0	0	0	0	0	0	0	0	0	0	0	0	0	0	0	0	0	0	0	0	0	0	0	0	0	0	0	0	0	0	0	0	0	0	0	0	0	0	0	0	0	0	0	0	0	0	0	0	0	0	0	0	0	0	0	0	0	0	0	0	0	0	0	0.0315958432411025	0.0360317022368599	0.0429143058793546	0.049854676952187	0.055046605544762	0.0635903749565258	0.0701723587005478	0.0802547873113971	0.0851154184568349	0.094982188092307	0.103184867201631	0.107704009789723	0.118146572866537	0.121448694305802	0.124812659142323	0.133296483048269	0.140273525966788	0.147815331898773	0.155704327010797	0.161889179430534	0.166233579984513	0.171446221580079	0.175867464876826	0.176652503621449	0.183021459879861	0.181998477231281	0.184988453053459	0.18342802852955	0.191899477478777	0.190020793773902	0.189983029694509	0.189154994072807	0.191996736818538	0.187872584682317	0.185238389132073	0.186830304039223	0.182156439547816	0.183085553132718	0.180734434865945	0.179270452470982	0.186144864536945	0.180725443304252	0.17969153965227	0.18482425868003	0.187035583069175	0.19854559543689	0.202363768415567	0.208893069860303	0.21277281443405	0.217117065762027	0.246042064499052	0.250367135530798	0.267724084283698	0.268356032360993	0.297347094429639	0.325127690018521	0.340374129052488	0.353857028927298	0.362234161347815	0.384115980296195	0.37711336606985	0.40969735783972
367.346	0	0	0	0	0	0	0	0	0	0	0	0	0	0	0	0	0	0	0	0	0	0	0	0	0	0	0	0	0	0	0	0	0	0	0	0	0	0	0	0	0	0	0	0	0	0	0	0	0	0	0	0	0	0	0	0	0	0	0	0	0	0	0	0	0	0	0	0	0	0	0	0	0	0	0	0	0	0	0	0	0	0	0	0	0	0	0	0	0	0	0	0	0	0	0	0	0	0	0	0	0	0	0	0	0	0	0	0	0	0	0	0	0	0	0	0	0	0	0	0	0	0	0	0	0	0	0	0	0	0	0	0	0	0	0	0	0	0	0	0	0	0	0	0	0	0	0	0	0	0	0	0	0	0	0	0	0	0	0	0	0	0	0	0	0	0	0	0	0	0	0	0	0.0299761979275398	0.0361384000242643	0.0427633357089947	0.0500092847565615	0.0577567433666238	0.0651958461778867	0.0729518391293159	0.0846263439406297	0.0920058285802049	0.0988028498541557	0.11121073124322	0.116460912127737	0.125406245914522	0.130609579393077	0.138418636926273	0.142969258142156	0.152888662838633	0.162194986703855	0.167998463844993	0.173622396241668	0.178118412571783	0.185953157351754	0.186952907129718	0.192665961322868	0.194070020906117	0.199211637368197	0.199006786347746	0.201377485680238	0.20155330204663	0.206427007792994	0.202682363522305	0.203996257337156	0.204272303613371	0.204958303929908	0.202634803417309	0.203112381318029	0.201539121093032	0.1960752635897	0.196191495915439	0.194439487144701	0.197388514625759	0.199459545809394	0.195904492544794	0.191859491173429	0.197132127090447	0.204092201295319	0.210693181625838	0.214729206408771	0.224229550867453	0.232171270976524	0.246561349111792	0.258573741643789	0.277459515919485	0.280687627371001	0.308404762084335	0.314108214041321	0.325682995513632	0.351322872466045	0.360379313210539	0.377662390493775	0.405544796424201	0.413902437602574	0.436805726050265	0.442976707217906
371.92	0	0	0	0	0	0	0	0	0	0	0	0	0	0	0	0	0	0	0	0	0	0	0	0	0	0	0	0	0	0	0	0	0	0	0	0	0	0	0	0	0	0	0	0	0	0	0	0	0	0	0	0	0	0	0	0	0	0	0	0	0	0	0	0	0	0	0	0	0	0	0	0	0	0	0	0	0	0	0	0	0	0	0	0	0	0	0	0	0	0	0	0	0	0	0	0	0	0	0	0	0	0	0	0	0	0	0	0	0	0	0	0	0	0	0	0	0	0	0	0	0	0	0	0	0	0	0	0	0	0	0	0	0	0	0	0	0	0	0	0	0	0	0	0	0	0	0	0	0	0	0	0	0	0	0	0	0	0	0	0	0	0	0	0	0	0	0	0	0	0	0.0327424364450164	0.0371402875745907	0.0430876478999021	0.0516190702741289	0.0570537797376778	0.068112419753233	0.0758859963875736	0.0860805469380658	0.0957598634906082	0.105050800505314	0.116156986190359	0.125452460784108	0.131857077154031	0.141379489150498	0.149904486374556	0.155425079367466	0.164160912295154	0.173816971146962	0.180896823638048	0.189277369315438	0.190733184275976	0.200015365528077	0.205886178048459	0.210803221792194	0.212304695930187	0.219142096805015	0.218098453728643	0.221699816045258	0.223649717210334	0.223130648533002	0.224443490646347	0.223848391922782	0.227050984594022	0.223791727000551	0.219784426123923	0.223014655002275	0.217561079969222	0.216566193442743	0.214911978260209	0.21645917497908	0.212283076774668	0.214042201460053	0.213499271870165	0.215983163971719	0.216217922641931	0.219140219050181	0.224553008756667	0.23248740190803	0.230066436722621	0.2421205245024	0.2532697523791	0.26055709930724	0.281713461467206	0.289575223030038	0.310755773414381	0.31713392489163	0.330256196516351	0.354591425692685	0.3681654159489	0.382261061614907	0.391326131502932	0.417874211432137	0.417291168683999	0.456436363789261	0.480904111992534	0.498898522361162
376.497	0	0	0	0	0	0	0	0	0	0	0	0	0	0	0	0	0	0	0	0	0	0	0	0	0	0	0	0	0	0	0	0	0	0	0	0	0	0	0	0	0	0	0	0	0	0	0	0	0	0	0	0	0	0	0	0	0	0	0	0	0	0	0	0	0	0	0	0	0	0	0	0	0	0	0	0	0	0	0	0	0	0	0	0	0	0	0	0	0	0	0	0	0	0	0	0	0	0	0	0	0	0	0	0	0	0	0	0	0	0	0	0	0	0	0	0	0	0	0	0	0	0	0	0	0	0	0	0	0	0	0	0	0	0	0	0	0	0	0	0	0	0	0	0	0	0	0	0	0	0	0	0	0	0	0	0	0	0	0	0	0	0	0	0	0	0	0	0.0291687637016638	0.0318013827085256	0.0369234075430457	0.0448863862438276	0.0521239169939493	0.0583253344930368	0.0691521510531621	0.0773493170079449	0.0852651768463517	0.0977686199002815	0.106784304866663	0.119028800172001	0.129421752443913	0.139331075002949	0.150291969850855	0.158097452158608	0.168475547184241	0.175453433435712	0.185137701061783	0.195055050530058	0.201058373024205	0.20788093643928	0.213323951954361	0.219299338633302	0.22684630127922	0.230502674355225	0.236500857662066	0.236525320053804	0.240528583726404	0.243768649667081	0.241876824769328	0.246393005809774	0.243274123742561	0.244001191426187	0.243706922971584	0.24208352826338	0.243240544163422	0.23623370156785	0.237227145449462	0.23306455599781	0.238015690281172	0.230756034886393	0.237892440914448	0.231079099360506	0.230222485047443	0.228059652909149	0.229855932856755	0.233799751587903	0.240716709047803	0.23787699140593	0.243816285775332	0.250519276811029	0.265467582422823	0.267181385556271	0.280829471593281	0.302942545722542	0.31631650526736	0.327429553296332	0.352291667946617	0.366862529740533	0.384267924811927	0.401766792226506	0.407176254985104	0.431262630839691	0.447963472113709	0.469831863362602	0.470899078156894	0.468571637167747	0.494599918260231
381.077	0	0	0	0	0	0	0	0	0	0	0	0	0	0	0	0	0	0	0	0	0	0	0	0	0	0	0	0	0	0	0	0	0	0	0	0	0	0	0	0	0	0	0	0	0	0	0	0	0	0	0	0	0	0	0	0	0	0	0	0	0	0	0	0	0	0	0	0	0	0	0	0	0	0	0	0	0	0	0	0	0	0	0	0	0	0	0	0	0	0	0	0	0	0	0	0	0	0	0	0	0	0	0	0	0	0	0	0	0	0	0	0	0	0	0	0	0	0	0	0	0	0	0	0	0	0	0	0	0	0	0	0	0	0	0	0	0	0	0	0	0	0	0	0	0	0	0	0	0	0	0	0	0	0	0	0	0	0	0	0	0	0	0	0	0	0.0336298337957781	0.0359708025257212	0.0412000403271992	0.0487980977594827	0.05583115055624	0.0635331780405338	0.0711346254890736	0.0822826606164151	0.0908132444750422	0.102463491684769	0.112600335327697	0.122807362868535	0.136020008756744	0.144055369774706	0.15681592058207	0.169064899367889	0.176890635492919	0.185095942501207	0.198185935881888	0.205424523534602	0.215420336450944	0.226727669007231	0.232195494649862	0.236072188563325	0.244057535770709	0.250309234632471	0.257094057698366	0.260312682194777	0.261232976046461	0.264725208573694	0.264586925680131	0.270403732890577	0.269495444164855	0.26795881558671	0.272122102778289	0.266374799231391	0.266048291421087	0.264496236465562	0.264329653458181	0.259322586901898	0.256331916982316	0.256114296777821	0.261304118342441	0.256696305766992	0.255510346071209	0.256669933822473	0.253357473611231	0.256366117990898	0.259927478185887	0.259243957915965	0.268808099688251	0.268905603801757	0.28270288552076	0.288544328085728	0.302225716689405	0.310947878427217	0.332178858298274	0.350744091561595	0.360213843414797	0.385286334852524	0.405834683749668	0.420136455327682	0.434001603847507	0.471046830890897	0.472049596328632	0.492646847351682	0.495263029122298	0.527974405892616	0.547298632373953	0.551551147312937	0.576774296968418
385.661	0	0	0	0	0	0	0	0	0	0	0	0	0	0	0	0	0	0	0	0	0	0	0	0	0	0	0	0	0	0	0	0	0	0	0	0	0	0	0	0	0	0	0	0	0	0	0	0	0	0	0	0	0	0	0	0	0	0	0	0	0	0	0	0	0	0	0	0	0	0	0	0	0	0	0	0	0	0	0	0	0	0	0	0	0	0	0	0	0	0	0	0	0	0	0	0	0	0	0	0	0	0	0	0	0	0	0	0	0	0	0	0	0	0	0	0	0	0	0	0	0	0	0	0	0	0	0	0	0	0	0	0	0	0	0	0	0	0	0	0	0	0	0	0	0	0	0	0	0	0	0	0	0	0	0	0	0	0	0	0	0	0	0	0.0340514473377336	0.0368756407176251	0.044225383688357	0.0503568941699224	0.0567167736192757	0.0639268457346076	0.0726796336486609	0.0827244655578153	0.0923074189740626	0.103907474032931	0.114717605235839	0.12482954823741	0.139101015296167	0.149563551102663	0.161068173194227	0.172231583155976	0.182684986106228	0.19428506980626	0.204786848306137	0.216387464032557	0.226862247264424	0.237456957196217	0.24568663204942	0.251060598588358	0.258756122310338	0.264802645226939	0.273033313143832	0.276121691788644	0.279544884287876	0.286062367739637	0.284232796914707	0.289565194010762	0.290888577686048	0.291194632310041	0.289624208546114	0.294986693215444	0.289739650164191	0.290004550905392	0.286500192918107	0.281830776309206	0.280345128973646	0.280472707622775	0.275737704266612	0.276552776917455	0.274620338007088	0.277409549064808	0.274149541808542	0.275356944894329	0.273010959512658	0.280253108789585	0.278958131864273	0.281176989273369	0.285947425822702	0.291930820323556	0.310703758198061	0.318626378050713	0.331871995634294	0.348122087521752	0.365658647390541	0.381298764706294	0.399435035841358	0.424221150253544	0.439200268742968	0.457805310693178	0.488494533671138	0.497337424196566	0.530466615075347	0.524221919370465	0.559204503453721	0.580365197925451	0.569382147644954	0.617802196768964	0.629318360363795
390.248	0	0	0	0	0	0	0	0	0	0	0	0	0	0	0	0	0	0	0	0	0	0	0	0	0	0	0	0	0	0	0	0	0	0	0	0	0	0	0	0	0	0	0	0	0	0	0	0	0	0	0	0	0	0	0	0	0	0	0	0	0	0	0	0	0	0	0	0	0	0	0	0	0	0	0	0	0	0	0	0	0	0	0	0	0	0	0	0	0	0	0	0	0	0	0	0	0	0	0	0	0	0	0	0	0	0	0	0	0	0	0	0	0	0	0	0	0	0	0	0	0	0	0	0	0	0	0	0	0	0	0	0	0	0	0	0	0	0	0	0	0	0	0	0	0	0	0	0	0	0	0	0	0	0	0	0	0	0	0	0	0.0292202200790075	0.0323678205229945	0.0378077652987679	0.0442671370970454	0.0504470964838031	0.0577791819224261	0.0648357644867881	0.0730323383870953	0.0813056542959029	0.0920770351031707	0.100767215233448	0.112003661960207	0.122923187302984	0.134790549983847	0.14721094334903	0.159517945311287	0.168207168352193	0.179716615973847	0.191608217045875	0.203272711806582	0.216182503919107	0.227012142308575	0.237177736061566	0.247626852098813	0.253555104602524	0.261770476598511	0.268309874986438	0.272404538951631	0.282531110230867	0.288056245335399	0.290546910295863	0.29392593006722	0.29820761575982	0.299034649607997	0.300659243706562	0.304011431674033	0.305975256732711	0.302943772580023	0.304684885253637	0.301094276583935	0.298945565979344	0.296940972963838	0.298122505744758	0.292914153687581	0.28974199873021	0.287782712744002	0.285759176031239	0.2867311050357	0.286359455872582	0.284561870469905	0.289242512454729	0.284565189830097	0.286894929613315	0.296349611473325	0.300193015178606	0.306813580085624	0.309891378858092	0.32233434871029	0.335886527834583	0.354262576675814	0.368074577859416	0.380430469978148	0.403792346354761	0.417042310830426	0.436925570682285	0.462095511843272	0.490887355618801	0.500281862224282	0.529106279385563	0.546962914976538	0.55515414457063	0.584188128206553	0.604944462149316	0.594612018096533	0.646101774639142	0.616544872362476
394.837	0	0	0	0	0	0	0	0	0	0	0	0	0	0	0	0	0	0	0	0	0	0	0	0	0	0	0	0	0	0	0	0	0	0	0	0	0	0	0	0	0	0	0	0	0	0	0	0	0	0	0	0	0	0	0	0	0	0	0	0	0	0	0	0	0	0	0	0	0	0	0	0	0	0	0	0	0	0	0	0	0	0	0	0	0	0	0	0	0	0	0	0	0	0	0	0	0	0	0	0	0	0	0	0	0	0	0	0	0	0	0	0	0	0	0	0	0	0	0	0	0	0	0	0	0	0	0	0	0	0	0	0	0	0	0	0	0	0	0	0	0	0	0	0	0	0	0	0	0	0	0	0	0	0	0	0	0	0	0.028910519330966	0.0335957174403465	0.0389793184403308	0.0447082777628007	0.0535287851023907	0.0604095647690382	0.0670972401673973	0.074488830183058	0.0820327938937826	0.0924230476798163	0.103003485508597	0.112185543419668	0.124612356212519	0.134919597238877	0.145513366752574	0.159538029745081	0.170235483024119	0.18296972707557	0.192056703380649	0.207461709360001	0.216516187434666	0.227484867130834	0.239927998802638	0.25177413019135	0.260003361220028	0.26741627620127	0.274947046308724	0.283526822700057	0.290270914145291	0.293643921639706	0.300648597215443	0.308600207455129	0.308494682102298	0.315548742139046	0.314887909008494	0.319086975731545	0.320440023178625	0.322337981521224	0.321265210542079	0.319548667226354	0.318063757437756	0.314355322056973	0.312752751278031	0.3124440537926	0.308568708204129	0.306292315417699	0.303114900117781	0.303357731014389	0.302534348654937	0.306079673997251	0.301185060255396	0.30204231753303	0.299457538144605	0.303583096411511	0.311760959714004	0.309858874949303	0.321683862457878	0.329729123367028	0.339732862305184	0.353556672333413	0.365095069809592	0.375873534726895	0.402316200427576	0.418940615371761	0.435877437953834	0.455768397139235	0.486273983508181	0.512828454824582	0.530028775631246	0.546475101107748	0.580389807334356	0.601932346361887	0.610909693159457	0.636488426346763	0.649756103116627	0.664273707198223	0.671370416721915	0.695201489320302
399.43	0	0	0	0	0	0	0	0	0	0	0	0	0	0	0	0	0	0	0	0	0	0	0	0	0	0	0	0	0	0	0	0	0	0	0	0	0	0	0	0	0	0	0	0	0	0	0	0	0	0	0	0	0	0	0	0	0	0	0	0	0	0	0	0	0	0	0	0	0	0	0	0	0	0	0	0	0	0	0	0	0	0	0	0	0	0	0	0	0	0	0	0	0	0	0	0	0	0	0	0	0	0	0	0	0	0	0	0	0	0	0	0	0	0	0	0	0	0	0	0	0	0	0	0	0	0	0	0	0	0	0	0	0	0	0	0	0	0	0	0	0	0	0	0	0	0	0	0	0	0	0	0	0	0	0	0	0.027476373633876	0.031645633194657	0.0371368926464632	0.0431312537706795	0.0494154596350864	0.0565183079595568	0.0641376761545661	0.0721027400761149	0.0797319502048588	0.0890510800003237	0.0980102921205336	0.107945592219526	0.117725718288858	0.129251868588435	0.140862099805709	0.149204542771327	0.161917233213679	0.173852639656612	0.183023888251666	0.199176586635834	0.206247874093099	0.220451542026886	0.22898241573237	0.239434328535238	0.251520886781577	0.259533097198187	0.269368964587151	0.277010436877158	0.285138230775133	0.289872149134045	0.296506749992902	0.299705082508246	0.304443759869535	0.307485310441359	0.312183852350789	0.315998817563864	0.321177124118816	0.32088395565379	0.321143698396714	0.32349997817157	0.321295206472889	0.317776560184113	0.3204586420271	0.316474371442596	0.314435321769812	0.311853631696553	0.307118006632345	0.307619290044742	0.302390939571745	0.303978849203313	0.301262434938179	0.303872496238015	0.30342026566859	0.301633541741106	0.302554882734096	0.307269184119951	0.307812345011546	0.31866311480298	0.324753415665193	0.331223820639438	0.338207211704134	0.356478449068837	0.369406525258278	0.38408785701314	0.403132380366687	0.421203148479317	0.44134454191368	0.46176726873371	0.481823495023974	0.506584235403168	0.531024169536651	0.539831922771292	0.566801511244793	0.589196851007997	0.611607995819464	0.636280958268578	0.651740484953113	0.648221901500098	0.680120429350059	0.7243012457517
404.026	0	0	0	0	0	0	0	0	0	0	0	0	0	0	0	0	0	0	0	0	0	0	0	0	0	0	0	0	0	0	0	0	0	0	0	0	0	0	0	0	0	0	0	0	0	0	0	0	0	0	0	0	0	0	0	0	0	0	0	0	0	0	0	0	0	0	0	0	0	0	0	0	0	0	0	0	0	0	0	0	0	0	0	0	0	0	0	0	0	0	0	0	0	0	0	0	0	0	0	0	0	0	0	0	0	0	0	0	0	0	0	0	0	0	0	0	0	0	0	0	0	0	0	0	0	0	0	0	0	0	0	0	0	0	0	0	0	0	0	0	0	0	0	0	0	0	0	0	0	0	0	0	0	0.0236789320072159	0.0286312541798553	0.0331492801910218	0.0387278336572852	0.0438526220270323	0.0493001448237738	0.0574942246038798	0.0648035952427192	0.0738286687900045	0.0846862962677579	0.0921317780947901	0.100702430995443	0.11178438423144	0.119911420251344	0.132357220709986	0.142410411752794	0.154518803247343	0.165350519761122	0.177308311842795	0.188800879901134	0.199282559697555	0.209960034406872	0.221872667712534	0.235250745043884	0.244495479255247	0.25662094236965	0.268015542872126	0.275312595866839	0.283738329960741	0.292465409402531	0.29799656655423	0.304967522857314	0.311298629342446	0.317105674716003	0.320046791615846	0.324731798863291	0.326478798080513	0.332284644864727	0.337387273165806	0.338171750574127	0.337118332315134	0.339055191640471	0.342063010647021	0.337130801659614	0.339438532817047	0.335582192054029	0.334243638004776	0.329696947551684	0.328647595982308	0.321925821583184	0.320105726809786	0.319816207895728	0.319793137722105	0.317390232198287	0.320637878610509	0.320857867435713	0.321366179017049	0.323983921020394	0.323985974990903	0.334040308199939	0.342098025526768	0.35141450938179	0.360361551743969	0.374004737572852	0.381861145131163	0.396750064950751	0.41834729771488	0.442525009276609	0.453684375886044	0.480711897015242	0.509388405540401	0.532170172435057	0.537061527831214	0.573916368830186	0.598072260807027	0.61709930865873	0.619526431685286	0.663086721193998	0.686578674758707	0.681789230189073	0.720094659764426	0.732343447343386	0.76297553877077
408.626	0	0	0	0	0	0	0	0	0	0	0	0	0	0	0	0	0	0	0	0	0	0	0	0	0	0	0	0	0	0	0	0	0	0	0	0	0	0	0	0	0	0	0	0	0	0	0	0	0	0	0	0	0	0	0	0	0	0	0	0	0	0	0	0	0	0	0	0	0	0	0	0	0	0	0	0	0	0	0	0	0	0	0	0	0	0	0	0	0	0	0	0	0	0	0	0	0	0	0	0	0	0	0	0	0	0	0	0	0	0	0	0	0	0	0	0	0	0	0	0	0	0	0	0	0	0	0	0	0	0	0	0	0	0	0	0	0	0	0	0	0	0	0	0	0	0	0	0	0	0	0	0.0244052485561898	0.0273590874796919	0.0337185001794821	0.0386987921213352	0.0434991676679967	0.0507227926669698	0.0575723174641492	0.0651210082055931	0.0712725610824295	0.0795606166805023	0.0898972051242963	0.100199665171991	0.110025022493787	0.119976933049198	0.131598992582629	0.141157926132521	0.151193464789977	0.1639650817173	0.176767518238341	0.185704231958342	0.198111732148164	0.209892615132596	0.222193369696414	0.231540002690047	0.245580997666308	0.255629420359241	0.265331224666568	0.273675208124887	0.28318988130531	0.294131637524189	0.302814319258206	0.309180063602952	0.316509633671492	0.322091142400677	0.325202203190606	0.330473877341693	0.334539907962888	0.338834994307413	0.341044779485593	0.345172607968445	0.348815029982297	0.348300577676667	0.349742129849296	0.352963913247068	0.351301577813113	0.349412765385503	0.349872468049671	0.34619050691167	0.345983652561275	0.341525608220351	0.33859602816519	0.33669078313027	0.336083966965146	0.329629857695389	0.32675966581385	0.331944410679561	0.330613408443204	0.335055704780291	0.334709329095809	0.337554808702612	0.340166352293207	0.351095917005431	0.356511635446811	0.365438728106525	0.373866300315958	0.393703975314796	0.409952367858239	0.424811616241896	0.441239807003829	0.461557590176425	0.490030454812495	0.507975438184042	0.525753473013023	0.545533197125341	0.583648021560831	0.603355650659653	0.625238428422547	0.626231995349644	0.682060834925965	0.671952176114452	0.704527178965895	0.716261078348417	0.759407380508951	0.802518036433615	0.771739501919689
413.228	0	0	0	0	0	0	0	0	0	0	0	0	0	0	0	0	0	0	0	0	0	0	0	0	0	0	0	0	0	0	0	0	0	0	0	0	0	0	0	0	0	0	0	0	0	0	0	0	0	0	0	0	0	0	0	0	0	0	0	0	0	0	0	0	0	0	0	0	0	0	0	0	0	0	0	0	0	0	0	0	0	0	0	0	0	0	0	0	0	0	0	0	0	0	0	0	0	0	0	0	0	0	0	0	0	0	0	0	0	0	0	0	0	0	0	0	0	0	0	0	0	0	0	0	0	0	0	0	0	0	0	0	0	0	0	0	0	0	0	0	0	0	0	0	0	0	0	0	0	0.0257450279056629	0.0298525400567174	0.0336170728103645	0.0392072509731446	0.0447364830777935	0.0509802926534209	0.0570158523889281	0.0641909990757561	0.0720557160217374	0.0799344347646146	0.0885646176248588	0.0983087988084154	0.109036492999943	0.118496239790424	0.129266311850329	0.138909114892562	0.151781468075185	0.159767005552748	0.172937530921689	0.185635201245632	0.198708846808493	0.20649399950528	0.218294950304931	0.22815750670244	0.241312989818125	0.253040703815274	0.263086375033561	0.272662133342256	0.283282198557239	0.29407382360786	0.300609072890354	0.307965787371936	0.314056647233369	0.324521770776501	0.330044419373465	0.334427953789184	0.339036177015497	0.342129843539823	0.345733498771579	0.348825557685077	0.351205526469233	0.354230973786567	0.355215200190689	0.355581068098814	0.359124092796411	0.357931773396316	0.359404151303806	0.359181540699848	0.354570680840601	0.355689044524145	0.349618987166976	0.346855638296587	0.342208989539544	0.34452498945607	0.342433520870446	0.338779142860956	0.342917784877683	0.335784238487982	0.343104327076124	0.345504330835432	0.349340750535956	0.355118231644311	0.355969286532301	0.36156374431627	0.37372584855147	0.385633151300779	0.397536677840946	0.411590847703916	0.43217586102778	0.449255318531294	0.461879078421179	0.487261148345834	0.516485098728209	0.536924615498477	0.55171061677925	0.573995652491482	0.597975958198474	0.620736914387156	0.654291292229033	0.67092136744686	0.69535452700106	0.68847680965058	0.737518520816752	0.748928815109391	0.778022097657186	0.810139550046547	0.824400089177641
417.833	0	0	0	0	0	0	0	0	0	0	0	0	0	0	0	0	0	0	0	0	0	0	0	0	0	0	0	0	0	0	0	0	0	0	0	0	0	0	0	0	0	0	0	0	0	0	0	0	0	0	0	0	0	0	0	0	0	0	0	0	0	0	0	0	0	0	0	0	0	0	0	0	0	0	0	0	0	0	0	0	0	0	0	0	0	0	0	0	0	0	0	0	0	0	0	0	0	0	0	0	0	0	0	0	0	0	0	0	0	0	0	0	0	0	0	0	0	0	0	0	0	0	0	0	0	0	0	0	0	0	0	0	0	0	0	0	0	0	0	0	0	0	0	0	0	0	0	0.0242222886237784	0.0285335245842181	0.0332442489335936	0.0380195684842555	0.0428255015052095	0.0481616415643081	0.0552783625811139	0.0622005611894206	0.0687994594668012	0.0769047060739965	0.0855029404148657	0.0936853166107524	0.104784275422323	0.114875473294534	0.123245699312226	0.135914452332888	0.147004526509239	0.157224792249569	0.167853152029363	0.179363215809158	0.192303568725362	0.203814876850878	0.213376819615348	0.22525649407686	0.235415734599281	0.244954547443689	0.257483556421368	0.268028716272862	0.276627100377632	0.285262159871731	0.295058764279852	0.301689244926954	0.312229596598077	0.319244712876795	0.323548829966951	0.330532371886119	0.334989760485109	0.343232744190518	0.346049696587915	0.349529924295386	0.354137762867997	0.354542863591533	0.356778807664638	0.358796158382307	0.359270796966093	0.360265555632142	0.360542314688073	0.362789711279368	0.364015184274025	0.359986881166002	0.359429265880018	0.356307351550573	0.354180373404692	0.349658205865672	0.347703521007088	0.346109256459229	0.342276536096818	0.342835124713863	0.344114483150171	0.346387954768681	0.348918915281908	0.34970760300496	0.354227187400001	0.362538251979203	0.369632249704913	0.375070823225929	0.382622955101394	0.394481156158435	0.411809229179968	0.428674891316612	0.447454535809265	0.462847403322184	0.48229713420649	0.497677861853778	0.52246954334793	0.541138942951656	0.564209530988138	0.583183877804373	0.604934564933124	0.647178256058082	0.667024518136613	0.677717948690028	0.705393189313931	0.730493089097938	0.722069330248876	0.748836227861317	0.763944792531984	0.785095031517178	0.803370304564115
422.442	0	0	0	0	0	0	0	0	0	0	0	0	0	0	0	0	0	0	0	0	0	0	0	0	0	0	0	0	0	0	0	0	0	0	0	0	0	0	0	0	0	0	0	0	0	0	0	0	0	0	0	0	0	0	0	0	0	0	0	0	0	0	0	0	0	0	0	0	0	0	0	0	0	0	0	0	0	0	0	0	0	0	0	0	0	0	0	0	0	0	0	0	0	0	0	0	0	0	0	0	0	0	0	0	0	0	0	0	0	0	0	0	0	0	0	0	0	0	0	0	0	0	0	0	0	0	0	0	0	0	0	0	0	0	0	0	0	0	0	0	0	0	0	0	0.022099672336346	0.0249027696658624	0.0293264587700411	0.0316610698149511	0.0376250234806372	0.0433274416449011	0.049897455542757	0.0541560831481461	0.0618352492800887	0.0690974378877138	0.0758651086480196	0.0840295872271942	0.0929083364103238	0.103229087181835	0.111768607856623	0.121507088651209	0.131317990755321	0.141598454075607	0.153736340492454	0.165166333484541	0.175614259282244	0.187574634867978	0.199594789790596	0.208911450918874	0.220814164622053	0.232464333758883	0.24170707658134	0.251357350802249	0.261754138123291	0.26963539614761	0.280023569296729	0.289453828487777	0.298977867040598	0.307605664988797	0.316438062625674	0.322410500993904	0.329938647773199	0.335765402111594	0.337964462541845	0.342689098554895	0.349121384341702	0.348386078534272	0.352667634950105	0.357660559691109	0.360354997189874	0.358022628528946	0.362834068071237	0.365166886498687	0.365617075533633	0.363118536702773	0.362429444876819	0.364355107843438	0.360115176842976	0.35809184612199	0.3562236929008	0.354001728577591	0.352302812560575	0.351895325611119	0.35160077992976	0.351555750162565	0.346758641719543	0.350529424149465	0.352908860267232	0.355227813473848	0.360848614469171	0.364639709319598	0.369623444449452	0.381744084405325	0.389726950934307	0.401054289289981	0.420095499623134	0.42456392713173	0.439884241682404	0.457030864344459	0.474357046408726	0.501921598307118	0.53060185977804	0.541280227141932	0.571275186906704	0.583652455512231	0.6098502869433	0.638215579256982	0.658502427261136	0.665772470810499	0.701545197607934	0.726402750575868	0.745835299990337	0.752603319585793	0.798616343368982	0.787826705246888	0.82795846025828	0.855791303552947
427.053	0	0	0	0	0	0	0	0	0	0	0	0	0	0	0	0	0	0	0	0	0	0	0	0	0	0	0	0	0	0	0	0	0	0	0	0	0	0	0	0	0	0	0	0	0	0	0	0	0	0	0	0	0	0	0	0	0	0	0	0	0	0	0	0	0	0	0	0	0	0	0	0	0	0	0	0	0	0	0	0	0	0	0	0	0	0	0	0	0	0	0	0	0	0	0	0	0	0	0	0	0	0	0	0	0	0	0	0	0	0	0	0	0	0	0	0	0	0	0	0	0	0	0	0	0	0	0	0	0	0	0	0	0	0	0	0	0	0	0	0	0	0	0.0209189580063874	0.0244965081055362	0.0288397094215507	0.0327230157486472	0.0373139754789026	0.042939847601831	0.0483516742732391	0.0542932731316411	0.0603560419838048	0.0664250046070192	0.0741911906675537	0.0824705133901789	0.0899454968830344	0.0996458862193692	0.10679165929284	0.116807304655969	0.127131972879694	0.13722987187646	0.145205605830837	0.158436175754848	0.172634903444245	0.182108416176997	0.194369503016793	0.203290178390037	0.21254717668522	0.224333592851368	0.235097571368875	0.246074800664202	0.253760334262831	0.263061468722729	0.272803706760336	0.282035957592039	0.293485674406409	0.29931616131717	0.308486640387762	0.315982663129904	0.32411154651435	0.328109908383696	0.334105551825317	0.341307213519385	0.345469796031097	0.34595623052097	0.350090241230064	0.351442220304387	0.353691463103316	0.357081327762001	0.358103015755178	0.361119983330652	0.361538519330449	0.360279507183953	0.363863295404595	0.362915037225683	0.360292092855429	0.363763009068862	0.361142861019037	0.355326662519061	0.356507072241113	0.35247373767642	0.351769064821678	0.350310640216536	0.35326959831961	0.350025927420989	0.35434429175105	0.355399419802385	0.356983044312536	0.35571123044503	0.36335391183466	0.367462902609248	0.375927065361023	0.382821444704315	0.394621554442763	0.410112350693485	0.422586843492482	0.438127932735439	0.45702514566647	0.471049657574288	0.490912937563982	0.5128721506973	0.536639780710436	0.551744526025272	0.574253409779464	0.595780372949064	0.619528143878124	0.641287865523936	0.665211582895535	0.674716441957324	0.694089001195667	0.713735347628074	0.728288912724435	0.771071162008518	0.784557997746345	0.796372064812469	0.802486494470332	0.838168109247691
431.667	0	0	0	0	0	0	0	0	0	0	0	0	0	0	0	0	0	0	0	0	0	0	0	0	0	0	0	0	0	0	0	0	0	0	0	0	0	0	0	0	0	0	0	0	0	0	0	0	0	0	0	0	0	0	0	0	0	0	0	0	0	0	0	0	0	0	0	0	0	0	0	0	0	0	0	0	0	0	0	0	0	0	0	0	0	0	0	0	0	0	0	0	0	0	0	0	0	0	0	0	0	0	0	0	0	0	0	0	0	0	0	0	0	0	0	0	0	0	0	0	0	0	0	0	0	0	0	0	0	0	0	0	0	0	0	0	0	0	0	0	0.0212724928460477	0.0247694592602	0.0294830813424744	0.0323233625502291	0.0364791914258371	0.0411797097768944	0.0464435000062877	0.0523872571606258	0.058308203454769	0.0645461945027842	0.0718728727759644	0.0800366301812936	0.0875714170340129	0.096532800375936	0.103858850822418	0.114071064390991	0.122084783072634	0.133533283739554	0.142900583833449	0.151818048544506	0.163384914894625	0.17392366713847	0.187372093649244	0.196255954923688	0.208263615678393	0.217770831315113	0.228255680200656	0.239720555814256	0.246552544346249	0.256645233895088	0.266266615360918	0.277614911680113	0.28530780682528	0.292009675120661	0.30157040201224	0.310964307376361	0.3168432830628	0.321175458760056	0.32752477936114	0.335080702105737	0.339232141446663	0.343197510212581	0.347505081600252	0.349395997922667	0.353503821695527	0.355589142464808	0.355922445701899	0.355901230159431	0.359887550175897	0.359761958760014	0.36165952439963	0.360242020413521	0.362756021255532	0.361981848066975	0.361809954623475	0.357456823581443	0.358805692595625	0.355303817069796	0.356087262038993	0.351769147689812	0.350935082392933	0.352916207628748	0.351392238232464	0.349200376735383	0.353246765428666	0.355159575166297	0.360224140557282	0.363112559820967	0.37015071845683	0.374980925218888	0.383144266124505	0.390340699890582	0.407147633146072	0.420242312215164	0.4343565159581	0.450120175489133	0.468845958373431	0.483978412118689	0.504240175811142	0.524560425436364	0.542514391885356	0.566452907785686	0.58763823312592	0.609100356911809	0.625563572781006	0.656368300336636	0.673205675572036	0.690826624131956	0.70154834806744	0.720853270673989	0.738722302249781	0.764334434034587	0.77600341272809	0.793919211360402	0.80824659667863	0.832566474526529
436.285	0	0	0	0	0	0	0	0	0	0	0	0	0	0	0	0	0	0	0	0	0	0	0	0	0	0	0	0	0	0	0	0	0	0	0	0	0	0	0	0	0	0	0	0	0	0	0	0	0	0	0	0	0	0	0	0	0	0	0	0	0	0	0	0	0	0	0	0	0	0	0	0	0	0	0	0	0	0	0	0	0	0	0	0	0	0	0	0	0	0	0	0	0	0	0	0	0	0	0	0	0	0	0	0	0	0	0	0	0	0	0	0	0	0	0	0	0	0	0	0	0	0	0	0	0	0	0	0	0	0	0	0	0	0	0	0	0	0.0195436840117257	0.0232556682653532	0.0259560322731034	0.0291558434625332	0.0334342943280692	0.0374909100510032	0.0428105489361212	0.0480206374813869	0.053245549881584	0.0595686906953106	0.0657177863795466	0.0724520950266242	0.0805075701962476	0.0866518326009317	0.0949824653134599	0.103928852263201	0.112137518511834	0.120715952979246	0.131949559067532	0.139729563770165	0.150605737956358	0.159019746339296	0.170728720759046	0.18035709265564	0.191832857569737	0.202650437734608	0.212852425387875	0.224043711089497	0.233755990434373	0.243146258309597	0.254416372823047	0.262522280077845	0.27131259690297	0.277866718812608	0.284636538301309	0.296225858940667	0.303917613661491	0.308289535970759	0.316357275188299	0.326280427308672	0.331993141616431	0.335325506580011	0.340890472478782	0.344538304228575	0.347810719676046	0.352099877401082	0.353824773928355	0.357171462444835	0.358111229084686	0.358358849720167	0.357976328437789	0.362352382050928	0.363271731722319	0.364017931359773	0.363698386307355	0.363956079865318	0.363678272744932	0.361670516034318	0.361401353615302	0.360414198514014	0.354142455362156	0.357439959808397	0.351924150718442	0.354520680220374	0.353016569123545	0.352983035748751	0.354828823510136	0.355374241754375	0.36507536460344	0.368616000494212	0.375400636464179	0.380686653867394	0.388227422982372	0.399818376543567	0.407764638116831	0.420239869626494	0.436842477433083	0.448178156368618	0.466569482453807	0.485580317413917	0.498795199721502	0.526716050597837	0.541508163513533	0.564700749788739	0.587001878632049	0.600739876540177	0.621662439065428	0.648339759367856	0.668110587295293	0.680110473372419	0.713410926736717	0.725366490703514	0.728843061115829	0.766935488643436	0.760178461415047	0.783838999808719	0.818499846629345	0.8437609046812	0.871507564379142
440.905	0	0	0	0	0	0	0	0	0	0	0	0	0	0	0	0	0	0	0	0	0	0	0	0	0	0	0	0	0	0	0	0	0	0	0	0	0	0	0	0	0	0	0	0	0	0	0	0	0	0	0	0	0	0	0	0	0	0	0	0	0	0	0	0	0	0	0	0	0	0	0	0	0	0	0	0	0	0	0	0	0	0	0	0	0	0	0	0	0	0	0	0	0	0	0	0	0	0	0	0	0	0	0	0	0	0	0	0	0	0	0	0	0	0	0	0	0	0	0	0	0	0	0	0	0	0	0	0	0	0	0	0	0	0	0	0.0202386823371521	0.0223623339399935	0.0268716030254717	0.0293492583147284	0.0341738596732457	0.0383440303003312	0.0436252905762689	0.0485340052199015	0.0531098638384164	0.0586826475238329	0.0651772882993931	0.0704151856279371	0.0764814583470548	0.0856239987233123	0.0919128839588024	0.10015185202616	0.110127647069611	0.117733744912989	0.125695461612039	0.134888766021633	0.145363928248682	0.156507127014434	0.16348496294374	0.176354433044511	0.185905434193503	0.193627536906691	0.20509694713442	0.217006799198199	0.227067754295002	0.237615601214409	0.246954606892368	0.256327626709417	0.265595753806303	0.273082352857416	0.280311803772458	0.288953513303112	0.294771994361841	0.303151790592544	0.307310415933739	0.3152349009176	0.322352705176893	0.330821588926481	0.33352612803366	0.338846332891475	0.345486716235438	0.350696577716257	0.351162872007212	0.352843283005641	0.356978150487422	0.356228339592211	0.361781957914656	0.361493034902414	0.358978168617915	0.362126365632721	0.359434515842122	0.357787574567049	0.359765162291644	0.360984027664056	0.360592139831226	0.359520511050744	0.359169824943446	0.357598329845283	0.359371001126174	0.358853745836527	0.354130827257328	0.354263488994533	0.354793693906823	0.354601479805522	0.358193243247991	0.359330900678174	0.367423157509191	0.370169833802945	0.37671544421261	0.384074917757091	0.393891554289056	0.400868502991865	0.415331201333868	0.430768580107826	0.446989901084398	0.467929843926964	0.482892746699566	0.495950987991609	0.512980837765124	0.543332946659814	0.558295811532882	0.576801531791442	0.595008638059205	0.61375224293929	0.634237788555928	0.654675607278239	0.672767986793097	0.694684905876058	0.715766042524808	0.722489955676203	0.746342233082529	0.780107068468139	0.772222267517408	0.786868820157255	0.835471810617234	0.849717273518615	0
445.528	0	0	0	0	0	0	0	0	0	0	0	0	0	0	0	0	0	0	0	0	0	0	0	0	0	0	0	0	0	0	0	0	0	0	0	0	0	0	0	0	0	0	0	0	0	0	0	0	0	0	0	0	0	0	0	0	0	0	0	0	0	0	0	0	0	0	0	0	0	0	0	0	0	0	0	0	0	0	0	0	0	0	0	0	0	0	0	0	0	0	0	0	0	0	0	0	0	0	0	0	0	0	0	0	0	0	0	0	0	0	0	0	0	0	0	0	0	0	0	0	0	0	0	0	0	0	0	0	0	0	0	0	0	0.0203441624550229	0.0231744823323611	0.0262126177525014	0.0296938023400933	0.033054402236486	0.0383131581061966	0.0419394906870569	0.0469186728271729	0.051189220047595	0.0591278904463021	0.0634073970363839	0.0690383564778383	0.0755219867576956	0.0818850926657951	0.0890689420226035	0.0965262518946273	0.105302073554389	0.113343389504387	0.120490052056729	0.129329843916106	0.138434789117218	0.147309870872766	0.157308719771545	0.166090683646419	0.176997859859417	0.184125336394264	0.195617011553698	0.206391469656474	0.214881347839872	0.225203160426012	0.237046726305091	0.243856316520853	0.255984540569252	0.263051422508305	0.269566160302232	0.277032275551781	0.285499337517077	0.291574111311231	0.298585362513998	0.304827164006294	0.310996911312429	0.315993767599016	0.320861748960408	0.328353036468803	0.333103885305483	0.33598109672067	0.339388057525148	0.341732227996856	0.347129485355801	0.346085824693694	0.3494375657847	0.349799201765011	0.350569444396148	0.350539589693778	0.353552153005495	0.352160106049467	0.352202316039189	0.353474679242179	0.35365184626778	0.352640790712562	0.351488342080494	0.351383614425845	0.350322395160796	0.35053154358109	0.348762651296722	0.345472282739123	0.348836370626962	0.345525248991397	0.351810348144035	0.35344922641195	0.354055374679482	0.358938740987879	0.361019060509684	0.36912471264079	0.378263994859193	0.387546470161425	0.392403786571053	0.406614621272965	0.4213116878772	0.433994878536914	0.451390771832691	0.468021570457278	0.48490292575678	0.499824833293669	0.51539260282276	0.543147308672181	0.550021586644623	0.575018643534932	0.593482071121665	0.6051433274499	0.631155712119787	0.659322400269248	0.665091099114148	0.684745120277887	0.70087161212842	0.723994916196494	0.734330678387767	0.744614947121852	0.76975144461196	0.782092787486841	0.765157700044429	0	0
450.154	0	0	0	0	0	0	0	0	0	0	0	0	0	0	0	0	0	0	0	0	0	0	0	0	0	0	0	0	0	0	0	0	0	0	0	0	0	0	0	0	0	0	0	0	0	0	0	0	0	0	0	0	0	0	0	0	0	0	0	0	0	0	0	0	0	0	0	0	0	0	0	0	0	0	0	0	0	0	0	0	0	0	0	0	0	0	0	0	0	0	0	0	0	0	0	0	0	0	0	0	0	0	0	0	0	0	0	0	0	0	0	0	0	0	0	0	0	0	0	0	0	0	0	0	0	0	0	0	0	0	0.0167651958851334	0.0199734919510994	0.0222691251137363	0.0260436102076128	0.0291768653646424	0.032096046355997	0.0358937207646769	0.0409272941805008	0.044962143633738	0.0502339702280791	0.0559161291222632	0.0614417443300272	0.0678071298324482	0.0732992601731705	0.0790279255279793	0.0872097976664382	0.0934130428998736	0.101439420525996	0.107151636632966	0.116900471828367	0.122935878666723	0.132829499773411	0.14018150355693	0.152232052139649	0.15996427196331	0.169832510260586	0.176645258777828	0.185940136976973	0.194568452220143	0.204887172027655	0.212761684028903	0.222544895376917	0.231906097342722	0.242904366071664	0.249803227651572	0.25974209696047	0.265139535641768	0.273922554318264	0.282242857832011	0.286163275705704	0.291746265371469	0.297383620449902	0.302428939149647	0.308143867302543	0.313310114563699	0.31662251725182	0.32330644833223	0.325257416322181	0.330337448911038	0.333124330199155	0.335503384323454	0.338808776287395	0.34004061874251	0.342761292288235	0.342726314278635	0.343856442683017	0.343432308126551	0.343217032939375	0.343583639356485	0.343501612128005	0.343088027756506	0.3414509278338	0.342445819480844	0.339815191811012	0.344956337686324	0.341289024872708	0.341072571089886	0.343027679139742	0.340937455225241	0.339227769154574	0.34236294135216	0.347010537811144	0.343773269182016	0.35007065127411	0.353650262345669	0.360313040413014	0.366858423976526	0.374653652933785	0.38266328537401	0.397998995837885	0.405148615443085	0.417997175394214	0.437334149521118	0.453980207938873	0.465028576907535	0.483063913406714	0.497837039337787	0.51659018598136	0.531566923629482	0.557799094558691	0.571885335001953	0.595771511385698	0.607769946150574	0.633341626905119	0.644818349226284	0.672822111784529	0.67599083768966	0.704754175538879	0.72097998004978	0.710366118654264	0.73246190442118	0.754566562733794	0.78889782220703	0	0	0
454.783	0	0	0	0	0	0	0	0	0	0	0	0	0	0	0	0	0	0	0	0	0	0	0	0	0	0	0	0	0	0	0	0	0	0	0	0	0	0	0	0	0	0	0	0	0	0	0	0	0	0	0	0	0	0	0	0	0	0	0	0	0	0	0	0	0	0	0	0	0	0	0	0	0	0	0	0	0	0	0	0	0	0	0	0	0	0	0	0	0	0	0	0	0	0	0	0	0	0	0	0	0	0	0	0	0	0	0	0	0	0	0	0	0	0	0	0	0	0	0	0	0	0	0	0	0	0	0	0	0.0159501463036248	0.0188971536979194	0.0225146913746904	0.0251966821512647	0.0278189147676828	0.0327923131221915	0.0348938298811698	0.0402662946212074	0.043580808571128	0.0480350882629522	0.0531563450237492	0.058427334528368	0.0651274166581278	0.0690431449380725	0.0764784950634946	0.0825723321419419	0.0898463365816759	0.0953586367172009	0.102555124741969	0.109688570145225	0.117553195270527	0.12740674638579	0.133014046993875	0.142813992537055	0.151300757284492	0.160758208942649	0.167078639578726	0.175977604212368	0.185609529447834	0.194176396086418	0.202212140471135	0.211912941628397	0.221044123455486	0.230800634109722	0.238738919116073	0.247678485226358	0.255997242520879	0.260388415059777	0.269812751251835	0.275952286378174	0.279800940046358	0.286254972675884	0.292740268116826	0.296396945447397	0.300069680192792	0.305952619425503	0.310213833230479	0.31234212723659	0.317249939199928	0.322303578739599	0.325053357651148	0.328028751583676	0.331442082341231	0.333093588396261	0.334387919951278	0.333674271858596	0.335027510208924	0.334405545111177	0.334061919844787	0.334593683767902	0.334283847805833	0.3337203510038	0.332730724492463	0.333908464302939	0.335315939462516	0.334371630972069	0.334716515259686	0.335726996615828	0.332309563420702	0.33433563475011	0.333646292985265	0.335670314408325	0.335583983457927	0.339802052867507	0.340675806975612	0.344589622654119	0.350314319363676	0.359615987103195	0.36762735295828	0.373320853134628	0.385245671569816	0.396035114570825	0.406473870964063	0.420337889124938	0.434445769653245	0.450873254872044	0.469907640825715	0.484077324424223	0.497670430662852	0.519743115726148	0.529040167362153	0.553379541408184	0.575317512511176	0.588307530612581	0.607317203324228	0.616773744050717	0.637800708342479	0.643906980667829	0.674106361954374	0.682369022934717	0.699269058158437	0.708339141001701	0.708708804655667	0.725352739214949	0	0	0	0
459.414	0	0	0	0	0	0	0	0	0	0	0	0	0	0	0	0	0	0	0	0	0	0	0	0	0	0	0	0	0	0	0	0	0	0	0	0	0	0	0	0	0	0	0	0	0	0	0	0	0	0	0	0	0	0	0	0	0	0	0	0	0	0	0	0	0	0	0	0	0	0	0	0	0	0	0	0	0	0	0	0	0	0	0	0	0	0	0	0	0	0	0	0	0	0	0	0	0	0	0	0	0	0	0	0	0	0	0	0	0	0	0	0	0	0	0	0	0	0	0	0	0	0	0	0	0	0	0.0160063182591022	0.0184537685028495	0.0216327358589219	0.0248023718178027	0.0275834170310292	0.0310645342364143	0.034799377241725	0.0392044595185999	0.0429324465750564	0.0474176980933614	0.0517842527377418	0.0570285605972674	0.0616273521206658	0.0667408324873353	0.0738485452052099	0.0791755306181415	0.0855085832052858	0.0923867157889895	0.0987781595275755	0.105932938237796	0.11236763183576	0.120491301046408	0.128040741441285	0.133961978855678	0.142877769604897	0.152005859760127	0.158570539998573	0.166796944236778	0.175696510565831	0.184671161113922	0.193212304421427	0.199662848768239	0.209102181816524	0.21696424253503	0.226183299186274	0.233366045685734	0.242173443809932	0.250628332257951	0.258207147810608	0.264840967078515	0.270276934714691	0.275045701520021	0.280732239999372	0.285697984608211	0.290731352899493	0.291978847566784	0.295767624273472	0.302662206768445	0.303589492729572	0.309610710971391	0.311873516490036	0.314021251770731	0.316596781695701	0.319197382003711	0.32262100699839	0.323083702074807	0.323483120749209	0.325517309327017	0.324616552920382	0.32739676440312	0.325488279087226	0.322972079419712	0.325574902081162	0.324537546007499	0.321840482763089	0.326440221058348	0.325364811518982	0.327047294148632	0.327015929025166	0.325843021659421	0.327476463694963	0.324800167516064	0.327137026853045	0.32864410491625	0.331467638639087	0.33438632571863	0.339057994729212	0.343222367838077	0.349744570356156	0.354524577578352	0.364710858253703	0.373734121080227	0.386292237347777	0.396834740754819	0.409103910506543	0.424426201496849	0.437853019392532	0.45175415632885	0.465809350961325	0.481628050304435	0.497994581291691	0.517009264467614	0.527071071248242	0.552792361438954	0.569296804088308	0.577985554317459	0.598499002722354	0.612262575490426	0.633464358350396	0.651167729551309	0.66283263399515	0.676359687059678	0.679649094767777	0.701150678815216	0.715345135266008	0	0	0	0	0
464.049	0	0	0	0	0	0	0	0	0	0	0	0	0	0	0	0	0	0	0	0	0	0	0	0	0	0	0	0	0	0	0	0	0	0	0	0	0	0	0	0	0	0	0	0	0	0	0	0	0	0	0	0	0	0	0	0	0	0	0	0	0	0	0	0	0	0	0	0	0	0	0	0	0	0	0	0	0	0	0	0	0	0	0	0	0	0	0	0	0	0	0	0	0	0	0	0	0	0	0	0	0	0	0	0	0	0	0	0	0	0	0	0	0	0	0	0	0	0	0	0	0	0	0	0.0139050612256545	0.0148238865218875	0.0167434041486768	0.0192751733645335	0.0226955527077393	0.0257745291887229	0.0289862955132024	0.0333727405247407	0.036825642246355	0.0409847700392281	0.0452838538489515	0.0488894526522168	0.0544438875883274	0.0578665473562171	0.0631725932261254	0.0703137854779337	0.0760656743597762	0.0806802266289032	0.0870765726101862	0.0929070613380197	0.0990219213406033	0.107407704650944	0.113350657644019	0.119947759750553	0.128188601812806	0.13483248431836	0.141800883996266	0.150743035051739	0.156860686738911	0.164740439133531	0.172796352488171	0.181097386034134	0.189838313713738	0.196385834876757	0.208288803938557	0.212037778872885	0.220874621126124	0.22866029276842	0.23596768230988	0.242102706448796	0.249732656265881	0.25761298547394	0.262727859729648	0.267173055731445	0.271191717416464	0.277914467679041	0.2820409730516	0.284810948507049	0.28594404678736	0.291316775328769	0.292996284201436	0.297530556288846	0.299591194194562	0.302131519963998	0.306077011734803	0.306392641949154	0.308452008697795	0.311985587300368	0.311347843872632	0.312393354785641	0.313939200966167	0.312354509120839	0.314179452022151	0.315200515297801	0.314567142140543	0.311031339993817	0.311806820432376	0.313137033286318	0.313860149863673	0.313569456965871	0.312696145527134	0.314493245028449	0.314672973230229	0.313983738960993	0.317818297737808	0.316843521262167	0.319921860006562	0.323580571385559	0.326066742097221	0.329552777763322	0.337759404272972	0.339269434986203	0.352955144114868	0.359811175690762	0.366908406519947	0.37808863647177	0.390345571855819	0.399581527077634	0.41496204835605	0.430744500430574	0.453196522547364	0.465049911618085	0.473625168507514	0.496343686349005	0.502637463433693	0.523557755199345	0.537360909358318	0.557967913910254	0.565600086636996	0.582016407059962	0.605478238824216	0.609341171542353	0.639484751538537	0.649423195780616	0.668675134315312	0.669505826691925	0	0	0	0	0	0	0
468.686	0	0	0	0	0	0	0	0	0	0	0	0	0	0	0	0	0	0	0	0	0	0	0	0	0	0	0	0	0	0	0	0	0	0	0	0	0	0	0	0	0	0	0	0	0	0	0	0	0	0	0	0	0	0	0	0	0	0	0	0	0	0	0	0	0	0	0	0	0	0	0	0	0	0	0	0	0	0	0	0	0	0	0	0	0	0	0	0	0	0	0	0	0	0	0	0	0	0	0	0	0	0	0	0	0	0	0	0	0	0	0	0	0	0	0	0	0	0	0	0	0	0.0129047163065437	0.0142710505348649	0.0162131627576348	0.0192827154635472	0.0216420364171016	0.0237385518242773	0.0279259275717674	0.030420336641486	0.0332756415751159	0.0391132962437189	0.0417537209631797	0.0460342571800701	0.051253531279101	0.0557583257353392	0.0599583432454518	0.0650965446931145	0.0702171387822621	0.0755123795440676	0.0803784599442826	0.0862041518468772	0.0925142267802456	0.0986070502177881	0.105490738396422	0.112835088034215	0.118257081807002	0.126237101872419	0.131929488425805	0.140418148000812	0.146316074391571	0.157126267960453	0.160105607698713	0.169350400893878	0.176077023069326	0.184126501320764	0.19327363690906	0.197745978704035	0.206891259110114	0.214049869085007	0.220814860721871	0.225112579587087	0.233636609725821	0.241295594437396	0.247186222814931	0.252847507526774	0.258740801622621	0.261832341909254	0.265987664916198	0.269579272635301	0.276108456617132	0.277202915571021	0.280635844970214	0.282801776003348	0.283190365846913	0.288563648285032	0.292073775522789	0.290745720386256	0.293779019772906	0.296192743421585	0.298830603350976	0.299901580354981	0.30178901267468	0.299491445938985	0.298759474851145	0.3000578336024	0.299514487672693	0.300465792546738	0.30102475501856	0.299545118356931	0.298085183559294	0.299253375782878	0.301043453883113	0.303825948275233	0.303297268707634	0.304221061024243	0.305887975155492	0.302671068412061	0.306518937501571	0.307875005848039	0.310274232626673	0.313423168951406	0.31782978987015	0.323958249976611	0.326730183811912	0.337559143927664	0.343258883248584	0.350190116904952	0.365597687264665	0.369047917540577	0.386066826012319	0.393796484766308	0.411363775900365	0.426426820556186	0.443214659772068	0.45878962742909	0.468612544487688	0.484312195151274	0.498973309883347	0.511306742202233	0.527036313367185	0.543315443580869	0.552267463449804	0.571823100791571	0.586508279752332	0.612430176485656	0.611584247724723	0.620157680802708	0.629561571629811	0	0	0	0	0	0	0	0
473.326	0	0	0	0	0	0	0	0	0	0	0	0	0	0	0	0	0	0	0	0	0	0	0	0	0	0	0	0	0	0	0	0	0	0	0	0	0	0	0	0	0	0	0	0	0	0	0	0	0	0	0	0	0	0	0	0	0	0	0	0	0	0	0	0	0	0	0	0	0	0	0	0	0	0	0	0	0	0	0	0	0	0	0	0	0	0	0	0	0	0	0	0	0	0	0	0	0	0	0	0	0	0	0	0	0	0	0	0	0	0	0	0	0	0	0	0	0	0	0	0.0125295194940765	0.0145833086753993	0.0154176606000945	0.0184865503449597	0.0200395551388718	0.0228896878490027	0.0257883314067589	0.0289811681026072	0.0331058822561569	0.0357535184463504	0.0403605755654441	0.0440664458261294	0.0487319199129357	0.0525835382674363	0.0571655618708921	0.0609302865726504	0.0663775859116985	0.0713082475290974	0.0767578418020765	0.0819105381440888	0.0873573128969236	0.094059577477138	0.0992430713382324	0.104853934644078	0.112069025588799	0.117404627690467	0.124366707706351	0.133414841652232	0.137130049035579	0.145396515406085	0.152427726937253	0.159431375180307	0.166143808462236	0.172632422150601	0.179856775836358	0.186559473499336	0.193712201614213	0.199740644832501	0.207174323876978	0.214077579844793	0.219751317876852	0.227110185992358	0.234157716170106	0.238992945993203	0.246096667757555	0.249921518970124	0.254619908686725	0.256160890176407	0.261140511222211	0.26490921873711	0.268836219085591	0.271296901642912	0.273397172003111	0.273036164932562	0.273844757113373	0.279232976694089	0.280779923259913	0.283951781665709	0.284746463382274	0.285486475750089	0.286448742958603	0.287510191360292	0.289455003358473	0.289948552760656	0.289978273062754	0.290982785760759	0.290203266977206	0.289239323847382	0.290199457923325	0.29118397325214	0.290355515742576	0.291607731968176	0.291429502507913	0.293382624262044	0.292688306469867	0.294954596892528	0.293045549716928	0.295442661918555	0.296700059086148	0.299936593937215	0.302021483079786	0.30746005471193	0.311822205998893	0.315474401088998	0.321079680850301	0.329817734703364	0.339610856939024	0.344912979123289	0.358521826681962	0.369172666876705	0.378754153504986	0.393619499143437	0.404340642899371	0.417818405818607	0.436054140793606	0.448227882425989	0.463035543000779	0.474950515242605	0.491115401288737	0.502873906384258	0.518668209134484	0.536539032760656	0.54862830257435	0.559150633653565	0.569882312500117	0.587632225242685	0.606639072165878	0.611945933659669	0	0	0	0	0	0	0	0	0
477.969	0	0	0	0	0	0	0	0	0	0	0	0	0	0	0	0	0	0	0	0	0	0	0	0	0	0	0	0	0	0	0	0	0	0	0	0	0	0	0	0	0	0	0	0	0	0	0	0	0	0	0	0	0	0	0	0	0	0	0	0	0	0	0	0	0	0	0	0	0	0	0	0	0	0	0	0	0	0	0	0	0	0	0	0	0	0	0	0	0	0	0	0	0	0	0	0	0	0	0	0	0	0	0	0	0	0	0	0	0	0	0	0	0	0	0	0	0	0.0122760593304413	0.0142014877325915	0.0154553930190925	0.0173493237551328	0.0197229441036853	0.021883830464493	0.0237541549312016	0.0268363841545726	0.0299931175922412	0.0335289346291557	0.0363380747324847	0.0413258208172703	0.0446025063637373	0.0493568197784192	0.052662158758112	0.0584057515747823	0.062195006252011	0.0668871287874803	0.0715489332379356	0.0758909258771477	0.0806358986402977	0.0859308900836143	0.0909591482535031	0.0970719346937271	0.103028553651998	0.109896994646623	0.114795181143516	0.121019615657116	0.128276325328668	0.134684689313517	0.141221683893255	0.146354926775538	0.153403144309913	0.160246277698069	0.166179841610189	0.1729476745228	0.179583005214781	0.187977616284242	0.192631277061381	0.199598463610896	0.206995082814422	0.209797629946253	0.217526565387183	0.222596452490569	0.228521925589026	0.2346344130108	0.238559367561968	0.243877222165646	0.247855895288803	0.251072619556298	0.254651755615427	0.256540706073804	0.259537078728895	0.261538561566291	0.262960645314436	0.264418847429724	0.264964437496971	0.266431478105329	0.269621387440935	0.26999262746652	0.273568322735507	0.273372722329972	0.274137534060577	0.274996639431971	0.276062560761984	0.277210424492481	0.276432262131514	0.278924577914393	0.27643554266744	0.276301949291471	0.276442761460951	0.277598777439494	0.279090767862294	0.278943761518306	0.278087763291332	0.278633347594519	0.28139045512397	0.282610724279673	0.281913546568575	0.286955225127948	0.286023239832363	0.290912260409045	0.295871103218276	0.298388581019084	0.3028383795472	0.304459797880546	0.314750458881	0.320919009564416	0.330402944987472	0.336772464091536	0.349960009466518	0.360514302984162	0.373246427763867	0.38206548302636	0.395699378512038	0.409105354646004	0.429439093448349	0.440581913570488	0.451196750451841	0.470395927197926	0.474598606508256	0.490612542953135	0.507646687110944	0.513773557477733	0.531956923166026	0.542198600594741	0.556886710373431	0.563965357822626	0.581411247073524	0	0	0	0	0	0	0	0	0	0
482.615	0	0	0	0	0	0	0	0	0	0	0	0	0	0	0	0	0	0	0	0	0	0	0	0	0	0	0	0	0	0	0	0	0	0	0	0	0	0	0	0	0	0	0	0	0	0	0	0	0	0	0	0	0	0	0	0	0	0	0	0	0	0	0	0	0	0	0	0	0	0	0	0	0	0	0	0	0	0	0	0	0	0	0	0	0	0	0	0	0	0	0	0	0	0	0	0	0	0	0	0	0	0	0	0	0	0	0	0	0	0	0	0	0	0	0.0107254142381142	0.012018517843307	0.0137720062755633	0.0143766170301464	0.0161740940707404	0.0183081477882809	0.0203068606362668	0.0223915473677077	0.0251129879313676	0.02770165137026	0.0297509549157814	0.0330128443710365	0.0363511505595246	0.0402313016724742	0.0444879113998231	0.0485699146843185	0.0527739927382194	0.0570185600623723	0.0611850633623331	0.0655187798022268	0.0700329776285433	0.0745685049341393	0.0790246402679734	0.0856336739271168	0.0882417935558271	0.0938876311707239	0.100717110518096	0.105545694935382	0.112401017070994	0.118334556295583	0.124613238493456	0.130251176736279	0.136460328300602	0.141720947260591	0.148866094041688	0.153627601298174	0.160876793139122	0.164883400528782	0.173527976251622	0.179340860972163	0.185672639398035	0.189889258190484	0.197840560982179	0.20348921827873	0.208670830876031	0.212657796032679	0.216964261370989	0.223861935495741	0.227147593598951	0.231779702753815	0.237340991845583	0.242075361354923	0.242687783959012	0.245321408437387	0.248760662527004	0.249207591656002	0.250082421937579	0.253291297008693	0.253797992703867	0.256715111031675	0.256547761582382	0.259106118485135	0.258649182583073	0.261904207520789	0.2627137973913	0.263315756268363	0.26240019474331	0.263258701851526	0.263435303608625	0.263676351128228	0.265046276872737	0.265675410333621	0.265395962125901	0.263941432996125	0.265318909671671	0.2671070899438	0.266862871369066	0.267300300303613	0.268821789738922	0.269994685018188	0.269204494494369	0.271811112518775	0.275872529632038	0.278348354728521	0.280350510475835	0.282841865760256	0.287966175863659	0.293512014093263	0.29899208594236	0.305905825189126	0.314006856864949	0.324201387811424	0.329478927215035	0.339853389281527	0.355114152970559	0.364574529937095	0.378840475957231	0.385969435061934	0.401460676809909	0.412170139198662	0.424464228432953	0.442047003697785	0.449034807997281	0.460723401424143	0.476840254090223	0.488930411949777	0.499631806225323	0.513625354071995	0.524813565941285	0.533635702354876	0.546434328834223	0	0	0	0	0	0	0	0	0	0	0.625373480644263
487.263	0	0	0	0	0	0	0	0	0	0	0	0	0	0	0	0	0	0	0	0	0	0	0	0	0	0	0	0	0	0	0	0	0	0	0	0	0	0	0	0	0	0	0	0	0	0	0	0	0	0	0	0	0	0	0	0	0	0	0	0	0	0	0	0	0	0	0	0	0	0	0	0	0	0	0	0	0	0	0	0	0	0	0	0	0	0	0	0	0	0	0	0	0	0	0	0	0	0	0	0	0	0	0	0	0	0	0	0	0	0	0	0	0.0113994264903332	0.0123842307596021	0.0135122030210943	0.0146841357317899	0.0165410116618421	0.0175581023398331	0.0195150123808636	0.0218613663090362	0.0239502552611858	0.0256174193485967	0.0282834923446339	0.0314233815013508	0.0335567553592229	0.0371469544174571	0.0418226890070277	0.0441920367840049	0.0485265948599836	0.0535747284683412	0.0571208587973153	0.0614234608951697	0.0661018735331725	0.0697813939193567	0.0731070148996875	0.0787650615586956	0.0829658677198362	0.0876781529578384	0.0917166069249597	0.0978280058355248	0.104481820054801	0.10960776381922	0.116126596270263	0.119959675570253	0.126548368882757	0.131707676080316	0.138022385817304	0.143889986108148	0.150397752047624	0.156007644733292	0.160733847989318	0.166355795614424	0.171267408364876	0.177483189197743	0.182372618525025	0.189809684002448	0.195383533450586	0.198966663182214	0.203967483830981	0.209757348158595	0.215742952279077	0.219240363863276	0.22523277649906	0.227418979971591	0.230624549524477	0.23326468714645	0.236356112100383	0.239751441845518	0.238727604822237	0.243175193757027	0.241836360965294	0.24457689016464	0.245170879763161	0.245337263125559	0.247037798046007	0.248534838512733	0.248297783420601	0.249265940321079	0.25219558649742	0.251541110077835	0.252806999506962	0.254026885512032	0.254526372538706	0.255436820111984	0.253317143016569	0.251211436458579	0.252505297945013	0.254973500284314	0.254116642118909	0.253430430148172	0.256671287208633	0.257184914253882	0.261223010029688	0.260676250137189	0.263161168627488	0.265432573140088	0.267227456963032	0.267892805190997	0.270139514311283	0.274141724475636	0.282727691206538	0.286682016331239	0.29479116616875	0.299189395920157	0.302874678237448	0.315218611173705	0.321995460587906	0.336642803956443	0.343076373316919	0.360128883389887	0.36716176403921	0.383403722294567	0.389734088280214	0.405656585159559	0.418371470385649	0.429875647960348	0.442497500079013	0.451448565329437	0.463469146451529	0.471314883776137	0.488888784970743	0.496213244331764	0.516037006535628	0.519112004158252	0	0	0	0	0	0	0	0	0	0	0.58377551984646	0.605152846792042
491.914	0	0	0	0	0	0	0	0	0	0	0	0	0	0	0	0	0	0	0	0	0	0	0	0	0	0	0	0	0	0	0	0	0	0	0	0	0	0	0	0	0	0	0	0	0	0	0	0	0	0	0	0	0	0	0	0	0	0	0	0	0	0	0	0	0	0	0	0	0	0	0	0	0	0	0	0	0	0	0	0	0	0	0	0	0	0	0	0	0	0	0	0	0	0	0	0	0	0	0	0	0	0	0	0	0	0	0	0	0	0	0.0104005448137138	0.0118820544266528	0.0128898717197878	0.0148375610637741	0.0158719556996883	0.0171814142062547	0.0190283997591249	0.0207415151449793	0.0221560565125675	0.0244911657578256	0.0270710543608475	0.0285473026659703	0.0318786403850055	0.0342219310757137	0.0370495270834224	0.0407614698089476	0.0434930234379013	0.048751438078788	0.0518592858897193	0.0559513753819994	0.0606230644401274	0.0641489743292233	0.0692795817802136	0.0727957103954741	0.0781330464708772	0.0827961518886585	0.0870613251917165	0.0906476641038284	0.0961184516839182	0.102175576391438	0.105164108848174	0.111153314757872	0.115723539235558	0.12245095769876	0.127901976414133	0.133255618479273	0.138940401340557	0.143655982477003	0.149220717035127	0.15512463586716	0.160684813336046	0.165459992957352	0.169388091871984	0.175063293122258	0.181129647196173	0.186837124578915	0.189605990187517	0.195550251986757	0.200173415770266	0.205536898185777	0.207902468158612	0.211170659634715	0.216870247334692	0.221141191218295	0.22343242410152	0.226077857258103	0.22756364941103	0.228226298537442	0.231294136044264	0.2324795588513	0.233672584754937	0.233626861595838	0.234611070854813	0.235581223375473	0.235655814258078	0.23610699400231	0.237924286284662	0.239099189607694	0.238156412949753	0.241233595860183	0.240730819035289	0.242017787221477	0.241826587298985	0.242453786913439	0.241248814235592	0.243633171143569	0.243374407041689	0.244409858816026	0.243572426500683	0.246042813889392	0.246442230981311	0.245292003869487	0.247272219388225	0.252942950892276	0.25161629633512	0.256093610498889	0.256625699968951	0.258881715357484	0.261732833835185	0.267369686862298	0.270937882974822	0.275507252503669	0.284456665154291	0.293034027615025	0.295961814506012	0.310349204725797	0.318777651988196	0.326933008241055	0.341072239860077	0.350278924237414	0.361090941393352	0.363106612901791	0.381604169659648	0.395681570503138	0.409718039108778	0.418376766759655	0.421225663329864	0.441549815836991	0.450285225958862	0.458429542701356	0.471564381389849	0.482736762178381	0.495124147025413	0	0	0	0	0	0	0	0	0	0	0.575987929529871	0.563035402778798	0.572602772385637
496.567	0	0	0	0	0	0	0	0	0	0	0	0	0	0	0	0	0	0	0	0	0	0	0	0	0	0	0	0	0	0	0	0	0	0	0	0	0	0	0	0	0	0	0	0	0	0	0	0	0	0	0	0	0	0	0	0	0	0	0	0	0	0	0	0	0	0	0	0	0	0	0	0	0	0	0	0	0	0	0	0	0	0	0	0	0	0	0	0	0	0	0	0	0	0	0	0	0	0	0	0	0	0	0	0	0	0	0	0.0104371656952375	0.0108940434757473	0.0117647537774023	0.0132277568362539	0.0141500877182716	0.0156219660009117	0.0170797226185811	0.018601313753431	0.0195558059981533	0.0215958505364444	0.0227161028186527	0.0256918995200527	0.0274262764729555	0.0296109693731521	0.0325161940292847	0.0343816959795321	0.0374386429615352	0.0404719056122155	0.0449223302902505	0.0475508451045394	0.0513387196012708	0.055202240834908	0.0592560531725379	0.0634307753853724	0.0668051616767042	0.0714420168670255	0.0760229456952104	0.0789371123073066	0.083175425501063	0.0872242600019652	0.0915239392804556	0.0977664932742849	0.102009364317062	0.107785907282245	0.111538129353759	0.117466015142502	0.122588432023416	0.126392994500074	0.130743230072665	0.137836861120366	0.143959675534878	0.14743852098015	0.152163368613503	0.157828945149386	0.162418393084825	0.167959340790313	0.172194694693957	0.175149327439109	0.181358372551669	0.18613925898323	0.190093503299	0.193635790727008	0.198601112095616	0.201132279575239	0.205365453601968	0.209104477646559	0.209551040498832	0.213280120200706	0.215604741886367	0.219140202866844	0.218836420776316	0.220089997298165	0.220428859305559	0.220762424180478	0.221474673838529	0.222527349764988	0.223258694279428	0.223725795145925	0.2250512092409	0.227918178077132	0.22722891946443	0.227962071907424	0.228554244633005	0.228765590176103	0.228425830950133	0.230538667038308	0.227811130411489	0.228680224850453	0.229497731100533	0.231448417628206	0.231623093901011	0.231528855773825	0.233121905298761	0.235388150000641	0.236251980818234	0.238688994151114	0.240072384246918	0.240478452923235	0.242556308155281	0.246375188814571	0.253128376348952	0.25306365060798	0.254599861290174	0.261441919285079	0.26879345437892	0.275768790812478	0.282988689542986	0.289832518964726	0.298998932858365	0.307762790385275	0.314381640985754	0.325264398889877	0.333991837903961	0.34550505154319	0.359115484016663	0.368449000941609	0.384031075405934	0.393366027283743	0.404763724332234	0.414574079739367	0.430892399209679	0.432348793268043	0.442721717349624	0.448802752693664	0	0	0	0	0	0	0	0	0	0	0.55360672979578	0.542703368413956	0.572766752175883	0.532058343553543	0.49481449190813
501.224	0	0	0	0	0	0	0	0	0	0	0	0	0	0	0	0	0	0	0	0	0	0	0	0	0	0	0	0	0	0	0	0	0	0	0	0	0	0	0	0	0	0	0	0	0	0	0	0	0	0	0	0	0	0	0	0	0	0	0	0	0	0	0	0	0	0	0	0	0	0	0	0	0	0	0	0	0	0	0	0	0	0	0	0	0	0	0	0	0	0	0	0	0	0	0	0	0	0	0	0	0	0	0	0	0	0.0090267185661435	0.0104871828793975	0.0110216266878624	0.0119109399339016	0.0132050658566407	0.0141743813966939	0.0166885214793922	0.0179450575422417	0.0195767795258643	0.021158120360892	0.0222373324280672	0.0237770801851573	0.0259111021782383	0.0274190006932767	0.0297978628395078	0.0318598421547154	0.0342940975862501	0.0366970510213948	0.0398584527346472	0.0417525696021343	0.0448676772821486	0.0482775803684445	0.0535453392135604	0.0564513090256573	0.060569960579051	0.0642272776501791	0.0682716833774586	0.072588914787678	0.0764305942980369	0.0813169991029044	0.0842032162176307	0.0882169731588494	0.0928095919308921	0.0953503394708602	0.100139397192815	0.106031748511842	0.111296481216427	0.115298815884724	0.118702105667584	0.12597847464113	0.129736118256804	0.134188291671833	0.138187399926239	0.143337335969749	0.149291402294474	0.152764591990786	0.158534472589136	0.162408876917293	0.166773227899908	0.171729712536194	0.173871721336436	0.179286286335132	0.183176917033429	0.186047974092466	0.190299483159317	0.192021945836507	0.195234181858093	0.199377744266881	0.200290265492091	0.204045226490729	0.204319751116814	0.207664325151134	0.209829430181182	0.210829023449088	0.210641133841723	0.212731991613082	0.209285840131093	0.212319129661099	0.210905221107533	0.213290732695247	0.212999305652339	0.213651193487996	0.215980859935236	0.216328634706157	0.216800509933183	0.217036496047189	0.21650996411281	0.217499958984735	0.217750754557431	0.217890270482173	0.21782311738386	0.219721533238095	0.219147148405178	0.219462933175626	0.221000431477604	0.222271475791276	0.224743403654948	0.225521447921528	0.228428274076372	0.229203045104022	0.234587211388724	0.236416961343227	0.239038864135613	0.243747206149658	0.245772984634325	0.251478037502817	0.256643361556201	0.265608384208482	0.269249014551442	0.276349086816097	0.286974714552632	0.29688979379992	0.304944781068576	0.312203966389595	0.324028877678529	0.334237207008157	0.342852533336035	0.356351005310639	0.370100872489272	0.380189240943012	0.387533134204218	0.397317767536491	0.404019311072946	0.416957378411055	0.422029864499775	0	0	0	0	0	0	0	0	0	0	0.494650993528278	0.494067756567098	0.529194558771435	0.492208883910754	0.462026816574776	0.505067307991664
505.882	0	0	0	0	0	0	0	0	0	0	0	0	0	0	0	0	0	0	0	0	0	0	0	0	0	0	0	0	0	0	0	0	0	0	0	0	0	0	0	0	0	0	0	0	0	0	0	0	0	0	0	0	0	0	0	0	0	0	0	0	0	0	0	0	0	0	0	0	0	0	0	0	0	0	0	0	0	0	0	0	0	0	0	0	0	0	0	0	0	0	0	0	0	0	0	0	0	0	0	0	0	0	0	0.00847344291247461	0.00996185840627519	0.0108885300613481	0.0115212398720221	0.012741446998921	0.0148483100482123	0.0153438562300852	0.0164699845602316	0.0185456162380178	0.0196638680896377	0.0217353409604618	0.0229277031899314	0.024638363017152	0.0263242603676201	0.0279991685885471	0.0298700712819481	0.0323114763377097	0.0339355194954402	0.0368825064924441	0.039058066649581	0.0422766481761589	0.0443028833885032	0.048114699375874	0.0498996146272959	0.0545996883363632	0.0582937313871277	0.0618589987137859	0.0658599214049216	0.0698587233394105	0.0741501721456132	0.0777570102750425	0.0817167434291515	0.0844372532386263	0.0875500767536983	0.092963656089676	0.0956058916316329	0.0994727089516362	0.106751506286777	0.109967996754142	0.114625899726475	0.116445055314229	0.123195476522601	0.127913037141413	0.129222964626565	0.135570980637317	0.140004124058824	0.144844564955339	0.148939493022666	0.15340522669642	0.157862542384605	0.161554737766004	0.163714466559232	0.16765762713256	0.171702283265799	0.1761591990945	0.179388582038718	0.182357708598272	0.18440938926094	0.186892086847033	0.190463866067141	0.191770401026634	0.194312656092137	0.196167579850949	0.195814390452751	0.196342605303395	0.197944453957803	0.198691293428433	0.200108000065706	0.200946815499965	0.200809583256971	0.202146235822309	0.200197810519719	0.201740943199955	0.201504436132039	0.202878097584118	0.203571295149345	0.204322426924637	0.203729365929162	0.205127256339532	0.206947631167683	0.205277602586395	0.206388185950859	0.206890704776102	0.20622957250098	0.208288182044638	0.208683080905849	0.209965004179716	0.21106070770338	0.212845820614822	0.217254956317673	0.2154131506911	0.21963634529963	0.220542153889267	0.22341354217584	0.228584214582877	0.229927770155148	0.23702181138733	0.243461544688215	0.248329883316588	0.250756505955893	0.258406982962393	0.266319908246339	0.27265655612429	0.282764806298595	0.292690803097683	0.301666221901635	0.310442360737649	0.320593337903565	0.329461612897305	0.339645889991298	0.349283877720213	0.35971378521413	0.36999030073717	0.377666391150713	0.386935578645247	0.395546584678415	0	0	0	0	0	0	0	0	0	0	0.465984333275541	0.478671369034722	0.478332960299667	0.480249897391248	0.450069883526372	0.462776542348317	0.466028663302482
510.544	0	0	0	0	0	0	0	0	0	0	0	0	0	0	0	0	0	0	0	0	0	0	0	0	0	0	0	0	0	0	0	0	0	0	0	0	0	0	0	0	0	0	0	0	0	0	0	0	0	0	0	0	0	0	0	0	0	0	0	0	0	0	0	0	0	0	0	0	0	0	0	0	0	0	0	0	0	0	0	0	0	0	0	0	0	0	0	0	0	0	0	0	0	0	0	0	0	0	0	0	0.00709232281316657	0.00812059162765818	0.00926545141793778	0.0100966913882074	0.0108200693284871	0.0118787279533888	0.0125281226132337	0.0147741683810933	0.0162105763257816	0.0164834531181267	0.018593817784282	0.0193234654216388	0.0213157852973255	0.0229049620530675	0.0244508818261051	0.0264414450540171	0.0278956490267561	0.0293688120088742	0.031366997732069	0.0334959353547053	0.0352763912286846	0.0373245451417754	0.040484604388404	0.0443226462661725	0.0448538129759883	0.0477283677693281	0.0509681472862001	0.0548515742788745	0.0577971388805301	0.0615811457090292	0.0648871803090014	0.0688264296433654	0.0726456750214855	0.0770967848084198	0.0791913883668982	0.081662829178891	0.0876992955018167	0.0901786406429054	0.0927266090239713	0.0980632950377248	0.102904651702292	0.107309626869174	0.110484558299747	0.115178920664888	0.117954948913651	0.122815245957276	0.126025743691042	0.130667611304535	0.132835218090248	0.137861779807785	0.142475023509854	0.145036960107522	0.149429898038871	0.151973916580794	0.155841102408173	0.159653537110947	0.162053828221767	0.166191378420884	0.168974993749397	0.170620386795032	0.173437790155904	0.175790387903996	0.179258417260622	0.179747938337096	0.18263419259126	0.183789072564215	0.183523547375468	0.185489531036641	0.187306413479183	0.187041618131051	0.187730386264837	0.187593693822305	0.185865014851632	0.186572624638082	0.186212889950052	0.189452296719215	0.18873569933613	0.190806717106051	0.190186343744011	0.189461669200733	0.190394550516515	0.191203189145381	0.192352237091201	0.192728242800748	0.191684556387473	0.19276944792839	0.19477359725398	0.194661294237324	0.19451896885445	0.196878559232662	0.200280202035124	0.200293294347579	0.203275215954174	0.201733385086462	0.205321183260089	0.209623810335724	0.211336109098511	0.217513334743666	0.219704087401432	0.234068041411171	0.229059876315606	0.232502379534378	0.242095076616877	0.244908270439612	0.254728109934226	0.25843127178466	0.265736495034019	0.277945814687618	0.285683183479717	0.292488493426372	0.300752067807307	0.313970260329897	0.321858925566965	0.333331662199025	0.341650208411465	0.350413049500584	0.359480610753775	0.366729193259231	0	0	0	0	0	0	0	0	0	0	0.433606259011813	0.446653349877302	0.433551239482974	0.44241776530258	0.422868267268706	0.41687102863193	0.424547667426172	0.439974649354651
515.208	0	0	0	0	0	0	0	0	0	0	0	0	0	0	0	0	0	0	0	0	0	0	0	0	0	0	0	0	0	0	0	0	0	0	0	0	0	0	0	0	0	0	0	0	0	0	0	0	0	0	0	0	0	0	0	0	0	0	0	0	0	0	0	0	0	0	0	0	0	0	0	0	0	0	0	0	0	0	0	0	0	0	0	0	0	0	0	0	0	0	0	0	0	0	0	0	0	0	0.00749663209151918	0.00836949648090227	0.00950743887004944	0.00970106305621859	0.00992271841441642	0.0116203733800169	0.0129513511575922	0.0139541252804821	0.0145958998607571	0.0157761888891326	0.0177231110818353	0.018601930675814	0.0200587297230289	0.0220347539325414	0.0234121953980205	0.0253520889073494	0.0261882086743902	0.0278702616383167	0.0293569902093263	0.0313787893496403	0.0330172947479559	0.0349674924449054	0.0367137504053308	0.0393153164060686	0.0417024186161961	0.0445241926526325	0.0463901269187873	0.0496414785711137	0.0519290249455197	0.0546768720951903	0.0597116145362487	0.062193150433191	0.0661971363836175	0.0687780741809309	0.072282026236677	0.0749729071144357	0.0786991243953634	0.0821014001569512	0.0842284392836951	0.08807429187408	0.0914891519557854	0.0961036178701462	0.0995512901005289	0.104242680499431	0.105563706645199	0.111620896149015	0.115180419698304	0.118814491137827	0.121529671041746	0.125352413650432	0.12916139157838	0.133259112806096	0.136315717437251	0.138363909583514	0.143212147700302	0.145430274674025	0.14747427257706	0.151691597744589	0.154203509310538	0.157458769424996	0.159771678939226	0.16202712744209	0.163457007199658	0.16552194913455	0.168567885963762	0.170340351628148	0.172414849124876	0.173224986788106	0.174824405942498	0.172704810516349	0.175431045390652	0.176456055576241	0.174382681496745	0.175741094325166	0.176749670328329	0.176391849150721	0.177224524445012	0.17809483935314	0.175936450076154	0.178562880311955	0.179679322102133	0.178039231800276	0.178215292924227	0.178525919028423	0.181923844246365	0.180511260453501	0.179585424258994	0.183291348829242	0.182123952024871	0.183186593075758	0.185965354882531	0.185550110947838	0.187059607457086	0.188873916853012	0.1914403483707	0.192930899835085	0.197208518460226	0.198918176011056	0.200382059567048	0.206001800249502	0.209385012157238	0.2291449296479	0.21905323797326	0.224198570958958	0.22745234215824	0.232688620090716	0.240410558270215	0.247624106688265	0.256692051307457	0.265805902017806	0.271055688672508	0.28323492831351	0.28977026737546	0.296005137144399	0.304304235541099	0.318120758035109	0.329195673658307	0.334996185245201	0.341296237442523	0	0	0	0	0	0	0	0	0	0	0.404317688844236	0.409997551179618	0.418328048941594	0.414204041656132	0.407244588450727	0.399297818937664	0.414808775687126	0.417049063580478	0.440414902145047
519.874	0	0	0	0	0	0	0	0	0	0	0	0	0	0	0	0	0	0	0	0	0	0	0	0	0	0	0	0	0	0	0	0	0	0	0	0	0	0	0	0	0	0	0	0	0	0	0	0	0	0	0	0	0	0	0	0	0	0	0	0	0	0	0	0	0	0	0	0	0	0	0	0	0	0	0	0	0	0	0	0	0	0	0	0	0	0	0	0	0	0	0	0	0	0	0	0	0.00700284557416832	0.00811539205824013	0.00919946256046589	0.00883237264716268	0.011642561211914	0.011615308502037	0.0125631768895653	0.0141450360382904	0.0137565593675258	0.0152776217622702	0.0163492918359052	0.0177743143291758	0.0197628825424654	0.0203925624772963	0.021108776863997	0.0235208447063855	0.0244696819273706	0.0270596881255683	0.027672752945072	0.029335439332432	0.0306962833940884	0.0320926619781069	0.0338316685707579	0.0351698242488876	0.0377509998868729	0.0399478809804412	0.0417308134759628	0.0443763475553776	0.0469644798097976	0.04906120217014	0.0520932121545615	0.055220731635642	0.05894000680725	0.0624161631831844	0.0648512865012429	0.068301194917544	0.0712641975075847	0.0741282523249086	0.0773118991941232	0.0799035717854332	0.0821493588568483	0.0867354551289611	0.0888963111994221	0.0926795353411726	0.0962364546085501	0.099486621151838	0.104195925570871	0.106579308616136	0.110860353786918	0.113199030900218	0.117689182065763	0.118466499894129	0.123829272405654	0.127058214843939	0.1301607276168	0.1329492362	0.135417525623319	0.13895871365178	0.139877749757317	0.142797787968866	0.146604567388897	0.148742026516371	0.150894612922751	0.151963654991719	0.153876186243983	0.156556905965072	0.160460012122614	0.159686551978432	0.161595803558283	0.162734328577287	0.162496613489637	0.162890334031765	0.16473405784694	0.164647334147777	0.164365361802565	0.163024921054391	0.165225111450509	0.165723057908093	0.167619660893884	0.164550721204168	0.166308011452562	0.165817514752553	0.166045648488074	0.167611369895174	0.16818166934142	0.168772250407616	0.168390317740715	0.169248592747485	0.169957642226484	0.171404803651982	0.171388692212291	0.172780207668333	0.171946809623679	0.172968425519548	0.174146175257092	0.179995730107208	0.179972609933317	0.182342285706053	0.186132467997632	0.187872395015979	0.191178741159359	0.193511258310539	0.19864697169332	0.201441141941177	0.204661455397848	0.2120430727615	0.215528070549424	0.22431652569709	0.231140893413388	0.236432927331588	0.243804744559826	0.251047790550035	0.260078546695387	0.267010861473022	0.274922153502441	0.286277411561774	0.290092682560039	0.299107627077581	0.310050748981008	0.311552843243662	0	0	0	0	0	0	0	0	0	0	0.385152667197934	0.386326813000256	0.389707433176448	0.38843401812411	0.374515594210105	0.372833422157928	0.379935786134954	0.392479302411395	0.421542715164659	0.397962355267876
524.543	0	0	0	0	0	0	0	0	0	0	0	0	0	0	0	0	0	0	0	0	0	0	0	0	0	0	0	0	0	0	0	0	0	0	0	0	0	0	0	0	0	0	0	0	0	0	0	0	0	0	0	0	0	0	0	0	0	0	0	0	0	0	0	0	0	0	0	0	0	0	0	0	0	0	0	0	0	0	0	0	0	0	0	0	0	0	0	0	0	0	0	0	0	0.0061509653778074	0.00677817830643515	0.00730323280142037	0.00868506050839708	0.00907430240024633	0.00964211857156901	0.010696933343008	0.0107168611720692	0.0123638261882376	0.0129417182668809	0.0145575214721782	0.0157956561858632	0.0167378119017474	0.0185100782100876	0.0189687108357878	0.0204421460789058	0.0217468773096704	0.0227650870332899	0.0246737708761218	0.0252947819511111	0.0271078353648469	0.0283418844081727	0.0292665274189512	0.0308134616461447	0.0323818298992237	0.0342420558102438	0.0351169494615187	0.0378068796545317	0.03962581409799	0.0427204645163209	0.044310430432228	0.0458664408502986	0.0491816118492464	0.0529601810151977	0.0547768399964107	0.0573977959244063	0.0590872018607479	0.0632376459823621	0.0666415715924995	0.0678094771948109	0.0721643982139598	0.0756348133563822	0.0763230813373231	0.0789992945403755	0.0823015714155987	0.0858067031622948	0.0891459891178557	0.092403622013047	0.0950172582996702	0.0977066131244678	0.101957265597421	0.103465027504668	0.108441393552349	0.110511533912179	0.1134853945449	0.116713845457682	0.118375250141434	0.122588213038025	0.123439424319466	0.126434841023494	0.129593611645901	0.131496285075888	0.134654663203154	0.136657392992851	0.138542424413721	0.140971444032064	0.141704258479307	0.144453332604364	0.144158550846956	0.145239137437412	0.150186482433716	0.149802356754557	0.151436488253938	0.151647940766258	0.153957222203619	0.151880980701122	0.151288656613524	0.151985790679143	0.152983076320474	0.151259155707715	0.15174567200213	0.151717234001312	0.153436426944413	0.15373521092221	0.154155156210202	0.155198903654221	0.155307215922609	0.155202346929913	0.157415021121497	0.156432943055897	0.157321463068272	0.157645411874714	0.159901989539291	0.160771467877755	0.160702896014663	0.162684485802184	0.162756617338567	0.164407017913538	0.166262768427824	0.169148482891166	0.170997911470361	0.17385868806281	0.177736492305779	0.179059197099246	0.18208115027944	0.187514027361459	0.189540486812225	0.193576781802881	0.201601479721828	0.205227826657733	0.210673617658059	0.215039077276797	0.226619456094139	0.230401515919066	0.234800959236458	0.243264507914294	0.248969230745798	0.263823148189001	0.265631606744721	0.277428869180191	0.279496952473607	0	0	0	0	0	0	0	0	0	0	0.349644443187211	0.346646695849766	0.350560886230945	0.368993285697499	0.349944848618961	0.354395136754933	0.348060003603038	0.36342530021612	0.367749632328386	0.37873633498794	0.391599429428125	0.383790690611908
529.215	0	0	0	0	0	0	0	0	0	0	0	0	0	0	0	0	0	0	0	0	0	0	0	0	0	0	0	0	0	0	0	0	0	0	0	0	0	0	0	0	0	0	0	0	0	0	0	0	0	0	0	0	0	0	0	0	0	0	0	0	0	0	0	0	0	0	0	0	0	0	0	0	0	0	0	0	0	0	0	0	0	0	0	0	0	0	0	0	0	0	0	0.00727712188875348	0.00750022363722408	0.00689830657813212	0.00755102596019917	0.00793247247544875	0.00984992227700386	0.0102135214749879	0.0100951933133765	0.0117912317956565	0.012799559023715	0.0135657047497364	0.0152434098283689	0.0165923068707587	0.0166239651063	0.0175106138051898	0.0185166142119253	0.0199533141400069	0.0213531928693365	0.0222279956068971	0.0235264342872791	0.0243979057897119	0.0262401848025418	0.0275471584956876	0.0290272642383075	0.0300786079937448	0.0314919798968039	0.0325323272611032	0.034147121251308	0.0360185088242549	0.0381974304018372	0.0402134048015449	0.0417495677763987	0.0445707817207234	0.0466555397043974	0.048498973135094	0.0518500874681223	0.0544622255747028	0.0561524459603736	0.0591434105086066	0.0605102164752443	0.0638921109195265	0.0669544732205667	0.0696417717153119	0.07128043463925	0.0736666090984192	0.0760583434336935	0.0795249567108221	0.0822685481338739	0.0850013922503489	0.0869899245735962	0.0908102665324623	0.0938507043699676	0.0975192351892779	0.0991063450228555	0.10213366885304	0.105497136218067	0.108145545656447	0.110053701297366	0.114603774349845	0.115252395555968	0.118923458799897	0.119990291918073	0.122090582211773	0.12474876095808	0.127128175368168	0.130053906689842	0.131117741314125	0.133139361175768	0.134819363745483	0.136056886997171	0.136862472743675	0.139487931622834	0.139042717970843	0.141348002905101	0.140672211362684	0.142229369969958	0.143596086131414	0.143613083143643	0.142491019403936	0.143934213123133	0.1423635621005	0.142497033143065	0.143276863394985	0.143302248144807	0.14242498148546	0.144299987861707	0.145615552351359	0.143318510810268	0.145414035083849	0.145113348927351	0.147105265632605	0.145850823520991	0.147234596203519	0.149168769412851	0.148415268682441	0.151247586244666	0.153892524335037	0.152989269025124	0.155237038292292	0.155031210283668	0.157633003679688	0.158257040726308	0.161241776077088	0.163633913659145	0.166542824692501	0.168648131359673	0.171375586517886	0.175503709011402	0.180628568613949	0.184692027613646	0.1889573025515	0.195334198675988	0.198299899665996	0.202727033488897	0.210639693253436	0.217204178278339	0.225631530625198	0.232138638999381	0.240613026597395	0.247076826456566	0.253660689384423	0.258983375092741	0	0	0	0	0	0	0	0	0	0	0.317878281589484	0.327548795397747	0.331627046492984	0.329436989175444	0.336123044266972	0.328672475381941	0.315386602515766	0.315892643483388	0.337952775897124	0.342807676754898	0.35383923575464	0.353366198459289	0.374041168647627
533.888	0	0	0	0	0	0	0	0	0	0	0	0	0	0	0	0	0	0	0	0	0	0	0	0	0	0	0	0	0	0	0	0	0	0	0	0	0	0	0	0	0	0	0	0	0	0	0	0	0	0	0	0	0	0	0	0	0	0	0	0	0	0	0	0	0	0	0	0	0	0	0	0	0	0	0	0	0	0	0	0	0	0	0	0	0	0	0	0	0	0.00600894512486466	0.00678968868755338	0.00791293179866989	0.00832397222284284	0.00912553246996196	0.010239582128233	0.0108363508276879	0.0103892632197026	0.0119457766544625	0.0126499498495934	0.013496722185014	0.0145886046127467	0.0154477311922094	0.0163500789465748	0.0170099726637426	0.0177549786410642	0.0193494614142033	0.0206389478272447	0.0212269467036071	0.0222485359905045	0.0224251719785782	0.02451430689263	0.0254968742962943	0.026707733141836	0.028646978435606	0.0304103582570049	0.0312559207867313	0.0325411684797873	0.0330702476042856	0.034644474794043	0.0369757710412596	0.0388693708888076	0.0403689011130151	0.0427565454387637	0.045305325724602	0.0462754116781691	0.0484359178795905	0.0505068406844982	0.0539728036461533	0.0560675993631997	0.0584666695040547	0.0608908795360652	0.0636398945354453	0.0652481089814732	0.067785925467238	0.071063572752122	0.0724661987027828	0.0742037209369068	0.0770270886986059	0.0806984118282777	0.0828600273284775	0.0858490571735581	0.0880329542171336	0.092280992768217	0.0929363195816502	0.0953377948359188	0.0987553299579125	0.101171638722017	0.103177774111687	0.106339395326378	0.108274512497542	0.110379132577181	0.112957857054315	0.116312173566114	0.115907640819514	0.119001115794238	0.121521318886315	0.122303350826347	0.1241901123914	0.124371106039346	0.129020002569366	0.129175561181103	0.130370047814008	0.132142966875286	0.13287048055256	0.133314752795679	0.134665242697543	0.135525540575	0.135088787486245	0.134376115320533	0.134983378137298	0.134798178216848	0.134928222278958	0.134162264813977	0.135156531364116	0.135391004227421	0.136561013727193	0.136323984568295	0.137732117857228	0.137022573045617	0.137614436997958	0.138726493282301	0.13895793474501	0.140129101955754	0.140191982271046	0.139709766981174	0.141227067788468	0.14272183580027	0.144206325113049	0.144902272719451	0.146005011997088	0.146942718767844	0.150126574850993	0.15098252646606	0.153663283705284	0.157272295328839	0.159755708987043	0.161323741237653	0.164663234460151	0.167584431590925	0.172921308610923	0.177044973407226	0.179177356743192	0.185977937241327	0.192394547866018	0.197166733154205	0.202107317477262	0.208244767248217	0.216156265567308	0.218846762423884	0.227716016809408	0.235781859481409	0.240538074684047	0	0	0	0	0	0	0	0	0	0	0.304203452777987	0.30653659586159	0.30970592948096	0.315118828857753	0.311232469058885	0.310395759696615	0.316221863861722	0.315851028152765	0.332465948000628	0.347545290551585	0.346421823801196	0.340484925983228	0.371125626849991	0.367350764367628
538.565	0	0	0	0	0	0	0	0	0	0	0	0	0	0	0	0	0	0	0	0	0	0	0	0	0	0	0	0	0	0	0	0	0	0	0	0	0	0	0	0	0	0	0	0	0	0	0	0	0	0	0	0	0	0	0	0	0	0	0	0	0	0	0	0	0	0	0	0	0	0	0	0	0	0	0	0	0	0	0	0	0	0	0	0	0	0	0.00329679092822056	0.00510564122020912	0.00588608003202805	0.00627641949366403	0.00640786308508533	0.00746409430130097	0.00828841872178353	0.00940911967085384	0.00850502076411481	0.00919504812658085	0.0110531977714507	0.0115767482184055	0.012611417841856	0.0131196600444584	0.0142285855544742	0.0151267950309304	0.0159513715895663	0.0167856784918939	0.0173754592601512	0.0199111420809103	0.019821858173738	0.0205051395215052	0.0226165712976389	0.0230481900930448	0.0248833085885892	0.0252182096464654	0.0267233246568849	0.0284126932874326	0.0291791156355326	0.0305759732973269	0.0320006045766101	0.0330598004881234	0.0345229774531238	0.0359083433480018	0.0368909086156287	0.0391607285591552	0.0414355538495152	0.0427335693536533	0.0442842373748112	0.0470947668945357	0.0481558934177747	0.0510313791991129	0.0531875969115446	0.055881773438347	0.0581582843714377	0.0603701626130085	0.0630997770346525	0.0651852057891815	0.0678795156797829	0.0694335751856683	0.071294633005627	0.0743770971389687	0.0751012095262494	0.0773081431432022	0.0805596918745552	0.0829334256320312	0.0860659934058288	0.0880604256364304	0.0900538615049713	0.0939503637073339	0.0948991702328428	0.0977837240306599	0.0997790812434207	0.100375841360907	0.103418712533607	0.1053873742476	0.107577969804701	0.110079378636854	0.111119979105375	0.112742770057808	0.112776271369306	0.114526528380014	0.117473314245258	0.118777037929652	0.118819541637162	0.121810553379859	0.123050181757332	0.124139892939549	0.124904502484177	0.12523534514953	0.126136562656984	0.124197544905866	0.126131957096698	0.125966015663268	0.125769046326336	0.125199123508224	0.125972470347052	0.124859058035655	0.126193547614831	0.125806631293038	0.1264128264639	0.127665973241091	0.128513926002173	0.128006244277504	0.128262904605027	0.129957696725732	0.129458089347771	0.130123384598782	0.131635379940606	0.132441613683606	0.132542368645437	0.134382137241915	0.136167903946359	0.13703794105483	0.138549434083257	0.1415152760023	0.143784765701526	0.142732238491485	0.147546080325339	0.14742886535752	0.151427131361005	0.1545941378405	0.158144746084279	0.160862861429629	0.166292890650755	0.170125038704277	0.173126732501669	0.177709676029484	0.183959355050214	0.192615643625057	0.195046641531187	0.203252864530524	0.209385920139186	0.213694505885351	0.220389691254029	0	0	0	0	0	0	0	0	0	0	0.275682760157937	0.27379621533493	0.276103323673974	0.287827664621915	0.286714831982529	0.281689752129201	0.278872548090203	0.282688605459036	0.290349490503008	0.296899334910566	0.291732931904828	0.303546653110367	0.316739350533527	0.302951830257047	0.30709228997086
543.243	0	0	0	0	0	0	0	0	0	0	0	0	0	0	0	0	0	0	0	0	0	0	0	0	0	0	0	0	0	0	0	0	0	0	0	0	0	0	0	0	0	0	0	0	0	0	0	0	0	0	0	0	0	0	0	0	0	0	0	0	0	0	0	0	0	0	0	0	0	0	0	0	0	0	0	0	0	0	0	0	0	0	0	0	0.00455188208586043	0.0054237041113865	0.00486952577814983	0.00600843409998192	0.0071386918529356	0.00761605608075588	0.00791270567774567	0.00970094041119775	0.00959892785324414	0.0107525978926791	0.0111605468190329	0.0119675998307316	0.0125963808312804	0.0129321052063796	0.0145307379907508	0.0146947691624697	0.0158218275530145	0.0159555894121739	0.0171894839558025	0.0182718852670405	0.019292886953292	0.0196048196507386	0.0213669856105626	0.0213114816638323	0.0231809007580056	0.024704931566951	0.024837125509396	0.0261961830721658	0.0270502821909559	0.0290246586204482	0.0297176563481209	0.0305395092875362	0.0316605877207791	0.0336006964472353	0.0341203078602948	0.0364297308970453	0.0378122750602837	0.039257848810139	0.0409514494733479	0.0429102270860036	0.0446097113896337	0.0457730875545562	0.0485585974186731	0.0501529403004852	0.0529158993992826	0.0542813016917146	0.0572558900388165	0.0593943135898378	0.0608298653228353	0.0639318494739793	0.0643523207598578	0.0670609734128784	0.0684687407188062	0.071089113418093	0.0733468912529871	0.0751330580669055	0.0779805630097081	0.0809307859912223	0.0813789357519929	0.0857341547897616	0.0861672201885669	0.0882708271220872	0.0906388584797419	0.0928357044451702	0.0943494285027907	0.0964968040711667	0.0987938874740979	0.0997490575607033	0.102766491833873	0.104883497238567	0.10527474677109	0.107269774516392	0.108176167089519	0.10958417216865	0.111315019931085	0.112099342914959	0.11390959775355	0.11444592014216	0.11638922593334	0.118075524092356	0.117207327836201	0.117248955354261	0.118243909470237	0.118103401999449	0.119290515996393	0.117943062337475	0.118423751990589	0.118123552666335	0.119340886918852	0.118381950113447	0.118234169602771	0.119379364303926	0.120260169122907	0.119295073443655	0.121002313768221	0.121838792712282	0.121197139853173	0.122278716801771	0.123326173907457	0.122774758694679	0.124080165683855	0.12536589785462	0.127532995545741	0.128069433813485	0.128539588951389	0.131099573757951	0.131307309916704	0.132764689110765	0.135079143927387	0.137901903233445	0.140984014168655	0.144424164629612	0.144618154217798	0.146669084337221	0.153073090325844	0.15537452225812	0.160711533951165	0.162884608764166	0.166608379457458	0.173296064793427	0.173218768592577	0.182266227684809	0.188752265714892	0.194971270098996	0.199079083459513	0.206296728092349	0	0	0	0	0	0	0	0	0	0	0.262187727113123	0.268752915465963	0.265689027877711	0.269257892054509	0.274765511407801	0.265822497491302	0.269547994619736	0.286374056724229	0.288909979886251	0.296910404568962	0.29428774058901	0.29432015128004	0.302803130864665	0.306181125515049	0.320230259595038	0.327868276258906
547.924	0	0	0	0	0	0	0	0	0	0	0	0	0	0	0	0	0	0	0	0	0	0	0	0	0	0	0	0	0	0	0	0	0	0	0	0	0	0	0	0	0	0	0	0	0	0	0	0	0	0	0	0	0	0	0	0	0	0	0	0	0	0	0	0	0	0	0	0	0	0	0	0	0	0	0	0	0	0	0	0	0	0	0.00325511225313015	0.00434331368851643	0.00589415151297211	0.00628052969107586	0.00725679094009074	0.00639251365084631	0.00803892496223451	0.00876120130118361	0.00967743330455649	0.00947202462479259	0.00874104324854671	0.0108836263683257	0.0104471928078407	0.0118921900813667	0.013396252112737	0.0135702388252696	0.0139774915532474	0.0140678888062801	0.0158056875219367	0.0164069773729299	0.0175661259438289	0.0181582726198934	0.018892552686008	0.0203449473102043	0.0209782662477928	0.021687713998759	0.0228693325026698	0.0237308093404237	0.0252686695165949	0.0259341919180849	0.0271322051213129	0.0280039589826064	0.0293432966300549	0.0299001576745425	0.0315606312308439	0.0325230476173975	0.034548758976578	0.0354623255363794	0.0371922067977292	0.0379185245667746	0.0397448498077097	0.0408524565776638	0.0434264065916276	0.0447064280134333	0.0462715025749867	0.0485049153784849	0.0520637070789891	0.0532455997804655	0.0557052387266555	0.0565411204453199	0.0591026317998815	0.059828166428226	0.0633632263459607	0.0645404332625059	0.0649970303310376	0.0682259720543511	0.069624212458129	0.0710513698779147	0.0747615872524597	0.0771027317595153	0.0787345350634693	0.0795555703154793	0.08216809131702	0.0847351380368894	0.0864936246651533	0.0868381152887322	0.0895867215142793	0.0910189161539179	0.0932275268853555	0.0949534149425292	0.0957142288587802	0.0978997858513136	0.0974776262460231	0.100704757015354	0.100996383485483	0.102366523620521	0.104990949088771	0.105618998853944	0.106643566527184	0.10762359622179	0.1072922788362	0.109221523782059	0.109279351316124	0.110256558247608	0.109303803729659	0.110374492548051	0.110510314354394	0.110892899009958	0.112301319676103	0.110972527125313	0.109839505982007	0.110030534026554	0.110998607918333	0.111399839466055	0.112536536762178	0.112637199321179	0.112116534398981	0.113179798347346	0.113534152464188	0.114413712433836	0.115296759133744	0.115635279031866	0.11700892140466	0.117253744764167	0.118823899199493	0.120382731764643	0.120679054562432	0.122960460453718	0.123127162210599	0.12680469143241	0.128688541152687	0.129932647929783	0.131454673070463	0.133529879221319	0.137879008913417	0.138897804437751	0.143404641710931	0.144665895196298	0.148901046127086	0.152295477832119	0.157963356717144	0.161408047501858	0.166412802451104	0.171158134538739	0.177215738503301	0.180813751025622	0.188175531862942	0	0	0	0	0	0	0	0	0	0	0.239893186725533	0.244445274024461	0.243114561395666	0.248880522229379	0.24915267454306	0.253622750946129	0.251153398053451	0.248814982143026	0.260723828482431	0.265876686866717	0.26199910123142	0.275910421360488	0.282734962446681	0.280903772769707	0.277897944497165	0.300132295539647	0.307794269941104
552.608	0	0	0	0	0	0	0	0	0	0	0	0	0	0	0	0	0	0	0	0	0	0	0	0	0	0	0	0	0	0	0	0	0	0	0	0	0	0	0	0	0	0	0	0	0	0	0	0	0	0	0	0	0	0	0	0	0	0	0	0	0	0	0	0	0	0	0	0	0	0	0	0	0	0	0	0	0	0	0	0.00214675762051693	0.00309623452806151	0.00318838413495906	0.00536882640319979	0.00552115907162449	0.00575812972891847	0.00666156075464611	0.00609483697131655	0.00680383744525897	0.00820325373155087	0.00729739486202758	0.00889988436475064	0.00936568957669981	0.0108374654128024	0.0107327695046468	0.0111293057157637	0.0122416101476629	0.0131421263539364	0.0136776481836805	0.0146492509134006	0.015030338287873	0.0153020396538445	0.0172274596457022	0.017056943889246	0.0178350287471895	0.0188868707293605	0.0198194866502414	0.0203865061387007	0.0221867810892862	0.0217893694147809	0.022977959603987	0.0238033244059062	0.0247579521905193	0.0275465503389803	0.0279059766480696	0.0282491376721833	0.0291948409248311	0.0305841087932008	0.0318681105397814	0.0330233268144803	0.0339348985489892	0.0355350305788151	0.0368810754507517	0.0378627743334762	0.0395466333317745	0.0404269581854992	0.0424551062782518	0.0452082919762827	0.0469575458623378	0.0485070809961108	0.0496741798103691	0.0522836760589534	0.054385316262077	0.0566038094688787	0.0579201378593905	0.0592485807316323	0.0613592715042391	0.0622410291432767	0.0635198307434176	0.0659665483200472	0.0678135896981538	0.0691313438236732	0.0717546446992288	0.0733138918492801	0.0740674527882516	0.0764407998833924	0.0786733891282936	0.0817011271404175	0.0814718319609851	0.0833590175350636	0.0856367593042491	0.0860551043171642	0.0862608062915489	0.0904732086437726	0.0913468205293265	0.0915702266697423	0.0928962523331855	0.0940542548738277	0.095938898099079	0.096991969624135	0.0997084972354909	0.0983277405620347	0.0994294255826771	0.100058793881449	0.101398079405245	0.102461907319868	0.102229313828218	0.102849065815256	0.102888364902408	0.103484585277916	0.103433951226429	0.102747532135799	0.102888449020682	0.102651278420523	0.102931781798448	0.103922788780555	0.103026845227106	0.104139070001816	0.103341050656989	0.105401674458388	0.105009475895829	0.106536567062184	0.10659414261481	0.108729687946745	0.10704210877912	0.108111708364025	0.109893793803322	0.110097730953188	0.112621809947952	0.11388970350823	0.114878234254322	0.115560274784579	0.116843947786339	0.121977881141727	0.122746863957644	0.124602672536871	0.126556344436169	0.126578889344567	0.131287588050405	0.133550421608512	0.136967644191888	0.140983196296277	0.145630000123753	0.147481995330753	0.153288307908229	0.157800579727673	0.162441159066656	0.167401432252625	0	0	0	0	0	0	0	0	0	0	0.217711580654213	0.214722901974746	0.216707032355149	0.222851786037764	0.226392446580587	0.229454938452682	0.228374965185016	0.225381897259739	0.237969772583873	0.235153544691912	0.249434427486249	0.255422217557662	0.251216572876375	0.264463021002982	0.261986564885088	0.245073042932165	0.27516539119082	0.270033713314925	0.267209531216742
557.294	0	0	0	0	0	0	0	0	0	0	0	0	0	0	0	0	0	0	0	0	0	0	0	0	0	0	0	0	0	0	0	0	0	0	0	0	0	0	0	0	0	0	0	0	0	0	0	0	0	0	0	0	0	0	0	0	0	0	0	0	0	0	0	0	0	0	0	0	0	0	0	0	0	0	0	0	0	0.0047669404928423	0.00416236494167342	0.00428061354125942	0.00431521013944202	0.00543147135870305	0.00468076433037906	0.00592766272734227	0.00670641934505688	0.00678603581816909	0.00683291215336726	0.00764393224652478	0.00814532391134666	0.00834473798314088	0.00990872547616659	0.00929770326723687	0.010302074234993	0.0113836250102191	0.0119891547318083	0.0126030811221946	0.0133476396765561	0.013303820194484	0.0145620155218973	0.015144273724635	0.0164591854726854	0.0165805477420119	0.0169376658735633	0.017773609679004	0.0183430389595211	0.0196549281004528	0.0207783334496097	0.0225549613011252	0.0217539858762988	0.0227388619336661	0.0235812464699027	0.0247536924496118	0.0266182587205233	0.0266373771083036	0.0281071583392295	0.0284158453044505	0.0300624889278118	0.0308627617489271	0.0322639919907172	0.0325284778146709	0.0345311860357768	0.0344898347123248	0.0368669683780694	0.038873705458967	0.0400634478040217	0.0408757333055724	0.042396952347268	0.0439887740619333	0.0469236935188004	0.0476508995088798	0.049619897100141	0.0514652336587978	0.0523030464353375	0.0552749556898523	0.0566467401943042	0.0569995586306708	0.05887565494328	0.0589983928426097	0.0608302954956548	0.0628477447397985	0.0656964111446883	0.0658889435147364	0.0685541435737924	0.0705332569774381	0.0730892496931016	0.0739037343029415	0.0764546376151366	0.0759135065677681	0.078684562177786	0.0807916863060431	0.0800679752064823	0.0815702669146824	0.0835104827002935	0.0843922478484901	0.0855665749453967	0.0870746575472699	0.0885574431912184	0.0896313924653835	0.0904873879055276	0.0917626314630312	0.0920321547912327	0.0936501496098122	0.0935847821570227	0.0938364605832484	0.094817088048123	0.0961347706865465	0.0943014917110576	0.0947657826300243	0.0947654931364591	0.0943979127816157	0.0946769129440801	0.0942961887716648	0.094599257922841	0.0963452834556035	0.0957579904943348	0.0975713061723942	0.0975018161848213	0.0973169477234059	0.0975587411997682	0.0986340199521496	0.0979326857565235	0.100115850468449	0.0988926607117718	0.10058197893315	0.102916445128954	0.102193776930135	0.10419193327718	0.1038660898124	0.10437920376095	0.107559947342503	0.108571101332049	0.110955494191593	0.112495561008266	0.115214345338565	0.116120050761926	0.118508788598499	0.119652497091538	0.121680422389976	0.12518387081237	0.12845170552091	0.131772819632563	0.135752297357375	0.139921427390015	0.142326540504146	0.146086095507598	0.1509321922502	0	0	0	0	0	0	0	0	0	0	0.199091789873979	0.198489707162032	0.203250163388212	0.2042324088708	0.211514418820659	0.207322696239554	0.21030684943009	0.213078898540917	0.206266255247909	0.218584665999044	0.229680178863483	0.227486600525401	0.231250196631752	0.238087447619611	0.238683002406317	0.247057158623122	0.255298323956433	0.237560856576296	0.241045295987797	0.254248085821083
561.982	0	0	0	0	0	0	0	0	0	0	0	0	0	0	0	0	0	0	0	0	0	0	0	0	0	0	0	0	0	0	0	0	0	0	0	0	0	0	0	0	0	0	0	0	0	0	0	0	0	0	0	0	0	0	0	0	0	0	0	0	0	0	0	0	0	0	0	0	0	0	0	0	0	0	0	0.00265183741295957	0.0035222911216048	0.00266483485063296	0.00341612159985002	0.00459053572059602	0.00462015278333203	0.005819914028908	0.00510819373502548	0.00671616841164118	0.0069775494656412	0.00759275105909678	0.00750131379527683	0.00870050227649712	0.00765185306758894	0.00893482795516878	0.00886432718951788	0.0088916127796497	0.0106620134900126	0.0111535874641488	0.0124690213614684	0.0127651586002573	0.0128413313169995	0.0138424752874614	0.0138336343226223	0.0152809395634462	0.0155883177407922	0.0164893936402908	0.017018737342849	0.0175047968602313	0.0187258910390564	0.0196552736106002	0.0202362750115337	0.0200906442698825	0.0213888013256123	0.0221867779415191	0.0235376980026171	0.0237086782943419	0.0250622124604471	0.0265480601404902	0.0271333174125596	0.0276768648174507	0.0289609769332161	0.0293603171014856	0.0301419845667895	0.0318168951961513	0.0330156088666905	0.0337137948129624	0.035561371490766	0.0364381911099528	0.0384835082622052	0.0379314772123006	0.0409861254320565	0.0420140112258027	0.0435246401940262	0.0448119388623671	0.0465503836143591	0.0485693993139122	0.0503482543339214	0.0518695566704961	0.0526085155738426	0.0542637940731453	0.0551750266964177	0.05564724924033	0.0583574619033296	0.059678038482078	0.0616250138128788	0.0618908875000616	0.0647184918386626	0.0657854188712112	0.0663838805224501	0.0686061149984002	0.0705078380861804	0.0720690539464486	0.0726458798631238	0.0739015963738643	0.0761127675934953	0.0752091372493913	0.075968848756941	0.0789392419604648	0.0801546043602309	0.080223886119403	0.08229773989011	0.0815061102739887	0.0835616276787268	0.0849360537119483	0.0845974570019802	0.0868419546911107	0.0870704905617923	0.0869980411902058	0.0876680825837393	0.0879910368189877	0.0888294740851287	0.0888833900651818	0.0891504727919269	0.0893721068904835	0.0873405406345905	0.0873131624403331	0.0876775866446813	0.0889651373864227	0.0887598820290901	0.0891987799916031	0.0896073776748322	0.0913139943961041	0.0909230616070443	0.0894333522804679	0.0920458863265909	0.0923444116836585	0.0936460193098628	0.094945145982214	0.095115729242479	0.0948693027296922	0.0966151004675436	0.0983819870652034	0.100320974425973	0.101377543958391	0.100431428523894	0.102988390090233	0.104302555615274	0.105430587073785	0.107092928789739	0.112378995357267	0.111992736387848	0.114478821461028	0.116885902318546	0.117908605136426	0.123057097580943	0.126251457049416	0.131076419214048	0.131952367530794	0.138710641625497	0	0	0	0	0	0	0	0	0	0	0.183934705387372	0.184180332710621	0.187824551526999	0.187188420471378	0.195581401503037	0.189935080389457	0.189722800757836	0.187309050113122	0.195489321667508	0.200979037731737	0.214778352882466	0.217440927012279	0.203994151316167	0.212242916766481	0.219813450039716	0.218919559460309	0.244028039143138	0.22430648689166	0.224612776595594	0.247366721169707	0.228581331738842
566.672	0	0	0	0	0	0	0	0	0	0	0	0	0	0	0	0	0	0	0	0	0	0	0	0	0	0	0	0	0	0	0	0	0	0	0	0	0	0	0	0	0	0	0	0	0	0	0	0	0	0	0	0	0	0	0	0	0	0	0	0	0	0	0	0	0	0	0	0	0	0	0	0	0.00172868793481556	0.00246234899778191	0.00228990910121719	0.00289131290895597	0.00382496912103335	0.00357398174999268	0.00416987731628816	0.00494437874110575	0.00510847867898268	0.00529941229772373	0.00656990488162713	0.00714117558450359	0.00678649285733318	0.00753709672766497	0.00735180393381253	0.00797682362565194	0.00882680579524132	0.010004550572298	0.00964696977930548	0.00985164793910428	0.0109472333427472	0.0120769353018935	0.0122581801558033	0.012206826946104	0.0128601835055485	0.0137211432123716	0.0139768535444897	0.0150199779661155	0.0152336787211712	0.0153180421017372	0.016487706516988	0.017091789580818	0.0189823392057085	0.0183297788049143	0.0197894682848042	0.0198675892231041	0.0210163989848739	0.0221944502544842	0.0226159836277197	0.023288337877327	0.0243850768779349	0.0253556143633044	0.0263345247294403	0.0266626450733259	0.0275403427149382	0.0281564405697469	0.0294228255466602	0.0303009752997841	0.0304990523036794	0.0324461392214842	0.0336013595857127	0.0340851708472653	0.0355869159005795	0.0365526928789495	0.0392385054374787	0.0403302560251947	0.0413712071721544	0.0424374251237588	0.0441616748023719	0.045252941440841	0.0473324611151631	0.0484234754941224	0.0490762373209285	0.0498386842780594	0.0521175481731598	0.0528043803251146	0.0545361949034139	0.0560026594327308	0.0569125801839871	0.0592283031833361	0.0594618226402575	0.0608779300894696	0.0636134106668806	0.0642356656494792	0.063634849901489	0.0679277008206188	0.0689233982973403	0.0703184712087213	0.0711343327987196	0.0707349804388117	0.0711952466023517	0.0739201827530989	0.0742185461587845	0.0748884545144404	0.0757651802600257	0.0777184736890664	0.076639583380533	0.0787011225069151	0.0794180516723162	0.0796783330618501	0.0792848985273433	0.0810636725512154	0.0812172292749125	0.0812835462086579	0.0817305927120287	0.083533271834515	0.0807487892264997	0.0815463411107785	0.0808640330104632	0.0811346424564847	0.0818737107441446	0.0829530407790632	0.0833341412136297	0.084114431729495	0.0837005412278479	0.0846950205584286	0.0838376959385837	0.0849703775657194	0.0845386373405437	0.08543590525904	0.086892001160818	0.0875919371531962	0.087737446438613	0.0897025919828794	0.0892145826768923	0.0906062249475726	0.0917699206313825	0.09285406557503	0.0945294669968052	0.096964141239759	0.0968698011098223	0.10012172415901	0.100670144866623	0.104144356689145	0.104857024726386	0.109477354508438	0.109755872791878	0.111853781687879	0.115986459794138	0.116866012387686	0.122067186869001	0.126072728261834	0	0	0	0	0	0	0	0	0	0	0.166326730020865	0.169707677224283	0.170145628200541	0.172382086328556	0.176408808799027	0.176939732701331	0.180725869346058	0.181164197683507	0.184321661838168	0.191440676481246	0.196968109979172	0.198331974441897	0.199982596035056	0.19912540166099	0.193243674232133	0.206615914545002	0.205770003658166	0.191474773834656	0.202124807345685	0.20947853367547	0.205669448202889	0.210470060359594
571.364	0	0	0	0	0	0	0	0	0	0	0	0	0	0	0	0	0	0	0	0	0	0	0	0	0	0	0	0	0	0	0	0	0	0	0	0	0	0	0	0	0	0	0	0	0	0	0	0	0	0	0	0	0	0	0	0	0	0	0	0	0	0	0	0	0	0	0	0	0	0	0.00389716737697288	0.00348478259789416	0.00420665790749915	0.00389880767567993	0.00473961371662188	0.00554761111155602	0.004856659023793	0.0063666582002234	0.00574830410714432	0.00461124483604867	0.00579547529409149	0.00635871911210741	0.00632610464572185	0.00614733642304584	0.00648173029583937	0.00802173966005798	0.00899347993833996	0.00832528035597907	0.00984812631198549	0.00960804967368712	0.0106312686670074	0.0110762325263673	0.0118387009393737	0.0121724629308039	0.0131692702146505	0.0133017827265224	0.0135867683830346	0.0131429354578407	0.0144793019091357	0.0144997424650715	0.0153545811365977	0.0158825405007379	0.0163617032473098	0.017666177786032	0.0186310268733614	0.0185775280732884	0.0190382914055104	0.0200509090835658	0.0207521776372635	0.021024952323227	0.022738183195214	0.0228813762431169	0.0230846984254711	0.0246833383911123	0.0251279037461438	0.0256329649145857	0.0264748915916911	0.0269361064958563	0.0277368265748969	0.0291039895563242	0.029797508090373	0.0307805096510767	0.0321132542376685	0.0330407497241796	0.0339381854278943	0.0348564883841717	0.0360282631588024	0.0373038988847716	0.0394804762580231	0.0410375885273581	0.0415042636262631	0.0425400684898225	0.0444447000578239	0.0456145183315267	0.0468131355600038	0.0475255922899505	0.0485916242784083	0.0495205440597527	0.051842961226368	0.0523099744021031	0.0536521223951517	0.0544901563469972	0.0559981927832499	0.0573001084081815	0.0595325451919568	0.0601989682657197	0.0617673125855261	0.0632869920480163	0.0631641098881851	0.0645141553274426	0.0659179080709526	0.0663787443726679	0.0673338512018698	0.068133227183349	0.0692167020048507	0.0709772512819796	0.0704500768864266	0.0719401717654918	0.0729271344962629	0.073156844551211	0.0737761382441425	0.0739518438660189	0.0753070921041183	0.0743479834830668	0.0752827614348811	0.0763941263912747	0.0766152648931323	0.0758783138840719	0.0763799963272561	0.076383050907155	0.0763146753924699	0.0756846853272442	0.0761606625511184	0.0769075938113009	0.0772983732983457	0.0770748443715455	0.0780230151841541	0.0780959833289486	0.0785691846482789	0.0787775823535863	0.0793245747511456	0.0798355803663991	0.0815263636618039	0.0819408510499204	0.0817133603390404	0.0822019524458669	0.084889838017661	0.0848183173327811	0.0860209415432309	0.0883187800578311	0.0877071994450042	0.0905796740779673	0.0926586670243913	0.0928467594477213	0.0947007227182087	0.0978658634613111	0.0994044736112295	0.100554398116828	0.103414418640855	0.10636007114596	0.110376207809107	0.111586357483433	0.115865901751667	0	0	0	0	0	0	0	0	0	0	0.151041508302977	0.159953088275744	0.16186409196011	0.163209875666985	0.161130419099728	0.164396350441444	0.165653704863274	0.169715490204618	0.1671402249497	0.171552269103283	0.176942323403049	0.182195792744403	0.181761882753358	0.18570982621507	0.191206922136994	0.190051518891665	0.19316014197177	0.192390995094719	0.199070323695979	0.191222260944345	0.190599729160726	0.196473352713225	0.203627113328025
576.059	0	0	0	0	0	0	0	0	0	0	0	0	0	0	0	0	0	0	0	0	0	0	0	0	0	0	0	0	0	0	0	0	0	0	0	0	0	0	0	0	0	0	0	0	0	0	0	0	0	0	0	0	0	0	0	0	0	0	0	0	0	0	0	0	0	0	0	0.00420510786265951	0.00352091923926203	0.00232598110470204	0.00393919445462146	0.00271003410710788	0.00355399139234633	0.00338746170551221	0.00412093635380378	0.00394702193800657	0.00631995504261637	0.00532347055337654	0.00610610320031134	0.00674404147269099	0.00540346656778234	0.0067053232216806	0.00633922046699412	0.00695609525296778	0.00678400231579719	0.00793056941063767	0.0093111932493362	0.00911146337886595	0.00866293647815909	0.00971039258518676	0.0105877831198388	0.010341608612664	0.0101669643024328	0.0106886318116634	0.0121579172837261	0.0134637384680867	0.0122123486868994	0.0136686198418472	0.0135965714225696	0.0141558278345891	0.0145643637819882	0.0155865285864452	0.016276627262749	0.0167224001935659	0.0174589163300743	0.0174388943552332	0.0188479513100285	0.0196589697907613	0.0196168954270855	0.0208081312984772	0.0210921346051512	0.0219899907841865	0.0225950525157686	0.0225057570306191	0.0237650903372856	0.024354389937738	0.0252497736901772	0.0259497451206071	0.0266620928144783	0.0273607284558687	0.0284670010321807	0.0296867791167441	0.0303717386782628	0.0315220581316655	0.0317525766976611	0.0337726232815932	0.0342104287576819	0.0364209351945767	0.0361037407050725	0.0383966766508024	0.0391839802433681	0.0405932630157398	0.0420467416559255	0.0433396323875607	0.0435204866561256	0.0454613062812896	0.0457599720758083	0.0466117915327894	0.0475025755172577	0.0491322720054916	0.0505046817299081	0.0503829568893487	0.0533363105850779	0.0545142413667807	0.0541891993047798	0.0567348728895768	0.0561963287104338	0.0587649265990617	0.0588950791917508	0.0599052394956702	0.0596757745431398	0.0634246053901844	0.0608680663088902	0.0632464276284753	0.0637901895148227	0.0639783024808026	0.0661486557586366	0.0668410757913242	0.0674985806782983	0.0680073146505796	0.0676384383965423	0.0690394582863229	0.0681945077967414	0.0697307376210901	0.0711264089922294	0.0712773642235288	0.0695841873560145	0.0705891954697517	0.070271842734218	0.0707621954778528	0.0701380917679302	0.0714080270779676	0.0705275361749304	0.0708471502429284	0.0714303825832176	0.0717298472564694	0.0709827849509767	0.0720775810119028	0.0726884534907324	0.0730272108394923	0.0739174492048551	0.074063456884197	0.0744218294563079	0.0762649971521473	0.0762662770371533	0.0778461081065614	0.0789837034460347	0.0789948664161227	0.0801586684395966	0.0822902850384424	0.0828362155425358	0.084231997664343	0.0850316892907148	0.0851610355392095	0.0880949666922029	0.0897392880352639	0.093256366276267	0.0947923984151269	0.0945234541765224	0.0997178002223767	0.099960115942615	0	0	0	0	0	0	0	0	0	0	0.134625809021339	0.138363316192933	0.144500536558195	0.142143891800292	0.147018329904353	0.149487317478819	0.149903729985283	0.15016123845094	0.152270823883978	0.151926303337177	0.160931605122641	0.162112928036345	0.166416343399123	0.165704079789487	0.170115146047816	0.180036946203583	0.171447348398968	0.176467207575104	0.174602456590251	0.171329076624449	0.177974088533228	0.188637194969879	0.194087383164663	0.199461700192671	0.181430708021591
580.756	0	0	0	0	0	0	0	0	0	0	0	0	0	0	0	0	0	0	0	0	0	0	0	0	0	0	0	0	0	0	0	0	0	0	0	0	0	0	0	0	0	0	0	0	0	0	0	0	0	0	0	0	0	0	0	0	0	0	0	0	0	0	0	0	0	0.00375069558843825	0.00353782204913046	0.00255258600958207	0.00494308659859426	0.00263833936073256	0.00342590566899307	0.00414589631577272	0.00359590676748705	0.00533683057425551	0.00462103497999892	0.00722503896985046	0.00468683101204662	0.00547784269203217	0.00692240264972675	0.00614998765128727	0.00558207566551907	0.0076559672008925	0.00723830396378073	0.00819265657672548	0.00798944548516983	0.00807455000907054	0.00874786619127461	0.00851269090925464	0.00935794467774079	0.0106348556974767	0.00996453917129961	0.00971046266136826	0.0104806696677277	0.0115344910132215	0.011134581412675	0.0121713006297621	0.013652561420485	0.0130092013182263	0.0138701165444176	0.0142096427402172	0.0145158504278241	0.0153675298156917	0.0154500438476092	0.0157732484960115	0.0166688950435649	0.0180654801346043	0.0184495326314473	0.0188192406642787	0.0182561137715748	0.0193529918823935	0.0202631809314408	0.0207845058321614	0.0209256632168014	0.0221701229154251	0.0225285717178169	0.0235396501986205	0.0240199350200414	0.0244260481897427	0.0248059957646097	0.0259789607687459	0.0265636011641032	0.027483221647588	0.0283161248857856	0.0293323655817835	0.0312647818288256	0.0315806893776417	0.0312767427244139	0.0324307570567418	0.0340548177120129	0.0358653190405309	0.0366003198524593	0.0377494871798976	0.0389949921755307	0.0398448502583047	0.0410560260885249	0.0418259165049854	0.0432547843866047	0.0430642495989491	0.0445649410138096	0.0449790417801152	0.0472860071098335	0.046989343246451	0.0489061403379181	0.0509657782549147	0.0526573867227157	0.0511413114423545	0.0540193576733308	0.0538366027514766	0.0542081870708308	0.05509963545797	0.0567881357575387	0.0578348395153849	0.0568107950473267	0.0594737080325169	0.059341889516291	0.0591385716445345	0.0604992397994917	0.0616047513459344	0.0615646085624357	0.0622368138268397	0.0635885352700186	0.0634419518034295	0.0640763994596426	0.0651208613418841	0.0646839973320258	0.0643188075665727	0.0646295853883287	0.065307508776238	0.0655714201380263	0.0657265287452028	0.0655126645094273	0.0656154744182031	0.0658118413367803	0.0672138428486965	0.0660500345155768	0.0669805004604647	0.0680414143094564	0.0663668714728638	0.0686475165111272	0.0672464805249817	0.0678367379808395	0.0696388764831132	0.0697108626518431	0.0688529378107471	0.0703766708580513	0.0721675736990547	0.0720781300318224	0.0736329855137801	0.0759765295925675	0.0774379017915741	0.0772050951590845	0.0786245002254389	0.0791446602224599	0.0809795719981148	0.0813323575571993	0.0856337635708562	0.0868679193102997	0.0864908774011887	0.0924478566856776	0.093473209877443	0	0	0	0	0	0	0	0	0	0	0.124594431762662	0.131117011001151	0.130734965480281	0.13526401921753	0.134176226607194	0.137655251485286	0.141221792252966	0.137746270867168	0.13760632721951	0.140791754950204	0.150601597951242	0.149607413182972	0.156041410823509	0.154879298039171	0.158083186935792	0.158614236004468	0.160086595505847	0.162755430570627	0.165340640141142	0.162045720921779	0.164593973370863	0.160886153814162	0.16776025301136	0.179041766534517	0.156959029939026	0.171519220597263
585.455	0	0	0	0	0	0	0	0	0	0	0	0	0	0	0	0	0	0	0	0	0	0	0	0	0	0	0	0	0	0	0	0	0	0	0	0	0	0	0	0	0	0	0	0	0	0	0	0	0	0	0	0	0	0	0	0	0	0	0	0	0	0	0	0.00378474581548067	0.00458305405383353	0.00327102809230928	0.00325410067102106	0.00546830951955071	0.00369142281818374	0.0027963109546429	0.00414709887412349	0.00623487954080881	0.0055750273007594	0.00602825706587819	0.00529558932691085	0.00554439108965222	0.00589872152540129	0.00740175422772656	0.00621035395182449	0.00615431189540314	0.00653608974690989	0.00761298296709254	0.00714028722768758	0.00845342932296478	0.00619057257485178	0.00868445024998946	0.00774368730205357	0.00848615164009332	0.0097916020634434	0.0103211368701307	0.0108162497736388	0.0118329302516308	0.0115837811334598	0.011875743755711	0.0115733920531309	0.0124648172048144	0.0123235659656153	0.0124737055860035	0.0134095416983824	0.0136313860757843	0.0131869489242764	0.0154005374155264	0.0148102494398965	0.0156906269629061	0.016414017234223	0.0164893482394405	0.0173223027796604	0.0174746018365679	0.0182685896345272	0.0182881998188194	0.0188096310409972	0.0192468804522452	0.0209295568647086	0.0211992989509957	0.022039563985046	0.0219574808859178	0.0225220981008795	0.0232740940709245	0.0242280513525812	0.0247531772155194	0.0251065134976017	0.0257266256581194	0.0266940405731069	0.0281959111986628	0.0286306240077682	0.0287792308792266	0.0304773247988411	0.0318918037841184	0.0327630729142504	0.0333538834220904	0.0348526536111061	0.0362014944161046	0.0361942786781328	0.0379674170256962	0.0390843768842588	0.0384334032061621	0.0397664704422439	0.0408739324061924	0.0408907543895584	0.0420111339804812	0.0441988534603694	0.0442232148389757	0.0453696181264518	0.0465839372957894	0.0475169948285498	0.0484076757099659	0.0489192891815737	0.0504978269209431	0.0514286154409213	0.0517825741290849	0.0522663248821233	0.0530127946400022	0.0541747375870907	0.0540763363684569	0.0548329575704467	0.0565183461416115	0.0565694647285214	0.0570421111446513	0.0575489394468142	0.0570729984588182	0.0585425674959658	0.0603659241244455	0.0575447032476138	0.0595675847175152	0.0598255739733973	0.059598600336254	0.0599060390412556	0.0600272002747735	0.0604299363018547	0.0619452421990289	0.0599854364728313	0.0605167388933054	0.0603758051837179	0.0609739261351416	0.0605075891624367	0.0611890738283328	0.0620104467168561	0.0622640126273593	0.0625463846473312	0.0625320528716252	0.0641646978506553	0.0636223753278012	0.0649456295122314	0.0648346255996543	0.0668756668477878	0.066934349117167	0.069382518750334	0.0684588085979369	0.0691646402447078	0.0712061036754023	0.0715406089842483	0.0740945539881178	0.0751166035008724	0.0758262559630477	0.0768761935565369	0.0798439136322734	0.0815513032341804	0.0827959297050495	0.0839608181267967	0	0	0	0	0	0	0	0	0	0	0.112416022492899	0.116387803057832	0.118056617748093	0.122115982811469	0.120044934859332	0.124432029570261	0.129029712927012	0.129492703997353	0.125978586425254	0.133885613931958	0.134620333501484	0.139016318617271	0.138430530569936	0.141728916396849	0.141769712280181	0.144257916849136	0.14697523464058	0.146877113821424	0.151911637470089	0.155426472330863	0.159384440775746	0.160525694852464	0.15744257987089	0.15428063361934	0.150032173125463	0.160560150557271	0.176954554326315
590.156	0	0	0	0	0	0	0	0	0	0	0	0	0	0	0	0	0	0	0	0	0	0	0	0	0	0	0	0	0	0	0	0	0	0	0	0	0	0	0	0	0	0	0	0	0	0	0	0	0	0	0	0	0	0	0	0	0	0	0	0	8.04446646408919E-4	0.0027866154203819	0.00261857517485223	0.00397481283840823	0.00371116315720564	0.00228888683045077	0.00438535172857635	0.00329910243871941	0.00405235688951478	0.00448011131699853	0.00474670655415141	0.00503406552113693	0.00439299014593486	0.00544135318409362	0.0057953151297215	0.0052346596825482	0.00462394379521324	0.00323881975579898	0.0053224782605256	0.00466016301586935	0.00685003004833589	0.00664667850506631	0.00647129691886549	0.00620639061874122	0.00767159552619012	0.00870041260534369	0.00808187064036923	0.00847866159111608	0.00907390952086826	0.00878180024206492	0.00856066385565704	0.00936988764099342	0.0105990426914428	0.00999175916569824	0.0116002852197695	0.0103689878858239	0.011570136205341	0.0116029489003018	0.0122580958729399	0.0134162392749926	0.0136597080663947	0.0138955403790972	0.0150918543494448	0.0146223535003409	0.0154578807801395	0.0154299614895716	0.0161283259347327	0.0160542474262094	0.017339162317985	0.0175133453865191	0.0177932892467481	0.0190417782097917	0.0199804733666302	0.018922217182382	0.0200663086364118	0.0203004737355518	0.0209633100618636	0.0219797801085422	0.0222934763694926	0.022869277629781	0.0237807528407415	0.0237297014657681	0.0249868538137024	0.0260436565665667	0.0266773375972181	0.0276706748193617	0.0283940006474433	0.0291968461787203	0.0300001715755243	0.0310687462950955	0.032258608763609	0.0330389395667823	0.0335650281169701	0.0334131190646871	0.0355020807107752	0.0355896118467742	0.0362876172409251	0.0367033271794697	0.0382254057238899	0.0388024931936646	0.0404015625302061	0.0407626027566063	0.0417832692768773	0.0421222540634014	0.0432277171785682	0.0439275611605009	0.0453141644633294	0.0458694845223436	0.046077255906311	0.0476177634147634	0.0484568549668723	0.0484391535683816	0.0488620798162646	0.0501022800311379	0.0504373713563131	0.0510697569853821	0.0505712771988241	0.051915203332387	0.0523367963891333	0.0527373667800988	0.0539147506480501	0.0534262714651062	0.0543298603987554	0.0547419205619097	0.0546206589421892	0.0557518056037889	0.0548262923927985	0.0545885640002962	0.0551019395784796	0.0558156713197126	0.0559297026935864	0.0548620725400532	0.0550770023745073	0.0555454349011021	0.0558809670410231	0.0560974527523656	0.0569507486719332	0.0555668565822496	0.0580295689429465	0.0573870061111693	0.0590646762378338	0.0588581560178084	0.0598651745464204	0.0599583580369199	0.0619279170373176	0.0613161365245671	0.0628077966111848	0.0609038119777111	0.0642765074233942	0.0643497026050332	0.0667986013172919	0.0685076521023164	0.0682919823187666	0.0686803032498262	0.0712119324059391	0.0725515727266232	0.074347033498673	0.0756086689314697	0	0	0	0	0	0	0	0	0	0	0.101649143796518	0.102718489592453	0.107338597581275	0.108862363284565	0.111331846840652	0.111447273503884	0.114233480160438	0.116409734596278	0.117892359764708	0.115920630229733	0.118804385043473	0.123749635483731	0.1266512725709	0.128013597116827	0.129416018016155	0.125044871166975	0.129514772020019	0.131432966979167	0.14121344099082	0.138420812592457	0.130469047817594	0.140546450036987	0.142873992080142	0.146906028444298	0.145372208780771	0.147842104237564	0.158635106342788	0.15118707937595
594.86	0	0	0	0	0	0	0	0	0	0	0	0	0	0	0	0	0	0	0	0	0	0	0	0	0	0	0	0	0	0	0	0	0	0	0	0	0	0	0	0	0	0	0	0	0	0	0	0	0	0	0	0	0	0	0	0	0	0	0.00250147558000059	0.00138336704863839	0.00348689179732803	0.00133814941663853	0.00254833126342525	0.0025031121154877	0.00321569295183142	0.00269122203932204	0.00299060099175436	0.00572962523559003	0.00270354568452046	0.00377808708322659	0.00373916159956694	0.0042940406307483	0.0057516206854744	0.00449740681146026	0.00553083439444593	0.00519858388304047	0.00556608314621471	0.00505286991598561	0.00577682463670968	0.00543068383895997	0.00600781336230444	0.00547775208936397	0.00611333379642255	0.00569384150897938	0.00552543633962807	0.00723788299115147	0.00746544445794159	0.00854952939627286	0.00849485545861193	0.00925458251641826	0.00929937770387592	0.00939868517805096	0.00928937309401832	0.00970056455602692	0.0109003250711377	0.0113199227883649	0.0110843743344317	0.011169508153962	0.0114316259308596	0.0123866380995315	0.0129191456635018	0.013403901691822	0.0136368696261191	0.0134885473727781	0.0139746289137462	0.0140108031002583	0.0147450745569273	0.0161308604579454	0.0158416636379832	0.0158786023532481	0.0175131402436516	0.0169283401616301	0.0177256570776529	0.0189537206171925	0.0185954341540223	0.0193340541471576	0.0203096240122496	0.020306754240202	0.0209298940335188	0.0213699880329625	0.0216109830609971	0.0224626699948891	0.0223835590935713	0.0242825549762816	0.0239920656099618	0.0255648019889159	0.026485790181386	0.0258374822525985	0.0276808349193294	0.0300104236812753	0.0299222155648326	0.0294426687046887	0.0308212566748667	0.0317893630524989	0.0326195225977473	0.0332576690092454	0.0339620648887364	0.0349133234834082	0.034843498391424	0.0367041005254776	0.0371185887049254	0.0375385878168714	0.0387563676101901	0.0388514665755988	0.0412763062408695	0.0411846144825703	0.0399192554751491	0.0412437810001815	0.0431502934115922	0.0442636233436592	0.0435821207537849	0.0441939360907842	0.0452490643010879	0.0457611279540041	0.0465181445256099	0.0470437862704485	0.0474106148445308	0.0476046883557462	0.0494832627418067	0.0486486795589687	0.0488526781923647	0.0490433827535396	0.0499580001250937	0.0497062822539291	0.0502712232679423	0.0509597688015732	0.0506235546602637	0.0511065097844682	0.050830048697899	0.051276156374445	0.0497808304510739	0.0521682264849008	0.0504037902158764	0.0506475010530251	0.0524559814250666	0.0517832096037606	0.0516571055028309	0.0519799357165571	0.0524576753464709	0.0533143999373226	0.0540720589330453	0.0542965926008132	0.0553162295938806	0.0551037576929273	0.0554834414671727	0.0574113032145608	0.0570489376808497	0.0591744046826227	0.0598549211331537	0.0600155162901978	0.0613700599666158	0.0627051563439603	0.0645556763391855	0.0655022211060367	0.0661482637272744	0.0667390310084286	0.0691637023748222	0	0	0	0	0	0	0	0	0	0	0.0911241679138212	0.0943386791429408	0.0944804519020008	0.099813757538839	0.101439758152971	0.101452640226565	0.107110344200169	0.107607858424125	0.107244829697591	0.107492703718499	0.113630763862725	0.113008693760614	0.115928213806318	0.11594189094348	0.117665119209726	0.120309178000199	0.124992197677261	0.121659301740172	0.130824974079793	0.127847563948523	0.126099523790209	0.127208580113153	0.133880355537624	0.134993598750087	0.133407376895499	0.132829598206871	0.127255718614295	0.166784004336382	0.134760658419632
599.565	0	0	0	0	0	0	0	0	0	0	0	0	0	0	0	0	0	0	0	0	0	0	0	0	0	0	0	0	0	0	0	0	0	0	0	0	0	0	0	0	0	0	0	0	0	0	0	0	0	0	0	0	0	0	0	0	0.00288737691808949	-0.00107677240107572	0.00238823233465934	0.00100366987548919	0.00209971687842664	0.00227519602344849	0.00198874869509141	0.00362010894866385	0.00220029896584232	0.00235763431777783	0.00363184375157331	0.00254471829392572	0.00328366897493128	0.00362377342434478	0.00340954525472549	0.00239216827324226	0.00434692006176957	0.00459986759298455	0.00308542195038231	0.0040024606858768	0.00446110588193611	0.00415569719379256	0.00569836044892059	0.00568226062400725	0.00634860529325078	0.00629944390742095	0.00706395378918276	0.00466166413061121	0.00664280638917608	0.00598151524849522	0.00644801452974892	0.00764084502212121	0.00758390596557977	0.00808785009485962	0.00834718537100176	0.00967427157474486	0.00929303594203756	0.00879469304267085	0.00972226701540045	0.0102737060775791	0.0112708133016729	0.0100536957420048	0.0100117529971938	0.0117721188142724	0.0120097744770905	0.0116615467220116	0.0131340287899308	0.0119211996594186	0.0124993100417216	0.0130183680832175	0.0141456769453742	0.0155707089615618	0.014740895767019	0.0156170982518685	0.0165574936615165	0.0157903921597478	0.0169188073740828	0.0173952613861422	0.0177807580688003	0.0181882806571874	0.0185977004874409	0.0182658381516046	0.0192880599029669	0.0200838331749803	0.0202330473520932	0.0201997768041457	0.0217444344632825	0.0221956125128998	0.022231093170951	0.0233532973338488	0.024590171004032	0.0254699342943808	0.0251626834623574	0.0256480619544776	0.0275831595138856	0.0281368002080928	0.0276134479757115	0.0290655920492155	0.0296721621094441	0.029918217072449	0.0307554224476246	0.0313872634709487	0.0314729065454252	0.0336641885636068	0.033900866956922	0.0343836556928011	0.0358222817196743	0.0355462610747418	0.0359317773379644	0.0373639627952339	0.0378669803172276	0.0398151105049974	0.0387305888091057	0.0395152112332905	0.0405828842290905	0.0396218769713991	0.0412156102001211	0.0416014296623671	0.0420734369163142	0.0430272480959309	0.0421206140093352	0.0437317255736807	0.0444615431755763	0.0436745405424396	0.0442036019097881	0.0455221984214445	0.0456806363086204	0.0451767267017541	0.0462744270716044	0.0450261054803486	0.0466610691479487	0.0465095401604841	0.0476045146309656	0.0468931246402833	0.0462840130043199	0.0466551479477023	0.046071724173527	0.0473165999280469	0.0459663671295102	0.0480594321185536	0.0476645326425229	0.0475494396261618	0.048274014617508	0.0487209817733215	0.0498458342986039	0.0497704032896086	0.050127526037863	0.0514367000105729	0.0517663429207653	0.0528058032738024	0.053819005787964	0.0538229829875541	0.0538359123010025	0.0533771679761996	0.0552938996397665	0.0584142597730385	0.0585557625580056	0.0617635590784813	0.0606028340855002	0.0619768616293353	0	0	0	0	0	0	0	0	0	0	0.0807178811872358	0.0844711483186979	0.0882083919325403	0.0903940844620066	0.0889167102671644	0.0944549854066399	0.0920955617415843	0.0944744791770438	0.0955696884495939	0.0973152407079065	0.0988861026737959	0.103375084944079	0.105252769453676	0.104364776711788	0.106843970443136	0.106478371014436	0.107341685562938	0.107771201784676	0.106388425379572	0.107985961452752	0.109621801730868	0.114721327919917	0.112532193323	0.110268939469683	0.119284053045936	0.12360772391759	0.124216828135841	0.0960654139740976	0.122478508881015	0.14304898362157
604.273	0	0	0	0	0	0	0	0	0	0	0	0	0	0	0	0	0	0	0	0	0	0	0	0	0	0	0	0	0	0	0	0	0	0	0	0	0	0	0	0	0	0	0	0	0	0	0	0	0	0	0	0	0	-2.98105455714359E-4	0.00271279947471485	0.00236378936925863	0.00129606167570098	0.00308953208625468	0.00174167329727862	3.51563778919825E-4	0.00229354718399424	0.00327730236353208	0.00414085826018075	0.00262972799442297	0.00262566990041232	0.00492179675725736	0.00343362098448177	0.00456598042807048	0.00365563398409049	0.00329107617188465	0.00395105612599076	0.00369543817769134	0.00470473052083909	0.00358755598604901	0.00435632485449406	0.00407603092867456	0.00392767601561362	0.00599385550511125	0.00547773302504387	0.00525426637539012	0.00692043626413541	0.00551759891298059	0.00636503499878495	0.00618442557588891	0.00638441517956738	0.00755277344861026	0.00739285796182998	0.00809689338953313	0.00800536737312213	0.00795433464550192	0.00812678697786864	0.00977330260925092	0.00963477244203766	0.0098742847699502	0.00973571702256023	0.0100193592629791	0.0109308106116137	0.0105213932792188	0.0109857358828874	0.0118348146737886	0.0121323328341462	0.0115449331979178	0.0116016216445719	0.0127638371674837	0.0121871673723789	0.0136492194105423	0.012532925959275	0.0140912899673212	0.0147314836804825	0.0146840747937619	0.0152815753221025	0.0154756454249992	0.0160592230957233	0.0164765260416348	0.0168655184991135	0.0173996500178829	0.0175010233817513	0.0177708040372117	0.0186538904289627	0.0184442192830914	0.0191081479641342	0.0196247320657302	0.0209478865611051	0.0210024921109136	0.0209266087891584	0.0219299353899911	0.022562995432808	0.0238875543032617	0.0238753581596777	0.0244522954351682	0.0247790608825667	0.0255875954370886	0.0272836383000242	0.027588992715141	0.0270038580266558	0.0281104206932406	0.028138693139243	0.0289791989580261	0.0300082683742956	0.0298893371677434	0.0329513939230255	0.0320157582229041	0.0325074351634406	0.0334498320000289	0.033626912144011	0.034823736841322	0.0361080937725031	0.0369002829605746	0.0355591440961534	0.036144705308132	0.0384194123865468	0.0383992236761535	0.0379960279752906	0.0392084917484602	0.0396572691832857	0.03992582857626	0.0392119963160129	0.0398330267484203	0.0412934182947078	0.0419529078981903	0.0410652474163796	0.0427162354746266	0.0424152708320645	0.0424988309915961	0.0424879848348952	0.0424155965873006	0.0429736717819389	0.0430731609857238	0.0427326297163639	0.043080099868641	0.0436241946126863	0.0434664569226563	0.0431466572736629	0.0435077052293817	0.0439639298302646	0.0441847141492846	0.044305805206019	0.0433259666535182	0.0461003538906495	0.0455877733234197	0.045908918814481	0.0463410486334947	0.0471677176594054	0.0465266156976137	0.0481344988029594	0.04785655724629	0.0491319014564936	0.0491548652319019	0.0519269558824231	0.0515491477845608	0.0525451701291427	0.0537360491482599	0.0539424863214034	0.0544085761738944	0	0	0	0	0	0	0	0	0	0	0.07223629026081	0.0758277500084295	0.0780221828190046	0.0798367861937755	0.0800093531528633	0.0852634310268065	0.0880707907013047	0.0881035998633912	0.0885419226887758	0.0877308138941916	0.0928319833491255	0.0934711395185659	0.0946824466974396	0.0954110520818325	0.0965259060092286	0.098705646635387	0.0952152898923106	0.100244200790045	0.102484483592274	0.101507149874385	0.108429572218578	0.102499396706335	0.103321258320213	0.112312224343653	0.116576443848329	0.114646704804601	0.107528043714677	0.120117624880284	0.119037071395159	0.107372319433071	0.120517594687435	0.0929479039883445
608.982	0	0	0	0	0	0	0	0	0	0	0	0	0	0	0	0	0	0	0	0	0	0	0	0	0	0	0	0	0	0	0	0	0	0	0	0	0	0	0	0	0	0	0	0	0	0	0	0	0	0	0	0.00201241179193321	0.00108305136813057	0.00155643638341909	0.00313030383830708	0.0013372417577781	-6.52632353980578E-4	0.0011480926065568	1.80770067059055E-4	9.35002692289236E-4	0.00166073807857887	8.59672333621007E-4	0.00261966043710556	0.0024064374367347	0.00301840758525282	0.00408780600895693	0.00287649281363583	0.00445510992738203	0.00296882848753203	0.00253888692876572	0.00435540211662637	0.00441300715972603	0.00404659975007841	0.00472600924470178	0.00466875945665916	0.00411541880736556	0.00399799463412712	0.00557493726220152	0.00406311859671261	0.00548886394426772	0.00494110428152111	0.00607126578998099	0.00625427521573855	0.00781872584821962	0.00718676280435296	0.00567283745291782	0.00842915802881854	0.00685128336889859	0.00669058327223255	0.00822532162193081	0.00792087415697634	0.00896436354523086	0.00777811458982561	0.00794932723452428	0.0100044558681514	0.00994559425535661	0.00997025719542965	0.00997023284630816	0.0110526060484604	0.011206055106204	0.0110462418489385	0.0109609888567469	0.011404634350702	0.0120434344544118	0.011925668406652	0.0117339925274624	0.0124378938556334	0.0134145614824098	0.0132766423320583	0.0140079688222481	0.0139188646942199	0.0145108313512383	0.0143058993047092	0.014856803188703	0.015862302355054	0.0161702626796684	0.0164382456931178	0.0167703054275191	0.0174208253221769	0.0179945091996622	0.0181644117797273	0.0182266687584017	0.0196150319214979	0.020080732258854	0.019652899682805	0.0205388487527394	0.021328235898482	0.0217018150977382	0.022581450937032	0.0230924380808032	0.0232964075414152	0.0237156584552117	0.0246386615452537	0.0250454485048319	0.0259093210831661	0.0269966009137468	0.0259115083551033	0.0275349159329418	0.0280834363839806	0.0290156658108613	0.0290712665199112	0.029257184085426	0.0312631627867425	0.0315626782247886	0.0312918357730656	0.0320757339347186	0.032941886730662	0.0330140041166436	0.033993243971538	0.0343263854142368	0.0349983577721416	0.0351128068269921	0.0359110098027579	0.0352820320121689	0.0353469294521291	0.0373130672714598	0.0369677338885597	0.0375669601841651	0.0375159398879122	0.0381306375219835	0.0390781509682569	0.0382405503402745	0.0376938163169458	0.0399527497522515	0.0397626153058361	0.038875758909351	0.0398323947513262	0.0397327236048624	0.0401245468459009	0.0395962362887041	0.0394670452297696	0.0398625203874457	0.0396684914603532	0.0397212497958174	0.0406986959350298	0.0400885813611447	0.041290016768258	0.0409299968612589	0.0420555560891824	0.042562366477784	0.042203517884051	0.0438706151615535	0.0438684004100616	0.0433526883682867	0.045085698622919	0.0453755299228997	0.0467356951051518	0.0462575457696695	0.0473576137701751	0.0484187434726152	0.0487493828970573	0.0501706497142746	0.0501713200598867	0	0	0	0	0	0	0	0	0	0	0.0636522139853838	0.0665795999288969	0.0696090034231836	0.0727889668695622	0.0733033163049183	0.0742349626035054	0.0777144387939406	0.08075946380243	0.0783188722631417	0.0826111370668126	0.0817965410593515	0.0854931753328192	0.0870694800762179	0.0869131354594073	0.0880045218438907	0.0909045732725237	0.0907752368684755	0.0976691295519021	0.0929403364479341	0.0966859577895372	0.0948346091113521	0.0926004771893714	0.0998232294906855	0.103401468064863	0.0984034318924486	0.0970789145634094	0.10395864515412	0.104856459337188	0.105160808959099	0.101554621450871	0.128858459936892	0.12076238829944	0.119034273132907
613.694	0	0	0	0	0	0	0	0	0	0	0	0	0	0	0	0	0	0	0	0	0	0	0	0	0	0	0	0	0	0	0	0	0	0	0	0	0	0	0	0	0	0	0	0	0	0	0	0	0	6.74042466007196E-4	0.00175686065638414	0.00112694664511497	-2.60491627561004E-4	2.54517364687099E-4	-2.46874795874743E-4	0.00106265494131775	0.00165578672665484	0.00227469848641551	0.00346619093508735	0.00134828174797591	9.73356399069066E-4	0.00395455481911529	0.00303330209933362	-8.34693895588708E-5	0.00247606770529792	0.00299930406788157	0.00183407166817975	0.00360402568190707	0.00323322468617554	0.00135932928837488	0.00440479819040061	0.00366485550344451	0.00334494563132344	0.00481467419251589	0.00256696867649653	0.00473215403691549	0.00548908269710283	0.00419082519106349	0.00464641147869633	0.00431153360462986	0.00508824194453503	0.0059316306002608	0.00504278301583171	0.00566107258042731	0.00538181535599462	0.00616939615819486	0.00812797962379916	0.00703156243680911	0.00686675104484445	0.00714000570392297	0.00812998154793832	0.00721450018410994	0.00726993460433909	0.00920615180902914	0.00820021256459053	0.00841472621901507	0.00921525555462646	0.00956550059034965	0.00994277906998844	0.00968960327196128	0.0108210364341417	0.0112307522644797	0.0112718100271989	0.0116703728779796	0.0107654866358729	0.0119290330614734	0.0119997953630912	0.0125221148291122	0.0121522366158328	0.0122482213287479	0.0130040935647877	0.0132135998400108	0.0131833357068288	0.0143339325651785	0.0143392289714071	0.014982868220953	0.0150156929516941	0.0155497156218551	0.0153871162492766	0.0161905691735596	0.0163622774068119	0.0169554888928684	0.0178342536224514	0.0177050815682358	0.0178261834838326	0.0190758858266443	0.0195219494472606	0.0192904707611256	0.0205405251349685	0.0215250752434573	0.0211723009062759	0.022626994353814	0.0231567358150943	0.0233649168431137	0.0232960673270424	0.0236921307820239	0.0245920889010039	0.0251399526818525	0.0253622574595209	0.0261054716306423	0.0266702655298868	0.0278193340260985	0.0287494526654374	0.028407552566926	0.0294634884702932	0.0301294136236441	0.0295202705538348	0.0298319674470716	0.0308515089283264	0.0319913736249446	0.0318233844162687	0.0331712033847541	0.0327622548063738	0.0324863136268485	0.0334620001377913	0.0336776785322761	0.0340084966189132	0.0350763113598788	0.0343939805315215	0.0342657382605121	0.0353572065639457	0.0361213135437662	0.0352109988392337	0.0370596930828629	0.0369377538051247	0.0354331081138278	0.0364852999938874	0.0359536165750121	0.0368169575395886	0.0356064759242422	0.0366927318340738	0.0368561677803078	0.0361904411779396	0.0365781778091212	0.0372930118480319	0.0376360055437776	0.0373460373464536	0.0381097075512244	0.0391465077163878	0.0388200785266764	0.0387056375647015	0.0394621442724242	0.0401514856109889	0.0397714919188072	0.0408344634565025	0.0413417988594954	0.0423482410404712	0.0433251057310049	0.0433881872193369	0.0429107884903436	0.0456250541729398	0.046310422990151	0	0	0	0	0	0	0	0	0	0	0.0596489108211355	0.0598605493857828	0.0618288919587015	0.0648126484947487	0.0660191555488994	0.0666629123894263	0.0694829218452174	0.0686821532576334	0.0703596870466838	0.0731037490586171	0.0729878349706512	0.0778355805478642	0.0768767501711206	0.0822069952379124	0.0827426148549588	0.0791724864495759	0.0810675778539434	0.0834128720418634	0.0856955682931345	0.0831280884593863	0.0821800971136093	0.088381040396141	0.0874213887129335	0.0824117062194466	0.0880094545643488	0.0841698864352506	0.0950180243911195	0.0819302868629404	0.0945210010129793	0.0917580966588159	0.0950931094259366	0.0998659463001949	0.0915483792871691	0.0983527037028614
618.407	0	0	0	0	0	0	0	0	0	0	0	0	0	0	0	0	0	0	0	0	0	0	0	0	0	0	0	0	0	0	0	0	0	0	0	0	0	0	0	0	0	0	0	0	0	0	7.18256805784688E-4	0.00117836408147889	-0.00156195378765287	0.00170166449321322	0.00116460117441961	1.08411995671306E-4	-0.00179211768831288	0.00154013599242244	-0.00124975554558516	5.37462373703896E-4	7.65143409543638E-4	0.00150207182458967	0.00207507183517151	0.00186321712280261	0.00268038583634353	0.0022407575334483	0.00103793223893502	0.00114530152651143	5.84934764086689E-4	0.001925788333345	0.00161144538359747	0.00221790659005093	0.00175160273544573	0.00316807566924671	0.00333033440913128	0.00458477562144201	0.00284202063201728	0.00243441854411714	0.00345949387329171	0.00332530783151042	0.00372203583568165	0.00423473309917624	0.00447229101164943	0.0036374946170076	0.00363500291842906	0.00563487206156197	0.00495035663119127	0.00540652881495402	0.00431924179988915	0.0054714548015663	0.00445629039487842	0.00682176661042274	0.00658628788826307	0.00672246809056137	0.0059652951705366	0.00764913782657412	0.00792966253044091	0.00694712489516694	0.00760024391042801	0.00763290496629762	0.00859020809200937	0.00774889725811543	0.00898823169535582	0.00813653635404979	0.00887226072906449	0.00933744876449805	0.00971023364880911	0.0102408221176284	0.00957625569365064	0.0104500159510537	0.0099232614427585	0.0109233908323369	0.0114838205818187	0.0113876049114672	0.0121305681855533	0.0125824467963197	0.0121044520789291	0.0132071476072533	0.0128654165404554	0.0136654499729129	0.0135309150443886	0.0141431296214101	0.0139194703920158	0.0146515074882518	0.0148573543649231	0.0155540800313274	0.0158648001687985	0.0165162875446868	0.0164418061214601	0.016256175404694	0.017484397701978	0.0180269165618938	0.0175590077108308	0.0185359314718229	0.0198032971377113	0.0209004633698365	0.020062252668216	0.0209174966490765	0.0222164792677437	0.0221289941414511	0.0225524462418407	0.02256692779526	0.0228576677182324	0.0244645024483958	0.0247674670886949	0.0253699676355954	0.026639749420312	0.0263855645472188	0.0263394972597025	0.0275226275355664	0.0271894810596933	0.0281831863934865	0.0296814710831559	0.0297322032224555	0.0296851925253871	0.0304207113232657	0.0308972486069878	0.0308103338377825	0.0313934513921903	0.0309828112413402	0.0311176441596356	0.0323936669306982	0.0329730756672917	0.0321784489876376	0.0316105568380905	0.0324425095515744	0.0322034940367746	0.0312370589695705	0.0329974091388864	0.0332034701324685	0.0336166918158282	0.0323768656614582	0.0334240857814832	0.0335934934330048	0.0334183830277951	0.0337394206279521	0.0337706784398577	0.0326804167405866	0.0330750427988444	0.0336918601339406	0.0336027731790933	0.034104495891566	0.0347493502501275	0.0346554418817481	0.0354140898675852	0.0363808696562095	0.0366282103400964	0.0371718875185508	0.0370834833456097	0.0380256260894961	0.0374679143515393	0.0378987176041908	0.0402685192079317	0.0409104112442331	0.0405059693640539	0	0	0	0	0	0	0	0	0	0	0.0517568370587754	0.0538421006212644	0.0556526209507834	0.0574731976370531	0.0599234194523704	0.0601578569682154	0.0616441136113679	0.0653296668089616	0.064689882832133	0.0664638336936175	0.0666862521466955	0.0701648051934518	0.0703504547366803	0.0712515471140585	0.0755839408733102	0.0701425123289746	0.0741461217284292	0.0764006644846501	0.0739518530596879	0.0784591368733607	0.0780099687067117	0.0763413906301597	0.0759118809483932	0.0727279381945171	0.0803932176812518	0.0803776631074337	0.0819253393162463	0.0891037201987967	0.0770283853696851	0.0680079601485036	0.0812102688356078	0.0948110732267057	0.0780910653170807	0.0845165769839344	0.0883372527524489
623.123	0	0	0	0	0	0	0	0	0	0	0	0	0	0	0	0	0	0	0	0	0	0	0	0	0	0	0	0	0	0	0	0	0	0	0	0	0	0	0	0	0	0	0	0	0.00223036914861503	-0.00104084071281075	0.00296075986528689	0.00118889318580505	0.00116848121932739	-0.00108694176232914	3.93106150971336E-4	0.00267867956035724	0.00271308213093127	0.00129511041154643	0.00484400787181102	4.93435189545332E-4	0.00332645788837984	0.00146757636174196	6.5163692695416E-4	0.00261422046268042	0.00310978392132279	0.00390132802502391	0.0030510424561845	0.00363812441817729	0.00340936897616809	0.00326624531723638	0.00438975058646257	0.00291746758638153	0.00514311120070914	0.00154082452321738	0.00475789715650514	0.00366462717954456	0.00490055307242954	0.00366611328952183	0.00561911465844782	0.00499793741348428	0.00529788431746708	0.00578512360496405	0.00348215306262248	0.00521990271097604	0.0072383373390993	0.00556379545443797	0.00674914797390663	0.0058035589703008	0.00659359589060587	0.00703896454212698	0.00694618703079554	0.00725225578215457	0.00764666807158684	0.00695909574541764	0.00707311481799223	0.00609397615853776	0.00811912291514254	0.00719340383906943	0.00827582018579335	0.00829685820505376	0.00860366555987322	0.00984040212953492	0.00948141704667171	0.00909772107434304	0.00956229320893109	0.00936578209939327	0.00935554067394992	0.0094814443262457	0.0094514461843331	0.010073642579366	0.0106502093405054	0.0106934737730127	0.0110158857574464	0.0114107643983397	0.0112686425306165	0.0114950450879451	0.0128020754325023	0.0128657150091854	0.0128939559469278	0.0133181647478955	0.0128387233057444	0.0133529313753994	0.0137928819058633	0.014022169655732	0.013884511252421	0.0148212069420128	0.0150138076487592	0.0155195060749731	0.016025468217717	0.0160167261967535	0.0163816251299497	0.0173296982338927	0.0173897635319567	0.0181248985769322	0.0183846456023253	0.0188344995662595	0.0198134789304903	0.019734035937451	0.0207372529948389	0.0200301915568743	0.0214766211298715	0.0218237993954553	0.0226763745659558	0.0230190504175938	0.023825849712293	0.0235200336406359	0.0254033629017988	0.0255706350601737	0.0252643867635477	0.0270014482532224	0.0258654791129494	0.026607218106938	0.0277991486339672	0.0275075496856982	0.0297210351850432	0.0280488220982634	0.0290451618628165	0.0301490839984719	0.0301774491713186	0.030462610686431	0.0298723117051146	0.0293740683202757	0.0305133119823222	0.0298438479039436	0.0310667431498084	0.0294671213247906	0.0318452339303801	0.0303284621786813	0.0313155755648694	0.0308953104077761	0.0308231951607229	0.0317858371900075	0.0313949791703776	0.0311722438332269	0.031501523821787	0.031185325525875	0.0312006329192155	0.0313210606601754	0.0319463938397877	0.0317571878818662	0.0325613146596364	0.0322072240966493	0.0322689143999505	0.0330093294551187	0.0343794836892981	0.0339883065055978	0.0340745756532919	0.0342390411649377	0.0363266230564998	0.0348417087545117	0.0365102332540948	0.0365768838953298	0.0366630457721162	0.0374298111915206	0	0	0	0	0	0	0	0	0	0	0.0484182885591932	0.0492391036597528	0.0513584402968379	0.0531360360988066	0.0538332648995346	0.0543316344614278	0.0556186774234192	0.0567458666631092	0.0599865583917513	0.0610898079400483	0.0626305868386631	0.0631090986849556	0.0623045977503499	0.0688571019934705	0.0685473566045068	0.0712875756303278	0.0671966224294107	0.0729950829377904	0.0675304120024778	0.074393135140238	0.0727557333352198	0.070277114995932	0.0730337041571153	0.075157330754836	0.0725172390858667	0.0739817972527516	0.0814237247000498	0.0807143752602542	0.0865014432289569	0.0851657956955019	0.0841881977022299	0.0953682982164252	0.0936508236700241	0.0636773262903953	0.109235922882815	0.105081228954547
627.84	0	0	0	0	0	0	0	0	0	0	0	0	0	0	0	0	0	0	0	0	0	0	0	0	0	0	0	0	0	0	0	0	0	0	0	0	0	0	0	0	0	0	0.00223829082647036	-0.00152084296491553	-0.00301434535176293	-0.00167664674918504	4.8990753936677E-4	1.84410074054363E-7	-4.13555678384057E-4	7.54165365084305E-4	5.71257831654411E-5	-0.00232588779032211	-0.00199565407934278	-6.2989795137219E-4	6.6513622360276E-4	5.02291733136371E-5	8.31978298777172E-4	0.00177507575149715	0.00117998597427983	7.44032459827956E-4	0.00173692796546333	0.00242725697394229	0.00115013548651552	0.00186622505030735	0.0024745629079323	0.00230558715417589	0.00210240784878954	0.00295808357943139	0.00199094562760462	0.00179635681832827	8.42502142978948E-4	0.00424022576987181	0.00390098175418295	0.00194943414098074	0.00258327122824723	0.00357567440453923	0.00407957818491455	0.00333311245646071	0.00268108647393979	0.00330375318481934	0.00356082524442903	0.0040081560577775	0.00355787670400841	0.00391400151641502	0.00530824181536124	0.00389063069011568	0.00469606882051167	0.00538262055647699	0.00567329029354308	0.00593974576399439	0.00605657787792751	0.00676034345711767	0.0067853366875594	0.00738624794299974	0.00581463341585425	0.0058616094932601	0.00693070295097379	0.00734965547932145	0.00675038702034256	0.00771100981245141	0.00774080646454321	0.00796771305773864	0.00885700821533039	0.00817193913472608	0.00941727150177622	0.00894544237451326	0.00974932323304874	0.00923243902657784	0.00954110061946325	0.00983148801258137	0.0104124288567092	0.0105955422570474	0.0108229934697083	0.010660587588662	0.0112342425147077	0.0111136445341606	0.0115071021207769	0.0124503334695811	0.0116791778780415	0.012492325630663	0.0124561374177831	0.0125050387975213	0.0135639216102149	0.0137602557884592	0.0142039048435016	0.0134221992640551	0.0153787895925151	0.0150243412809816	0.0158517530793724	0.0167267306593276	0.0161912981044667	0.0167384626657462	0.0180436667497999	0.018203879378175	0.0184273782932495	0.018409116295379	0.0185461148275501	0.0194315067496493	0.0199378614347879	0.0217011059860908	0.0209484428736622	0.0214538916072733	0.0225914401335759	0.0237863963136126	0.023284252395799	0.023870388396298	0.0237541623136786	0.024934270787296	0.0251187281514574	0.0256435814229303	0.0258720884870791	0.0256187525709024	0.025775634456215	0.0251887132833156	0.0265255627443883	0.0260515447218308	0.0273584656158903	0.0266247806237612	0.0262272891200747	0.0271872727034035	0.0268990431565728	0.0264217884748411	0.0276164294244141	0.0264143934771583	0.0278363682874038	0.0275019389294681	0.0284668248067134	0.0287227571456421	0.0277601548283361	0.0279483143080197	0.027370119778827	0.0274444936115545	0.0285838400995582	0.0284824919661141	0.0289026149712472	0.0286216704013534	0.0290372161817547	0.0293161134964673	0.0286306120518096	0.0299319995909107	0.0303761864652151	0.0297383732622248	0.0308071064297312	0.0310208438853444	0.0315829283009578	0.0324679009289066	0.0328437832264045	0.0325243983416044	0.0343589790444506	0	0	0	0	0	0	0	0	0	0	0.0426730463513549	0.0418949910495583	0.0453808037940024	0.0441381700523405	0.0466631666829017	0.0500606883667169	0.0502643871604219	0.0504995336805272	0.0538336085101538	0.0519532297266985	0.0541863847339923	0.0550151702041322	0.0586138543088581	0.059829058459776	0.0606727459932621	0.0641103630399438	0.0616199784039299	0.0616439825166917	0.062212380007638	0.062710169211948	0.0637945813150865	0.0642210484026232	0.0625100628586389	0.0606613157659159	0.0625633617473472	0.0649510324798863	0.0686174651642165	0.0644777497008866	0.0712028356338933	0.0685771114875825	0.0758427738775242	0.0760503604757584	0.0535159446499003	0.0614733408210012	0.0589141626669828	0.0699435005809998	0.0640112476844198
632.559	0	0	0	0	0	0	0	0	0	0	0	0	0	0	0	0	0	0	0	0	0	0	0	0	0	0	0	0	0	0	0	0	0	0	0	0	0	0	0	0.0010614258522771	0.00282181718420533	9.76740700744573E-4	0.00226031418179808	0.00108970471532182	-0.00165143887083637	1.88443720952228E-4	9.29042633802562E-4	-3.50876061732764E-7	-5.38714110453454E-4	0.00322597378837152	-9.46775085437472E-7	0.00117473737576043	6.54054675657125E-4	3.71456743423978E-4	0.00191314291226095	-1.01088886014116E-4	0.0016302160196809	0.00130798619907557	0.00152499116885411	0.00150214350837792	0.00138596142638022	0.00149926497647956	0.00218780048328963	7.89641837690354E-4	3.44481903609116E-4	0.0024572432361108	0.00391539017209399	0.00454650598683687	0.00293748450862624	0.00224996907104796	0.00193457123620371	0.00223811065430979	0.00293856810494312	0.00463083278692863	0.00443455722214327	0.00452527531482196	0.00353934273974272	0.00548764901471381	0.00346776005781044	0.00401974678558315	0.00207022722932157	0.0035216708222029	0.00459986539121081	0.0052332464982231	0.00466975400117583	0.0039893675096172	0.00560219524427684	0.00643691550532189	0.00534136048160025	0.00644022175308208	0.00644716867288928	0.00487396417625845	0.00630651271730533	0.00563444797796902	0.00594551669630183	0.00723535541783359	0.00607743533739324	0.00803310494818986	0.00684371562740839	0.00692561405971945	0.00796443931083184	0.00789886985630462	0.00786321567542985	0.00863709508568622	0.0083496581280234	0.00897515131483477	0.00960992441075934	0.00856513232304575	0.00937293418782111	0.00844156947771938	0.0101696390779392	0.0102549223650287	0.0103260518225007	0.0106075441149428	0.0103155794687557	0.0113728999372274	0.0111915744824309	0.0110557747557403	0.0113555600572982	0.0123368839955227	0.0113971158211533	0.0122287857083836	0.0131588329979755	0.0130867281107408	0.0132124186465363	0.0131850968367359	0.0137851826288729	0.0142296364245912	0.0151418103305401	0.015850459920686	0.0166751941196493	0.0156826585920727	0.0166126730000569	0.0169756460459656	0.0171934399516894	0.0177485836265923	0.0183924053400649	0.0181760386617018	0.0198412061779908	0.0192113432293068	0.0197562723557581	0.0205915808230042	0.0220293753804093	0.021088845217026	0.0210192708344224	0.0230539231994786	0.0240101298459321	0.0239933920228076	0.024556844932995	0.0237520206060538	0.0239174142483622	0.0245085068195285	0.0248922949552145	0.0231458824827318	0.02490779788901	0.0246139851721761	0.0249376060823639	0.0262812297081673	0.025579855798483	0.0263682054168734	0.0256454791653637	0.0259130778749845	0.0260187367520683	0.0261763562512633	0.0263318400198213	0.0259869097701026	0.0261648292994853	0.025472444310219	0.0263352407780133	0.026137854028735	0.0267662374924702	0.0258775222669718	0.0254697464941596	0.0264814611105645	0.0263020303279464	0.0264286379944683	0.0273494152763401	0.0283107966246153	0.0270587259555493	0.0274629192891869	0.0277259018260154	0.0290312043522744	0.0280687801483529	0.0290187959326274	0.0297803636201333	0.0290399947863618	0.0308911840896748	0	0	0	0	0	0	0	0	0	0	0.0373431072797151	0.0374870563368726	0.0392555193789481	0.0404925527843837	0.0412178427851417	0.0420964148624832	0.0457147904299103	0.0451264702753497	0.0466382773783936	0.047657082029998	0.0474022181283172	0.0474250116411766	0.050208199131586	0.0547211417130175	0.0557095660184851	0.0569915736813455	0.0593676206925356	0.0568657043018747	0.058922430903406	0.0568670619800321	0.0566467233105866	0.0616179035786737	0.0590375446374578	0.0624349689962366	0.0589013159640768	0.0585458889611899	0.0597058624649266	0.0599114967805353	0.0618868150739371	0.0609693554056629	0.0617686315305988	0.0606799996561383	0.0729722035141162	0.0724316407858048	0.0684478356199286	0.0756241055356896	0.0722003735009287	0.061865250057103	0.0611082372252079
637.28	0	0	0	0	0	0	0	0	0	0	0	0	0	0	0	0	0	0	0	0	0	0	0	0	0	0	0	0	0	0	0	0	0	0	0	0	0	7.62916835534438E-4	-0.00277979716194802	-6.00670203945012E-4	-0.00178125754237254	-0.00275070192273319	-0.00110451719027775	-0.00154675872434265	0.00210811070480912	-0.00277822181671842	6.23648364438146E-4	-0.00147070915357684	-3.60088974339771E-4	-0.00165196327742795	-0.00167305374124799	0.00169144803276967	5.49453097272717E-5	3.7429821767246E-4	0.0016131976304502	-2.02197167689794E-4	-1.47235962373011E-4	5.13872208718877E-5	3.84668748884723E-4	7.5782288349924E-4	-3.23564275642968E-4	0.00105165941160871	-4.47650991237945E-4	4.45061801754541E-5	0.00238743402591723	0.00221715008060644	0.00167750040738595	0.00103024820142251	0.00222760825699623	0.00289917300433515	0.00194787930089349	0.00114619979781787	0.0019466529061488	0.0017992207831557	0.00126079873286141	0.00204796743926218	0.00286987181998814	0.00322052244362572	0.00349105071055157	0.00358877110358857	0.00247015260561343	0.00323020367098248	0.0034653682901687	0.00344248931534007	0.00478645250894588	0.0045553667710772	0.00599852392207455	0.00366110191096139	0.00619465797917481	0.00647949504316755	0.00426748620515597	0.00581527882316574	0.00595850700071747	0.00500755973323915	0.00612090885427723	0.00568764563823095	0.00620336363400535	0.00638785674134496	0.00631268349952125	0.0068225307940752	0.00710122503535448	0.0067622913457636	0.00778314214286646	0.00834520433151979	0.00700694196774263	0.00774034624684946	0.00911034724571	0.00799885300528942	0.00863755733808773	0.00838256241864085	0.00813191796405399	0.00942831657106295	0.00871157549920645	0.00908536512920416	0.0090257227222508	0.00943257847872939	0.010039466398523	0.0100924867238918	0.0103342197314434	0.0102825724562716	0.0107062445570721	0.0113403142198699	0.011783214456086	0.0120557660506458	0.0127411080936093	0.0122154083597949	0.0123252567623043	0.0131336295166414	0.0122938647396524	0.0140261209128397	0.013865305006103	0.0140470791499575	0.0153625554577543	0.0146670767740112	0.0147589502230707	0.0165867176635675	0.0166764934721496	0.0166769035935884	0.0170827490764195	0.0178780112963925	0.0190701569080118	0.0190948895125814	0.0189069860395612	0.0198192129941459	0.0212672299469285	0.02115759189874	0.0206475860242111	0.0215368706810216	0.0219433739465582	0.0216740129273278	0.0226587969034491	0.0223794227056626	0.0224767874709056	0.0224529282560844	0.0221577603875429	0.0229778017800372	0.0233435831012326	0.0224269111797838	0.0228723813308487	0.0235490260667244	0.0231772298865961	0.0236932438880494	0.0231567924929548	0.0232960582314539	0.0240648438824447	0.0235762013297263	0.0236986473468427	0.0236986898646184	0.0234370435640848	0.0240337793959928	0.0229303493390352	0.0237838812250336	0.0238857284807966	0.023261445330023	0.02382261025325	0.0247790457508655	0.0242175286286074	0.0243862936376014	0.0246232678677961	0.0254827557377666	0.0260063939498856	0.0258459219637572	0.026676669091843	0.0264793222037317	0.0277477668090695	0.0273671553559612	0	0	0	0	0	0	0	0	0	0	0.0332747371694039	0.0344152695895615	0.0349137552378607	0.0357930558154518	0.0370940928369784	0.0384793867381071	0.0389125250647638	0.0414184778005457	0.0401985646410716	0.0435450538226143	0.0407925067697142	0.0448366607150937	0.0443127832399595	0.0491298375403388	0.0482609270551566	0.0499392656307803	0.0513405302786148	0.0512777726516778	0.0518481512375667	0.0525758065880387	0.0514052954994992	0.0491041318463018	0.0542820314697842	0.0512980901969364	0.0520787592460028	0.0546785768074587	0.0519933864004449	0.0519329307671098	0.0575882561238415	0.0564936897254501	0.0515791262425477	0.0538955173801086	0.0564951302858776	0.0562162803429416	0.060235943147815	0.0568314482605782	0.0579991131521731	0.0377487783868431	0.0607564042704986	0.0504771450936825
642.003	0	0	0	0	0	0	0	0	0	0	0	0	0	0	0	0	0	0	0	0	0	0	0	0	0	0	0	0	0	0	0	0	0	0	2.24564446211759E-4	6.59930888000607E-4	0.00207840807867149	0.00203015772520602	0.00356131627674513	0.00330059122210145	0.0023339424431944	0.00628336116105717	0.00262460502870999	0.00338380575596089	0.0029651593003546	0.00152995584089367	0.0057845846246693	0.00470082557060768	0.00230875929943254	7.74499362154962E-4	0.00320384444894134	0.00380948892159154	0.00221423567238326	0.00258701954597082	0.00388572295789797	0.00153726926231395	0.00255924130130276	0.0042834704232581	0.00203345005930755	0.00414816556419766	0.00436216927885305	0.00216832278770769	0.0021765946185781	0.00342941062140663	0.00367828810119915	0.00477551860189694	0.00558281388675937	0.00436684751978029	0.00465705144750051	0.0050900545246341	0.00436096863777788	0.00439034220410497	0.00506142826697358	0.00333370350020834	0.00323256577191359	0.00427472145287047	0.00404759905089618	0.00355765630154041	0.00456207200744251	0.00487234611683934	0.00413997472749625	0.00436605851039301	0.00668318895789616	0.00664336421175851	0.00600887227302001	0.00594767338672641	0.00689460956643512	0.00533443028223929	0.00755819049955895	0.00484575967254768	0.00519467055876175	0.00671409459005091	0.00722988609198896	0.00724635752905649	0.00659799800418731	0.0062907089576719	0.00718060267609111	0.00618368874323441	0.00731382321308528	0.00665437245893739	0.008168958865873	0.00713782716037311	0.00674856819295559	0.00753453349940935	0.00776647011752069	0.00833520895312328	0.00839916077879228	0.00935176878199524	0.0079038351100256	0.00826466197105902	0.00885724593106246	0.00933866217789955	0.00917420950538358	0.00906667162642597	0.00897592044921991	0.00956649567861576	0.00954871069547829	0.00982499747165446	0.0102665002005509	0.0103975146153051	0.0108968490262145	0.0112917069810212	0.0112374380158704	0.0116056467884569	0.0117561444879528	0.0126161789444074	0.012070856454355	0.0123397601189591	0.0133577348481609	0.0138540955583327	0.0140296059344077	0.0144677688095513	0.014983719986333	0.0151371056916819	0.0148599007295714	0.0155594686816219	0.0156512365485452	0.0162070700696688	0.0170289915899659	0.0173373146625313	0.0187937675755733	0.0181062748531347	0.0194604900693909	0.0201769545448848	0.0197730956122636	0.0202820843040228	0.0211303097927976	0.0208032120342443	0.0224617174096149	0.0216447755054071	0.0214291561630153	0.0213751569694763	0.0206811608583341	0.02207158772011	0.0224200599844508	0.0219479909283601	0.0219305266277525	0.0218985480049559	0.0214713351107361	0.0228731093753427	0.0219309478131034	0.0215832861182693	0.0226572013582005	0.0229081120068887	0.0222775981558528	0.0222340311080937	0.0224354304327787	0.023013261933309	0.0223873461288821	0.0230621201894504	0.0229180277413125	0.0228852677392038	0.022936051565426	0.0232688247881768	0.022468431852654	0.0234238717888664	0.0236699240478253	0.0235688467404118	0.0243503681341311	0.0241464683614478	0.0244682279131096	0.0244248101627627	0.025420257651005	0.0255559236999247	0.0262270073154181	0	0	0	0	0	0	0	0	0	0	0.0314981507624005	0.0330009105857993	0.0331402351066103	0.0335996641690551	0.0339531218986611	0.0367589749438015	0.0383761895974693	0.0373455366895001	0.0386566945079493	0.0388312503959934	0.0411482462917612	0.0410553200239608	0.0427286413642631	0.0451833151222426	0.045714525910984	0.0460400772205263	0.0502458933369845	0.0487058223002517	0.0501581805047986	0.0490785414941429	0.052048979500659	0.0554116422306297	0.0521666555923745	0.0508905680305015	0.0558577048950722	0.0520357653704896	0.0564058466641659	0.0570514261194627	0.0563413731622734	0.0585037143354746	0.0540940301362791	0.0571447511132217	0.0634578213224211	0.0668334097792036	0.0677611306164732	0.0578743205077547	0.0518925041594858	0.0627597275066399	0.0733093627604967	0.0877590137881425	0.0706586580850977
646.728	0	0	0	0	0	0	0	0	0	0	0	0	0	0	0	0	0	0	0	0	0	0	0	0	0	0	0	0	0	0	0	0	0.00468531610312115	0.00511403024997851	0.00546042228033925	0.00743317899150329	0.00341439831346938	0.00496820184170166	0.00444202658221046	0.00416533557460481	0.00486478214320983	0.00496097336015528	0.00525438177774437	0.00501295420302338	0.00516117098051499	0.00503981385252946	0.00414299563356688	0.00344865082953805	0.00412457331831556	0.00247526504139118	0.00431000278867219	0.00328490252300809	0.00404038421077043	0.0038241116690737	0.00340652800698485	0.00363611250989001	0.00396715172748651	0.0028449351355015	0.00564270705915467	0.00603854635818285	0.0036605150317722	0.00364776617987272	0.0042278569569964	0.00582421158640533	0.00625752274820408	0.0052328843037793	0.00527311450331819	0.00510140248967785	0.00418187942969984	0.00503808884313181	0.005495750565603	0.00409860493244198	0.0061264679831808	0.00683136891188536	0.00537448846440019	0.00328630943619748	0.00488097259385081	0.00561435461630441	0.00564331571534716	0.00520566900481346	0.00491683735393764	0.00577355961486088	0.00617962629689782	0.00459415668872155	0.00433105898231393	0.00652384590787861	0.00585250223432521	0.00576700729337362	0.00546790708318495	0.00567728137693357	0.00694160478188385	0.00728528390107338	0.00592264380501498	0.00637921047572258	0.00614317862608242	0.00621391413515019	0.00648311551393595	0.00580133133761593	0.00641386050349463	0.00685185958703187	0.00730559034397266	0.00687812413207621	0.00785077328345804	0.00742588325190659	0.00849104932533757	0.00896297423202774	0.00806112974203662	0.00775823308964018	0.00749696459951667	0.00834984938588797	0.00824731540110192	0.00810274057404277	0.00868156683427596	0.00864680112661676	0.00931834958302947	0.00897097520201082	0.00904207034345846	0.00921091487813394	0.00944308994435397	0.0094833570639318	0.00996045216066774	0.0100002750940864	0.0106173691443705	0.0110203580672335	0.0113968992344031	0.0115502451426752	0.0115416005945198	0.0130187861227955	0.0129623094126284	0.0127845878686191	0.0147839528661625	0.0140577703384685	0.0142982224709963	0.0141467614313737	0.0159240390648958	0.0151487454837692	0.0161249962822966	0.0160779613269017	0.0168346767720781	0.0170255474814241	0.0181197471230181	0.0181513541222264	0.0197265718843501	0.0186844632715626	0.0201869141440821	0.0206013769341062	0.020315001784141	0.0217331564069916	0.0214413117078549	0.0207202800003401	0.0201424331718253	0.0199197486611722	0.0204856557026086	0.0197538338980223	0.0224699452231311	0.0210106851489001	0.0211441817440472	0.0209956729908095	0.0213905282866465	0.0214137250937637	0.0216108991445557	0.0208261380551263	0.0213240429849579	0.0215694339715779	0.0213145326009391	0.0209050981876463	0.0208351747456655	0.0206688123783218	0.0210952793184763	0.0215026276847272	0.0210480905377317	0.0215431530460556	0.0208789836664209	0.0208626260721171	0.0224091242295234	0.0222991797432116	0.0222901162540583	0.0226392861122457	0.0234724093150286	0.0223911115983747	0.0232989887756034	0.0239852998313489	0.0244776079623592	0.0236594457946669	0	0	0	0	0	0	0	0	0	0	0.0288646071587128	0.0300244201118196	0.0306219512963314	0.0310512668901147	0.0323462787881205	0.0339849261275654	0.0338628017178247	0.0348865156711757	0.0366106195605843	0.0373287344813414	0.0385699743180973	0.0383678761970178	0.0393967864043198	0.0435986493240907	0.0421964070190465	0.0449736885374477	0.0461908510779522	0.0464262177370297	0.0473639661721583	0.0492899534108285	0.04871674850764	0.0457119014160928	0.0512454967229427	0.0516716706034127	0.0504510687556686	0.0506942504366244	0.056351092620517	0.0512395950829498	0.054773200693403	0.0537117949936795	0.0552383191273617	0.0566025349350373	0.0557650793622276	0.0603912314536551	0.0603423318270921	0.0596616805160187	0.0675596004710656	0.0643037038802076	0.0824674581835087	0.0999334995987148	0.0768447313133465	0.102251146575183
651.455	0	0	0	0	0	0	0	0	0	0	0	0	0	0	0	0	0	0	0	0	0	0	0	0	0	0	0	0	0	0	0.00547836942301796	0.00316541208620542	0.00453662460907082	0.00237167848955231	0.00123732722556985	0.00121246400687177	0.0036294367540404	0.00369011023217581	0.00353870334763739	0.00292379053322156	7.00572510618613E-5	0.0026657828690764	0.00149260972196279	0.00376604613030749	0.00233199503504924	0.00138380101427522	0.00110522116793281	0.00236521819755907	0.00370361656819729	0.00190858553359234	0.00180642750263676	8.12111674914218E-7	0.00194526682698808	0.00228394497002328	0.00162799438103314	0.00158971723744738	0.00176354818987977	0.00132410118481209	0.0026517024952758	0.00335083989020166	0.00232698722279462	0.00243156858334387	0.00566924218873092	0.00289992608976376	0.00253407061378709	0.00435728993403502	0.00375957575762281	0.00249291817912319	0.00354714135658259	0.00364513011975185	0.0041823808395094	0.00374123149041628	0.0023815855487933	0.00424811771320616	0.00476620108265003	0.00349755133581946	0.00288497894707798	0.00410003655079007	0.00433535557172305	0.00537562866626741	0.00444727485694018	0.00494095168695485	0.00524693476956675	0.00555809919895886	0.00456771076040036	0.00531498107610818	0.00535809342683839	0.0059627033199717	0.00560175214392352	0.00395748705245984	0.00655140462238065	0.00465169462314303	0.00601276008874592	0.00591230112842052	0.00679468704052056	0.00661972111359921	0.00549616096354208	0.00625451035593233	0.00642821409956458	0.00655152243589191	0.00696121189375387	0.00743750546843143	0.00712699252658755	0.00656397751980495	0.00625648155307587	0.00756615187026702	0.00677992386204826	0.00732889467530083	0.00768831791951988	0.00708660840818581	0.00747774554714988	0.00751584551759507	0.00764023070852533	0.00825963107670201	0.00818479652509569	0.00851197545587592	0.00886926076774868	0.00853972057097724	0.00896868139600459	0.00870275237334101	0.00865137904995138	0.00981620941060864	0.00947356278402736	0.0093935540702448	0.0104028259110188	0.00965071575143899	0.0111699995818837	0.0109583183021452	0.0112877437949967	0.0114584105075632	0.0120351932322238	0.0127892363141339	0.0130744928589077	0.0131643095924474	0.0139610587283012	0.013677452663867	0.0146915357954203	0.0146044008158085	0.0153423677159228	0.0151522867577567	0.0165745989081619	0.0166059180826159	0.0175978913706552	0.0174688675496493	0.0182312005046579	0.0185159855227548	0.0180680403488919	0.0184783414129876	0.0186937051234631	0.0186556924672028	0.0187346559105794	0.0191604809731284	0.0191401233053446	0.0192687754001352	0.0189722311955802	0.0193562476807444	0.0190029523097695	0.0194958326110667	0.0192800037152689	0.0190994459587466	0.0187170475727855	0.0191220244509009	0.0185889108860611	0.0192953110338385	0.0188885770340853	0.0196647889168382	0.0193851903480816	0.0189156453268587	0.0193015780669391	0.0190954914162114	0.02020987552188	0.0196858828383254	0.0202186073376715	0.0192383397821103	0.0207539015500731	0.0203592227351197	0.0203339881052981	0.0203958105436423	0.0204609007014641	0.0206246123395258	0.0217640872644355	0.0212344788104281	0.0217322526646151	0	0	0	0	0	0	0	0	0	0	0.0264597608629707	0.025783247179609	0.0278678751493697	0.0278948749905254	0.0295082984426246	0.0286220510573959	0.0302841297110289	0.0321802141919748	0.0318809208812772	0.0323007418671405	0.0325069647952854	0.0334331784823602	0.0341097263508182	0.0377025010994347	0.0377906840158429	0.038423704907189	0.0432019275342147	0.0421693615310606	0.0399138729471143	0.0409781266618444	0.0403179709569037	0.0425164077277214	0.0483012460851595	0.0443252937814368	0.0457656132453273	0.0441637631570226	0.0477888064525549	0.0483994362460122	0.0463825090610495	0.0490637842967647	0.0533237115859686	0.0446817750546191	0.0531885537033227	0.0505720741622589	0.0651998573013544	0.0582788398231322	0.0613060402140779	0.0504838623429879	0.0473577384599239	0.0605053576529276	0.0449405735574512	0.0602712384302399	0.0495218724246273
656.183	0	0	0	0	0	0	0	0	0	0	0	0	0	0	0	0	0	0	0	0	0	0	0	0	0	0	0	0.00529495721837097	0.00362515750102676	0.00133490341331195	0.00243069167011012	0.00506898838471082	0.00402638915722582	-0.00176410454573973	0.00447112025870402	0.00338223491190356	6.01113112106512E-4	4.40416955346684E-4	-2.87239750758683E-4	2.11852617407633E-4	0.00202708720584117	0.00242799941103658	0.00371404052004595	0.00341133405334882	0.00351371027848485	0.00140325322945051	0.00435070804397917	0.00337234437139591	0.00375650984867883	0.0043084455097825	6.72165115843117E-4	0.0036349942272893	0.00371425170032995	0.00418112229569609	0.00319269561770795	0.00472769082860096	0.00404969860389695	0.00356132235886918	0.0052270178794656	0.00514841810153229	0.00575290009254181	0.00357908666493503	0.00546542967789745	0.00312839941525481	0.00280057240568568	0.0041492238388254	0.00372443138494953	0.00213637956651514	0.00453999769544813	0.00344541447734994	0.00630140227348088	0.00314840561826392	0.00340580845648369	0.00287255030070901	0.00380702540203792	0.00485534320252993	0.00340173217141497	0.00509162682663585	0.00513473200095012	0.00400445254449406	0.00603630076028371	0.0037865742877545	0.00542012309048392	0.00421319296960925	0.00478668175310464	0.004156561791579	0.00408301397562077	0.00578960779722084	0.00517821975699281	0.00499700403821606	0.00528464854129538	0.005239876229675	0.00609941257162345	0.00479786667905161	0.00569056877846583	0.00560780080609891	0.00458719303545286	0.00643598437139548	0.00611535167238049	0.00631576106402743	0.00631054092248055	0.00686620479174603	0.00622430288634951	0.00605609970696386	0.00639941502520952	0.00717809967022671	0.00698164363173351	0.00731999833125311	0.00708269824731243	0.00698389789656403	0.00717815731122585	0.00713943932795596	0.0079103737964541	0.00708377842488575	0.00797987077620894	0.00754652300479683	0.00810770089381336	0.0082065777196839	0.00821744141370686	0.00848566901747426	0.00844593935432572	0.00887159169315911	0.00928113485862794	0.0100552762846393	0.00965076121942695	0.0100581377341365	0.0112938862666517	0.00988340401202224	0.0107922515045888	0.010222312362326	0.0118787118812239	0.0115041594661014	0.0120961399794144	0.0127801954437675	0.0132903661458987	0.0136943025202864	0.0140072376157613	0.0140345797374586	0.0145291829801421	0.0142710792044082	0.0154493682972527	0.0148222979181323	0.0159986204006281	0.0164448825084795	0.0173124824595289	0.0168200956838716	0.0179099228683231	0.0168563030294598	0.018762971699183	0.0195548624459326	0.0176026553888804	0.0184796169939378	0.0179950920511769	0.01888841032676	0.0176279492200603	0.0180285525882889	0.0174491992628162	0.0184919951296054	0.0195761894669892	0.0178456165448332	0.0177014394606286	0.0177442191516211	0.0185572278533863	0.018773944428536	0.0185871929551975	0.0189002262608915	0.0188599040535116	0.0183130303395897	0.0186884552177593	0.0185907760211124	0.0173547293686805	0.0174254724041853	0.0185070839773391	0.0192437310359098	0.018622518347254	0.0181161145795863	0.0189733948549154	0.0192071123957103	0.019351539841031	0.0199935212930659	0.0198867834236044	0	0	0	0	0	0	0	0	0	0	0.0241587318163585	0.0243045514705053	0.0252369908917284	0.0262339865798954	0.0254339350214292	0.0256987035848909	0.0260850053320715	0.0289165197197079	0.028176960265353	0.0290643749695997	0.0293369530428115	0.0304488015366979	0.0306031978713056	0.0328729109053412	0.0349014620877903	0.0328152103398536	0.0364886314041041	0.0373774172327741	0.0360026915640958	0.0386330147997503	0.0411756084100392	0.0422968503807396	0.045010143448082	0.0421194445739703	0.0406421062581955	0.0447541909827496	0.0424383282953881	0.0463670531869082	0.0430152305865779	0.0426386681961191	0.0452659858067698	0.0430021131026208	0.0466938894172138	0.0477634833089503	0.0424899667708426	0.0478567240543093	0.0484879970008093	0.0573659827002716	0.0592387851558041	0.0629017300740279	0.0464496103803555	0.0639599474677708	0.0777234282124675	0.0621994881857577	0.0921940054409408
660.913	0	0	0	0	0	0	0	0	0	0	0	0	0	0	0	0	0	0	0	0	0	0	0	0	0	-1.87940416691182E-4	-9.28080370493273E-4	-0.00444819223127529	-0.0013798623724755	3.61108475556421E-4	0.00511177467151543	-8.57552654066157E-4	0.00174808100279058	-8.97296920798005E-4	-0.00191081091597581	5.46201472560356E-4	-0.00122039039595122	-5.21304230809835E-4	0.00240457658710107	7.16818905073603E-5	-0.00219924307382811	0.00140874327623525	2.78519291056919E-4	0.00103878028356744	0.0017831374611307	2.71053343005445E-4	-1.34231951060233E-4	1.9732107467965E-4	0.00180947641927591	-0.0029156290303985	0.00179794994283647	1.20890772502374E-4	0.00123707874616113	0.00172034453742684	0.00212345171138983	1.63574768808319E-4	0.00181505919051726	-1.56772444219023E-4	7.72967230306808E-4	9.65224972782566E-4	0.00184702215121244	0.00142387664670307	5.79343097113024E-4	0.0013744109480729	8.38121909569492E-4	1.83616948556772E-4	0.00171003262233358	0.00128351884258162	2.60771103053641E-4	0.00179134332986527	0.00242556434154728	0.00213127176279044	9.24861800817103E-4	0.00271930659968254	0.00231950327541093	0.00250241171868426	0.00285939964922195	0.00298642700517717	0.00185912793907035	0.00305058488907935	0.00282671960020068	0.00354029158221891	0.00336187781499403	0.00298983123381859	0.00388664982356978	0.00256810688103757	0.00447214740355337	0.00340447503477305	0.00352332706308525	0.00368674924345778	0.00457873827663404	0.00465760254271647	0.00487021503632644	0.00289205904197532	0.00413348564221733	0.004471308459653	0.00489545420889251	0.00520345727713055	0.0040630981810385	0.00366382690847564	0.00634050230400322	0.00538423661312194	0.00482718365893642	0.00514794877552158	0.00544922520844875	0.00624330178606687	0.00578268882199632	0.00547360467355816	0.00604583770121515	0.00547304474200268	0.00566441105112019	0.00635064656903014	0.00549750846992723	0.00650954308697027	0.00655019187520567	0.00659640427647321	0.00685222876434099	0.00679929235040675	0.00725480357965628	0.0073187704657849	0.00713692507859183	0.00767559412581042	0.00750880301680201	0.00794265384817604	0.00775670791789287	0.0085178806660102	0.00865050011672462	0.00886094942373415	0.00969967248075027	0.00889459639003014	0.01040605238113	0.00978033222832622	0.00951038753888201	0.0108333722426996	0.0111141590117004	0.010354292573306	0.0122558325378034	0.0117993041734137	0.0129874984022011	0.01319828006796	0.0128236518649539	0.0129367525848133	0.0136720491643441	0.0145659066708333	0.0146421342705874	0.0160893345814774	0.0146796594169358	0.0165929209083395	0.0144828624976264	0.016292205035064	0.0154768198830169	0.0155522977888484	0.0158217207101987	0.0160067908530228	0.016377378159245	0.0155577959935889	0.015899026893675	0.0152422986084071	0.0160877556976845	0.0161373646738035	0.0154573026812201	0.0165832225655898	0.015670006301186	0.0163030712594236	0.0164679340550743	0.0160727032020474	0.0162327349639282	0.016481498695919	0.0168121328049396	0.0159628917184379	0.0162781108027315	0.0151068938522416	0.0163334873708997	0.0163986026719696	0.0161064104572176	0.0167050677599418	0.0161468249954426	0.0175425585721651	0.0167756961033587	0.0183549567746042	0	0	0	0	0	0	0	0	0	0	0.019839488915384	0.020340247400097	0.0222465041557797	0.0218125352813919	0.0224779627219579	0.0235437995772834	0.0240678066586119	0.0240386846292085	0.0250480514568063	0.0239291454894474	0.0261221116937847	0.0243972360928918	0.0268109464598802	0.0279957819003455	0.028794059797839	0.0311919372800576	0.0315820022449188	0.0298458148238646	0.0333027123452561	0.0320035655493179	0.0316674826326952	0.0359349443923113	0.0360943155282053	0.0345569438247997	0.0360361474428047	0.0334500720126031	0.0349415912623115	0.0356614956224242	0.0355216583652397	0.0401697443206439	0.0380268562338277	0.038412482489613	0.0332388263044215	0.0384137015646601	0.0352635567278451	0.0349139006260554	0.0429888893134146	0.0407557757643533	0.033117332688	0.0326851266572518	0.0395553191462524	0.052967257044707	0.0335795677140999	0.0436339318172753	0.0556984058410398	0.0477007562526365
665.645	0	0	0	0	0	0	0	0	0	0	0	0	0	0	0	0	0	0	0	0	0	0	0	0.0044673537566786	6.81021690476033E-4	0.00113494192434555	0.00394412662918649	-5.62018298395378E-4	0.00251447025166801	0.00375037472672397	0.00205358129080621	0.00173836843422198	0.00599657357660154	0.0025550620333438	-4.83477254366688E-4	0.00339798474195128	0.00115852462126745	0.00377252468441869	0.00125564081986611	0.00159703583975752	0.00330477722083355	0.00206725122616844	0.00169902858824212	0.0018936637988793	6.24640153489119E-4	0.00659454174492473	0.00182976516017912	0.00313308014148587	0.0020954228518138	0.00269605109218858	5.64817388738807E-4	9.20263056247326E-4	0.00262492257170418	2.2613685128139E-7	0.00299933299658391	0.00226439260678327	0.001838955746829	0.0011686105804136	0.00130437568765439	0.00400974503310135	0.00171916382847733	0.00169049286872759	0.00175980040283912	0.00124813937979884	0.00259568176372595	0.00250387947376782	0.0016411587804614	0.00398900979379071	0.0039186216480784	0.0045785042395008	0.00482701142643057	0.00469069844458922	0.00313483625046933	0.00323252976899394	0.00336683334292238	0.00322585034157687	0.00379877730504931	0.00409468381006292	0.00177565679151106	0.00383414073127427	0.00345554106487923	0.0030057769438932	0.00436903216289236	0.00354759341004179	0.00355429160526356	0.00238393053546661	0.00504201703708056	0.00503842656352729	0.00336720441054084	0.00451940119289135	0.00337521428162788	0.00482387781524442	0.00487995512438581	0.00449557876622702	0.00453887219643922	0.00507199448197725	0.00466728671024472	0.00576580205350616	0.00589367352164901	0.00545183347712693	0.00540573854348861	0.00498758637797132	0.00494798706578124	0.00633820763920505	0.00475168567682139	0.00608570621739114	0.00574886851732574	0.00584529646954576	0.00538629935800722	0.00614315280001328	0.00612448581714903	0.00670950806580777	0.00659597517311188	0.00667834135829581	0.00661116950569564	0.00622245309347578	0.00687000301186118	0.00738525883210131	0.00712918125522748	0.0071424074291754	0.00702655155238979	0.00762281086999532	0.00766304482107972	0.00815189965910512	0.0083108331126917	0.00860769313330827	0.00819526684427122	0.00873148647805104	0.00877678489616338	0.00914908428815822	0.0101594101168534	0.0104142153614404	0.0105590430805811	0.0109325297400628	0.0109191012607577	0.0115532428004938	0.0115639406027964	0.0114451799674681	0.0126585910747086	0.0126834708020513	0.013883367648694	0.0137670158022393	0.0132106471280623	0.0137149166699765	0.014459406940188	0.0132126471730805	0.0142553518304108	0.0146344299776386	0.016077163266078	0.0155812839180581	0.0156509306049608	0.0157279294564241	0.0160641486723415	0.0155131607433626	0.0149856123976426	0.01489848197446	0.0150480633560686	0.0154151605239315	0.0146345979166882	0.015045531996146	0.0153229558107535	0.0153843588982026	0.0149272480221097	0.0159556552716487	0.0153660531975222	0.014766029695016	0.0154615581334473	0.0156788641618048	0.01468911634777	0.0146361929069779	0.015740858309184	0.0149645709679839	0.015594888418834	0.0149347317904374	0.0153412077644552	0.0153226256792982	0.0165025296654958	0.0162794921038058	0.0163919026600844	0	0	0	0	0	0	0	0	0	0	0.0184846203639387	0.0193365447059791	0.0191343806829251	0.0205160020291953	0.0216638027950767	0.0214061345839842	0.0219549167594293	0.0230945532202462	0.0245760656160269	0.022737547043536	0.0238347856010623	0.0244553720853591	0.0264796083381892	0.0269117960908864	0.0283843382157058	0.028421760571998	0.0277596688577218	0.0293340556140091	0.0288446027819999	0.0318985023251237	0.0305200700989739	0.0323254315171694	0.0336128010162928	0.0319333491786559	0.0360364290036408	0.0337056173661845	0.0321017716104176	0.0364604715363273	0.0362663110850506	0.0357294854278862	0.0361877760009346	0.0362655725996277	0.0367608945568054	0.0382600488690297	0.0372794976561637	0.039618516581227	0.0391254629204496	0.0375171859350959	0.0400760387917115	0.0432156478629501	0.0500287412708966	0.0377680478599458	0.0363034579174369	0.0536540714269555	0.0459724838038083	0.0424303196143934	0.0383453114079409
670.378	0	0	0	0	0	0	0	0	0	0	0	0	0	0	0	0	0	0	0	0	0.0029137897629958	0.00493845425310475	0.00405040795808077	0.0025606578325116	0.00706710788486192	0.00324341654488745	0.00312628634639313	0.00473360680778742	0.00225534479948945	0.00138506256628886	0.00351160029994867	0.00350433309314696	0.00153336620755849	0.00498638831139684	0.00260313135518825	0.00247135334675506	0.00444148178757133	0.00274045363139007	0.00267942141053247	0.00424763025878873	0.00702845745936608	0.00337926134276791	0.00207067878329442	0.00403200216427938	0.00399468835236149	0.0036036031642053	0.00287094039805707	0.00390017858826756	0.00118911154257967	0.00530985751533168	0.00341986135546114	0.00309001656815982	0.00343067650626407	0.00492158506587313	0.00205511760849375	0.00295342637824661	0.00130912575546613	0.0056744079274034	0.00236864541089941	0.00321285265741282	0.0028053366163096	3.51250508369162E-4	0.00399269372977709	0.00319603858926838	0.00309439985087795	0.00341463606406299	0.00432227046784142	0.00420516927439369	0.00297609482551759	0.00405264509396619	0.00252036595584026	0.00577743376613709	0.00279287744088452	0.00531523744752343	0.00367364414862223	0.00410689174555471	0.00470507302992633	0.00531877152050313	0.00554579495076724	0.00426142290733766	0.0051688577381994	0.00457560535451165	0.00504512041661805	0.00410313279270384	0.00544239547536965	0.00412239980628533	0.00438572708289063	0.00475598573304608	0.00499301703006097	0.00458779072309321	0.00556358975867807	0.00427173202230896	0.00505499324943629	0.00611599425282112	0.0055452250738415	0.00486739696795688	0.00475741001057163	-0.00335674680025776	0.00571250132119379	0.006002087640917	0.0055422229705158	0.00562857264532122	0.0061145019601675	0.00512710042360689	0.00553047806412059	0.00635999991347643	0.00547552352199613	0.00647349176325119	0.00633471801377203	0.00584898245521174	0.00664513914040668	0.00704972700679548	0.0060457078326622	0.0065014618900412	0.00637989698624087	0.00630835089314113	0.00633597481219073	0.00674031077284541	0.00648799523576819	0.00724054115354234	0.00707511103658351	0.00784074031048848	0.00784782806810577	0.00806741407062393	0.00769533252427882	0.00897998898950163	0.00914145154238781	0.00886866494053505	0.00908197372028186	0.00875956770652697	0.00962633112948546	0.00989303513240949	0.010067189301903	0.0100893883626128	0.0107332082842804	0.0101879705831855	0.0120743983315222	0.0114896280848722	0.0113538760506551	0.0127170652356139	0.0121213086495237	0.0132949126768556	0.0136985899111347	0.0133671994415434	0.0144112396524097	0.013798938828629	0.0147681475236556	0.0142571179520507	0.0152084146715143	0.0138896608612071	0.0142919750691583	0.0148104964395372	0.0150107337508921	0.0158201897016224	0.0145020037395243	0.0147137997819078	0.0155137638214714	0.0146909289315969	0.0147032958274131	0.014306849158363	0.0139890832565657	0.0147609213357268	0.0144003859030272	0.0140920029236763	0.0147354155683869	0.01491541250838	0.0149161374151183	0.0151750361036192	0.0151774150214289	0.0151800108261536	0.01469926624512	0.0143120706094744	0.0144234348431047	0.013886343533363	0.01466848018227	0.0148338726914723	0.0158104685038342	0.0157515614839666	0	0	0	0	0	0	0	0	0	0	0.0184089522283086	0.0194405357480626	0.0186451484121722	0.0182928282552101	0.0196959071911017	0.0193084247243812	0.0200905984501958	0.0215045166277693	0.0208636329130576	0.0230625711501928	0.0223359924821351	0.0217816434283111	0.0238716009810848	0.0254866266057783	0.0244379378861179	0.0270672240431153	0.029153634889184	0.0292536358029735	0.0274563955735832	0.0301865793466219	0.0305230756875076	0.0321564510764798	0.0319912321981853	0.0329746741734539	0.0314576539126623	0.0344388915966958	0.0327615534518625	0.0334177211143067	0.0334529319193925	0.0354403294403741	0.0349066564410402	0.032500115966648	0.038183926568937	0.0355435308705409	0.0378048827484207	0.0378592351861737	0.0415118758100492	0.0440633356046627	0.0396341002772422	0.0408330861523933	0.0365589537930635	0.047161306506292	0.0406985250927429	0.0574170624463827	0.0579446772834773	0.063047459459281	0.0373881520935378	0.0781724044070554
675.113	0	0	0	0	0	0	0	0	0	0	0	0	0	0	0	0	0	0	-5.79908632503601E-4	0.0012614663593827	0.00226194519106055	0.00143850897078622	-0.00161342899897331	-2.18495106100703E-7	0.00148531574529893	0.00250274280087441	7.63877614847062E-4	0.00439482740562379	0.0027496499888549	0.00335079239639195	0.00399805711070675	7.06950834526059E-4	0.00317969835344763	0.00402611094263935	0.00328291701332013	-2.41355396706558E-4	-0.00117974623702625	0.00138278852664631	0.0042059816311426	-0.00177379619074546	0.00182687576594387	0.00362765415479897	-7.23451238383979E-5	-7.19676638493934E-5	0.00191025788967856	0.00188826836404961	6.20199913131715E-4	2.03466518458367E-4	0.00226568332427017	5.87738877645495E-4	0.00300323732401232	0.00199533172455621	0.0034011200842331	7.68546533361656E-4	0.00161294829190874	0.00106810008442896	0.00324682225965091	0.00367258647888769	0.00217734465385647	0.00418338935101778	-2.06607118573036E-4	0.00167030711887856	0.00124339279643527	0.00283410070835949	0.00513946829942355	2.36373281326126E-4	0.00180915886223563	0.00127771164715234	0.00250969227391048	0.00233071734816356	0.00185348295883001	0.00426751043693495	0.00269410660505892	0.00414483891374112	0.0033091968681645	0.00367549930498504	0.00260457248641178	0.00285455092405489	0.00346107000272396	0.00390149217750585	0.0030162455511747	0.0030893556301651	0.00420735486460042	0.00516720394175968	0.00426490683194473	0.00409705921779044	0.0063008443567372	0.00557914947779054	0.00354448735619105	0.00451548924989846	0.00449678207380028	0.00452922445151027	0.00432691890151735	0.0051261066319334	0.00351705524605186	0.00370289014130588	0.00386551064913402	0.00358508174488996	0.00487089142254242	0.00458335851920619	0.00478471405348435	0.00497003441922959	0.00523998681489424	0.00507829388184576	0.00533942248079981	0.00565772588860063	0.00516226293293698	0.00545554777587814	0.0055001580857747	0.00518398982499712	0.00571780092585169	0.00462361102953585	0.00611540434706273	0.00543211471782969	0.00593205015783842	0.00905765415217748	0.00614414524308537	0.00591928590655484	0.00621422868369139	0.00616332138374069	0.00630933143627612	0.00643034580449537	0.00655952328063346	0.00675328292651516	0.0078975481972153	0.00837492187884147	0.00672797497978822	0.00862265928497663	0.00778723364968077	0.00799273804554359	0.00884254392660162	0.00876585108791656	0.00878142978959328	0.00828508863405175	0.0100332110950425	0.00968037854948215	0.0099548275909922	0.0109499230570807	0.00977709174477309	0.0117621053603685	0.0116795651779505	0.0109610836534585	0.0119478906044465	0.0124133648622103	0.0119615423345342	0.0119845735234252	0.0126039762503611	0.0125284642812427	0.0136324277966801	0.0139026398631438	0.0125785552317411	0.0127488415509648	0.0124770574915185	0.0137308254287515	0.0136280583847906	0.0140607586893861	0.0128821466493067	0.0131715542851966	0.0126431854558277	0.0126584448524947	0.0125357590475814	0.0131866930878665	0.0126353738755301	0.0131124240476345	0.0124342029207362	0.0127454355277799	0.0128343649795082	0.0131784393613452	0.0132809493142779	0.0137438836094713	0.0140776965124417	0.0127253710927904	0.0124979164277585	0.0127844003426691	0.0133988179909235	0.013824439960517	0.0135911453847424	0	0	0	0	0	0	0	0	0	0	0.015601673412391	0.015847433131417	0.0170199363006391	0.0161026534018938	0.0190610854236251	0.0169497148826286	0.0188364252145924	0.019805924508903	0.0193853811736274	0.020707975570086	0.0200469443352894	0.022419797873694	0.020353866129101	0.0222498655636438	0.0220409422202342	0.0225835286097374	0.0238655229389763	0.0245562073898273	0.0270818584456031	0.0269619374979836	0.0283130764410096	0.0275512725068731	0.0274701451884894	0.0264339506843749	0.0288406096757547	0.0315110212877596	0.031198110922186	0.0281788899770441	0.029838601811598	0.0300337768905629	0.0282713980187205	0.0330095455821404	0.0314794618567017	0.0308288376141554	0.0337932776082256	0.0355236008735855	0.035666950381664	0.0316695699415937	0.0356681843604401	0.034592798084542	0.0353211953507508	0.0412492423067505	0.0468235633176208	0.0466116514185015	0.0419586697157881	0.0403964521901069	0.0354474648825382	0.0404805479581933	0.0324317100308355
679.85	0	0	0	0	0	0	0	0	0	0	0	0	0	0	0	0	-0.00311029935152101	-0.00662989598425961	-0.00211416284088183	-0.00557554627898246	-0.00571923603754397	-0.00447900775161179	-9.79121533921185E-4	-0.00104324615058086	-0.00460760774795249	-0.00194679600954969	-0.00405840389276923	-0.00579626342933206	-0.00393218848912425	-0.00178817046288775	0.00137920150698488	-0.00393437674006318	-0.00443290509110173	-0.00551209464632537	-0.00481495343509824	-0.00211542227660465	-0.00453266071446487	-0.00388449956579135	-0.00280974384686712	2.98988083963857E-4	0.00103628128351552	-0.00198022095468434	2.19616881555965E-4	-0.00180420011682893	-0.0037892422301479	-0.00134360739695717	-0.00195303254487161	-9.60675071481625E-4	-0.00262752403510609	-9.90991705256919E-4	-5.16699339850896E-4	-5.03817252212715E-4	-0.00374683492118211	-5.3790809799598E-4	-5.81260967700658E-5	-0.00227366696029742	-3.33331419556828E-4	5.52836433926415E-5	-7.51293922808996E-4	-0.00221900806318034	-9.88344530339996E-4	1.53867821953125E-4	-4.01033188658519E-4	-0.00197624130833004	5.8314641360337E-4	0.00128936380138152	-0.00135965307574068	4.15345636202341E-4	0.00299268191340221	0.0012009101328977	-8.26975004835655E-4	0.00145461953022664	2.94699733593985E-4	-5.7145748698842E-4	0.00113193716449107	0.001701521136304	0.002517950839189	6.87437735030576E-4	0.00126796752079083	0.00171788739538713	0.00265655979242539	3.88850434245108E-4	0.00103170883916161	0.00217793133561213	8.17674629935296E-4	0.00197642468917407	0.00105830146633742	0.00263994993818893	0.0033784615234237	0.00231255042347647	0.00107462209127689	0.00325603810309521	0.00237761438340808	0.00232764108518792	0.00340131129991316	0.0025735907731927	0.00278868717080351	0.0034069147689594	0.00264227775641872	0.00423917999825126	0.00352204563187022	0.00398203888276313	0.00339632031489518	0.00393943711914305	0.00336850328219036	0.00414655134846594	0.00345593164341588	0.00440936531831864	0.00485253283622861	0.00383536121846099	0.00429172292185431	0.0042383570445297	0.00446093238133979	0.00432586543357845	0.00508790944967084	0.0150018593443026	0.00501914288736468	0.00538822736668123	0.00477124788587448	0.00493224078718922	0.00536186518325906	0.00493541904331931	0.00562338279218898	0.00510742093741035	0.006062788409246	0.00560157986485708	0.00577446556125881	0.00640109987829566	0.00625023522173892	0.0073106646862475	0.00722004830948362	0.00640132811305124	0.00756659383814806	0.0079872251478966	0.0088403373511624	0.0082540462169153	0.00877880578110085	0.008349578070896	0.00814835218339022	0.00930818663096866	0.0102741672006851	0.00969325753986614	0.0113875804201961	0.0101618861005216	0.0103799323812252	0.012028557405273	0.0119331565081855	0.0110484603654492	0.0119356171278114	0.0122393955387481	0.0111928371183527	0.0107818063435006	0.0108756535943032	0.0111053732922911	0.0111391664282856	0.0116612104722844	0.0115620615298335	0.0110204748995904	0.0119640461907189	0.0112038452473256	0.010418254372344	0.0106734642483102	0.0106221682461783	0.0109979610959807	0.0108737757439808	0.0108291345820131	0.0110256773671983	0.0107429767293431	0.010929429595787	0.0114415011979494	0.0109448200924674	0.0111307598438704	0.0114554178709876	0.0112843142949524	0.0117459185775307	0.0110647164526064	0	0	0	0	0	0	0	0	0	0	0.0132802234974763	0.0133491928715599	0.0141034389374233	0.0141037022107815	0.01462802275242	0.0158932313176248	0.0149342208242302	0.0159828851506625	0.016536792651901	0.018234161320759	0.0154448918010442	0.0155124904148356	0.0173526820328189	0.0174801478658191	0.0187783447860133	0.0191444515970962	0.019021062711169	0.0208289203798775	0.0207464942118245	0.0219341312222455	0.0218132587578424	0.0222855028080851	0.0210510206141786	0.0238427153987243	0.0227166577995393	0.0237837407924409	0.0245557608467024	0.0224656096946832	0.0228243197397455	0.02364873448204	0.0246075235942193	0.0235101603583014	0.0243323498327309	0.0259665230431068	0.0221357930428722	0.0228574895989811	0.0240302593436533	0.023367332129035	0.0262858889686364	0.0224938536325115	0.0280608868235744	0.027098266936509	0.0241010185788938	0.0156063353383488	0.0217920503044788	0.0171699754299642	0.00697952695497252	0.022515839596194	-0.00394346157745592	5.93825378229386E-4
684.588	0	0	0	0	0	0	0	0	0	0	0	0	0	-0.00370544067174164	0.00326115238587405	-2.4631337348411E-4	-0.00327381198123499	-0.00192000597115292	0.00226158116262409	0.0011795675427535	8.11454501790116E-4	-0.00215571328072423	3.30677650792267E-4	0.00444848534451068	-0.00162407697687939	4.94745697761218E-4	-0.00234952633757745	-0.00127357737873842	0.00213930118004823	-7.63250862478756E-4	-0.00232862574670531	9.96829183980418E-4	-0.0012339309902307	-5.13070340274966E-4	0.0030294348216193	-0.00288628800650607	-0.00225683134676017	0.00362209499750393	-0.00161720277945955	4.54541044918832E-4	0.00314935536546822	-3.6984565706005E-4	7.54563090682759E-5	-0.00102443460873678	0.00166795157250908	5.73793871139782E-4	0.00113187544224292	-3.47407561929488E-4	2.74396693096621E-4	5.36066250157151E-4	1.32270879967988E-4	6.3796833617212E-5	-0.00136956694394534	4.85058514130285E-4	0.00159472148022533	1.15653269815121E-4	2.83222872871672E-4	0.00105348813043864	0.00114389791328558	-4.81550867192253E-4	0.00284924189848329	0.00259429162200344	0.00219187129518795	0.00125250652850066	0.00216706159921547	0.00116164646188424	0.00157040201527396	0.00173065469798102	1.85588427447465E-4	0.00220890480714406	0.00229948289695917	0.00203824061893867	0.00242258389778559	-3.82536897984063E-5	0.00180049768166397	0.00176452422633453	0.00372871120242176	0.00292477159410914	0.00347099827993561	0.00270346582573978	0.00276468835644487	0.00487439483764475	0.00347897759246208	0.00125693820495927	0.00407345185001446	0.00374778186120584	0.00151337615565947	0.00313671033081089	0.00207254966301684	0.00331030605046574	0.00292098879236227	0.00198568856314035	0.00284749939844731	0.00329757355253277	0.0033947156956658	0.00286668168897832	0.00320508160173446	0.00291014148458966	0.0044382745888683	0.00443829089300434	0.00333929692067411	0.00359507224518027	0.00367054905981709	0.00319043889143599	0.00429087930336395	0.00361343334512699	0.00462069342847922	0.00366329853164752	0.00442814564972003	0.00427921141024725	0.00472349173098567	0.00388307113434286	0.00515199727966101	0.00505366507367605	0.00497248823165742	0.0100908934939171	0.00475912488067456	0.00507783460104148	0.00500549835015265	0.00505890959310823	0.00586591846384695	0.0053848931863989	0.00588201120873634	0.00540241749482674	0.00541471613890249	0.00562238331347122	0.00608881509805658	0.00554323197050401	0.0067198210208679	0.00702891283387611	0.00721387840855344	0.00714310914988676	0.00734624669161187	0.00765908545041027	0.00769419300148178	0.00759678484474767	0.00907065871807681	0.00743200430565862	0.00893236100621795	0.00992245223715114	0.00978830256148947	0.00935351718315733	0.0106014432434024	0.00970414956222099	0.0104298534363909	0.010849941703975	0.0103505594268394	0.00991154689599294	0.0100059456155296	0.0121715103772909	0.010661331087282	0.0107493668100377	0.010933532028777	0.0114534552246417	0.0107188619336702	0.0106634987698406	0.0107711453266071	0.0105339453156719	0.0121883820129738	0.010925359708674	0.00989058806617485	0.0102335210119716	0.0103452080742326	0.0108480352040965	0.0111005255645528	0.0105623160261068	0.0097440311132134	0.0101458081854323	0.011038788729019	0.01046823251738	0.0109186841072667	0.00994669912470369	0.0103722770499211	0.0113015688974992	0	0	0	0	0	0	0	0	0	0	0.0118309413629349	0.0126926270200385	0.0122497591791475	0.0125305771443762	0.0140199524487446	0.0142434964104943	0.0150361917890964	0.014259026171612	0.0143734820958195	0.0148958752612935	0.015430229413601	0.0159052643741201	0.0160396519626983	0.0169367838927201	0.0169008664790434	0.0186137658582521	0.0185361331172319	0.0198491818444544	0.0190304943454239	0.0215517466017439	0.0219864030449691	0.0229983021464	0.0224918217857451	0.0233071780522899	0.0212405896346576	0.0223967854620614	0.0253812647827463	0.0242759472847162	0.0270570121181154	0.0218748420994413	0.0234723460491153	0.0253922598421372	0.0244176247571574	0.0247023893233551	0.0252511464990829	0.0244258807657547	0.0260436851759404	0.0241238977767272	0.025174650252552	0.0270633140170255	0.0349364351346391	0.0252572019286577	0.0223469731859937	0.0353726381867398	0.029831209114983	0.0142375783630518	0.0313494136798642	0.0358371306374599	0.0457426477264418	0.0456493859630181	0.0050182959916972	0.0400228466755805
689.328	0	0	0	0	0	0	0	0	0	0	0	-0.00244605040516754	-0.00251649666534088	-0.00414374931740566	-0.00291967575481948	-0.00211982955781534	0.00258112494193532	0.00401006690522651	0.00229141501385277	-2.39268080344739E-4	0.00411175652057375	-0.00414058985641021	-0.00301639991990471	-0.00107285788146274	2.05826424464034E-4	0.00360097854007316	-9.94940750165119E-5	-0.00248057279973461	0.00138004743256646	-6.76354295138915E-4	-0.00283102547336811	6.44116518404484E-4	-2.66550797206537E-4	0.00557666090078597	-0.00110816472280766	0.00208888223168481	0.0016335762569553	-6.38409335132496E-4	-8.57878503051942E-4	0.00122809596175858	3.03774069585758E-4	6.79315925609999E-4	5.98958080551933E-4	-0.00118576550723264	8.8137577145821E-4	7.99004800719876E-4	0.00121854219106268	0.0031714533441734	-0.00394498444265414	-0.00115350673932051	-0.00132692086400837	5.84711862059322E-4	0.00126167999836356	0.001719476838193	3.59302945505002E-4	7.59959525511709E-4	-2.83519685650192E-4	0.00123550879153372	-6.61567303019618E-4	-8.6620455033913E-4	0.00101521278826587	0.00289137086968807	0.00144705190381473	-8.62258734951078E-4	6.99409855569824E-4	0.00166703593137033	2.89693911425245E-4	-1.89543942187508E-4	0.00135085174336824	0.00269487123354893	0.00121084362957953	2.2215561998093E-4	0.00159353118180709	0.00156347712366728	0.0014505437446322	0.00142134006423395	0.00182996322739144	0.002182554599926	0.00110853478336086	0.0028137689872468	0.00269061487667567	0.00173128418117556	0.00229135454441082	0.00130799202517505	0.00211451752515705	0.00225887841156293	0.00351198804370046	0.00330208919303486	0.00331627776138462	0.00237472094958528	0.00165422301600383	0.00283367702904787	0.00374485892000881	0.00296065675471871	0.00271948768673503	0.002538139145835	0.00299166692812147	0.00329838788380447	0.00305548171797301	0.00327715614145269	0.00282335173099176	0.00357539964198246	0.0027944579419323	0.00378701832877543	0.0035556081350069	0.00404600850091959	0.00262399907567622	0.00404921745495912	0.00362545379604387	0.00357335542928082	0.00396432927473985	0.00413578858754422	0.00385655956516512	0.0039996809273075	0.00386902026847516	0.00423589209990472	0.00412569716720619	0.00430410407934575	0.00463336012957669	0.00485343690048208	0.00530567049944562	0.00493737382404425	0.00482727844462785	0.00516206540095845	0.00481514887321278	0.00457974170666879	0.00582840291402505	0.00604119909202959	0.00637455758235665	0.00662789420188185	0.00587670192559103	0.00584793504879144	0.0066048303489907	0.0061921181580262	0.00688797364032242	0.00742363879310818	0.00700957665089064	0.0077661908144025	0.00778598270992984	0.00735489245188368	0.00816026094860249	0.00951753309587637	0.00883646314614427	0.00862483011185395	0.0093974155475791	0.010102785947155	0.0100569975432747	0.00977683667635385	0.00958407268255025	0.00998913997992824	0.00943986709813643	0.00985161312346037	0.00989172845858095	0.0102657832028366	0.00983644551314163	0.00965479963582276	0.00962542208689917	0.0101575313848965	0.00990072859399149	0.0092834030954632	0.00956933715498137	0.00989891103680824	0.00918162008220764	0.00864712039870089	0.00974047683946459	0.0088450334328739	0.00915744232791636	0.00913088643537502	0.00946516439978328	0.00971890030074269	0.0100803858267121	0.0101956108739613	0.00976406097271152	0	0	0	0	0	0	0	0	0	0	0.0118347638300852	0.0125322152686022	0.0116676993326198	0.0119781027174939	0.0131897217958432	0.0127615484425595	0.0130818422152172	0.014304063864309	0.0139044066392365	0.0143972375605319	0.0145301893537587	0.0143703151220141	0.0147952253980521	0.0156502962801079	0.0164834435170434	0.0154485811156513	0.017069760544677	0.0177744966072427	0.0174715214410224	0.0180224514493564	0.0189248951314999	0.0199821266217113	0.019745056899633	0.0223577806897114	0.0230219285326488	0.0226779988019617	0.0197725521461257	0.0245229526282911	0.0201043290957915	0.0213094161195223	0.0224864406187786	0.0190527545207703	0.0230607860310562	0.0200341419703092	0.0236641112812661	0.0249870566774345	0.0228302422378275	0.0259902498204609	0.0233644906945823	0.0233728540984326	0.023862097761403	0.0199155442322851	0.0235952067643085	0.0217057545083492	0.0265632167302472	0.0442675200999522	0.0296545278194956	0.0214755565870377	0.0193631674827256	0.0287580352401331	0.0193457471537308	0.0573843887413236	0.0216170417816097
694.069	0	0	0	0	0	0	0	0	0.00423131629516666	0.00262070341096163	0.00849322140721086	0.00660400567986477	0.00268071420218858	0.00773394826312415	0.00269823145929149	0.0079514010255437	0.00497652672332385	0.00332565867504797	0.00134330381980915	-3.62599829836082E-4	0.00178293843420458	0.00582079599192327	0.00361876450511949	2.16925936093651E-4	0.00124949425401632	5.05861058318097E-4	0.00100415204624319	0.0041172754667433	0.00398810988747011	0.0040132368319584	0.00324798000411846	0.00557729590244823	-8.14969064734167E-4	0.00273190852840391	6.03931286039312E-4	0.00177614771850571	1.65248413317113E-4	0.0029075056341333	0.00284319146428718	0.00186473019783297	0.00269051457761392	0.00282062272988717	-3.78403405650219E-4	0.00517814302046773	0.00312298168547971	-4.95944045990429E-7	0.0017397223213442	0.00171198366749935	0.00105066551153531	0.00357214293959327	4.70445831484843E-4	0.00183506169507996	0.0011494711767723	0.00447528880537745	0.00224091422651934	0.00254104033184431	0.0010996432924824	0.00141939916446163	0.0035175076083454	0.00241924003083328	0.00254299930696647	0.00159634866338355	0.00324150898620159	0.00220890702449141	0.00116094869127675	6.45288006132894E-4	0.00156200324136638	0.00354992795086385	0.0032995898530902	0.00355994382911196	0.00249368496826312	0.00195580375678167	0.0027890297366862	0.00136782027298335	0.00330904320790328	0.00299922094935585	0.00116680372836374	0.00232827380529693	0.00181783057386323	0.00189870826759839	0.00320532383898853	0.00211499340604196	0.00239035842483346	0.003725515756902	0.00281901789526871	0.00357809087744039	0.00193887580630554	0.00201822530091672	0.00323350170857362	0.0034850522614032	0.00278982841634434	0.00192184234922999	0.00345360849945539	0.0049488905238206	0.00237494991886985	0.00386600868903166	0.00308014273311461	0.00351498088113236	0.00321585157810696	0.00346232680024911	0.00174795968954322	0.00368681857353972	0.00353062233793456	0.0031913562224235	0.00297282970891789	0.00374435199750993	0.00405109137789564	0.00287677939883229	0.00356958267250593	0.00417975082273806	0.00346939141365244	0.00406107731742598	0.00355207310497987	0.0034551765071758	0.00397614524998585	0.00360213234417579	0.00463951384859203	0.00426836821623194	0.0041648094780883	0.00372272232578907	0.0049142516983376	0.00485087681946563	0.00458674945792421	0.00509199099759258	0.00450839360860563	0.00437448055141298	0.00565701624180707	0.0049523244570109	0.00601349773663092	0.00555817924656999	0.00565027033936377	0.00722108855572257	0.00697534407176753	0.00667467131592531	0.00631281877294716	0.00696148167006431	0.00731178663405379	0.00698274199410882	0.00806425870190583	0.00756947228349826	0.0081396894111801	0.00904541373206956	0.00995105715174976	0.00870772060650649	0.0108801799559561	0.00906370868388827	0.0101550736560737	0.00857702228361567	0.00957801107207045	0.00965597380473641	0.00904129677180726	0.00955998556335189	0.00919704901598479	0.00953265971070988	0.00961883593965594	0.00928113897228606	0.00941116665645905	0.00958633143961997	0.0100857746962017	0.00899778875927772	0.00897970041036556	0.00919350376361801	0.00999322589413138	0.0089579624324021	0.00987992107926212	0.0103874472673104	0.00993330892544394	0.00926278784036084	0.00942125026633911	0.010177729887466	0.0103436195187241	0.00966598816290244	0	0	0	0	0	0	0	0	0	0	0.0100883395301503	0.0105435943346409	0.0100149962521188	0.0115972510016475	0.0123437592391043	0.0120510593493275	0.0120719842464195	0.0127953242424711	0.0140754582963806	0.0135522083643643	0.014909399102784	0.0156186643009236	0.0160280627162761	0.0146490537871449	0.0161757018792095	0.016156050663633	0.0159247762186345	0.0170136476312921	0.0165664898225909	0.0180719734494277	0.0176239456821375	0.0185891896301514	0.0184173383521088	0.0198630545289614	0.0203643021609221	0.019750970174782	0.018511282507698	0.0200650121841005	0.0209240489429438	0.0205817654524207	0.019282944737449	0.0211218407275009	0.0228942059487413	0.0226874666619128	0.0208952152445855	0.0215180978226388	0.0263287275656502	0.0207988957123675	0.0262078241134202	0.0210358754386769	0.029660451314056	0.0301541734470196	0.0258269947676026	0.0255600909794627	0.0244338902996516	0.0320104612966842	0.0257767720355174	0.0229874918939443	0.0398148320305738	0.0294080174808031	0.0501543392561924	0.0363087389094587	0.0080243672864556	0.0460890981978308
698.812	0	0	0	0	0	0	0.0052828594218013	0.00710196432497562	0.0048256036074832	0.00697360967040595	0.00449957710641562	0.00319648633002394	0.00460285332197635	5.30605457262697E-4	0.00233883184274207	0.00675705963650407	8.80074859370481E-4	0.00633422666267168	0.00271111500404891	0.0065863777823212	0.00828304006571451	0.00905222277905136	2.28106490351657E-4	0.00219407039641253	0.003469903547135	0.00357876586417383	7.11983357565937E-4	4.06786531133313E-4	0.00342251361927553	0.00553559063632144	0.0038579891306828	0.00488097415136655	0.00611481491048063	0.00489682622974892	0.00165534336647703	0.00247626682513296	0.00150240204016152	0.00195641646713247	0.00542343339909938	0.00345131397805857	0.00326097279609392	0.00246676624869461	0.00252176883214225	0.00416903970154933	0.00127614359261258	0.00423118835450657	0.00161123030150186	0.00273718380427012	0.00332487995611885	0.00228943251447885	0.00366329754543099	-2.6347845020515E-4	0.00109598975796572	0.00545998443510084	0.00409662198760271	0.00256634925137106	0.00315586461395405	0.00321163526948527	0.00281929116555674	1.68236358133189E-4	0.00305940899356836	0.00161190719628701	0.0032736296830706	0.00191922983846959	0.00295864865917855	0.00290651238545463	0.00290719723860728	0.00348700752982349	0.00190523949892647	0.00378071435643075	0.00448565761380715	0.00296119377356713	0.00431081125538412	0.00159688206314841	0.00401832765794926	0.003152919962333	0.00260076534300386	0.00366332357423832	0.00296918164545381	0.00371770475879805	0.00278737775956779	0.00430956620369934	0.00255795563665331	0.00323468037104508	0.00260602545819481	0.00374662618271784	0.00238181711909146	0.00254759025698385	0.00220819781490764	0.00266929670371691	0.00409120696103031	0.00405409128415083	0.0044220903958494	0.00252618295009291	0.00376009701630865	0.00360937059277402	0.00269141510071736	0.00268127415261542	0.00392120274616818	0.0027134200486315	0.00262343849645879	0.00424747899763508	0.00337105511357093	0.00324225215309142	0.00312004715391731	0.00372147351037867	0.00408978636498637	0.00317594291148051	0.0038915405064859	0.00314859072277764	0.00413200069850991	0.00428975808142435	0.00315558327423729	0.00366123435035531	0.00355967378406345	0.00415276890155414	0.00438599357727017	0.003659935493322	0.0038282205395403	0.00392245384140731	0.00446083436094714	0.00433869211509892	0.00483817948556042	0.00507451217768748	0.0058694991570509	0.00550206831090892	0.00505940354365564	0.00597826044541757	0.00580557595255794	0.00548039200969068	0.00570430478609463	0.00582779552376084	0.00670780108011324	0.00667703009456992	0.00701850915246534	0.00706851209944382	0.00728237592214603	0.00662717358584279	0.00795670717480183	0.0083998431765603	0.00807659288383942	0.00860343398267063	0.00900669269836724	0.00945277843539838	0.00955670714047631	0.00962905469030696	0.00800738717024587	0.00989234289970553	0.0102604188728029	0.00858763985474531	0.00811398314333996	0.00907486824918207	0.0100852968706848	0.00971507373342603	0.00909697500814113	0.00952763031912671	0.00921135965443813	0.0093487245705896	0.00912555343883868	0.00827718722603243	0.00862487263548926	0.00913521358980038	0.00803360074878635	0.00873373968536857	0.00882515202680815	0.00854894982711849	0.00883043999550087	0.00848095009164042	0.00842061610663672	0.00969045344171842	0.00931738112439801	0	0	0	0	0	0	0	0	0	0	0.0100092674031897	0.0107380567973875	0.0103503476777127	0.0109005174718412	0.0123292787314485	0.0106922473328602	0.0120401007467795	0.0120838348074307	0.0120424465832865	0.0132862555390949	0.0121281919115144	0.0131592291377116	0.0127503860896196	0.0142160907033587	0.0153275735553025	0.0142430410653932	0.0154932877518275	0.0149470479864742	0.0168449875553019	0.0151483605664346	0.0176770723708959	0.017204226756479	0.0172806116714296	0.0182752723910889	0.0189246729495947	0.017917321763432	0.0183091699267392	0.0208583951189376	0.0195773507012962	0.0199595618008607	0.0212508550804307	0.0209659786165743	0.021986240650748	0.0230427927190353	0.0226830299848736	0.0215593127866815	0.0226263991112015	0.0220487762128746	0.0235175579539774	0.0219170716962505	0.0225556162572911	0.021095790585028	0.0292321152198561	0.0170368064485473	0.0293745158578558	0.0254325900800729	0.0277918894162919	0.0221316303195243	0.0297596762031661	0.0247320174817954	0.0293280219689696	0.0383651476475099	0.0540170027329569	0.0435115632501818	0.0342671242895689
703.556	0	0	0	0	0.0053639064496181	0.00121299798411667	0.00405270105765989	0.00593050062354697	0.00363516132744189	7.15909875174449E-4	0.00926464678331665	0.00253840794008373	0.0041168041619147	-0.00187641495473488	0.00105429900031031	0.00775376248709967	0.00573042048786642	0.00100514801581011	-0.00187577592933145	0.00259973498153074	-0.00194585736894198	0.00476818066890004	-5.79161459293295E-4	-6.63293281203097E-4	0.00138620614120355	-8.24874596162352E-4	0.00216256314201984	0.00123463287951263	8.17825406342217E-4	0.0020065591990313	-0.00254070450019958	0.00285511338381902	0.00175926801929144	0.00325173668915402	-0.00229514854380166	1.0600201958496E-7	0.0013540889248196	-5.78763948245299E-4	0.00226473708812279	0.00206726648753845	-0.00204283706783913	0.00179821906077202	8.5467741234455E-4	0.00430208378379188	8.38040954703723E-4	0.00263392059004141	-7.40212074017358E-4	0.0015336458235602	0.00136286495855612	0.0018286910415481	0.00171931758222313	-0.00160824004777178	0.00202598818597727	0.00120945445705134	-0.00123911198209754	3.04032203334348E-4	0.00260712617276878	0.00256024958817161	0.00205748634112123	0.00157924695968436	-9.94674226778765E-4	0.00147074842513684	-3.6918794484335E-4	0.00378574645172955	5.48590773177565E-5	-4.55168236400611E-4	0.00249875049098149	0.00132551153381954	9.67101494774993E-4	0.00260239254107877	1.40666889871835E-4	0.00127495735165825	0.00231913077003147	0.00231773689766169	8.88641638011571E-5	6.32098277619547E-4	0.00259538590559488	0.00185813589116087	0.0037228542045019	0.00178882125111477	0.00248286426092806	0.00101155102476584	0.00398092523939206	0.00181925952242979	0.00264219694228192	7.1249962308559E-4	0.00215049251262749	0.00190506385123877	7.89537555561847E-4	0.00224479376707507	0.00162426693412052	0.00270053363641299	0.00198315113129283	0.00174466335157425	0.00361823829873346	0.00330630047300181	0.00278113470736028	0.00264040977680149	0.00162103231232898	0.00260188675788024	0.00239394029406293	0.00314842953120511	0.00333000463031485	0.00264991010570257	0.00320272518887904	0.00359280569332161	0.00297234770090495	0.00250094623028023	0.00313809452263288	0.00292833023618095	0.00281495381657146	0.00320902674216732	0.00313851740339809	0.0028878071625503	0.00391114011057814	0.00309614913924287	0.00312161380232878	0.00344181049597118	0.00365447316548086	0.00357955180700974	0.00383481710313113	0.00363949128569375	0.00376355772783686	0.00368434926693712	0.00422280100577313	0.00364423380702595	0.00419990822941436	0.00432048641100407	0.00478437543660521	0.00524375871185416	0.00490946003877417	0.00485474297950836	0.00474486732747901	0.00541468933548362	0.00625571858441967	0.00613647267584716	0.00564800683993709	0.00612623782957564	0.00598648493234129	0.00736235388284651	0.00706187705932749	0.00631610142520105	0.00863733693904517	0.00634374475609092	0.00766993593990782	0.00777014587771776	0.00806689550011858	0.00740196537865254	0.00915432665858721	0.008312651983027	0.00750775100413839	0.00779496274216653	0.00774365880250717	0.00793002510548557	0.00721597260086635	0.00737009593012638	0.00734825701923564	0.00736325010537217	0.00765402286170404	0.00761565101543718	0.00787050698097465	0.00674491837480413	0.00805905294915669	0.00736677082808067	0.00836335309540066	0.00719770322619106	0.00734591585010463	0.00787861061390962	0.00788052288063771	0.00824980047113942	0	0	0	0	0	0	0	0	0	0	0.00889204750960609	0.00875944773941638	0.00933677329977204	0.00957339005305901	0.00921288414904319	0.00983389256257214	0.0108380132470605	0.0105160160275619	0.0100722438813677	0.0100292256355013	0.0108515542316056	0.0119292111330667	0.011506278252699	0.0106528713004423	0.012389671679268	0.012830955171314	0.0144990916847814	0.0129970726033468	0.0149547819243419	0.0152234810116884	0.0141739790598181	0.0159031823337555	0.0168057316205371	0.015467329601343	0.0165931791220369	0.0165150005501321	0.015930623190789	0.0168591030073507	0.0178451464508247	0.0197381043860921	0.0146671742575847	0.0184986375125639	0.0184058661048963	0.0191316598474015	0.0196651258460476	0.0172437619412851	0.0199657559531521	0.0207720726584497	0.0257061478295822	0.0200548252823852	0.0205771489103209	0.0175139104063154	0.0183115087803757	0.0187116812102072	0.0218514487999567	0.024612671937246	0.0220971088375382	0.0209645699571216	0.0142975155865123	0.0102328761944172	0.0178561237105471	0.0286532431185838	0.0421913136041974	0.0117225874620819	0.0440989421359347	0.0340074561436066
708.302	0	-0.00324505111467365	0.00101403240479412	0.00860721552077267	6.63352573832771E-4	-0.00740366115519233	-4.42716481751971E-4	-0.00359343271468674	-0.00341934508235248	-0.00605235669652339	4.38094192452174E-4	-5.74273091419335E-4	-0.00601877161840607	0.00396905108245581	-0.00201231722294959	-0.00368735274180099	-0.00129838803446502	-0.00141702323964694	0.00331331834044001	0.00239839556693374	0.00260766609821277	0.00219013497103794	0.00118052289166127	-0.00124549946025816	0.00206615069946791	9.54311753617285E-4	0.00136616568969188	2.11382003328506E-4	-5.20816437395799E-4	-0.00480177166194624	-9.96564487198635E-4	-0.00368664519372733	-0.00150775892958651	4.61695684981247E-4	-3.60259322701173E-4	0.00194292611862132	-0.00163960661284903	-2.53095785847958E-4	0.00206287473316441	2.43393236006731E-4	8.83907845288743E-4	-0.00214912224870943	0.00174039477893958	0.00125445413029798	-3.87182167278478E-4	0.00153562993134975	3.03559291647921E-4	-4.46674840722574E-4	0.00321948122442425	8.61240473761853E-4	4.91477879754405E-4	4.11517629064419E-4	0.0010001330958472	0.00395985772088308	5.69438903733702E-4	9.88337585433588E-4	0.00199503770395399	0.00148378493716504	-7.57454980781741E-4	0.00270110385459506	-6.76891676428462E-4	9.45046659206563E-4	1.11999847256755E-4	0.00182425736196653	5.55561731722995E-5	0.00228128317333662	0.00209104681153717	0.00190347243130917	-9.82396574474245E-4	0.00178632401916856	2.37433021558252E-4	0.00180937310703296	4.09936732056881E-4	4.0192918367588E-4	0.00122638680854472	0.00120184175234246	0.00109305561147685	2.12021338890456E-6	0.00141514598172691	4.12769449029203E-5	0.00214232494009354	7.25361172456376E-4	-2.58499615319745E-4	0.00112807800789248	0.0021991884388369	6.92435888785735E-4	0.00121555992498458	1.33210450294985E-4	0.00186521236599331	0.00219623155222844	0.00220766328790245	0.00122805773082078	0.00281475560171557	0.0020383863799772	0.00253620923905853	0.00207382487238578	0.00181074791220622	0.00116267997663458	0.00309957863101317	0.00182048624788336	0.00231874773663894	0.0022440446745654	0.00244288231723255	0.0019909507301933	0.00238999061899743	0.00163005293101384	0.00207512343416541	0.00223361420758566	0.00267706881466384	0.00298792737536564	0.00278801665640801	0.00338902419061843	0.00288076510524245	0.00256101891584855	0.00259434636193593	0.00270452481202248	0.00280071676114048	0.00263439095742994	0.00302147013845291	0.00298475237967181	0.00308523171669506	0.00236061358740311	0.00392051927355022	0.00298014690576761	0.00359945213118289	0.00306046879314105	0.00400902016674225	0.00366550556826508	0.00309433608041188	0.00374104030971627	0.00327301729475802	0.00521660664918119	0.0041498860943543	0.00431367032181371	0.00504809181118134	0.00514886769459738	0.00549488325034947	0.00549963749409949	0.00451762397003697	0.00688047754903879	0.00668222302665495	0.00600579108594255	0.0064779800025879	0.00670759729217536	0.00637249955797765	0.00666446189255281	0.00711997542495468	0.00686373411258365	0.00666861306012908	0.00745575783208348	0.00665995135690721	0.00678299943144006	0.00676538906580207	0.0067938629458313	0.00639819873391042	0.00726247595198784	0.00592917945464745	0.00746761460478758	0.00638152258988786	0.00706828116187796	0.00661993599487205	0.00698955436307356	0.00693492013543645	0.00766646771564573	0.00730236171797502	0.00692210744345581	0.00736950095195351	0.00707600727535799	0	0	0	0	0	0	0	0	0	0	0.00810607908051546	0.00894006468892326	0.00845483267640615	0.00835383870105743	0.00899955736798174	0.00857369494919667	0.00877524150194298	0.00907028413677244	0.00976240855303104	0.0101555357269444	0.00947428173005017	0.00935546930790817	0.0117187132844183	0.0102206393288314	0.0109518582934475	0.0105138516430053	0.0115814525047356	0.0124704142304148	0.0119687373450553	0.0124489831247022	0.0129552610596033	0.0135059077458015	0.0133282306587609	0.0149053454860766	0.0148664756214655	0.0153867991665629	0.0133963999258612	0.0149933494122986	0.0135685519315769	0.0177322076776084	0.0165250698745254	0.0163499011025482	0.0165146634245381	0.0183871372182507	0.0172310900657843	0.0156173716115483	0.015429374193406	0.015310184037148	0.015720619249038	0.0189915921419011	0.0180274575103427	0.0202697459777245	0.0219361871918962	0.0170720589212959	0.016803953416645	0.0124054456614337	0.0163703616873625	0.0203700977588609	0.0195800818524674	0.0205000920400737	0.0186139125875627	0.0169402414004879	0.0233384383281557	0.0325320686780018	0.008413538964549	0.0139651212498409	0.00655450266398536	0.0236380567839247
713.049	0.0257442290848949	-0.00153589263428155	0.00594977345327399	0.00575794255915232	0.0139555294139534	0.00469523681461092	0.0052408111749755	0.00496150283403555	0.00592618601383036	0.0109634124312431	0.00427514511577306	0.0059739673513373	-0.00156193759260424	0.00541201411966612	0.00626313070525108	0.00882118382442259	0.0135660371653326	0.00807967780213109	0.00749613873098159	0.00959329145444061	0.00428020604144907	0.00505469163351862	0.00838160342528997	0.00609589758877007	0.0102546669804897	0.00953686594348807	0.00319157130538431	0.00233938933339918	0.00179367013517081	0.00735713414861295	0.00768631837578428	0.00255911248445459	0.00708229816781976	0.0067242247048286	0.0103249827776191	0.00277614291941407	0.00306367111394385	0.00273615068185419	0.0039310285566976	0.00320839081233346	0.00577910591914356	0.00524996804796489	0.00569072447130942	0.00190781123109065	0.00763616570820493	0.00576097050745196	0.00629555983302174	0.00438140365564258	0.00244790215735548	0.00654633929421125	0.0032014113324215	0.00354215299766459	0.00270419392060122	0.00473899808989784	0.0028856217061576	0.00438091550075072	0.00355333776849087	0.00481127731062849	0.0030156678629943	0.00192368169307231	0.00400994002160998	0.00462026292489755	0.00420936206036957	0.00244799176684865	0.00443967987813556	0.0056225395313103	0.003461638350901	0.00243808486179725	0.00404118046712983	0.00357329770511587	0.0012953418756305	0.00437327282335359	0.00378257778401691	0.00366260316426117	0.00421251456085273	0.00404601980285769	0.0046015535952614	0.00363270373480204	0.00319605922303715	0.00164852334837973	0.00209143837527159	0.00324422259994197	0.0027578636495027	0.00265517321068735	0.00248103347602077	0.00399893603906704	0.00372865011921686	0.00390661033274105	0.00267355632438618	0.00458040498281864	0.00189660714500186	0.00331033455704521	0.00234858284825369	0.00378452130156158	0.00262877356689853	0.00333635886873814	0.00323388539501428	0.00441801548424448	0.00322117530895888	0.00302507845281855	0.00395032485725424	0.00325702873485814	0.00380587453320286	0.00380359857579548	0.00341666740167383	0.00303479751643813	0.00335862555747545	0.00382665354840887	0.00342494959531312	0.00355738117317295	0.00375801416494808	0.00343662213259215	0.00292158009705204	0.00332356638096706	0.00313258936755103	0.00275386985419766	0.00336399851778859	0.00377921408117466	0.00340870297099808	0.00302553508981092	0.0035681467728075	0.00414863870165845	0.00395801919831404	0.00389852761347693	0.00361190147235658	0.00410148968558855	0.00470591067965012	0.00455925297289593	0.00578624168029376	0.00498843279971334	0.00498885962494565	0.00462302288936656	0.00539124769752509	0.0053220760709614	0.00494948975839334	0.00565862229048019	0.0054048991464469	0.0057459910446592	0.00638780590839251	0.00620403704562233	0.00690247345930719	0.00688921153669155	0.00707844848106769	0.00622681766475122	0.00687741944158602	0.00630562358501787	0.00693762844739998	0.00680452254935291	0.00722546929283816	0.00740734573272463	0.00786602722371776	0.00736134599176264	0.00726673901739899	0.00774887417856532	0.00801379735253742	0.00693714243191902	0.00659650430334218	0.00803249485309659	0.00665194233586031	0.00772396941920396	0.00677850211761805	0.00767778402359767	0.00724992858537136	0.00649659473921731	0.00833007210722812	0.00783148328343541	0.00640839439699894	0	0	0	0	0	0	0	0	0	0	0.00886875966587444	0.00885206777024445	0.00855819272934218	0.00888628432974467	0.00842533305012546	0.0099146355506367	0.00952475149630498	0.010091266489429	0.0106501189895909	0.0104403627019438	0.0102980425426508	0.0106107665972003	0.011211393983145	0.0108574316731654	0.0109456455880417	0.0115798764800005	0.0110248643911684	0.0124835619840804	0.0125814180516306	0.014003250927959	0.0142385720154725	0.0141858356082243	0.0146697116579035	0.0140540525645388	0.0138858233515188	0.0148434905907324	0.0158821501635535	0.0161660845786403	0.0165620335014008	0.0180529398998916	0.0165148896114696	0.0160833798352589	0.0171825858524338	0.0183173596539418	0.0171007200195422	0.019303986112521	0.0184746168340566	0.0190254910334912	0.0179969170395745	0.0174876406879375	0.0202065364675777	0.0194684922254355	0.0211411097509122	0.0256276083410973	0.0181173919382732	0.0189455833695991	0.026416730427278	0.0306659013769772	0.0283086217242465	0.0304831239483526	0.0341189785318136	0.0201511038968516	0.0317880616289444	0.028853618754742	0.0340992237529114	0.0462492290026962	0.0379404319283217	0.0499455044621369	0.0766307207573187
717.797	0.00634552622326476	-0.00288818470272063	-0.00498684359884244	0.00357108535266701	-8.50724937929172E-4	0.00174423153672456	1.11965874586305E-7	-0.00147757561592625	0.0051210372952156	0.00162603095651689	-2.98216482502773E-4	0.00265518005748551	-0.0034484470438473	9.84224206412538E-4	-1.37841029873487E-4	-0.00405924301134483	-0.00466705615212347	0.00210834674054956	-0.00117725637909191	-5.17175051992135E-4	8.91879583699667E-4	-0.00136877463548944	0.00218134906496723	5.83061888867483E-4	0.00111633151827245	6.5182639242763E-4	2.15535517198862E-4	-9.68300756949212E-4	0.00309842364212561	0.00398643912003456	0.00133087866538428	5.9843008387768E-4	-3.86998442402006E-4	0.00113317185316045	-9.25124980531961E-4	-0.00226612259080958	-9.74598397905415E-4	-0.00121159742212157	0.00279374491720777	0.00241483769795661	5.76563469718205E-4	0.00155337493993253	0.00251643424173584	-4.82745010568936E-4	0.00573665180778953	0.0041765496762609	0.00225415325015992	-0.00168205446929147	7.52102784463413E-4	9.57330061778429E-4	-0.00208799101217811	6.32634661876488E-4	6.845248998496E-5	0.00199897783877383	0.00201210085522006	-0.0020909865684359	0.00266618932972346	0.0012195619960419	0.00131714562382025	0.0024177428604611	0.00156677721478525	9.69989988332602E-4	5.0745147942826E-4	1.6554012116242E-4	-3.2197240915125E-4	0.00122381365383878	3.14653504730504E-4	0.00133674932697144	0.00201974649572184	0.00237828267747183	8.73545859474636E-4	0.00219023899346103	0.00130747902514466	4.64229837060643E-5	3.15051517837361E-4	8.84024108534941E-5	9.92422611643604E-4	0.00147856936297995	0.00223821681929103	-0.00109770391997184	0.00159888093780376	0.00207355694348695	0.0013386920297483	0.00104553164754189	0.00141984022214329	3.59440787795764E-5	0.00141993707550655	0.00111626644269013	0.00138649861316629	5.47653419047639E-4	0.00135350624702164	0.00178295814869393	0.00141448820503044	0.00188580718588965	0.0021404423506822	0.00153270356186865	7.48977527681074E-4	0.00178899650067805	0.00161741062931332	0.00153096931163729	0.00265710638067378	0.00201208889042782	0.00211985461063697	0.00195740452511912	0.00194976350741445	0.00227804092196511	0.00231420934582872	0.00289052166352462	0.00208332092873799	0.00215364529924429	0.00277526086761915	0.00228534673738197	0.00272111691624928	0.00279875687228323	0.00265053124966187	0.00232098408720227	0.00278476010102942	0.0024688691109909	0.00275071349602928	0.00251222550216386	0.00273459269231174	0.00317019473686958	0.00353597328731386	0.00282673204014436	0.00264984376888641	0.00232554282788428	0.00316188029935534	0.00378468715477004	0.00378683394505219	0.00456080275307295	0.00335926158243887	0.00416199646112626	0.00388217021488377	0.00427485735743637	0.00471032070120826	0.00439645999564997	0.00454133288883026	0.00472554139721781	0.00529013370761437	0.00558712880033099	0.00480138334591688	0.0053762012323154	0.0053802364826099	0.0046301636040085	0.00614181585971925	0.00582310028940164	0.00564954138724109	0.0057616191234916	0.00506793437399039	0.0048280670997085	0.00595916336579321	0.00561317030011751	0.00602110249142725	0.00602823225232034	0.00531139576772249	0.00556065475367257	0.00504359128258845	0.00563795044182292	0.00572558894164615	0.00545245024296274	0.00525758996879991	0.00580097170404324	0.00619246257208518	0.00512897724392181	0.00629686098549534	0.00567478616868114	0	0	0	0	0	0	0	0	0	0	0.00636772356005997	0.00661781007228248	0.00598079048850184	0.00654162133874741	0.00772630977508108	0.00776764545732357	0.00810865072514874	0.00829471090050943	0.00816698708143124	0.00842143884924871	0.00769780622656613	0.00889642342920972	0.00898317970174736	0.00842008730022513	0.0100094062766342	0.00831008552725542	0.0104923118696113	0.00969602607711532	0.00961625162556234	0.0110480696137605	0.0112418990656263	0.0107426035805258	0.0111718908246629	0.0109703427047302	0.0119337318951315	0.0140549095245358	0.0130345424904622	0.0138092151147215	0.0138753185863808	0.0133048296166698	0.013412804455091	0.0115239772957892	0.0130866136389624	0.0140034641503195	0.0116532538622823	0.0147477465667676	0.0141097159268877	0.0137797220292985	0.0161346170232216	0.0132907606710772	0.0149837636257509	0.0156653154647669	0.0143402454937614	0.0160495056535244	0.0145833946838368	0.0143675078126179	0.0182727776424412	0.0173046117125702	0.0158405027862637	0.0144198261691058	0.0111651374764108	0.0194404181361057	0.00516229830710032	0.00695470559956758	0.0239596887033012	0.0367687362726888	0.0199391983108213	0.0276468093885123	0.0406756017666459	0.0394934007606624
722.547	0.00184237666559116	-0.00586340290773143	2.09295039757759E-4	-0.00267147893514901	0.00794629967865753	-0.0016062512941581	-3.07509506617525E-4	-1.49454801100388E-4	0.00445661742372013	0.00435556322140846	7.58026436188839E-4	0.00344247601419186	0.00787539887761068	0.00641787211803491	0.00517453282969994	0.00205935052111788	-0.00446602877731302	0.0046849054428407	0.0043820352423351	0.0031543031973178	0.00711430094745942	3.80685529306762E-4	0.00110711689211626	0.00389901221407361	0.00396492128248744	-5.49773054153768E-4	0.00196713324023401	0.00262259253160612	-6.50708561186504E-4	0.00393936102507512	-0.00155815241027486	0.00202204844858026	1.97052623784426E-4	0.00144050625051861	6.57493328976559E-4	0.00165617713568702	-5.39737030274718E-4	-6.15082197281951E-4	0.00206220290092709	-0.00194401769831757	0.00200719670929836	0.0017414835011336	0.00395164903186364	0.0021230612067013	0.00153642819220917	0.00343907794404431	-0.00141973535785033	0.00155229877930698	-1.53994338602138E-4	0.00351235136888649	0.002192934720202	3.56449022485628E-4	0.00152814160111296	2.02951604171942E-4	0.00125189437011993	3.86152163178123E-4	-6.91597292716475E-4	0.00278150437102849	7.2987219223556E-4	0.00209590109048783	0.0014725351502609	4.63673232377811E-4	0.00210646004734777	0.0020122096333463	0.00142962798879629	0.00140372282667121	5.84112484455504E-4	0.00255713266172016	6.66551705918496E-4	0.00301745287948246	0.00315448109147729	-1.44369845566441E-4	-8.52776375241249E-4	0.00176605520841513	0.00255333115636697	0.00241363395094081	1.75388307902287E-4	0.00120072797078293	8.5486778715527E-5	3.30694677314479E-4	4.05765194498952E-5	0.00182670598147387	8.53871515096273E-4	7.96162862131689E-4	0.00240149041211087	0.00133396200556324	0.00196826623641683	0.00168096846122386	0.00170882677043448	0.00264740984458455	0.00140581206732372	0.001778600149986	0.00210769073004577	0.00251238307762415	0.00155580783724766	0.00190125697832247	0.00301283679768406	6.60826614861214E-4	0.00266427969150554	0.00260755349396699	0.00159316844458159	0.00199303024012704	0.00198981276011728	0.00213969192549665	0.00187255089112314	0.00142178624267323	0.00236978504899361	0.00185767666418481	0.00215137604488705	0.00220347437159189	0.00167024669608069	0.00216617932137288	0.00274632812101971	0.0022670555658118	0.00257448021817772	0.00223756550440323	0.00213992873032259	0.00216145054784017	0.00242432935753712	0.00318886952427319	0.00302355636744139	0.00201302951415716	0.00253027317329168	0.0027972230286554	0.00373010347796363	0.00268175657106451	0.00316497369217979	0.00402811664152056	0.00374858559770714	0.00314144295490641	0.00282996657282793	0.00305998036953747	0.00319751896950058	0.00447178171021038	0.00347738808758991	0.00407651293876847	0.00480241532573467	0.00412341064252769	0.00397754443062261	0.00476398822070338	0.00500368996590727	0.00531990905691795	0.00503148955440509	0.00376511489214949	0.00557745273867409	0.00474959078769425	0.00623344146581543	0.00518353300385636	0.00525071981604125	0.00484804727658544	0.00582012532186409	0.00534982710984921	0.00539660135178489	0.00540660301008301	0.0049256291982298	0.00557103905460017	0.00596036705612457	0.00472952011586514	0.00516070839292445	0.0053286469023381	0.00459048299739328	0.00604548682948929	0.00577112033546159	0.00594037592449593	0.00541853076456907	0	0	0	0	0	0	0	0	0	0	0.00644193978852375	0.00734289916299726	0.00616321819310025	0.0074371674704048	0.00704793735427915	0.00639378525923872	0.00734622121599525	0.00725257827511195	0.00719961444848359	0.00819018529233719	0.00857383433539347	0.00823726504113903	0.00900321342160827	0.00956434787529573	0.00846109808753141	0.00802275428576119	0.0106464635155966	0.00888553245001368	0.0101827068634204	0.0091603847596371	0.0121186114277771	0.0107490981597744	0.0102608170596489	0.0121053658935538	0.0115282532609926	0.0127407339342131	0.0120864892502916	0.0133885394633643	0.0119613001099637	0.0125434280299892	0.013144843884097	0.0132350572394611	0.0138051877407889	0.013814837892423	0.0121846924142759	0.0146373024312894	0.0149060462275015	0.0177495126878611	0.0145570252815214	0.01207515048956	0.014046314366369	0.0144571595877806	0.0174041093537987	0.0178420657905072	0.011363661937552	0.0141485600336943	0.0170706245834021	0.0178965462106865	0.0159711760228561	0.0232220112727718	0.0204934704530457	0.0113325964927666	0.0157862708915484	0.0154618340202366	0.0147089598825135	0.0279815966139948	0.0297024424937077	0.0440049671881359	0.0213069613622608	0.00938201985729463	0.0432047923058184
727.298	-0.00466835670990454	-0.00686171664835317	-0.0096247172970092	0.00232069501720547	-0.00385454094925869	-1.62172122561588E-4	-0.00249658059812217	-0.00608025315218084	0.00180859641714841	-0.00167282695491985	0.00338136215869331	-0.00242804778109279	4.44098085931369E-4	0.00130313651112094	-0.00113288645129622	0.00153421741848611	0.00123770100896443	0.00271542474856408	-0.0061966445543255	-0.00119962885411841	0.00262450763462136	-0.00513968217855014	-0.00174731970533795	-0.00203680831282068	-0.00379177559602706	-0.00401965009616351	0.00343900146102599	-0.00476582493372163	-0.00451029926989813	-0.00183637431160532	-0.00305603595794391	3.60311698743565E-7	-0.00249244979450084	8.76304268740973E-4	-0.00228496916559169	6.5336612292014E-4	3.64937947643085E-4	-8.91143349530475E-4	-9.58527070956777E-4	-0.00162904930870823	-0.0016959289096385	-1.67944227831321E-4	-0.00150236721011089	-0.00198771458563452	-0.0013933517196285	-0.00300152643429103	0.00216107118728651	0.0020471828467467	0.00139251242158201	-7.54239362996464E-5	-8.14739033682455E-4	-5.05551127013438E-4	-2.11380235784715E-4	2.06255317994288E-4	-0.00207161184248802	9.13591242456396E-4	-2.5276750554582E-4	-0.00231587260323433	6.29549747923831E-5	-7.24562245313234E-4	-0.0016699078244839	1.17792794130519E-4	8.10516994012472E-4	-6.23645488901437E-4	-0.0013915422823939	-0.0016967135681932	0.00215404725912526	0.0017469689106009	0.0014051118514347	-4.59075510329799E-4	-9.91768046059065E-5	3.83209524731861E-7	7.21913465394397E-4	-9.3072196298907E-5	0.00245022966505768	-4.53720330791714E-5	-5.76979996163417E-4	9.50615484702871E-7	3.42345204349222E-4	0.00100590518502226	4.54811573871427E-4	-4.01678596748596E-4	3.94626710208694E-4	3.84648297865391E-4	3.80933760289858E-5	-5.11204729415412E-4	0.00121296043803234	-6.8683398553039E-5	0.00139375819302857	-3.6454469201274E-4	5.51563472711911E-4	0.00139273507260739	0.00192130580327543	6.06968367994162E-4	0.001102079727495	2.34104084359984E-4	0.00145668388797483	0.00136750156827819	0.00141973193871309	5.61491315152914E-4	0.0013815707958512	7.99124468414268E-4	0.0017133234222959	7.53460900473635E-4	0.00112225789373994	0.00223811934952473	0.00143394093157525	0.00144754542094644	0.00114632134384852	0.00113548451271449	0.00232904528796083	0.0011592000752044	8.25281505782308E-4	0.00123679863232128	0.00159269219266879	0.00241381917618048	0.00212425069257808	0.00189233631473488	0.00204770118942856	0.00213036708813438	0.00163095827965464	0.00205896797097733	0.00235803730030467	0.00137361263731156	0.00203704968015954	0.00349668453313099	0.00211977305231352	0.00180680152213018	0.00326966403125555	0.00172573198766319	0.00371762435863774	0.00280290067794384	0.00210159521969124	0.0021785204686971	0.00308651971183917	0.00391766265562439	0.00354512936653562	0.00323783354833142	0.00378822871369944	0.00400438699825682	0.00339994743900807	0.00361359464269325	0.00355691538343693	0.00449295124075289	0.00435325072306697	0.00416390167277074	0.0035227528250226	0.00399101685140597	0.00470743438012997	0.00364942662878222	0.00425403712424967	0.00421488206496805	0.00430030730194941	0.00363997560263254	0.004698688656002	0.0046651818996964	0.00472980532210287	0.00410211219774157	0.00396201574965607	0.00452379758882282	0.00412896634445544	0.00380795945591606	0.00392553378785	0.00435537391914612	0	0	0	0	0	0	0	0	0	0	0.00552607996716606	0.00467386409204512	0.00432643890044105	0.00638682775951862	0.00574910913220002	0.00611493710063771	0.00674250655989225	0.00683509630839713	0.00726059728816002	0.00668483338585266	0.00719020643935825	0.00697418160764864	0.00779186612705036	0.00855379518195118	0.0071005029499423	0.00872769430273501	0.00760345214710424	0.00910088355116485	0.00901336721459284	0.00966968589307036	0.00839529466198654	0.00881955996718326	0.00966292757515365	0.0105802093970935	0.00970413003084183	0.0109320677533487	0.00827928039966562	0.0102822332897041	0.0105281186832865	0.0103828506152056	0.0106405737705565	0.0108225195231246	0.011260159305613	0.0103380532550246	0.0099721109480448	0.0110431787796624	0.0105444683650872	0.0138982268241601	0.0113219874361078	0.0123063955451295	0.0120194390233484	0.0124775279475969	0.0115279678955022	0.0137095621832413	0.0147657678260374	0.0110170211186352	0.013138482415712	0.0145567137184366	0.00874791274074297	0.0139903894715937	0.0148306483367996	0.00483040530704366	0.0167216138318074	1.48256230575506E-8	0.0127596029529265	0.0140225027221065	0.0131745450996611	0.00308491365881006	0.00936497954354261	0.0237202339913116	0.0164842583256464	0.0297193737303277
732.051	9.61406914549023E-4	0.00464136353579205	-0.00173241853928929	-0.00883558999304755	-0.00337643518900192	-0.00297694478463674	-7.90880304200094E-4	-6.09269288604937E-4	-0.00183198950627774	0.00155211839628514	0.00436579024425661	0.00154062177793888	0.00105104055474281	0.00469699026893883	-7.13923710098445E-4	0.00466955341093618	0.00292581504054178	-0.0017939753619748	-4.1121262409133E-4	0.00365190355395855	-0.00811673497798476	0.0031307284764889	-0.00253145148713818	9.77731972131668E-4	0.00174841474279569	0.00272224328658693	-2.22879398237475E-4	9.01406902747508E-4	-1.10062540892297E-4	0.00120743550786025	-0.00160320439606985	-0.00145513753414913	5.07797446895292E-4	-8.86328126999427E-4	-1.92403992132929E-4	0.00388114809000703	0.00425625229970992	-4.52312534627451E-4	0.00106233603274977	0.00304355462499277	0.00189381341412714	-0.00119266946122537	8.64641202077947E-5	-8.38939894135804E-4	9.16724102566918E-4	0.00107061039525	9.21730669468272E-7	7.9845774483945E-4	3.93076882365726E-4	9.99933969837908E-4	-3.75348976193715E-4	-0.00161289859672967	3.33383436073534E-7	0.00243588323766361	1.36013406952776E-4	0.00377145519133227	2.61325106221164E-4	0.00171891025481358	-8.73048209493098E-4	0.0021569747602521	0.00199978390203028	0.0019060321856633	0.00269375985228801	9.77726499855038E-4	4.53395678357687E-4	7.22901377268501E-4	4.3760994339397E-4	0.00171811340516289	5.28512872003351E-4	8.279352399821E-4	-4.54547014583359E-4	-4.46614842231319E-4	0.00234098582693321	0.00224783522291031	7.51792129355581E-4	0.00151810890815517	9.01441257721481E-4	-3.06800609610893E-4	0.00116952936796716	0.00136099711222943	0.00213057281417752	0.00277913615109409	9.59685918796979E-4	0.00214480532673266	0.00201548076076268	3.75944770946178E-5	0.00148378796462966	0.00112987892026026	0.00100083821512854	0.00181617798674783	0.00138077192544599	0.00109157204286834	0.00182281592254068	0.00160042520834643	0.00169201905133099	0.00174903480198796	0.001013867194875	5.94735860103456E-4	0.00180004635785953	0.00165334199308674	0.00200939076971528	0.00149387569504877	0.00138058686746996	0.00141566858299927	0.00172993328396983	0.00187810828177942	0.00201035371067177	0.00166916262468724	0.00120029539831372	0.00143954117593619	9.67407150313137E-4	0.00196535115287556	0.00159284195796694	0.0017267222353399	0.00186706930680053	0.00181486271052416	0.00182473693851965	0.00199275353114023	0.00210327561124371	0.00253877147162045	0.0022860576047281	0.00212107896650559	0.00200588667430058	0.00256229306672841	0.00319506884207941	0.00242894024121367	0.00300707013720666	0.0024829999252885	0.00292373815132294	0.00291638817644383	0.00350798209217428	0.00274876460267941	0.00317395121570875	0.00318888264588348	0.00290708874684418	0.00302538849800087	0.00377226477807324	0.00393141306482301	0.00300081260710626	0.00329173145050624	0.0036942234768061	0.00375886106905631	0.00282267360447283	0.00407655803556931	0.00415507817890945	0.00292233170393295	0.00457395867121396	0.00336408775434236	0.0048021022799571	0.00442514028683532	0.00381797880475592	0.00401952446426414	0.0045893427608213	0.00424800054016309	0.00335385967297984	0.0032051349048913	0.00519259186981276	0.00413621911926488	0.00452031426868639	0.0034351646298755	0.0039784319139656	0.00566523810929338	0	0	0	0	0	0	0	0	0	0	0.00386484109022471	0.00536274196093851	0.00480061661058114	0.00471787513947723	0.00585812018476793	0.00558807556938014	0.00606131080305407	0.00557233999804181	0.0056557715399405	0.00688407296703391	0.00557243721011786	0.00703094323478371	0.00677813908789205	0.0071794585059832	0.00776665673938223	0.00716454824646318	0.00895106271847981	0.00796922858357287	0.00768121466275348	0.00790754686943805	0.0082647987465158	0.00869224064794095	0.00900214277237794	0.0101413514320388	0.00952820910643998	0.00874487989306568	0.00905514653877908	0.0114920874654867	0.0101826373864307	0.0118052781034721	0.00986271682263611	0.0108692382073914	0.0120241416347544	0.0109299955490384	0.0107857625276464	0.0130154451509942	0.0138856180041701	0.0130003927357704	0.010878590907744	0.0141614931237494	0.0112760468218003	0.016811970403844	0.0105594076669614	0.0168186499874013	0.015905442184052	0.0170854286141051	0.0124640079589039	0.0133463827821167	0.0122056111881937	0.0176874767389186	0.017741518468399	0.0158344662467216	0.0106977138139995	0.017698437188942	0.0118726237950637	0.0171965413775228	0.0250737390289269	0.019671744434422	0.024333632503004	0.0262478679687258	0.016281616189761	0.0160359652045427	0.0121944574512917	0.0157780305089554
736.804	-0.00575586392355255	-0.00446008828908514	-0.00131757939399659	-0.00754518785919661	-0.00287655510086859	-0.00686050318129886	-0.00640444626975801	-0.00390310838399704	-0.00463751630370618	-0.00234576266917569	-0.00488723936445538	-0.00233748157272514	-0.00591989759937285	-0.00341324465999548	-0.00407718883766816	-5.72715494080871E-4	-4.22064860369536E-4	4.16319537264841E-4	-0.00304056123719566	-9.59096481472546E-4	-8.07979175696879E-4	-0.00579976507657635	0.00140827106379021	-0.00479739903118035	-8.25319137510772E-4	-0.00252163710514754	7.95266926424249E-4	-0.00568604216478281	-0.00338604273820197	-4.43358568642212E-4	-0.00367641297226047	-0.00642028315030123	-0.00337552039307163	9.98265666920751E-4	0.00273622786910832	-0.0026813384117315	-0.00131010627181007	-0.00228597098007234	-0.00125324653528854	-0.00413459598502311	-1.74542419162583E-4	0.00172802943989204	5.14548977175959E-4	-1.69101907347147E-4	0.00117909320730446	0.00158146485704765	-0.00197081891507956	-0.00226187212074265	-0.00214199303352898	-0.00101136788663641	0.00220557156724705	-0.00200439239923974	2.94024838905018E-7	-9.145675856656E-4	-0.0016454212599311	-8.68969261629819E-4	-3.26214588461308E-4	-8.33226172051402E-4	-9.47223395710359E-4	0.00199348616908784	-5.50953585834738E-4	4.21525782841167E-4	-0.00171582806605451	0.00215211384072637	0.00148689708982476	-0.00174123274023213	-3.86208617737461E-4	0.00233554852899097	-0.00127969290162357	0.00109915311120371	0.00128320558391657	-0.00120582391045656	-8.38390374970254E-4	-0.00149824818433107	6.64106706678989E-4	-3.72444209450833E-4	6.37896778567917E-4	0.00133987748024938	-8.71382357392904E-5	6.88402111455856E-4	3.81031924937227E-4	4.53330304017465E-4	1.62104586679968E-4	9.06891530556488E-4	0.00111546778847665	4.1249102336818E-4	-1.09667778053453E-4	-5.3529481003696E-4	-6.97020838744818E-4	7.484105758423E-4	5.31759409397407E-4	-6.4908095712586E-5	1.59247417675936E-4	5.6039416814784E-4	-7.33090885703841E-4	0.00158919299219416	8.79122870438826E-5	0.00128839743048222	3.64326787072678E-4	0.00126098404795803	0.00211271640553106	6.91829100644348E-4	1.20334052056859E-4	3.63977890699024E-4	7.30945523638046E-4	3.53884849665827E-4	0.001016882603357	9.15931808592934E-4	0.00132807960747659	7.28154435275716E-4	0.00114068280169171	0.00129592678255524	0.00104697829704419	0.00123923709621013	0.00213032394810457	0.0011582871062896	0.00146486182417466	0.00179247786805066	0.00161176342789184	0.0017317493651185	0.00190057250610862	0.00125450540453827	0.00190287387669248	0.00163497332904801	0.00163622425647718	0.00144914903851662	0.00137457062043163	9.76600303165833E-4	0.00129262536050369	0.00238480643552666	0.00166605267032367	0.00228164790000304	0.00131259954800932	0.00214299658881047	0.00305353722837631	0.00216662571639974	0.00209825529407871	0.00194306648890046	0.00278288299701648	0.00266783593883513	0.00303505840464944	0.00339882341967447	0.00359870685702253	0.0030730781269705	0.00373050502361059	0.00217678037560379	0.00331298370115089	0.00260069647582419	0.00394598045404007	0.00322886744823816	0.00201069187979038	0.0034699992224733	0.00371897872797209	0.00266049211784673	0.00272959602280287	0.00276056177495388	0.00250191454393433	0.00376564860770966	0.00239555383950865	0.00364177674664904	0.00233018317254864	0	0	0	0	0	0	0	0	0	0	0.00384264091065725	-0.0115977437012481	0.00443462012327758	0.00415641675555433	0.00481826634534003	0.00430171772581109	0.00399167644994622	0.00536243048472854	0.00476449673580627	0.00596042297576995	0.00504066505748844	0.00459434294404157	0.00563950875964036	0.00651792641574948	0.00699478600183424	0.00730569918550844	0.00693617278194553	0.00824204947855292	0.00749666474625656	0.00831889571177566	0.00718965246149067	0.00687237577348052	0.00811781316726412	0.00769328825813902	0.00830782605081131	0.0080208641468589	0.0070138489638382	0.00861693231586999	0.00987441375103691	0.00649595746042904	0.00704665141073985	0.00812199368479928	0.0094546997798362	0.0106932270487458	0.00796494262107793	0.0106644638179605	0.00956157730068234	0.0103966131014776	0.0110952019451203	0.0102596738347305	0.00845219443493537	0.0135051450502501	0.0079475654287009	0.00785459940543423	0.00611173562926135	0.0105244117202094	0.0100224450418387	0.0148560119027514	0.0127688528168084	0.00249429685999363	0.0144371249931953	0.012101764061615	0.00861535742857611	0.00524507164136795	0.0108541840745447	0.00235989079628802	0.0166718312700288	0.00245308651491665	0.0125531034463964	0.00727556336743969	0.0186288119224226	0.0265608854590765	0.00702911437680155	0.0123504851339327	-0.0137074804077941
741.559	0.00340169054158313	0.00692053443912179	0.00334807012903989	0.00181435047835247	0.001463078255536	0.00833637322149989	0.0102548168799029	0.00999647580902235	0.00330110075087333	0.00159396550482288	-0.00256232414413981	0.00443635429086799	0.0061732813955491	0.0036217730757936	8.90033980554237E-4	0.00203632521945787	7.17506156810039E-4	0.00552419213000246	0.00365388291669584	0.00611900189894505	6.84252967345825E-4	0.00763788988945106	0.00572675841696287	-0.00249915234634112	8.39469349554851E-4	-4.64926335051876E-4	0.00624875488571338	0.00242795459477955	0.00286906477830721	-0.0227509686206515	0.00154026722378132	0.00588542222069644	-1.0488598374475E-4	0.00182821377869995	0.00715234111208493	-0.00292060715504694	0.00190299781128274	0.00213780616834144	0.0039999604824892	0.00196754527216657	0.00150566147025957	0.00245951365684306	0.00226552305412279	0.00302417701401031	0.00162652112716295	0.00287748872085753	8.36012410885915E-4	0.00344935037133961	0.00112914400139622	0.00379596644796902	7.74195904457484E-4	0.00332147559089175	0.00147029039412546	0.00114557994660895	0.00369518661126813	0.00394712266370031	0.00406331803815502	0.00170056589155995	0.00276476319187594	0.00208997744183195	0.00379890070264443	0.00392020288478263	0.00132478877287893	0.00224711449727213	0.00197710111606141	0.00194231178612778	0.00101142180546786	0.00287137664466727	0.00238686845397424	0.004203881767045	0.00302537608582115	0.00219854867248495	0.00110400907299895	0.00162224021204	0.0014466650677103	0.00316871309944617	0.00319596629552072	0.00308726010276374	3.55668358272849E-4	5.69487219401013E-4	0.00154563109835413	0.00340041181815827	0.00250567334821628	0.00312672727215421	0.00250281871410414	8.01211552337566E-4	0.00223204931046521	0.00333938752877879	0.0025172634901723	0.00127967996456736	0.00229874193433944	0.00168387319357016	0.00184233952277808	0.00208879885519578	0.00158423067513142	0.00323084069931058	0.00208552306449837	0.0018047640888481	0.00279031726377241	9.47649600137668E-4	0.00111494793303142	0.00127592051577351	0.00208097019880538	0.0012247393695407	0.00193619767185267	0.00219999044626563	0.00142973438221837	0.00179992687516149	0.00221818885867043	0.00218354250199935	0.00202406680210932	0.00221992785844615	0.00185845667180715	0.0018215753524452	0.00174342511370959	0.00202910590703209	0.00198593273214156	0.00147077389631087	0.00239033500370746	0.00214944545015692	0.00208689549965623	0.00243144217467177	0.00236881220326382	0.00160437055261117	0.00198443460443983	0.00204900163362544	0.0031166094811264	0.00223149889757973	0.00308219622709392	0.00394872359244993	0.00326419584845635	0.0034794044120774	0.00259699838865521	0.0030684940193014	0.00340314309129544	0.00288292559378577	0.00383338893155053	0.00330702910451432	0.00432558731422847	0.0028564294818415	0.00308499825018336	0.00301954937212544	0.00439037951894983	0.00471135648084091	0.00344550100557738	0.00319559327337359	0.00467565232463702	0.00368460269767097	0.00370387345451289	0.00314429723813822	0.00467913043034716	0.00413289025227882	0.00487504289446297	0.00442003269090466	0.00422632114301176	0.00478776486593536	0.00368738153208326	0.00407849467328278	0.00413232718473547	0.00413793292259216	0	0	0	0	0	0	0	0	0	0	0.00542655876794873	0.00468339638017605	0.00447754801682455	0.00549236902612982	0.00521321160540192	0.00471359738121273	0.00553638868928931	0.00574721423568949	0.00592568334223522	0.00743347191718301	0.00790852339513747	0.00566911212553288	0.007699454210472	0.00743718688990286	0.00596429891334609	0.00801062780854948	0.0078474542061654	0.00880675241127586	0.00772981666925896	0.00656279288871527	0.00799261782483274	0.00857489983794317	0.00898329129662692	0.00808861442457207	0.00909163721955295	0.00902710372334308	0.00797964071932561	0.00996113758778819	0.0104166491635821	0.0107962610263324	0.0107457136899063	0.0108461139928648	0.0110233633233769	0.0103078625052483	0.0112778330735254	0.0104314411312921	0.0104904906792896	0.0111018136300421	0.0114125036050223	0.0113988640214416	0.0130853098399336	0.011208166899676	0.0146548211790547	0.0117789789044927	0.0118983705592609	0.016625949586446	0.0173311442841867	0.0115893656344409	0.0164946401778729	0.0140453153151646	0.0115161912128186	0.0186879730561128	0.0135470514328141	0.0161297601828552	0.0173545460802849	0.0116218921545985	0.021366486894634	0.0250552851461699	0.0219062116693081	0.0233475667720446	0.0158602765682855	0.0350561273487774	0.02745587075444	0.0214456605924637	0.0330853505683122	0.0653053586516338
746.315	0.0121690126996463	0.00340812796639718	-0.00318695701400574	0.00906134928602667	0.0100675444019611	6.94585722136868E-4	0.00332106549106801	0.00291581950820808	0.00288365860975831	0.0121582114245871	0.0098078932149158	0.00743135664665613	0.00661075646229399	0.00461739893731983	0.00120652305730336	0.00800264526508535	0.00569528979987564	0.00895868744265533	0.00802524308679547	0.00524743722133753	0.0121457028090091	0.00492209396906909	0.00292092317433953	0.00497517112411086	2.1479593970867E-7	0.00606026818623096	0.00342153893119142	0.00707472958386597	0.00292690708271633	0.00160873216221113	0.00527206993213351	0.00534924646804328	0.0043500748654923	-6.20338993877184E-4	0.0060792489760756	0.00566000249643147	0.00329997719755147	0.00132724041310713	0.00120553692376392	0.00383119177161806	0.00487270301758404	0.002686983022286	0.00764191572083412	0.005286155495508	0.00305538948991588	0.00431568073330899	0.00221466663834832	0.00502615712020827	0.00411380539087146	0.00290392063398117	0.00504875217102109	0.00215721723273719	0.00337355642193529	5.11292932078082E-4	0.00192001121813217	0.00305411011761138	0.00373635242810387	2.68729282130129E-4	8.52238863624597E-4	0.0022602553589854	0.00400038733385388	0.00349852020396805	9.82294600966186E-4	0.00289502465635483	0.00166059653368563	9.32477716894003E-4	4.00674194216133E-4	-0.00118271849091152	0.00177080010318711	0.00206263841668989	0.00111784298248509	0.00135566557430972	0.00419441263609313	0.00285793554717786	0.00162343460442086	0.001929518202562	0.00245709833919892	0.0018989064857864	0.00331508935713235	0.00254033293643433	6.139165723956E-4	0.00308308186998603	0.00234600549482397	0.00302491655108832	0.00295107043339293	0.00256691472792782	0.0011003439229455	0.00392428055356464	0.00357952673657181	0.00105838802634314	0.00193041887372259	0.00306438863277662	0.00237331012909199	0.00206590915218261	0.00174268732579435	0.00177216361246127	0.00103319029830756	0.00169258441336508	0.00243918162186032	0.0017625049837203	0.00149731690370758	0.00122127634802017	0.00172296551887941	0.00209692261305207	0.00158433329668962	0.00190048282985992	0.00260240495295901	0.00217430472610342	0.00240061548759758	0.00222714414545527	0.00249579882102608	0.00165673287382535	0.00241296223123613	0.00210581163509909	0.00207016432690443	0.00120105659152985	0.002495057721066	0.00180724966335575	0.00210932663390541	0.00213341858720633	0.00198655004794766	0.00157395702600008	0.0023236149933873	0.00218064014337478	0.00192074444834674	0.00300230936790288	0.00237105363867627	0.00295714305783925	0.00288590391697887	0.00209026656669222	0.00305373262168231	0.00189764700593276	0.00264877185484628	0.00317757805100939	0.00328350935459118	0.00273273042499072	0.00279970865410122	0.00292757000758576	0.00367268725401518	0.00306008150324345	0.00302881919242377	0.0035478977469454	0.00326822262295617	0.00435431944776573	0.00479331427056009	0.00448432816254048	0.00482564201822131	0.00444654379118087	0.00297678167931417	0.00326316969775515	0.00425108645504879	0.00362483799564063	0.00297971483200296	0.0042432390446825	0.00483936654004832	0.00501428603268252	0.00399421882619505	0.00393031074368261	0.00421482070322138	0	0	0	0	0	0	0	0	0	0	0.00442820088892931	0.00460045972132113	0.00368147487769827	0.00435725082159504	0.00422490175022572	0.00548128589184861	0.00617459598519313	0.00597905400652212	0.00512017926440427	0.00621318251735411	0.00665244345626095	0.00600680685565593	0.00527735435904676	0.00726094547577937	0.00703291272955205	0.00775898289446664	0.00819799647421305	0.00800389284180978	0.00810172436969241	0.00851573633923211	0.00879112632510605	0.00774124061444069	0.00829417383270595	0.00886715160283101	0.00921941151970822	0.00889825630266028	0.0091730353380177	0.00949494315330633	0.0100868350629348	0.00859712451731358	0.00962087013889074	0.0101630420061243	0.00908097690169789	0.0103026780201502	0.0107790826515701	0.0132584697035387	0.011174052681237	0.010751058985839	0.0116481031876406	0.0138192413056091	0.0112608096911531	0.011541603814331	0.00978907305478908	0.0116826052731779	0.0127839619866542	0.0120547471754504	0.0135320705310368	0.0132590206884635	0.0136348780722285	0.0151009162838868	0.0214881958394881	0.0165567807346403	0.018167348601536	0.0109990147412863	0.0164501524379738	0.0208577357001273	0.0286240908051589	0.0184575130868261	0.0222982864286372	0.0231921734793927	0.0231775921348834	0.023372255481108	0.0353488396244939	0.0332277078649136	0.0516058477007438	0.00739776745882293	0.0575012532840952
751.073	0.00807063952682412	0.00420136251429851	0.0143240047106158	0.00522455799148273	0.00246078214672859	0.00810197710565775	0.00337081977550117	-4.94161321258805E-4	0.0117159231682755	0.00494013116019539	0.00846694973622958	0.0103337517829081	0.00543375696453309	0.00968780903289227	0.00245151155670977	0.00210479470516686	0.00622679066363343	0.00513001593111547	0.00116444514546904	4.33066973559956E-4	0.00226771649047274	0.00485875704100038	0.001482253044392	0.0044026042153584	0.00781915213679227	0.00470599594501277	0.00754681815595898	0.00131821869551489	0.00356517634868825	0.00828227433996434	0.00341602205399475	0.00786549647925168	0.00140250987226566	0.00410032268539388	0.00617072963462127	0.00544303064038435	0.00669958229292217	0.00346452402792854	0.00320163119376799	0.00453715881757262	0.00394141912002144	0.00572929893557974	0.00117232239928918	0.00366865085364869	0.00230414733178444	0.00543267377739193	0.00371677570781341	-3.39515984273576E-4	0.00334057623476455	0.00278463307828619	0.00216311131992643	4.7224865941786E-4	0.00167442151017266	0.00340871272767799	0.001949290190876	-6.85498505307304E-5	0.0035886567152972	0.00311314445062468	0.00352727496978484	0.00340847701405669	0.00187047600496076	0.00431240624868294	0.00523676747308716	-0.00116306063695495	0.0018054706016915	-5.88669820646124E-5	0.00226743173245293	0.0028585241198954	0.00297674929950176	5.51001579578411E-4	0.00167399521225565	0.00164125636138117	9.34694330935702E-4	0.00162934194606237	0.00169693663092008	0.00367273562973091	0.00311770885976917	0.00343006394858934	0.00225941717462612	0.00235310496924397	0.0024000372713764	0.00260996677279209	0.00276445432243207	0.00269811860724486	0.00186230868573601	0.00110597363714769	0.00154053842862264	0.00360751983221984	0.00253176557948861	0.00247053907478328	0.00311433001951146	0.00222188516496639	0.00133875335984252	0.00366981095866449	0.00122235907730118	0.00160948022405112	0.00166569979798471	0.00238130533711332	0.00156249120862798	0.0017025072435518	0.00118284979595981	0.00269566078614333	0.00187564145707482	0.00277472547696694	0.00235411190856713	0.00248683278153108	0.00209511667821448	0.00160687953784371	0.00193730387562547	0.0028161923567823	0.00160053673865401	0.00162567866031161	0.00236168102311476	0.00196483541745743	0.00186123979683755	0.0017896648839898	0.00161712115953838	0.00230238719853956	0.00230712301389442	0.00192701790067861	0.00113693075252531	0.00199658309941941	0.00269591627227514	0.00215456968236149	0.00290339902485126	0.00181169808461014	0.0021440658141262	0.00266837172745185	0.00214510467031101	0.00258762308982828	0.00332849116742074	0.00312707089090281	0.00296006868636874	0.00237680788460379	0.00321399524457547	0.00317294240526172	0.00251320756173612	0.00306738202855963	0.00413967808176668	0.00337958121923298	0.00402721005859106	0.00360064242339053	0.00329235699752384	0.00398924761652558	0.00456220510450495	0.00336537016834306	0.00345780043141209	0.00489214546884982	0.00479189464267562	0.00319824064329012	0.00364769533454156	0.00302608069460958	0.00280799172173439	0.00344596511827875	0.00263127524880098	0.00335856504767013	0.00452870413355901	0.0042744993869166	0	0	0	0	0	0	0	0	0	0	0.00445767659406895	0.00401909295224286	0.00424320265223218	0.00402113722999136	0.0040445904615287	0.00651553539989765	0.00489803895363325	0.00531082396328502	0.00532264148452979	0.00544034804594133	0.00620877446801585	0.00605766444057301	0.00702909155678799	0.00686895129783086	0.00710979077475541	0.00692560334720689	0.00694354101072248	0.00716528831773753	0.00751514996390004	0.00855174369165643	0.00809447290104716	0.00770262688964535	0.00843535298529712	0.00887776724143505	0.00943443415599571	0.0089511145494916	0.00944795642159744	0.00856800000558726	0.00797162756001887	0.00860674787156837	0.00933672305731389	0.00949130564107443	0.00898141341994069	0.00863198542675472	0.0108919532126943	0.0107167857293174	0.00970780201402129	0.00976453904366081	0.0118486895173731	0.0124286821640329	0.0141445407546056	0.0141487514109523	0.0104717994948636	0.0124378068791772	0.015540483298412	0.0118043120072422	0.0137245236621471	0.0144318256139616	0.0120847124857294	0.0137418716625284	0.0125510208818721	0.0136604190959466	0.0196691722893654	0.0148071980267162	0.0171742252197412	0.0132024607603846	0.017260157880466	0.0160374558714418	0.0252821176111738	0.0172939179527888	0.0183737844924332	0.0319095722142335	0.00656719689574667	0.021691506640687	0.0236045300955984	0.0466871208638333	0.0294794464778572	0.0676061855424292
755.831	-0.00413271214207432	-0.0126762224122108	-0.00568953787323657	-0.0120150204170356	-0.00893472248788727	-0.00397107622145502	-0.0103770856267853	-0.00488860443398591	-1.64634189638217E-4	0.00456102772321275	0.00323820165445601	-0.00235419655507919	-0.00786944093321022	0.00224557263933856	-0.00109918690375466	-0.00601678658339756	-9.11735984240141E-4	-0.00165676433119551	-0.00507764693258573	-0.00354448957827007	-0.00232604542592334	-0.00583609712340637	-0.00276670395237115	5.35148559627406E-4	-0.00254737247577819	-0.00160857742279739	-0.00368692815128638	-1.22122498067354E-4	-0.00707145370887463	-0.00287140379849226	-0.00362228433233924	0.00273065358917603	-0.00198725129925915	-0.00506820408952707	-0.00390511145586828	2.06948123043097E-4	-0.00374062177633444	-7.90389818828692E-4	-4.8174209829488E-4	4.75176443935629E-4	-0.00150328041927245	3.730600641931E-4	-0.00471931544136215	-0.00229481086475842	0.00163693280548679	5.40021807571445E-4	-0.0046124225302521	-0.00383931511561741	-0.00393856329067097	0.00100912716158845	-0.00451854505818598	-0.00112062304145691	-0.00132742819205049	-8.35546515178295E-4	-0.00222211122030761	-0.00375771898322277	0.00183926778459992	-2.05838362317022E-4	-6.74311383932049E-5	-0.00181307076720697	-3.96321396425452E-4	-0.00110599910492719	-5.10099888930301E-4	-0.00245021267603665	-0.00129611941072784	0.00194286010187737	-0.00143049662825061	-0.00193629431023298	-0.0025923711796843	-0.00124393463154182	4.43384671750623E-4	-5.97341536491787E-4	0.00138579565006933	-1.0385013503824E-4	-0.00128006587544945	-7.53441037430525E-4	-4.91388584724482E-4	5.11882688347683E-5	-0.00222237715965335	-9.73764181873305E-4	-1.34966603185111E-4	-0.00142598188995949	-8.71810713599749E-4	-4.68389377700806E-4	-0.00224211847526679	4.09576560170581E-5	-0.00110530518672736	-3.46181540253236E-4	-1.12164367700753E-4	0.00117587195861206	3.96002756253311E-4	2.45658013383962E-4	-2.74348963264726E-4	4.03715330705396E-4	0.00221183801772928	-5.17350882796665E-4	-3.48288685822445E-4	-6.14399851984243E-5	3.07252829984878E-5	-3.54861096072817E-4	0.00135812038331348	2.81500705751484E-5	2.86086747742356E-4	0.00149766203496888	5.02545122932155E-4	4.7769148609019E-4	4.67473134670278E-4	9.88826670969711E-4	7.17087297662489E-4	0.00131739709501287	2.35396108035003E-4	5.17738397289677E-4	0.00116653768411243	0.00116110836353173	4.33644301924994E-4	9.18638909204828E-4	0.00104202250265616	0.00140272052190117	0.00132792415520042	0.00159470390989899	0.00103576961551148	9.09938800065613E-4	6.93515353471848E-4	8.12448613702194E-4	0.00176825364239422	0.00156613469677513	9.90647215447749E-4	0.00158107033631721	6.44849918007178E-4	0.00143414897188167	8.87116241137328E-4	0.00136078463905299	0.00103814777222793	0.00214066769627305	0.00102679628689987	0.00115839952122205	0.00168796207427588	0.00173301060754097	0.00233537913092501	0.00206622392107046	0.00112676875713416	0.00154151862901324	0.00235948503758354	5.82658944820971E-4	0.00147696521892521	0.00182878501728704	0.00213014113191667	0.00206250519810427	0.00184853195534782	0.00202228605697694	0.00282914657197614	0.00246263224822696	0.0012202628802643	0.00196230562379777	0.00231475504650568	0.00251745279157068	0.00224373994299265	0	0	0	0	0	0	0	0	0	0	0.00313900117949113	0.00335171815852512	0.00314847551089167	0.00338169912764093	0.00373770467624788	0.00366549461759139	0.00262674609146399	0.00305022134743088	0.00410018731020086	0.00338641785542731	0.00338962969460693	0.0048358773447684	0.00458642581736859	0.00437081829909718	0.00510369871149641	0.00496415031157425	0.00603821976867211	0.00490201439612516	0.00416983397317982	0.00598595887422286	0.00596364848119306	0.00674047162461928	0.00584899211866818	0.00612296556247764	0.00702750262483466	0.0070478455347197	0.00699432317310777	0.00646337370543765	0.00610618405242698	0.00788415119589991	0.00719624142978866	0.00719700800251693	0.00785012669380616	0.00842909113690183	0.00774133824957979	0.00743813558424067	0.00707254125223114	0.00895364711478952	0.00830070337368906	0.00714697691168365	0.00745084681010891	0.0059164351018788	0.00837244489047866	0.00953807380999248	0.00699078668620141	0.00582243892333186	0.00946770537068757	0.010776316559122	0.0106177399964397	0.0038493830589941	0.0105262202829891	0.00612490313449378	0.00791511243913124	0.00881287892458557	0.0102661877174411	0.0129255939724438	0.00620744444404693	0.0113265345586606	0.0154345641056011	0.00347538532012317	0.018793294756753	0.00942849641128478	0.00826622166938594	-0.0045031598358992	0.00770441393967126	-0.021777538556701	-0.00993672019458813	-0.0218564985016326	-0.0147749122239417
760.59	7.93102303488829E-4	-0.00389436305520547	-0.0070418796325211	0.00263717442190796	-0.0039780969331827	-0.00184979100146155	-0.00425148681204317	0.00707514750486283	-0.0041041027315352	-0.00536264338171654	0.00453379847940392	-0.00258496642985682	-0.00235031128522587	-0.00492518387326265	-0.00853579865293509	-0.00189982549152039	6.23786318186274E-4	-0.00847825657067819	0.00290549798062391	-3.03560292448333E-4	-0.00610583866562967	1.27963344155844E-6	1.41400024150195E-4	-0.00312845987511619	0.00326035764959907	0.00139334067953688	5.03038099978823E-4	0.00138303094672184	0.00249670797111343	-0.00551682370832384	-0.00107775820617325	-0.00454036956865316	-0.0027165592103867	7.70547446522692E-4	-0.0022703488684964	-0.00275417093147826	0.00155291196599283	-0.00111268720709362	-0.0028690786500397	0.00243275314708	2.880703111571E-4	0.00257858474692725	3.79341041729108E-4	-0.00300780037250895	-0.00344490076220725	0.00110487234530466	0.00163499882969173	-0.00107196140476906	4.65280059146802E-7	0.00180667665108147	0.00244035455354042	-0.00221691513188017	-7.99750917597597E-5	0.00194609868972854	-0.00128946844106502	0.00162832426266126	0.00173836170344211	6.41233943005915E-4	-2.09609315591923E-4	-2.76198456345407E-4	-0.00121925613543215	-1.99922183803026E-4	0.00183420713950539	-4.5040361764838E-4	-0.0012652783167734	0.0010566128955954	0.00128291241643471	0.00300408433010217	-4.71814474796249E-4	2.89407927594939E-4	0.00147538313786022	0.00178012242265939	0.001309664797054	-8.02323329311077E-4	-5.25487936116164E-4	5.14552889396067E-4	-0.00141099830303655	-6.42324163995027E-4	3.39603548549526E-4	-0.00137865388060887	1.88133431580615E-4	0.00100562318780268	2.86772587818166E-7	8.75697869897203E-5	-2.5536537791647E-4	-4.56203575100022E-4	-2.83549352205252E-4	-2.75959985390447E-4	-1.54724294181613E-4	2.25937360795485E-4	0.00110337300401583	-4.66943714157661E-4	-9.49213891382773E-4	6.8870847307436E-4	-3.39563661409886E-5	0.00109420058311042	0.00207472152280829	-4.74745460953287E-4	7.74326090884834E-4	0.00142500474771572	0.00168500116571228	-2.26421169477547E-4	0.00119867756654644	0.00150827677028177	0.00139613841083646	1.46866151359641E-4	3.11140769183955E-4	2.92275251670512E-4	5.87547103627181E-4	8.65672690687135E-4	8.0048387768171E-4	0.00166924534487022	9.00729216075272E-4	8.09447296290026E-4	6.22218256649443E-4	0.00155371032541732	0.00138353866489553	9.9843120757452E-4	8.03487315569857E-4	0.00109886934697985	0.00131168079208563	0.00113100932724342	0.00159366184166015	0.0010182494236696	0.00185196998101889	0.00160173297682486	0.00209935503435195	0.00161812963018521	0.0020891636075861	0.00163183139664655	6.67658289969342E-4	0.00241872902610128	6.74103029196166E-4	3.31561632955883E-4	7.00818987713157E-4	0.0018767289732142	0.00135771919597649	0.00104983442063706	0.00226427523922311	0.00135789659668365	0.00127830556228031	0.00191843361003088	0.00167479876141798	0.00223713135838727	0.00229567031898532	0.00240722771979851	0.00151436586337889	0.00192796696915516	0.0025942939518174	0.00174080254058979	0.00125871299303789	0.00283575638166763	0.00161779791100375	0.00178283484692426	0.0018344420855693	0	0	0	0	0	0	0	0	0	0	0.00301180845680422	0.00249316308642767	0.00291280191351365	0.00353236413276291	0.0036988867116061	0.00274061393196193	0.00387818797026001	0.00417599667644936	0.00341137788950211	0.00367313612010455	0.00367053406789389	0.00473312427927654	0.00515571403191608	0.00523543897854508	0.00383535383384042	0.00500489064970245	0.00541443000721017	0.00552197133432865	0.00548004139143437	0.00689182297434638	0.00607684692235462	0.00658646314007094	0.00692033752987304	0.00600285993800097	0.0069431183395369	0.00502260067874527	0.00609396953489584	0.00700664029948212	0.00723344724270373	0.00647325511305653	0.00796130229633364	0.00799668629314765	0.0084211826364812	0.00700876691849252	0.00647241758982178	0.00722788225195437	0.00885085453766153	0.00839121140133854	0.00837575445188134	0.00763955243454482	0.00844785368696818	0.0109229071942405	0.006993368259165	0.00587272957940869	0.00974023201674728	0.0101798310084241	0.0107357026903241	0.00897869512220615	0.00969385747677645	0.0111220133015895	0.0053902024071213	0.00817716055466174	0.00935741422581534	0.00637904281180167	0.0086831362686245	0.0114011492434576	0.00505261179900591	0.00872464951595199	0.0133699945757166	0.00692164595424954	0.0160111627584311	0.0106752615559151	0.0176400509939281	0.00844765004253173	0.00338519324309188	0.0187998933070224	0.02850094853743	0.00759375471618374	0.0245310468560041	0.0180210277752383	0.0266716512946916
765.351	-0.0140078091159356	-0.0161131666783612	-0.00815220817583123	-0.00469145313081338	0.0056654249189764	-0.010543171516329	-0.00810891581129545	-0.00807987843139784	-0.00139354488331456	-0.00879316154722939	-0.00957919110919722	-0.00701326613066846	-0.00256284695193967	-0.00852031016091109	-0.0031119651928066	-0.00884875423762755	-0.0120482496255364	-0.00203868181139654	-0.00560013879870082	-0.00969776037021765	-0.014696843845737	-0.00667475951912517	-0.00864542643237574	-0.00207654964512617	-0.0065017995055683	5.16653692736911E-4	-0.00819492233191879	-5.13070199433542E-4	-0.00355750354822336	-0.0122245029102839	-0.00377301169279265	-0.00390826837526566	-0.00322483334479911	-0.00708047258767065	-0.00153986278704675	-0.00323314960201453	-0.00452975671820286	-0.00185204071994348	-0.00483132784561702	0.00138603539174087	-8.81332819772225E-4	-0.00107077014030987	-0.00366651095362319	-0.00239125334055984	-0.00350501484081886	-0.00281040727027665	-0.00277223962165822	-0.00536354627822621	-0.00490959498243111	-0.00376413279019144	-0.00359470891433457	-0.00325985328156416	-0.00260354436748715	-0.00221802394751763	-0.00223817683123809	-0.00323876472520361	7.15516616682871E-8	-0.00195283498680534	-0.00327289423233248	-6.31629880672228E-4	-0.00317125470558682	-0.00311886920120189	-0.00413123950791353	-0.00366571768832678	-0.00276700205582222	-0.00170734520250883	-3.72991213567371E-4	-9.16883622505098E-4	-3.60968327814551E-4	4.71203891402101E-4	-8.66064485418726E-4	-0.00271711344048366	-0.00188753546703822	-0.00141516644934664	-0.00213478874033767	-0.001466375407631	-0.00292262088517377	-5.52253534755273E-4	-5.42433507655205E-4	-0.00135398260874312	-0.00123519587210515	-0.00204533790312632	-0.0011815686534266	7.54209826315472E-4	4.3310613528743E-5	-2.52822377191606E-4	-0.0013997054129594	4.03077547945176E-7	7.44751046334856E-4	-2.29514583560446E-4	-0.00142192475048598	-0.00160814971066639	-7.12812708735486E-5	-6.30599679384721E-4	-7.21952932471602E-4	-8.77137278882376E-4	-0.00168206150579232	-5.80153267303517E-4	-0.00157529025048419	-3.3930050375991E-4	-3.60355778077157E-4	-0.00167115724099135	0.00113825978373678	2.81461039959727E-4	2.2443055028985E-4	6.46521928333191E-4	-9.7388993764852E-5	2.28797669322366E-4	-2.13846333515769E-4	5.32620812661428E-4	7.53811715851317E-4	-3.39721318004067E-4	0.00115970184295538	0.00136159642207807	7.84005465778407E-4	2.7752122560721E-4	9.78467425157041E-4	9.32094761533884E-4	3.13037809427285E-4	9.69507538860635E-5	0.00114540705845159	3.81867627200447E-5	3.81133037106538E-4	6.97344832346722E-4	-2.1780385311104E-5	6.85606857981125E-4	0.00177522895331806	-5.4570739290764E-5	3.35785704847027E-4	4.42555808166192E-4	2.17762951837797E-4	6.6869625092811E-4	3.69334808053166E-4	9.0770184393334E-4	3.05555323963894E-4	-1.24992001229E-4	0.00155668611948816	4.47038381587976E-7	3.10563728980339E-4	5.05195013171987E-4	0.00147703241711685	0.00224582872395387	3.35659958692418E-4	5.76969437690532E-4	4.43703022009296E-4	0.00154250119113156	5.5523906483982E-4	6.22783686871518E-4	5.59783179071357E-4	5.50383604870157E-4	8.33587662802557E-4	0.00139939043863275	0.00124147665865079	2.60066947623589E-4	0	0	0	0	0	0	0	0	0	0	0.00126936948185535	0.00151973968778113	0.0021778114594896	0.00155844119968717	0.00201351478600927	0.00160165178990328	0.00261020545766896	0.00230111310546045	0.00348994506065811	0.00367332405768265	0.00299982239958171	0.00332512912461246	0.00391416608905644	0.00368703977935173	0.00341110533315723	0.00437986944966994	0.00525389269078233	0.00435760941345693	0.00553350089386871	0.00631820338085181	0.00498732531620495	0.00606178690011481	0.00366104118927661	0.00576647686223834	0.00640144305862539	0.00488804765218943	0.00675563745238485	0.00469415757818236	0.00638026611528985	0.0052922495354787	0.00688242783608008	0.0068896626694246	0.00488186183902506	0.00654486238888452	0.00448273931242473	0.00448818024657861	0.00428265509975663	0.0064962908145077	0.00774850370792318	0.00558558826721286	0.00571646156639535	0.0066964565527921	0.0097793360347581	0.00582138949727505	0.00684628749888955	0.00647516057918822	0.00720742810097402	0.0061683189783399	0.00669386171416118	0.0056841851335043	0.00344736316486688	0.00306740904288178	0.00479603736517495	0.00517104624283151	0.00582951778295799	0.00683181492024694	0.00459131836268532	0.00708442343023093	0.00382791700245796	0.00731589564135756	0.00571172532730862	0.0045056751792504	-0.00361975177255044	0.00163154051561527	0.0168841060116018	0.00413516478823507	-0.00195267442362837	-0.0200783194252578	0.0118474973276103	0.0109569456129754	7.42050143463542E-4	-0.0560638373135148
770.113	-0.00327596889535517	-0.00936541319366039	0.00225166022598226	-0.00792455429696627	-0.0106593891047896	-0.00304992994007183	1.82447769121149E-4	-5.29886787838426E-4	-0.00405042625851839	-0.00231419616717682	-0.00413391485906265	0.00355401897232915	-0.00172966805734805	3.3937476150196E-4	0.00265267214136341	-0.00586447350546306	-0.00192589953699672	-0.00603647066597185	-0.00693385446134806	0.00125047749994301	-0.00368335162022156	1.31889461249812E-6	-0.00394175936666135	0.00252305831624605	1.28206723838566E-6	0.0013085025728902	-7.78076912575246E-4	0.00181549164741449	-0.00167191421867336	0.00480144470328435	-0.00456261782009282	-2.37803884450571E-4	-0.00256455621549352	-0.0026181290228524	-0.0030073934352788	0.00371213572733628	-0.00320125783139112	-7.29854440132911E-4	-1.00393464126941E-4	-0.0055162663119107	-2.96455234142363E-4	0.0012812106481598	-0.00380921102090002	0.0012606503658185	6.72582837923601E-4	-2.8460219828528E-4	-0.00327494774695738	9.25019178406298E-5	-0.00461144567255228	0.00186263322450064	-0.00199397534904324	-0.00423194621872657	-0.00239013111317353	3.21256903439411E-4	-0.00140682863112416	3.23764174966427E-7	5.97957321208219E-4	6.60823672061508E-4	5.76823563866921E-4	2.1501804740282E-4	0.00195558877227336	6.87187155554488E-4	6.08434810572398E-4	-1.32554965399751E-4	-9.77088164373826E-4	-0.00153722618041876	-2.51595321251323E-4	-5.57321526247191E-4	-0.00188428704996973	-0.00226756554688953	-5.83585212945268E-5	0.00120464116680651	2.81416158016028E-4	8.28310921703389E-4	0.00129761153487973	8.4985469618607E-4	0.00135124647632126	-4.94957944252268E-5	8.98494223515948E-4	-2.44659651814721E-4	0.00105919486340462	0.00174337524863036	-0.00110486205210855	5.8529433402144E-4	-0.00140221462116841	-0.00230927523268043	-8.7561130960375E-4	2.44706980829686E-4	9.53667858674357E-4	3.49136294849852E-4	-6.81534720437076E-4	0.00192537147736431	-2.53308576960601E-4	-0.00205812382668918	-1.38967814415468E-4	-4.43981660488992E-4	0.00100235103438288	-1.29982802237016E-4	3.24269479271477E-5	-1.87294026461579E-4	0.001036471025909	4.09084425863704E-4	-9.06107526754595E-4	0.00181344764789976	8.07928548146142E-4	8.81117249341425E-4	5.42694977335114E-4	-8.10016294110736E-7	0.0015793461150209	9.33832642937753E-4	0.00111482655972745	4.85732063919914E-4	0.00117484718806827	0.00144724081594565	0.00125250522265531	0.00112384549702577	9.23321517921855E-4	0.00118386450356662	0.00134027437260574	0.00166535309823871	7.2862259354135E-4	1.70966770873207E-4	0.00148083760481253	7.71425079417877E-4	4.05123180700593E-4	0.00134034765191777	0.00180030482965036	5.00882484527508E-4	0.00113351865533604	0.00126162948945942	6.06033423797869E-4	9.48400567903183E-4	9.62008181757621E-4	0.00110345990061882	0.0014956569822158	0.00132442282961631	0.00122186133875833	9.78865238174663E-4	0.00149453874536238	0.0018305756159971	6.98044497639302E-4	0.00143652770112277	0.00192432657465934	0.00143085378688787	0.00146845093779897	0.00116417896278444	0.0021850072278214	0.00123034720191908	0.00264385801595461	0.00235104405367821	5.43238477695803E-4	0.00197861646242964	0.00201841042923183	0	0	0	0	0	0	0	0	0	0	0.0022703396331607	0.0023883096431416	0.00148755412802004	0.0029590361949211	0.00178586415407885	0.00139416518236207	0.00337457715436091	0.00336362546163862	0.00422751186680078	0.00230562161742561	0.00354177111757508	0.0037600149864786	0.00437913980552152	0.00459138394539639	0.00423549751594434	0.00465183816205946	0.00529759311374893	0.00496758958647059	0.0053306512910785	0.0061436102947141	0.00492347476242442	0.00576595350442273	0.00604976559341896	0.00691428561354564	0.00545474812619296	0.00542643218334804	0.00580001250530554	0.00552415529926046	0.00780661411812813	0.006571871807745	0.00635326392338783	0.00790977921453876	0.00916492431101501	0.00604467936818835	0.00775547486599025	0.00722357297152918	0.00620285916912011	0.00801947774731977	0.00753432677414903	0.00728588939315969	0.00736537946884081	0.00914432278094773	0.00641003789298617	0.0061355756464793	0.00738675467850085	0.00624296804435939	0.00749599312227811	0.00985398324421261	0.00842867538558007	0.00534589185466357	0.00863665695656642	0.00223841999389795	0.00828675482740923	0.00862728735269493	0.0112156106902028	0.00390086595482081	0.00489296555720616	0.0108478746668023	0.0039468737330985	0.0130231095240699	0.00792725534749414	0.0107966740950768	0.0156301998413957	0.0105136115895514	0.012947285440426	0.0174145510740196	0.00278919673912338	0.0110686974757622	0.0131017747760102	0.00260062413955325	0.0135641535142208	-0.0163749534562485	-0.0119021436053984
774.875	-0.0165453850507895	0.00742042746816104	-0.0223641304045496	-0.00395095786986132	-0.00526403064778391	-0.00137622826098563	-0.00581290979984557	-0.0021940536731061	0.00180698034486006	-0.00110168433130664	-0.00406181435250237	0.00419518205400386	-5.34772285284918E-4	-0.0039989609679329	-0.00341211201855247	-0.00250800847742765	0.00329880389466724	-3.22668806356967E-4	-0.0108438986363153	-8.00152574789334E-4	-0.00677925915369524	-0.00309182411226726	-0.0049472209363603	-0.00561724776425853	-0.00124307751464469	-0.00322290519032869	-0.00546658681649558	-0.00226542176767228	-0.00211541339233902	-0.00285664225344082	-0.00544673925929022	-0.00160433118291903	-0.00395371374405177	-0.00152367308527977	-0.00572136224310295	-0.00156999467196243	-0.00383620640469037	0.00182035151535135	-0.00324630687074255	0.00164826050499139	-0.0016319896002196	-0.00222621292685662	-0.00341066604506728	-3.98378097696901E-4	-0.00384382812124597	-0.00341175468750617	-0.00115341042775855	0.00227026828229319	4.63642440061995E-4	-0.00255073377251203	-7.12486067323749E-4	-0.00365303911945796	-0.00397916834355101	0.00173037096741078	-8.03593692784876E-5	0.00109665071486338	-0.00329927823652251	-1.52306691130987E-4	-1.48432307368097E-4	0.00123521246537319	-0.00351497900663907	-0.0030338935413389	-7.63437739855929E-4	-4.08638118664028E-4	-0.00100567755863533	-5.92653751890122E-4	-0.00161711166498998	3.18019860432043E-4	0.00162407277573549	-6.7431314876363E-4	-0.00246331631946601	-4.71862373126675E-4	-8.08748575956473E-4	-1.7172360103374E-4	-5.55336468492469E-4	-0.00108976716377019	-2.67325977550368E-4	-2.61209782095382E-4	1.52589692020822E-4	-0.00135905091172574	-0.00217396512563864	-4.83694058973121E-4	-8.04620231807976E-4	-6.0070432065761E-4	-0.00157625031475774	-3.07783360678724E-4	-3.43385834997812E-4	8.77630148195448E-4	2.8511904862965E-4	7.56954750869151E-4	-3.11340864579522E-4	6.08392464904689E-4	-2.23478743570732E-4	-0.00196838774667838	-0.0021109237395564	7.01912533704588E-5	1.7159460203441E-4	-1.67457266028887E-4	-0.00108162431603905	1.28362063794268E-4	-9.43286475892644E-5	0.00119921161432579	2.81926830913086E-5	-6.91706936382421E-4	-5.44600751596898E-4	-2.60775049455353E-5	2.28027165114004E-4	3.57919970110777E-4	-4.66673356667319E-4	4.04963838642319E-4	2.96559463379864E-4	5.82159040928426E-4	3.89278313537327E-4	-3.14962637074372E-4	0.00119285908355465	0.00111090442513292	8.78691012674699E-4	6.94570809843449E-4	2.16816145443417E-4	3.15881781651582E-4	0.00117434198404464	8.87463927981675E-4	1.87122993915668E-4	2.64714949813213E-4	6.68751781711989E-4	-1.46484373884231E-4	-5.39188269782368E-5	2.57165647328898E-4	0.00200767026152828	5.18685762226835E-4	0.00146978693771487	-1.39161897968127E-4	0.00145454790119272	0.0010252308377578	0.00111242064065165	0.0015162966387112	9.14300030531621E-4	7.40857812017613E-4	9.15670488394256E-4	5.81159599965873E-4	8.21986989190891E-4	0.00239217149942328	2.90805436073266E-4	6.28649416240464E-4	0.00153724627763204	3.46298101418593E-4	8.02259626432299E-4	-6.46316238937406E-5	-5.16643148492602E-4	0.00139770914189828	-1.2346530836097E-4	9.09501992501323E-4	0	0	0	0	0	0	0	0	0	0	0.00196294722847135	9.7613508088377E-4	0.00153665048254949	0.00241165078411267	0.00109307265496106	0.00247218810222156	0.00347432893658332	0.00219608680429086	0.00348153573665752	0.00289489538228737	0.00242096693177566	0.00247793346804044	0.0029098327958778	0.00332685095776416	0.00359055703148685	0.00380962017061748	0.00390436898499979	0.00400503804245796	0.00454138646899807	0.00561750162176556	0.00540859098518868	0.0048487843620382	0.00631838779111632	0.00458187901749525	0.00529425469992455	0.00580131435520943	0.00594719100310245	0.00505122931201462	0.00785022704885759	0.00634216716793041	0.00422809808331918	0.00592256899041009	0.00739238066086521	0.00653818378222147	0.00596616105020256	0.00693397253997382	0.0061899017746368	0.00580367378699476	0.00531133835403281	0.00713239831859963	0.0067588437198785	0.00471022088905945	0.00511369802257049	0.0053220796174546	0.00890391241257735	0.00544563262395177	0.00725287504874207	0.00742439104742526	0.00495140318083204	0.00479434937101883	0.0104061094639036	0.00895761796943094	0.00864688431085177	0.0038686660115174	0.0032586918739357	0.00355242724630768	0.00640975084149618	0.00894715225761109	0.00159782626219664	0.00780415241473434	-0.00604294102754806	0.0125642262200311	0.00297298381503954	0.010256633712097	0.0092918149688615	0.00735664974426063	0.00830423629116524	-0.00179705541044915	-0.00446524883642667	0.00603182141180235	0.00374578878658863	-0.0114017482340164	-0.0290001515482206	-0.0517244229576222
779.639	0.00543046337526783	0.00755384371996073	0.00418622788833294	0.00473354056730344	0.0135022890700343	0.00777663620897015	0.0114514466704282	0.00483912953618903	-0.00183988197823794	0.0115544426188797	0.00112716293399117	2.49417508132429E-6	0.0137521253753228	0.00141603431209407	0.00659502551791556	0.00238385269890817	0.00470273833127405	0.00880380818760063	0.00312955481845474	0.00391348715044636	0.00577704810529054	-0.00141205988174952	0.00122050752339109	0.00117490855456993	0.00716880079214872	0.00519372408189856	0.00271467981780154	0.00352494307542653	0.00686257286202448	0.0047564329825571	6.45818445414691E-4	1.27547395806204E-4	0.00670884374698083	0.00404668812048192	0.00256307333575224	0.00513676315999529	0.00457491375250547	0.00228868797638604	-0.00159809065049622	-3.14568497118038E-4	0.00166233149231238	0.00422150704656125	2.06191971456944E-4	6.07180497304839E-4	0.0057199501611327	0.00396913464611136	1.01046392143502E-6	0.00616286501154808	0.00728035777215097	8.34666202175496E-4	0.00208576279112187	9.74442767635584E-4	-8.61201559802593E-5	0.00151018472266934	4.0896838750429E-4	9.58408974019307E-4	0.00406092671888422	0.00260482242305333	0.00173357871957201	0.0025246854215764	0.0025557520491594	0.00150827158765331	0.00141206289920613	0.00104045741097694	-4.76403095262827E-4	-3.34090556590263E-4	0.00263341490650693	0.00220133667226661	0.00241688510649377	7.48724299765531E-4	0.00238560613004375	3.59970195219188E-4	5.293079441618E-4	0.0017875105848364	0.00124502965393882	0.00144169641791924	0.00152139172680396	-1.58154903873529E-4	0.00182761378007084	0.00107715775421581	0.00231480083732941	0.00132828444442533	7.71897939113227E-4	0.00216193626557076	0.00178795350541533	9.83571603285402E-4	0.00209289908990452	0.00191485725190111	7.90074353520328E-4	6.08313116213504E-4	9.90706518211083E-4	6.96843138006531E-4	0.00197054814568669	0.00118760768053567	0.0022946465228969	0.00153651722609473	0.00174666228289085	0.00153616204180182	7.34840400361343E-4	9.47628764850057E-4	2.24080542671893E-4	0.00299104851543475	0.00281312808287281	0.00192316747855914	0.00171577157030632	0.00207854262889591	0.00196004337870475	0.00150418335404618	0.00201312528193008	7.16022812747169E-4	3.24002928403262E-4	0.00156600880037298	0.00114894463894556	0.00142410414338269	0.00134181633825373	0.00121894197174831	0.00120684743289776	0.00144393189446994	0.00108668872679318	0.00130203641649404	0.00179310674980512	0.00116011973717318	9.12803256022792E-4	0.00170201281958796	0.00173956645846129	0.00107527764113978	0.00204495245486932	0.00104615635449236	0.00162917882388371	0.00175805893032812	0.00221556565008489	0.00175651921098086	0.00251418874045673	0.00230683860587809	0.00137502099454292	0.00180992266431005	0.00234036277073565	0.00244989793095937	0.00139806773960726	0.00166027419555222	0.00213176641494307	0.00215269554536271	0.00153878397005622	0.00262499624326389	0.00159742150627057	0.00326576341930661	0.00234890263777598	0.00336378046733071	0.00460408334784239	0.00391273217587487	0.00208116766740456	0	0	0	0	0	0	0	0	0	0	0.00264894976731432	0.0039684651515226	0.00303631092580662	0.00331972687270212	0.00313679756983142	0.00271379724649278	0.0036800750888763	0.00404946173262431	0.00468643065473442	0.00477894938649283	0.00525101771799268	0.00487516602661607	0.00469581080303144	0.00379667781281841	0.00449724920095225	0.00518228799830273	0.0059133664757037	0.00675347552970333	0.00607299948874722	0.00590665829168129	0.00635670914576851	0.00577209106665212	0.00726663384842987	0.00618362890824418	0.00792149345675185	0.00729459279999604	0.00654638217857125	0.00809470003900003	0.00780117510515343	0.0079909365027191	0.00793901731026238	0.0075884027624786	0.00817913200687592	0.00779958400729989	0.00653595509772713	0.00656533962528906	0.00831853647503572	0.00971014683857764	0.00732868761730312	0.00765150418702159	0.00820922754134959	0.0081090527759688	0.00770033879347437	0.0132214619190491	0.00893596417995926	0.0110055584715995	0.00747393775183751	0.0111390794105494	0.0130847630471982	0.00919109112573377	0.00952288924396507	0.0111772819310595	0.0103580781280621	0.0110487038394376	0.0112240272619341	0.0105754076994991	0.0131533960379006	0.00897192500206311	0.0135989762553001	0.0172804837665102	0.0154488709406404	0.016046569595662	0.0138715590836855	0.0153148806207025	0.0104443716936971	0.0171277288336466	0.0169930008636022	0.0234104503689698	0.0178853048163128	0.022728365764555	0.023154272297767	0.00162749213639548	0.0328820389961489	0.0357192216773137	0.0296588120254276
784.404	-0.00174279092469126	0.00880608032217064	0.00903475716618412	-0.0043261959442224	-4.35476454156758E-4	-6.06532516338341E-4	0.00562003719552406	1.14098090730434E-6	0.00112342680597229	0.00189126848811314	0.00229025083218067	0.00433842822506882	-0.00128734811353704	-7.18533827407214E-4	0.00405074128518527	-0.00103482816577219	0.00562535011452934	0.00320382545013734	0.00167226013874562	0.00413924722380594	0.00325925724351075	0.00223527796556149	0.00340947487068272	0.00297497621760244	0.00385290734763114	0.00166401841233538	5.22015815676714E-7	0.00330238939213698	0.00136651024359055	-0.00281734212747546	-0.00235612449530731	-0.00127416401702351	0.00359134499743489	0.00193470996537236	-0.00153756256893558	0.00104322805286398	-1.13203372691663E-4	0.00298824132965854	-8.65866643499242E-4	0.00330101286669595	-9.50578145240448E-4	4.18613975711735E-4	0.00176592390534086	0.00226328415519885	-6.11085600831428E-4	0.00211529074754518	7.95843886328463E-4	-0.00117330014966371	8.64429774376816E-4	0.00141307441366943	1.84527512614609E-4	0.00170821500496568	2.62700794641843E-4	0.00102200186580195	-7.47187144743567E-4	0.00170179612884827	0.00253586155379558	-0.00225666726516646	0.00298478876580942	0.00188332821458241	5.93676539040768E-4	-7.29213179294903E-4	6.44993221819088E-4	-0.00197088835530313	0.00152163846504436	0.00258408545831553	-0.00187142337311731	2.62973626248367E-4	0.0012916125484023	1.01444219541804E-7	6.19591563697232E-5	-0.00133868422618623	-4.77688490538511E-4	0.00245756255923669	0.0019511968066247	-4.4992739497824E-4	-8.27237292337607E-4	0.00140541881090463	7.94636689946882E-4	-5.18770039928942E-5	5.18561770711744E-5	6.48995211065913E-4	-1.46942609838082E-4	1.76736837680055E-7	3.72182301100534E-4	4.99390025682539E-4	-0.00106250654318251	8.20316037362327E-4	7.1704329434148E-4	3.29350525887643E-4	5.22991411115914E-4	4.71676492051728E-4	-0.00142371675049572	3.77024379695273E-5	7.41454829157941E-5	8.70829581344678E-4	0.00145442196222463	3.46854089636565E-4	0.00155892551245818	9.94751359350674E-5	0.00152108704599675	6.82021474500373E-4	-4.66418923067066E-4	0.00137515354553596	0.00214347205224684	0.00109535477535611	4.71395087646445E-4	-4.92983916165038E-4	0.00103369131328613	3.0841540849725E-4	5.25941097087141E-4	0.00124639973873248	1.40525118419606E-4	9.21781103653959E-4	3.56438065009504E-4	0.00119309679816488	8.50446443288146E-4	0.00113719913460159	1.76323069642997E-4	9.09734664916897E-4	5.89105648128449E-4	0.00113755321375335	3.23705891183892E-4	0.00159075578119461	0.00150252181271734	8.89494011309453E-4	0.0010800288838046	2.9493029026133E-4	0.00102273426034705	0.00279689402654936	0.00239612017066491	0.00155352707283149	0.00170196049981992	0.00220317673984093	0.00145074832736513	1.36084194872065E-4	0.00194455902030333	0.00229651215223482	7.79462007300586E-4	0.00117130306903229	0.00148067665761556	8.91777676622844E-4	0.00213227673995105	0.00254159136740687	0.00178046631116121	0.00383589063247699	0.00149146511219901	0.0024111509651169	0.00220375831964095	0	0	0	0	0	0	0	0	0	0	0.00244902751174357	0.00188018737814685	0.00198189572524591	0.00188811320292416	0.00227047164241787	0.00334325684445264	0.00285271429721794	0.00361009944698681	0.00379191416804035	0.00296069605486371	0.00322759510079729	0.0030533596726311	0.00413521039762081	0.00318241744141435	0.00376022689402825	0.00358197939068241	0.0056672576386111	0.00420993145624131	0.00469183226893149	0.00358421985344783	0.00488213029385227	0.00452020760164291	0.00607161379636581	0.00610109143353781	0.00599501558852178	0.00549033365011065	0.0057090745571443	0.00607300909274811	0.00561965580983237	0.00653321225213079	0.00734570245446422	0.00715562981457563	0.00734630616821739	0.00678545830779191	0.00709645174698358	0.00756160380880038	0.00643281701681074	0.00820849190517906	0.00827652652284948	0.00666176256467597	0.00771274437756112	0.00679258428328062	0.00491525156828775	0.00858345966713373	0.00802623779383803	0.00728071187482272	0.00657868350380633	0.00818756234013422	0.00954973587388152	0.00669471544810454	0.00937813409638655	0.0109143437147813	0.0111076706361046	0.0116883473974783	0.0118658041717142	0.0126458550813179	0.0102980984222067	0.00916060149323138	0.00767783036528862	0.00662597638742311	0.0134295028390042	0.00905130004547705	0.010606756525557	0.0120143089206701	0.0162758719573234	0.0139116917592876	0.0149790949390649	0.0163544670801143	0.0204729133895418	0.0158482609958085	0.0133433056624283	0.0176293019843241	0.0134379726611928	0.0193956184083658	-0.00589450361215133	0.0307472204167591	-0.018554485876212
789.169	0.00293345456532811	0.00573915315567652	0.00831566544580238	0.00776616539624576	2.20743768593551E-4	0.00122912760480795	0.00606650175207065	0.0068657198046219	-0.00566380125810482	0.00764455398250253	0.011755159441604	-0.00209563130870015	-1.84387618538092E-4	0.0027223626675284	-8.88083104918574E-4	-0.00156831264817098	-0.00137706272370637	0.00119006347123931	-0.00202737104489645	0.00184214596441723	-0.00148043705101891	0.00821650937116405	-4.69751484582759E-4	0.0027065750523135	0.00100923290090915	0.00364310581613923	5.57504408027367E-4	0.00458745656065577	0.00634676834895589	0.00718041465278183	0.00290793685908415	0.00244475785295595	0.00262631986512362	8.5587552240253E-4	0.00238895533897827	-3.51162471972609E-4	0.00480536816554147	0.00636987536679009	0.00317093557067601	0.00494608786956847	0.00457728448465281	-0.00137050726374996	0.00387774100537248	0.00363649733610262	0.00144075518714994	0.00213646851220681	0.00341362278253352	0.0035549227928641	0.00300629558348866	7.61728994531731E-4	3.72743361041306E-4	9.08778829812628E-4	1.76685145581886E-4	0.00180656852969214	0.00159247517076215	-0.00302579599864931	0.0026428192421407	0.00141453955790609	0.00224156815849534	0.00175048241416136	0.00434185800948442	0.00427127717272115	5.80499663355117E-4	0.0011374218376144	0.00293429351321337	9.61792813500705E-4	0.0024980374563367	0.00238995587290349	0.00215161266968918	0.00217526188875451	0.00213257061937682	2.46710731621691E-4	-1.20577016116965E-4	0.00313304215562571	-4.04734764400394E-4	3.41837554401785E-4	1.67802307535948E-4	0.00272891870745776	3.75775067374952E-4	0.00126077138143186	0.00294208976918959	0.00126284234322148	0.00202451232834077	5.78646363039727E-4	0.00183332538110809	0.00224683661529832	0.00169949919251619	3.93309027763103E-4	0.00115061558719411	8.73354430363365E-4	0.00231640465107448	0.00111141121982309	6.60766875827804E-4	0.00220670967842581	0.00235277656227812	3.29712560191345E-4	0.00236411309553796	7.70052652834199E-4	0.00198496315089066	0.00144076009465928	0.00215658390938733	0.00143998012615414	6.47532190506783E-4	0.00119449772026806	7.31102628781719E-4	3.51345264305341E-4	9.78466042040255E-4	4.22763896458577E-4	8.81509324815919E-4	0.00162405343604091	0.00121664758316953	4.99048531404914E-4	8.32809919709726E-4	7.11757808743035E-4	5.89389912068396E-4	0.00114456826298323	1.45163888895019E-4	0.00119312991941374	0.00106557164802536	8.32183610166225E-4	5.01935027678942E-4	0.00195448860523693	0.00128295446116532	0.00160707275463338	0.00144568176369927	9.75877391839324E-4	0.00134214141388983	0.00101351035908713	0.00182241022555126	4.810952707887E-4	0.00168184858557091	0.00136534507418423	8.3072149699874E-4	0.00185863575386474	0.00160329814776128	0.00185578926965364	0.00177326330977477	0.00201500970731523	0.00171469778735008	0.00138532105134174	2.22321273490433E-4	0.00174279365966143	0.00221417913224789	0.00181521432503646	0.00112383534614112	0.00197087271638757	0.0015059653870912	0.00138660600077378	0	0	0	0	0	0	0	0	0	0	0.00334155036447062	0.00250202295415084	0.00238760138771104	0.00237317772595528	0.00179272034605612	0.00319843595657506	0.00444462671415637	0.00265725056671432	0.00172522391198393	0.00299657515867689	0.00310031474940693	0.00353519070106771	0.00324775730957311	0.00370786985555032	0.00431224385165989	0.00360443342848008	0.00381012986217894	0.00402793493364276	0.00492224727229594	0.00453985452822568	0.00413216578597789	0.00527574657173039	0.00582226146009747	0.00511929798309549	0.00600921994062153	0.00577461561379541	0.00576712140168897	0.00677978117604433	0.00663759619018122	0.00754282620913942	0.00840634474371741	0.00756284916532346	0.00830538462515823	0.00715141536991192	0.00708403067160048	0.00618090931092386	0.00642940779650895	0.00764668534868672	0.00740547319595804	0.00766803622571976	0.0069479183183202	0.00833480456445906	0.00516796776316204	0.00788266850025872	0.00776033360450392	0.00899383930035936	0.00849682178971341	0.00612745679945812	0.00687948314526625	0.0075997135781475	0.00601687827133821	0.00545473221045642	0.00972819780106416	0.00887654651934221	0.0091527505575511	0.00962233933047572	0.00912069336814194	0.0096917130734407	0.0144583841795785	0.00921270869662687	0.0132608819943553	0.0122811113401019	0.00955590828314926	0.0150803821403317	0.0103049242446968	0.0084967267234655	0.00991885695685476	0.0167524707972918	0.0133682040669683	0.0215587783449486	0.0250032851301342	0.0164668910918919	0.0322100647089954	0.0169559137132958	0.0307857045256995	0.0237991491962509	0.0374100310458398	0.0333964619592479
793.936	-0.00963750527087816	-0.0123938517653541	-0.00193338011372594	0.00174902258461449	-0.00542556620902302	-0.0073608175875378	0.00120816500050277	5.85318182636132E-4	0.00213679721743137	0.0104162762046208	-0.00832612953926423	-9.79666420541685E-4	0.00477269133464867	0.00223973248618255	-0.00201199665927297	0.00305161341260217	0.00141806196077276	-7.0060644092026E-4	0.0111223289999018	0.00395227946257258	0.00812568046422469	-0.00132376162742643	-4.82920393623509E-4	0.00123656114959131	0.00474357388758186	0.00691664615366707	5.72323927876969E-4	-1.35106655885914E-7	0.00141884158810803	0.00278742600683469	-6.80337403333465E-4	-6.62454890717082E-4	0.00154260788701249	-0.00175559065113241	0.00466865073097298	0.00288969975199678	0.00235374815425218	-0.00494363184421343	0.00146228810032532	0.00143790114724924	0.00536281046003866	0.00553717021648193	-1.07320223469708E-4	0.00160195820253881	-0.00148176922941355	-0.00261670397325532	-0.00712291688356167	0.00111722535864062	-9.95850861094011E-5	-0.00293377903402531	0.00172152040754201	-0.00252011367233167	-4.54336328286552E-4	0.00327419878880801	-0.00181057171709166	0.00176663944799117	0.00123456073845163	1.6185586286189E-4	0.00127164650743621	0.00203470572175054	-0.00100091598528968	3.03057415933467E-4	-8.18205407409393E-4	-0.00138940244001688	-1.43246347105299E-4	-8.48167447778971E-4	0.00117985561895127	-1.36582353242009E-4	0.00254757833258432	-0.00204006211601451	0.00270907287278702	-8.21689719111679E-4	0.00111609966662021	0.0013991358276736	-0.00113177590353188	-4.67805724571193E-4	0.00137470026149866	-8.4172479081455E-4	-5.50864851056657E-5	0.00178362588570215	-0.00111457731047458	3.11586909668601E-4	0.00142233881317398	-0.00168510352193716	0.00294868856848673	3.77688696818147E-4	0.00179361994113692	4.93937557861019E-4	0.00175380381136007	7.27010293227194E-4	-6.68700525761331E-4	8.16612372897014E-4	3.99646426473942E-4	0.00156558109036133	7.68367409923159E-4	2.2646435814984E-4	9.94889770996679E-4	0.0011526070059778	-1.05502578491436E-4	0.00124078300539899	5.38329317464074E-4	0.00132031558270624	3.02701808567743E-5	9.42917797271666E-4	-2.22575594706592E-4	8.32588778902366E-4	2.17654432053741E-4	8.45137236215866E-4	0.00157479072459518	-4.57088692944818E-5	8.87353067808277E-4	0.0013393595844111	1.6711743805428E-4	5.06794020969091E-4	4.20898979197935E-4	9.29504071309668E-4	0.0011531704054082	9.32270173602342E-4	7.46971044864672E-4	0.001319221961851	-3.24277162761749E-4	8.08107711273082E-4	5.83067912297778E-4	4.72668950966943E-4	6.19427933920492E-4	4.22260408039378E-4	-3.15723755001114E-4	0.00131798345335678	8.74479746240155E-4	-2.15737359996507E-4	0.00160861659443402	0.00158381569257336	0.00106068174683147	4.63648767009704E-4	0.00105213490399351	0.00101049223239784	-4.20390642958896E-4	0.00181730240193477	0.0011855804532622	7.12151022988321E-4	7.11944315773734E-4	8.07320178194955E-4	9.6670708990678E-4	6.7647351434796E-4	0.00161850821395261	0.00178940191701441	0.00192744229528058	0	0	0	0	0	0	0	0	0	0	8.97459670887077E-4	0.00188600986662296	0.00185552252537481	0.00156842891385433	0.0019409763920632	0.00272230067179943	0.00221249748932836	0.00295197560074775	0.0025895532769409	0.00277662179877955	0.00288271179308025	0.0029614630460288	0.00426197198002562	0.00345447687155601	0.00389975048990896	0.00395554216518945	0.00319848838366795	0.00343650478486169	0.00440067885797273	0.00342358730104881	0.00481591852362504	0.00507147940542083	0.00504156500181002	0.00598899583610914	0.00526601519240546	0.00502648596273921	0.00571623571366806	0.00498237685699542	0.00606489443128988	0.00502575015672277	0.00690508248445796	0.00642163043192474	0.00647047562298875	0.00685798499119578	0.00700499514662404	0.00621213817595501	0.00814081185894317	0.00702775450092322	0.0064708128795957	0.00605962909916371	0.00757784077484111	0.00628196065780669	0.00716841259942666	0.00666924213290448	0.00760801603282309	0.0071018635710396	0.00876708232062928	0.00554664598271051	0.00706913015862326	0.00751143102261443	0.00610956224654645	0.00820444690072897	0.0061995697176239	0.00422081484882735	0.00805125713948374	0.00862166407885522	0.00868472962290849	0.00879014432320439	0.00913910285612011	0.00601275230641289	0.0173425331685298	0.00798866537450223	0.00855406710020565	0.00968629530178137	0.0116319056249831	0.00410255053822781	0.0106362565918517	0.00828621794025808	0.00789894828315249	0.0132127321483293	0.0118481330040197	0.00548640019259835	0.0204039255393762	0.00130738795810189	0.00447824554848777	0.0311023880467038	0.0292460987990491	-0.00985392336389612	0.0313577935752145
798.703	8.99352712173096E-4	0.00645342435714445	0.00713095569757836	0.00322616098255407	-0.00134835572853378	0.00564511115166376	-0.00760509046233744	0.00234112988652095	0.00850164944988525	0.00703024926523219	0.00788190908979429	0.00350376876761666	0.0110047508700092	0.00500906966392566	0.00272819051090744	0.00339257855463491	0.00193826474079341	0.00156674089489062	0.00103705524748297	1.69643335405774E-4	0.00370228088158393	0.00395306597678772	-1.60023978326323E-4	0.00829863860318716	-0.00309445161320202	0.00572904882235372	0.0036969500212363	0.00426444511434213	0.00493703191991497	-0.00221450031824488	0.0060845241472821	0.00394527777576516	0.00179108228392912	-3.73539809976924E-4	0.00500834876919622	0.00442867305614821	2.33944871064732E-4	0.00262849065194797	7.82607874176538E-4	0.00318871356120987	0.00424408763326473	0.00291323495310861	0.00342796539010214	0.00371744573968725	0.00305071404873315	2.08118412633661E-4	4.10737431811983E-4	0.00282739439444664	-0.00257832122659974	0.00311098277955594	0.00228264980416241	6.50423555446466E-4	0.00162658156896127	2.64192051704619E-4	-1.71764352185203E-4	0.00158862209102732	-1.63827896079208E-4	-1.84924393098558E-7	-2.36522632212718E-4	0.00101038862217123	0.00206721191369365	-0.00158143176523751	-7.3872725922219E-5	5.81392971833061E-4	0.00385792543479656	0.00301901591083554	6.21075896013868E-4	0.00237612434873545	0.00133325134750202	0.00189733551806213	3.84687119985828E-4	0.00150829976870678	3.08363113560967E-4	0.00133014652986192	7.10749941404633E-4	0.00191864195880837	0.0023915413216013	5.60133056263563E-4	0.00541856045516504	3.22938178376207E-4	-5.79633876664439E-4	0.00206311063476639	0.00277566445997991	-4.43813603463963E-4	-0.00139330713170093	1.40488738228548E-4	0.00146289864910098	2.67732499231536E-4	-1.30307907062985E-4	4.25141123219661E-4	0.00170348365714868	0.00113662656307413	0.00123188826145292	4.27959857483865E-4	-2.67489010816211E-4	0.00108669788115954	6.22713211177236E-4	0.00221834282846336	7.35316472542674E-4	9.25089630011E-4	0.00247216500783681	0.0012483334458077	4.21398956096235E-4	9.08887470696265E-4	0.00107920842457803	9.38405865367102E-4	2.70418192383696E-4	8.40050787450618E-4	7.11727946148414E-4	9.55390956420196E-4	9.27424847425075E-4	0.0010429268886205	0.00151670121175864	0.00112028358719031	7.86909755996522E-4	0.00112410801732371	4.91309472144416E-4	3.5535378075703E-4	8.57511542307271E-4	0.00131118892887115	9.53429913379304E-5	0.0011737646869141	3.78438224915485E-4	0.0017830411634605	7.14093299749293E-4	8.64149872688959E-4	5.73135473031423E-4	0.00179703218004257	0.0014285779174223	0.00172079233241221	0.00265502515261527	0.00163388754152626	7.61576725810207E-4	0.00192947024120864	0.00195047412316009	0.0021209353025685	8.64535865633334E-4	0.00183464096827812	0.00192612327083456	7.37721926571273E-4	0.00186728670561028	0.00187040676869401	0.00282216596060521	0.00163181326591588	4.93085376232579E-4	0.00238368268418115	0	0	0	0	0	0	0	0	0	0	0.00187566762229429	0.00163047229734897	0.00272174135501243	0.00121980437440033	0.00344163033967068	0.0027192807767535	0.0027935377302617	9.26015031766747E-4	0.00362496165901664	0.00251696735740867	0.00298794810206112	0.00224154964529169	0.00447265647418701	0.0031064292368059	0.00382861929724502	0.00429802817956961	0.00429742634598743	0.0033765844175809	0.00392445374814608	0.0044599864273616	0.00414700229337252	0.00597028784054085	0.00614889308692003	0.00454012859238157	0.00577431578233163	0.00456544047194497	0.00493499923774118	0.00612705698895106	0.00772134400530617	0.00659811874100494	0.00671878330827727	0.00654584927745689	0.00602109226959972	0.00780820077198241	0.00689389998652303	0.00513605606359024	0.00633393428050726	0.00684549956823507	0.00739781452502329	0.00723046422951426	0.00813226656290257	0.00616748347951561	0.00905040293385889	0.00759207148473985	0.00763867219797511	0.00686645954913692	0.00571990515766752	0.00534769058728806	0.00907588649560791	0.00696892533693057	0.00845450575062202	0.00894679754237558	0.0091236482383143	0.00616442528577409	0.00598439665644247	0.00652001551014166	0.00743352718338013	0.0098398902376485	0.0116840816854484	0.00908495592086427	0.00608688241748804	0.0112611141568835	0.0108733710292941	0.0138667726129535	0.00736253520575651	0.00940680689537036	0.0147830357638817	0.0145418063282263	0.0107757019847555	0.0104740917434214	0.0158146521527029	0.0144963080634057	0.0122729423014221	0.0237320487569561	0.0372779372345897	0.0183321948736233	0.00400717959293616	0.0513867209524336	0.0293272190273445	0.0180391464362944
803.471	0.00494144125394462	0.0136475863036287	0.00658566184140737	0.0100576130978371	0.00927373789431381	0.0103542438429194	0.00976054832130916	0.00439250434957412	0.0098587280818824	0.00483873731311692	0.00192208026265636	0.00248539158997004	0.0113888436935236	0.00863008623024111	0.00450358993601466	0.00763803694936918	0.00224595260011002	0.0071876811076009	0.00764850692581519	0.00833768908318973	0.00808084513387837	0.00593434250519885	-0.0038428324664061	0.00599728394213936	0.00386965418264729	0.00397866225825045	0.00405614858435835	0.00362615772031683	0.00614035687717281	0.00925009317958558	0.00395638120836728	0.00434224547174452	0.00259157039722177	0.00421560430922313	1.83373720346443E-4	0.00502929427045634	0.00579344040625489	0.00197223535238108	0.00285127556570873	0.00148501806968457	0.00334683656966779	0.0037259300648467	-0.00241017440292109	0.00326785990933007	5.53212463972407E-4	0.00163957878680609	0.00231008663222457	0.0043180176847672	0.0052829793913023	4.37753788784268E-4	0.00199706420889533	0.0055010428033413	0.00271199815822458	0.00244214289793015	0.00385848743851009	0.00131784510232689	0.00221199985791768	0.00681481275095313	0.00249028032267034	0.00256923551709005	0.00356093086955761	0.00124303043485192	0.00494124078503189	0.00212732305371481	-1.06503927404342E-4	3.16472800288493E-4	0.00476516770883783	0.0024959707215699	0.00445234553643481	0.00338708997685403	0.00221325593056128	0.00287631080183165	0.00180419035838226	0.00344640472034007	0.00484727798007251	0.00191934981836291	0.0023926748745686	0.00134081431342959	6.16121183627008E-4	0.00157268622184757	0.00225488458373113	0.00271173644286944	0.00382595405341061	0.00210719955597333	0.00201937342960957	0.00270869884815516	0.00123496269333791	0.00264477368634161	0.00261569481737893	9.57045427152121E-4	0.00208827182977589	0.00100512949297894	0.00146081710642851	0.00119688388084579	0.00200570957957916	0.00163059183438949	0.00145666125324142	3.22489728073052E-4	0.00157582176091696	0.00182506498344054	0.00127850335121829	0.00117665037823386	0.00137767397073987	0.00140635703288792	0.00207647225850419	0.00204921748042542	6.69612211258965E-4	0.00229171282839352	0.00126376137434872	8.87615525018633E-4	0.00162925479540618	0.00121545957110668	9.50997549154989E-4	8.40292844518923E-4	0.00121915438300567	9.12734581993992E-4	0.00100535245158469	0.00108915795129812	7.68042474054445E-4	4.52842591983934E-4	8.41193304158759E-4	0.00126791072297987	0.00138347475656017	0.00112679530127363	0.00142239616256755	0.00131813704850573	0.00177942343618802	0.00255982028471624	0.00139797965323554	9.22025066458215E-4	0.00126770174922817	5.349488677759E-4	0.00125276178962571	0.00121014084885058	0.00142102011899356	8.58400455116508E-4	0.00219646641912877	0.0019267801024749	0.00120793408144595	0.00128421794688926	6.79713871557473E-4	0.00180493503297066	0.00188466149095184	0.00163292814009282	0.00177290144629704	0	0	0	0	0	0	0	0	0	0	0.00168614714878306	0.00157181414175172	0.00203106401249718	0.00140677674201689	0.00212068597727127	0.00174369816986155	0.00208384995897856	0.00251085629552144	0.00201969158951068	0.00328093538141404	0.00203851484003465	0.00395001203428563	0.00368295835000714	0.00310101850956145	0.00275500734952267	0.00306254132984218	0.00373114325240207	0.00432029937541948	0.00380015330757748	0.00364377871551208	0.00360218519400705	0.0040557411605413	0.00361378221025657	0.00454798310391187	0.00477796061218855	0.0043098402511389	0.00433875007956238	0.00472685190055547	0.00488300294513057	0.00571935830776904	0.00605639647751637	0.00571319863300235	0.00509718099470006	0.00625940551899831	0.00541228932025666	0.00554387841248188	0.005487419452918	0.0050494283773045	0.00501509346883533	0.00662964523676939	0.00665453076218176	0.00545582191752099	0.00713960956974369	0.00580620314265201	0.00513666363210503	0.00663249195658311	0.00817575134102955	0.00494888006242022	0.00621819489068519	0.00530572443418128	0.00742591121851606	0.00810305826483606	0.00788891377665991	0.0067935880499882	0.00765088749029315	0.00688125795559328	0.00489101524503204	0.00800571079320105	0.00975063152069551	0.013849714098492	0.00968248557676309	0.0125622330682408	0.0106899028016854	0.0131074384392482	0.00971745716384662	0.00870816042365344	0.00960386552730325	0.011093797270421	0.0167157024210558	0.0101461078765161	0.0182081307096736	0.0265474782735113	0.0124629423594579	0.0235347473519568	0.0264223301880661	0.0361001292721811	0.0356883648078589	0.0322251086043856	0.039570323811064	0.059869665303413	0.04673020504593
808.24	-2.21995365386193E-4	0.00110130151731334	0.0080289054726685	-0.00242149201371282	0.00438474555507494	-0.00564672368070338	-0.00465540412129763	-0.00643883844725599	0.00739557382177757	0.00336945282689815	-0.00591580791423256	7.30793148082923E-4	0.00370220866892472	0.00278551168021132	0.00109439080260631	-0.00241083227354402	6.59101816842498E-4	-3.93407578417996E-4	-0.00635286071716183	1.28694675192265E-4	0.00239911377830162	-0.00222786725112835	4.8031984129786E-4	6.92551764524868E-4	0.00199073787742002	0.00429941833471068	0.00117262893146133	0.00373265284578824	0.00550580460967696	-0.00446790350630192	7.10291654320481E-4	0.00217119667049154	0.00163212607689592	-9.34588103107208E-4	-0.00137472671353697	0.00260474986426221	7.02210046000792E-4	0.00317300282557719	-0.00201224829538904	7.42591962264725E-4	-0.00220364606024102	-0.00226796011157609	-0.00249167811581618	-0.00135462663244487	-1.57900367322921E-4	-0.00187380473284206	1.54583116451765E-4	0.00136366356553909	-2.19173249286853E-7	-0.0037206098227645	8.56452061543567E-4	-0.00306371487259442	-0.00318670487717797	1.98338155716253E-4	8.36151849509495E-4	0.00163251751030617	8.60838760741946E-4	-8.42738980685616E-4	-5.92735091106796E-4	-0.00245087307428235	3.45428461189164E-4	0.00129978496976222	0.00116643541618074	8.72991222127744E-4	6.43955320153823E-4	1.64937474156017E-7	-6.73025210682607E-4	-6.11314932247706E-4	0.00195040926089117	2.94549743403622E-4	6.25855202066551E-4	1.88914204071786E-4	8.79092433497503E-4	-6.34503999760184E-4	-0.00329103639551081	-9.15906595682037E-4	0.00239321152209732	0.00213511418743514	-4.92349001570538E-4	-0.00161243665780555	-3.93690620144566E-4	0.0013169604845762	-5.67512211102704E-4	0.00214467377398608	0.00158687886294298	7.38833024614326E-4	6.51742273377464E-4	3.39717381238763E-5	9.48167353850505E-4	9.5942323364507E-5	7.794228807072E-4	1.21930922395519E-4	7.45497583109893E-4	0.00131399938513171	-0.00103150642183129	4.22128379593035E-4	-6.59688598450467E-4	-3.22594114754024E-4	-2.0979187647201E-4	-7.69835493802842E-5	9.27949881140308E-4	4.56426374795306E-4	-2.90309489441911E-9	3.83561305122854E-4	2.91074168879387E-4	1.65739185810764E-4	3.85565963173435E-4	-4.77559598363569E-4	0.00108580409803388	9.38955420580948E-4	2.03506915078557E-4	0.00144865352179751	5.2995171210579E-4	2.77985044749243E-5	7.54099227569429E-4	5.31665252809392E-4	3.12770851834188E-4	6.3759272927851E-4	7.05806727456144E-4	4.79223058661898E-4	2.71317475603737E-4	2.47894870955575E-4	1.72341888441999E-5	6.16352032849352E-4	-5.51241047341294E-5	4.32735844962673E-4	-4.91871988007592E-4	8.92092444138067E-4	0.00139813245340185	0.00115293044623532	0.0015845475391056	1.56042515706884E-4	-1.97665239475779E-4	-3.45456522875634E-4	-2.11967831393494E-4	6.078743885684E-4	8.99954149716214E-4	9.32131900215716E-4	9.27552371889556E-4	1.10871500695353E-4	8.06832788687397E-4	0.00102535113406649	5.82396626901784E-4	0	0	0	0	0	0	0	0	0	0	7.20049216061299E-4	8.37240651795214E-4	0.00144900859167545	5.40047771686259E-4	4.15654548306705E-4	9.75804054976225E-4	0.00198693560259642	0.0015673174209471	0.00173334035402479	0.00124465442656107	9.98957818324315E-4	0.00110124555447964	0.00199617396075095	0.00204992647699687	0.00251236124002775	0.00201791595807079	0.00252175401798088	0.00234450928390592	0.00265550665649304	0.00333003148889015	0.00350487580327757	0.0030932430474229	0.002792497868424	0.0028114009342806	0.00406863179871121	0.00345508142839958	0.00358383394231365	0.00309855530635783	0.00344866557507148	0.00298148244456959	0.00412148642224865	0.00466908964666379	0.00490121486669667	0.00442118686708606	0.00440771649690617	0.00413711938287958	0.0054407496813659	0.00362989699577481	0.00399937746639294	0.00561436354289299	0.00410878246092629	0.00502667683618568	0.0045110853141422	0.00468176228855416	0.00525612042618247	0.00376947842009786	0.00433410491816664	0.00605638956341276	0.0044428073571693	0.00549108739429255	0.00369215086212457	0.00589238018544904	0.00417470590816354	0.00268582900037846	0.002744432895059	0.00632780470964731	0.00638653662487243	0.00373211750365636	0.00780038845184968	0.00439785865447038	0.00404065392373809	0.00773557641011764	0.00542270336232439	0.00464817286014147	0.00353202137652192	0.00641719595200986	0.00382870577546575	0.00627030540169575	0.00601887705995389	0.0011510616420275	0.00524324753634634	0.0114138451971111	0.00303751851194801	0.00100648102500891	0.00249284421252055	0.0158614941613089	0.0137834047672416	0.0110566524417722	0.0115254691198361	0.0231920816170604	-0.0182714012655541	6.00804459931541E-4	-0.00455913534774741
813.01	-0.00920959899395833	-0.0129897723606631	6.16360962661242E-4	-0.00447052826945624	-1.69195661715372E-4	0.00250819536065622	-0.00525663672916602	5.84523663918814E-4	-0.00362579363459113	-0.00102780587660416	0.00340131964676053	-0.00847674501020942	0.00199232290540516	-0.00250747996935116	0.00136279387575911	-0.00241466728799465	-0.00330266012434654	2.64433688688338E-4	-0.00142639814455571	-0.0023085437786362	0.00138865507167579	0.00321338686095353	0.00252226308370581	-0.00323166420654198	1.10583002774224E-4	-0.00225747851762527	-0.00170594241379015	-5.33577758263558E-4	0.00116388044109741	-0.00322284759124143	0.00395714136529936	-0.00296326940221853	-0.00278580947893215	0.00243335254573389	-0.00366592563615433	8.98268180386851E-4	-0.00175604654044088	4.29129658434869E-4	-0.00327131565231219	-0.00288812455565403	-8.16007783381507E-4	-8.11492064274697E-4	-0.00377707528146337	-0.00111692332809608	0.00181542004019879	4.68450035549689E-4	-6.16844141640786E-4	3.03044107289082E-4	-5.2189984167936E-4	2.91486728523403E-4	-7.19888303884223E-5	-7.67344470574451E-4	0.00298365306832473	0.00217826700315855	0.00109347341575598	0.00163201583356575	9.21265634611191E-4	6.62426849107031E-4	-8.30450709056737E-4	1.74173285418635E-4	0.00206748440577829	-8.47913813955914E-4	0.00127620206306311	-0.00125492724175113	0.00123375271417307	-4.21746227742648E-4	0.00139843753656554	-6.62345018675966E-4	-9.01002067116596E-4	-7.85555804503803E-4	-0.00101070066762877	0.00132062137998573	-0.00143446193067889	-2.72778483979264E-4	1.32970447274779E-4	3.48865270557131E-4	-2.1390474275304E-4	-4.61669541921491E-4	9.02097618520886E-4	-0.00145166694786258	1.9737260761044E-4	-7.63774649211517E-5	-3.78541661760371E-4	1.47386208454609E-4	0.00122604936890771	-0.00116077214535588	-2.75079837508778E-4	6.68944362111695E-5	4.56828251419707E-4	-5.74472937027407E-4	-0.0011847091786033	8.22506215739324E-4	5.94121491407894E-5	-5.54814667220363E-4	6.01652150566031E-4	1.96691011096747E-4	3.29872325997794E-4	0.0010474139068478	5.51269305126581E-4	4.62726415708118E-4	9.02495773862209E-4	1.61476709756956E-7	6.32532030296608E-4	-3.62437497021071E-4	-4.77405229339345E-4	5.38166985514326E-4	5.27657402575535E-4	1.89595941312376E-5	-1.24433237642828E-4	1.70686207593844E-4	7.80425466587548E-4	9.99589846722562E-5	4.52054147299777E-4	5.32551524147644E-4	-3.14275152476915E-4	2.31154433781344E-4	-1.78886212276749E-4	2.0885065355352E-4	2.59431999666386E-4	3.58784383660604E-4	4.70330495309563E-4	-2.78172298906337E-4	0.00108291616137077	3.3475912819912E-4	0.00132962971919474	7.2792447370228E-4	9.44033383976217E-4	8.91645274892859E-4	6.52551798522966E-4	2.04533591226164E-7	0.00110938210630636	-1.11470208289488E-4	-1.09868071362102E-4	7.9943155062405E-4	0.00133637447042133	2.15729138729199E-5	2.09358631797783E-4	2.33189494385879E-4	7.3354290982534E-4	2.65669633464818E-4	1.91163573574831E-4	-1.78309644865806E-4	0	0	0	0	0	0	0	0	0	0	0.00103447234217271	7.22606282036774E-5	0.00232000440382172	2.85338465981834E-4	7.97633127267955E-4	4.15680197244265E-4	5.90302953924803E-4	0.00158524542918746	0.00165555508724637	4.82915759978062E-4	8.29844675518347E-4	0.00108604510545274	0.00146823417963619	0.00115904838280624	0.00177253413818746	0.0018951236301391	0.00223056474033542	0.00178019859406722	0.00202785161174035	0.00299323636536279	0.003014200627047	0.0017950404632364	0.00305137722842879	0.00243033979342598	0.00274729760245812	0.00281374342131622	0.00266813441559292	0.00384968651669746	0.00154961716340499	0.00246678037854489	0.00333054908377655	0.0036925865242573	0.00425416397522381	0.00414732431679671	0.00367173020039994	0.00268205405833923	0.00465454986759764	0.0039904138678288	0.00451604963075212	0.00370804181004879	0.00442670890373964	0.00474417390533766	0.00456503488760721	0.0057734720931918	0.00429464691075738	0.00519040183720289	0.00332832953738795	0.00370527372942282	0.00429047300365991	0.00343541075541469	0.0031322137223876	0.00465442065060083	0.00380269679131436	0.00540574868472101	0.00463123697306704	0.00406789464450582	0.00482369851177754	0.0025874923892325	0.00303313176071161	0.00272476714950588	0.00492271914433439	0.00445919806525876	0.00744192957043165	0.0065852598584	0.00358951007008863	0.00612331543086895	0.00605046489396341	0.00284724020294434	0.00913519266035017	0.00370381968432244	0.0102020536496174	0.00779433789792123	0.00697912545367504	0.010000445596044	0.0044261328675215	0.00589275697097627	0.0115135897221021	0.00431162237830507	0.00520475852534402	-0.00557877650155537	0.00214965199065379	0.0182700538409827	0.0134690920733561	-0.0112843626330883
817.78	-4.41006741678234E-4	0.00968832911577563	-0.00329258368149889	-0.00111850637842111	0.00522885806703607	0.00455118192404644	0.0036051253689903	0.00834705725199125	0.00420649853701633	0.00190751733457132	4.45148258453993E-4	0.00292441517043191	0.00313317372376745	0.00501355569035408	0.00341503327477608	0.00375699567795652	0.00528584570856623	0.0018288505177345	0.00142639537849496	0.00423595312163248	0.00593627557604356	0.00185597105524505	0.00336290117033419	-0.00207595896842726	0.00641587532016367	0.00193749183878136	0.00203040590609427	0.00384121900801631	0.00169472110201444	-9.34739416086169E-4	1.02168968319888E-4	7.91529336163949E-4	0.00384176853990238	0.0043089613847862	0.00100869098293045	0.00314425293126412	0.00632203408486589	0.00248759351358389	-8.38364795644898E-4	0.00495156693423186	0.0023685763097631	0.00113653569050095	0.00168967948077183	7.97898315957769E-4	0.00458058943113621	0.00218679422009794	0.00261957503963939	0.00371343110607551	8.9385475160395E-4	-6.55989109336256E-4	2.86086745923139E-4	0.00285668112987801	0.00359473234725914	-7.92355413332795E-4	-0.00122234421928808	2.51942251139936E-4	0.00270396723696733	0.00162900982686975	0.00130496997021252	0.0025106886901253	0.00172394690011408	0.00327831922238194	-6.09770436677225E-4	0.00163694011195415	7.51176165271271E-4	3.16671438646308E-4	0.00150259775528217	7.64320043064208E-4	0.00135147710762667	0.00274989538704459	0.00221444138300953	0.00174537701990071	5.09123710384121E-4	-3.17368727071072E-4	8.01612637017439E-4	0.00130953886999078	0.00111170267160737	0.00192648694704673	5.34156515074695E-4	-7.96461799656944E-5	0.00178205172537321	0.00166628707074329	0.00234960216877956	4.06748265477084E-4	8.65686891338234E-4	0.00123162233612734	0.00195653104266838	0.00177535288503876	0.00127563674185946	0.00172315543127116	8.42388509862163E-4	8.22578473591442E-4	-1.48852236827701E-4	-4.67061269827768E-4	0.00108929797932836	-2.52701523473786E-4	0.00120966229872202	4.02733725631017E-4	0.00128722678116375	0.00154307842446594	4.76688445562116E-4	8.88967817931814E-4	6.32515823345037E-4	9.38032837036155E-4	7.06513882848472E-4	7.04818461530085E-4	6.29207189231604E-4	7.82772642880791E-4	3.38133287667038E-4	1.02536427725744E-4	-1.695836990968E-4	9.32641827264506E-4	4.67510899794869E-4	-1.54297641337039E-4	3.13857980278256E-4	7.74503936327046E-4	3.23832673447702E-4	6.49552654813407E-4	1.61660629774284E-4	6.39029689465491E-4	4.27317025842001E-4	2.63493989626162E-4	8.3467641321965E-4	0.00110999393716877	8.32460262101541E-4	3.7473566288578E-4	0.00105224662001937	4.80980254047778E-4	4.68571927009877E-5	0.00119931854990234	0.00101917977439993	2.89851402205362E-4	8.354332855721E-4	0.0018803276386118	-3.1787072693693E-4	8.80017865979587E-4	0.00136041274475172	0.00114431432989009	-1.72669122647169E-4	0.00139538559623781	3.4016487052202E-4	0	0	0	0	0	0	0	0	0	0	0.00126341066596237	7.22472890974184E-4	7.20383807862907E-4	0.00126837045695294	9.26744360354485E-4	0.00173657056249589	0.00129299376237912	0.00179315753714163	0.0018533454452267	0.00216359383092449	0.00182148022115879	0.00244610877058275	0.00260655280491604	0.00228884692376943	0.00180316915745065	0.00303279493291227	0.00200180890436585	0.00252825514452581	0.00201330239737202	0.00285162647926022	0.00316154460721521	0.00411072432780536	0.00247099397606842	0.00264879564283584	0.00328342711389451	0.00300515525284305	0.00385302760386287	0.00328084658426215	0.00342966845387541	0.00323369655552068	0.00427148190734603	0.00414637833199682	0.00400332682180251	0.004963149300045	0.0032934995678944	0.00403426006623204	0.00422259331008898	0.00498206922634394	0.00379540850334206	0.00425943192039292	0.00329985639963255	0.00481319303988141	0.00441186600810535	0.00512006545680647	0.00586834922967992	0.00590972616449086	0.00479427352538585	0.00312522944141534	0.00545341651597513	0.00620180616268121	0.00414546204736443	0.00595618546226632	0.00313099757578819	0.00606094922518697	0.00676885406447519	0.0047243063049808	0.00313727202754888	0.00664090444655798	0.00391099305538223	0.00618310401566769	0.0040884446054285	0.00617108968020865	0.00696790261803549	0.0065579429044939	0.00767064098398438	0.00832242479146347	0.00413718230210964	0.00623514826504598	0.00677482554304919	0.0126410123243488	0.0101869680879498	0.00905766275426095	0.01063092440554	0.0141136671322407	0.0130382041950139	0.00583457676458465	0.0149600493866641	0.009978862695857	0.0175230998048752	0.0185372671927263	0.00631517688735163	0.0184743148933979	0.0203004449210243	0.0238360117563757	0.0195118551686422
822.552	0.00741582871402882	0.00352407981295648	0.00741404657670743	-9.3232760329322E-4	-0.00826574733855018	-0.00345395805303326	-0.00315394216012349	0.00585472620842846	0.00362537333876653	0.00587301352241296	-0.00103470189750091	-0.0010226922390677	0.00398819773277186	0.00640609128562587	-2.70490507371622E-4	0.00295497856435178	-0.00184955014185422	-0.00274621287776163	0.00155608799277125	0.00282273194807007	-1.26399418129136E-4	0.00494906696485516	-0.00132157991155125	0.00461710443607744	0.0029865364176308	0.00172078218706519	0.0029885458109617	0.00352216076183266	-0.00275284291908191	0.0050959388557173	-3.03515884680024E-4	0.0031604241138226	7.68665401144798E-4	0.0043098224950685	0.0010084286422235	8.9855495161451E-5	-3.512045243931E-4	0.00223036015836578	0.00352429171526787	0.00305378228661224	7.35413222276447E-4	-7.96026837633473E-5	0.00128788581187846	0.00199421545992409	-0.00544906811335231	0.00492048813043993	-3.07748492242744E-4	6.81948975289638E-4	-7.4484431975325E-5	-5.10342431509588E-4	9.28157734387283E-4	0.00236971459470056	8.14042987503876E-4	6.60500379797007E-4	-5.79053108600419E-4	-3.13402571997743E-4	0.0019678420732248	4.83445614547688E-4	0.0017797206961221	-8.16132940801182E-4	1.15609390475069E-4	-1.13132811853719E-4	-3.33401310863287E-4	0.00261950917667706	1.6135776202777E-4	7.90778675344925E-4	0.00139908983397011	3.56712838155293E-4	2.50764317113779E-4	9.33086455640674E-4	0.00134834896900707	-0.00132085367120654	2.31647796133397E-4	0.00149783354520818	-5.33628175886533E-4	0.00253127066445916	-4.23542058188062E-5	0.00138228072416591	-8.18043489921365E-5	0.00177458843449535	0.00154500636782992	5.81598614639577E-4	6.82387766625736E-4	-1.10553345061176E-4	7.94030969881677E-4	3.51971053162972E-4	6.86244064496988E-4	0.00134000618170173	9.81077673392611E-4	7.66005173595511E-4	3.43547979885613E-4	6.09429094043E-4	0.00137193029939162	6.1334590364216E-4	-4.87130478672927E-4	3.09227734789694E-4	5.22395039682031E-4	4.29770775931182E-4	9.98237335184125E-4	-2.57044096229445E-4	3.01298187898784E-4	0.00103313912576757	8.81149025460286E-4	8.31425347422364E-4	6.23193933337393E-4	8.28682878637669E-4	4.26282679588891E-4	-6.30839435352538E-4	6.40786492883709E-4	3.58687428142157E-4	2.37792894162228E-4	-8.33364923159839E-5	7.32868039789628E-4	9.52858870437065E-4	6.29035896355471E-5	5.3171820865314E-4	4.6931690579913E-4	3.13360381766823E-4	2.35899129170531E-4	1.471689313083E-4	5.99261506712058E-4	1.555446118016E-4	0.00111786926970308	3.52133777679157E-7	4.81062603243545E-4	-1.95802038358492E-4	2.57454816455762E-4	4.80378571013883E-4	0.00118875314265364	9.22411968398904E-4	2.94585250137744E-4	0.00149400128200597	6.81612059907338E-4	0.00108070142214254	0.00140054305940151	1.47210386510107E-4	0.00131847207474483	0.00105906935379397	9.27845438092094E-4	7.53191122988226E-4	0	0	0	0	0	0	0	0	0	0	8.19395799394105E-4	0.00140861376041551	0.00103491354596783	0.0016557652477225	0.00239240323366858	0.00111710954723187	0.00140827975334831	0.00154705924071236	9.76126743378626E-4	1.11632216097678E-4	0.00121436115520986	0.00232615519331833	0.00200952416670469	0.00295479287029543	0.00244021649305843	0.00255463075301957	0.00181557593501051	0.00310943678634235	0.00212475613777327	0.00281914467721731	0.00162626055922539	0.00257168823725977	0.00200276542704793	0.00219657453562352	0.00360286784068296	0.00373159832233099	0.00313426537041507	0.00333375398299529	0.00328115483086386	0.0040053681531513	0.00375076778111773	0.00308416339260778	0.00377391204228965	0.00328883381748415	0.00347309810807619	0.0033943018023852	0.00429337723969955	0.00422291103044988	0.00348498052158976	0.00502366603234817	0.00425971682611764	0.00435076567184438	0.00496232513940167	0.00314224501281546	0.00444174664719043	0.00508059718228452	0.00565163477013715	0.0061174032275538	0.00557045910633106	0.00426492807008488	0.00439959878592949	0.00384703428408294	0.00506711601892666	0.00305103752052853	0.00581047820859798	0.00276927376881562	0.00338147718087406	0.0040687858674731	0.00513636564865503	0.00462640459645292	0.00285813672383464	0.00532768501494269	0.00538465873015977	0.00717755502742948	0.00633743645362356	0.00798140034803388	0.00807920191048806	0.00836655698062107	0.00742745306161567	0.00716851763492581	0.00212773615283266	0.010767318556079	0.0099494027823722	0.00879154995513665	0.00840548504765177	0.00785944007005961	0.00824939906603007	0.0151882353982199	0.0112599661680446	0.0129280024425165	0.0139921192583247	-0.00632822512779672	0.014602838432388	0.0162404843511696	0.0121938055834972	0.0384226187410837
