Sample - Blank	700	698	696	694	692	690	688	686	684	682	680	678	676	674	672	670	668	666	664	662	660	658	656	654	652	650	648	646	644	642	640	638	636	634	632	630	628	626	624	622	620	618	616	614	612	610	608	606	604	602	600	598	596	594	592	590	588	586	584	582	580	578	576	574	572	570	568	566	564	562	560	558	556	554	552	550	548	546	544	542	540	538	536	534	532	530	528	526	524	522	520	518	516	514	512	510	508	506	504	502	500	498	496	494	492	490	488	486	484	482	480	478	476	474	472	470	468	466	464	462	460	458	456	454	452	450	448	446	444	442	440	438	436	434	432	430	428	426	424	422	420	418	416	414	412	410	408	406	404	402	400	398	396	394	392	390	388	386	384	382	380	378	376	374	372	370	368	366	364	362	360	358	356	354	352	350	348	346	344	342	340	338	336	334	332	330	328	326	324	322	320	318	316	314	312	310	308	306	304	302	300	298	296	294	292	290	288	286	284	282	280	278	276	274	272	270	268	266	264	262	260	258	256	254	252	250	248	246	244	242	240	238	236	234	232	230
nm																																																																																																																																																																																																																																												
Normalized by 10307.053																																																																																																																																																																																																																																												
245.154	0	0	0	0	0	0	0	0	0	0	0	0	0	0	0	0	0	0	0	0	0	0	0	0	0	0	0	0	0	0	0	0	0	0	0	0	0	0	0	0	0	0	0	0	0	0	0	0	0	0	0	0	0	0	0	0	0	0	0	0	0	0	0	0	0	0	0	0	0	0	0	0	0	0	0	0	0	0	0	0	0	0	0	0	0	0	0	0	0	0	0	0	0	0	0	0	0	0	0	0	0	0	0	0	0	0	0	0	0	0	0	0	0	0	0	0	0	0	0	0	0	0	0	0	0	0	0	0	0	0	0	0	0	0	0	0	0	0	0	0	0	0	0	0	0	0	0	0	0	0	0	0	0	0	0	0	0	0	0	0	0	0	0	0	0	0	0	0	0	0	0	0	0	0	0	0	0	0	0	0	0	0	0	0	0	0	0	0	0	0	0	0	0	0	0	0	0	0	0	0	0	0	0	0	0	0	0	0	0	0	0	0	0	0	0	0	0	0	0	0	0	0	0	0	0	0	0	0	0	0	0	0	0	-0.0507572216001735	-0.153131927452683	-0.492777629452238
249.632	0	0	0	0	0	0	0	0	0	0	0	0	0	0	0	0	0	0	0	0	0	0	0	0	0	0	0	0	0	0	0	0	0	0	0	0	0	0	0	0	0	0	0	0	0	0	0	0	0	0	0	0	0	0	0	0	0	0	0	0	0	0	0	0	0	0	0	0	0	0	0	0	0	0	0	0	0	0	0	0	0	0	0	0	0	0	0	0	0	0	0	0	0	0	0	0	0	0	0	0	0	0	0	0	0	0	0	0	0	0	0	0	0	0	0	0	0	0	0	0	0	0	0	0	0	0	0	0	0	0	0	0	0	0	0	0	0	0	0	0	0	0	0	0	0	0	0	0	0	0	0	0	0	0	0	0	0	0	0	0	0	0	0	0	0	0	0	0	0	0	0	0	0	0	0	0	0	0	0	0	0	0	0	0	0	0	0	0	0	0	0	0	0	0	0	0	0	0	0	0	0	0	0	0	0	0	0	0	0	0	0	0	0	0	0	0	0	0	0	0	0	0	0	0	0	0	0	0	0	0	0	-0.0309272495231722	-0.0555420892684716	-0.291180189445748	-0.702454603273379	-1.12642599519447
254.115	0	0	0	0	0	0	0	0	0	0	0	0	0	0	0	0	0	0	0	0	0	0	0	0	0	0	0	0	0	0	0	0	0	0	0	0	0	0	0	0	0	0	0	0	0	0	0	0	0	0	0	0	0	0	0	0	0	0	0	0	0	0	0	0	0	0	0	0	0	0	0	0	0	0	0	0	0	0	0	0	0	0	0	0	0	0	0	0	0	0	0	0	0	0	0	0	0	0	0	0	0	0	0	0	0	0	0	0	0	0	0	0	0	0	0	0	0	0	0	0	0	0	0	0	0	0	0	0	0	0	0	0	0	0	0	0	0	0	0	0	0	0	0	0	0	0	0	0	0	0	0	0	0	0	0	0	0	0	0	0	0	0	0	0	0	0	0	0	0	0	0	0	0	0	0	0	0	0	0	0	0	0	0	0	0	0	0	0	0	0	0	0	0	0	0	0	0	0	0	0	0	0	0	0	0	0	0	0	0	0	0	0	0	0	0	0	0	0	0	0	0	0	0	0	0	0	0	0	0.0212995346335778	-0.00667424201614139	-0.0303266260780685	-0.158266712031722	-0.40956076019868	-0.599015572656598	-0.656132688539096	-0.558061174846192
258.601	0	0	0	0	0	0	0	0	0	0	0	0	0	0	0	0	0	0	0	0	0	0	0	0	0	0	0	0	0	0	0	0	0	0	0	0	0	0	0	0	0	0	0	0	0	0	0	0	0	0	0	0	0	0	0	0	0	0	0	0	0	0	0	0	0	0	0	0	0	0	0	0	0	0	0	0	0	0	0	0	0	0	0	0	0	0	0	0	0	0	0	0	0	0	0	0	0	0	0	0	0	0	0	0	0	0	0	0	0	0	0	0	0	0	0	0	0	0	0	0	0	0	0	0	0	0	0	0	0	0	0	0	0	0	0	0	0	0	0	0	0	0	0	0	0	0	0	0	0	0	0	0	0	0	0	0	0	0	0	0	0	0	0	0	0	0	0	0	0	0	0	0	0	0	0	0	0	0	0	0	0	0	0	0	0	0	0	0	0	0	0	0	0	0	0	0	0	0	0	0	0	0	0	0	0	0	0	0	0	0	0	0	0	0	0	0	0	0	0	0	0	0	0	0	0	0	0.0119861863937624	0.00566047363562469	-0.0212968656676691	-0.0962893355834699	-0.260300137768945	-0.422059499630501	-0.502244749498063	-0.405086039919706	-0.194635400165293	-0.0427690192407091
263.091	0	0	0	0	0	0	0	0	0	0	0	0	0	0	0	0	0	0	0	0	0	0	0	0	0	0	0	0	0	0	0	0	0	0	0	0	0	0	0	0	0	0	0	0	0	0	0	0	0	0	0	0	0	0	0	0	0	0	0	0	0	0	0	0	0	0	0	0	0	0	0	0	0	0	0	0	0	0	0	0	0	0	0	0	0	0	0	0	0	0	0	0	0	0	0	0	0	0	0	0	0	0	0	0	0	0	0	0	0	0	0	0	0	0	0	0	0	0	0	0	0	0	0	0	0	0	0	0	0	0	0	0	0	0	0	0	0	0	0	0	0	0	0	0	0	0	0	0	0	0	0	0	0	0	0	0	0	0	0	0	0	0	0	0	0	0	0	0	0	0	0	0	0	0	0	0	0	0	0	0	0	0	0	0	0	0	0	0	0	0	0	0	0	0	0	0	0	0	0	0	0	0	0	0	0	0	0	0	0	0	0	0	0	0	0	0	0	0	0	0	0	0	0	0	0.00132770550645425	-0.00451215436528542	-0.0196700030706882	-0.0837238904094559	-0.21234972380491	-0.334718978418365	-0.447269671687268	-0.334179210453636	-0.196896024660998	-0.0610199148787605	-0.0639796616749062	-0.0598296525853747
267.584	0	0	0	0	0	0	0	0	0	0	0	0	0	0	0	0	0	0	0	0	0	0	0	0	0	0	0	0	0	0	0	0	0	0	0	0	0	0	0	0	0	0	0	0	0	0	0	0	0	0	0	0	0	0	0	0	0	0	0	0	0	0	0	0	0	0	0	0	0	0	0	0	0	0	0	0	0	0	0	0	0	0	0	0	0	0	0	0	0	0	0	0	0	0	0	0	0	0	0	0	0	0	0	0	0	0	0	0	0	0	0	0	0	0	0	0	0	0	0	0	0	0	0	0	0	0	0	0	0	0	0	0	0	0	0	0	0	0	0	0	0	0	0	0	0	0	0	0	0	0	0	0	0	0	0	0	0	0	0	0	0	0	0	0	0	0	0	0	0	0	0	0	0	0	0	0	0	0	0	0	0	0	0	0	0	0	0	0	0	0	0	0	0	0	0	0	0	0	0	0	0	0	0	0	0	0	0	0	0	0	0	0	0	0	0	0	0	0	0	0	0	0	0.00923466488256373	-0.00268888381618982	-0.010436406134904	-0.0496640186329916	-0.110249849944348	-0.241505875243712	-0.326432273009286	-0.268462566319905	-0.152742902040117	-0.0586204635081048	-0.0213883117865397	0.00709588373995656	-0.0433403263859907	-0.0159673081894831
272.082	0	0	0	0	0	0	0	0	0	0	0	0	0	0	0	0	0	0	0	0	0	0	0	0	0	0	0	0	0	0	0	0	0	0	0	0	0	0	0	0	0	0	0	0	0	0	0	0	0	0	0	0	0	0	0	0	0	0	0	0	0	0	0	0	0	0	0	0	0	0	0	0	0	0	0	0	0	0	0	0	0	0	0	0	0	0	0	0	0	0	0	0	0	0	0	0	0	0	0	0	0	0	0	0	0	0	0	0	0	0	0	0	0	0	0	0	0	0	0	0	0	0	0	0	0	0	0	0	0	0	0	0	0	0	0	0	0	0	0	0	0	0	0	0	0	0	0	0	0	0	0	0	0	0	0	0	0	0	0	0	0	0	0	0	0	0	0	0	0	0	0	0	0	0	0	0	0	0	0	0	0	0	0	0	0	0	0	0	0	0	0	0	0	0	0	0	0	0	0	0	0	0	0	0	0	0	0	0	0	0	0	0	0	0	0	0	0	0	0	0.0267103873702854	-0.00224135963168671	-0.00484530754376284	-0.00761654290746752	-0.0386709379311945	-0.103290943505695	-0.196548821116288	-0.275481676354529	-0.276382014527952	-0.151639003202766	-0.05819590620441	-0.0115411131957068	-0.00414099668696384	-0.0155723496689025	0.0116067059117209	-0.0158309854959321	-0.0511345949521451
276.583	0	0	0	0	0	0	0	0	0	0	0	0	0	0	0	0	0	0	0	0	0	0	0	0	0	0	0	0	0	0	0	0	0	0	0	0	0	0	0	0	0	0	0	0	0	0	0	0	0	0	0	0	0	0	0	0	0	0	0	0	0	0	0	0	0	0	0	0	0	0	0	0	0	0	0	0	0	0	0	0	0	0	0	0	0	0	0	0	0	0	0	0	0	0	0	0	0	0	0	0	0	0	0	0	0	0	0	0	0	0	0	0	0	0	0	0	0	0	0	0	0	0	0	0	0	0	0	0	0	0	0	0	0	0	0	0	0	0	0	0	0	0	0	0	0	0	0	0	0	0	0	0	0	0	0	0	0	0	0	0	0	0	0	0	0	0	0	0	0	0	0	0	0	0	0	0	0	0	0	0	0	0	0	0	0	0	0	0	0	0	0	0	0	0	0	0	0	0	0	0	0	0	0	0	0	0	0	0	0	0	0	0	0	0	0	0	0	0.0142442924921132	0.00858189049445856	-8.00930305003288E-4	-0.00923428571473835	-0.0285192657504336	-0.0683434754897373	-0.173378493922587	-0.206049275870499	-0.204626885423156	-0.127664023833353	-0.0330726831188466	-0.0108311916159179	0.0157438886974576	0.00239748083199568	0.00366651205477978	0.0401705725407359	-0.0461557207043111	-0.0157866444504003	-0.0109970154017435
281.087	0	0	0	0	0	0	0	0	0	0	0	0	0	0	0	0	0	0	0	0	0	0	0	0	0	0	0	0	0	0	0	0	0	0	0	0	0	0	0	0	0	0	0	0	0	0	0	0	0	0	0	0	0	0	0	0	0	0	0	0	0	0	0	0	0	0	0	0	0	0	0	0	0	0	0	0	0	0	0	0	0	0	0	0	0	0	0	0	0	0	0	0	0	0	0	0	0	0	0	0	0	0	0	0	0	0	0	0	0	0	0	0	0	0	0	0	0	0	0	0	0	0	0	0	0	0	0	0	0	0	0	0	0	0	0	0	0	0	0	0	0	0	0	0	0	0	0	0	0	0	0	0	0	0	0	0	0	0	0	0	0	0	0	0	0	0	0	0	0	0	0	0	0	0	0	0	0	0	0	0	0	0	0	0	0	0	0	0	0	0	0	0	0	0	0	0	0	0	0	0	0	0	0	0	0	0	0	0	0	0	0	0	0	0	0	0.00400421684207166	0.00220161315072223	8.0989530750914E-4	-0.00406076587699732	-0.0168810936426381	-0.0716789319098268	-0.1227752656086	-0.176940898287377	-0.188831204641811	-0.124448173028344	-0.0542121270148975	-0.0209251425304096	-0.0150348669508565	-0.00546276335802068	0.0178203809748222	0.00703502207116331	-0.00853634214163386	0.00105014197051156	-0.021330109978793	-0.0340179499504788	-0.0333084296864916
285.595	0	0	0	0	0	0	0	0	0	0	0	0	0	0	0	0	0	0	0	0	0	0	0	0	0	0	0	0	0	0	0	0	0	0	0	0	0	0	0	0	0	0	0	0	0	0	0	0	0	0	0	0	0	0	0	0	0	0	0	0	0	0	0	0	0	0	0	0	0	0	0	0	0	0	0	0	0	0	0	0	0	0	0	0	0	0	0	0	0	0	0	0	0	0	0	0	0	0	0	0	0	0	0	0	0	0	0	0	0	0	0	0	0	0	0	0	0	0	0	0	0	0	0	0	0	0	0	0	0	0	0	0	0	0	0	0	0	0	0	0	0	0	0	0	0	0	0	0	0	0	0	0	0	0	0	0	0	0	0	0	0	0	0	0	0	0	0	0	0	0	0	0	0	0	0	0	0	0	0	0	0	0	0	0	0	0	0	0	0	0	0	0	0	0	0	0	0	0	0	0	0	0	0	0	0	0	0	0	0	0	0	0	0	0.0109503264724923	0.0128402429005904	0.00900477200035231	0.00744194913979658	-0.0119991636581959	-0.0417172067939156	-0.107745334121478	-0.1570395615507	-0.144947311147616	-0.102003955562819	-0.0417752503897041	-0.00978686590243102	8.41524621342543E-4	0.00625073375735952	0.0222268193612466	0.0139197626240235	0.0130069584684724	0.0235509348934161	0.0279742325102499	0.0209337340956828	0.0110581118239554	-7.56244943590218E-4	0.0486385615605105
290.107	0	0	0	0	0	0	0	0	0	0	0	0	0	0	0	0	0	0	0	0	0	0	0	0	0	0	0	0	0	0	0	0	0	0	0	0	0	0	0	0	0	0	0	0	0	0	0	0	0	0	0	0	0	0	0	0	0	0	0	0	0	0	0	0	0	0	0	0	0	0	0	0	0	0	0	0	0	0	0	0	0	0	0	0	0	0	0	0	0	0	0	0	0	0	0	0	0	0	0	0	0	0	0	0	0	0	0	0	0	0	0	0	0	0	0	0	0	0	0	0	0	0	0	0	0	0	0	0	0	0	0	0	0	0	0	0	0	0	0	0	0	0	0	0	0	0	0	0	0	0	0	0	0	0	0	0	0	0	0	0	0	0	0	0	0	0	0	0	0	0	0	0	0	0	0	0	0	0	0	0	0	0	0	0	0	0	0	0	0	0	0	0	0	0	0	0	0	0	0	0	0	0	0	0	0	0	0	0	0	0	0.0222060750778445	0.0159302170024013	0.0160801779368375	0.0166064552858267	0.0119796734964678	-0.00187767385194349	-0.0308946425523283	-0.0902103126705567	-0.118606097676262	-0.139953897355809	-0.0961017098032658	-0.0372564324178613	-0.00569048133903617	0.00831880045022	0.00805863741331963	0.0107013637013228	0.0104775742744492	0.0162119059711842	0.00524730205803448	0.0177199858209073	0.0138251978273504	0.0240854802916413	0.0406938861692228	0.0367416876151153	0.0318235559439359	0.0412877486084552
294.623	0	0	0	0	0	0	0	0	0	0	0	0	0	0	0	0	0	0	0	0	0	0	0	0	0	0	0	0	0	0	0	0	0	0	0	0	0	0	0	0	0	0	0	0	0	0	0	0	0	0	0	0	0	0	0	0	0	0	0	0	0	0	0	0	0	0	0	0	0	0	0	0	0	0	0	0	0	0	0	0	0	0	0	0	0	0	0	0	0	0	0	0	0	0	0	0	0	0	0	0	0	0	0	0	0	0	0	0	0	0	0	0	0	0	0	0	0	0	0	0	0	0	0	0	0	0	0	0	0	0	0	0	0	0	0	0	0	0	0	0	0	0	0	0	0	0	0	0	0	0	0	0	0	0	0	0	0	0	0	0	0	0	0	0	0	0	0	0	0	0	0	0	0	0	0	0	0	0	0	0	0	0	0	0	0	0	0	0	0	0	0	0	0	0	0	0	0	0	0	0	0	0	0	0	0	0	0	0	0.0202365187051199	0.0207158560431704	0.0212630763987743	0.0228741719112234	0.0149922434390105	0.00273676038283349	-0.0216471098530307	-0.0649924874286234	-0.102874037357651	-0.104448068746218	-0.0765531354775841	-0.0346441270750176	-0.00425844945996354	0.0101060972546984	0.0102993326925072	0.00470743886291377	0.0179096779919539	0.0271232335903349	0.0158641291739718	0.0227131404307871	0.0220077653402789	0.0244651933637955	0.0300751943369804	0.0299581329882257	0.0399208285192727	0.0360313880505607	0.0733365534268249	0.027619763276836
299.142	0	0	0	0	0	0	0	0	0	0	0	0	0	0	0	0	0	0	0	0	0	0	0	0	0	0	0	0	0	0	0	0	0	0	0	0	0	0	0	0	0	0	0	0	0	0	0	0	0	0	0	0	0	0	0	0	0	0	0	0	0	0	0	0	0	0	0	0	0	0	0	0	0	0	0	0	0	0	0	0	0	0	0	0	0	0	0	0	0	0	0	0	0	0	0	0	0	0	0	0	0	0	0	0	0	0	0	0	0	0	0	0	0	0	0	0	0	0	0	0	0	0	0	0	0	0	0	0	0	0	0	0	0	0	0	0	0	0	0	0	0	0	0	0	0	0	0	0	0	0	0	0	0	0	0	0	0	0	0	0	0	0	0	0	0	0	0	0	0	0	0	0	0	0	0	0	0	0	0	0	0	0	0	0	0	0	0	0	0	0	0	0	0	0	0	0	0	0	0	0	0	0	0	0	0	0	0.0194335765442701	0.0223930642503178	0.0278570864765289	0.0254580956624656	0.0301995357785002	0.0179450132127885	-4.80415826612307E-4	-0.0311637681392366	-0.0712543856928035	-0.0887387129392996	-0.0514113543537312	-0.0175523034297537	0.00371428843963109	0.0156623113961161	0.0207621767686768	0.0196005325868793	0.0216343795734774	0.0242014065705261	0.0196860638055796	0.0171368385625139	0.0232911881015695	0.0186228162742526	0.0331641765713184	0.0199449536950903	0.0162455603141129	0.0290455272252837	0.0499226108231889	0.0726085825413118	0.0742623471589079	0.0796642265775834
303.665	0	0	0	0	0	0	0	0	0	0	0	0	0	0	0	0	0	0	0	0	0	0	0	0	0	0	0	0	0	0	0	0	0	0	0	0	0	0	0	0	0	0	0	0	0	0	0	0	0	0	0	0	0	0	0	0	0	0	0	0	0	0	0	0	0	0	0	0	0	0	0	0	0	0	0	0	0	0	0	0	0	0	0	0	0	0	0	0	0	0	0	0	0	0	0	0	0	0	0	0	0	0	0	0	0	0	0	0	0	0	0	0	0	0	0	0	0	0	0	0	0	0	0	0	0	0	0	0	0	0	0	0	0	0	0	0	0	0	0	0	0	0	0	0	0	0	0	0	0	0	0	0	0	0	0	0	0	0	0	0	0	0	0	0	0	0	0	0	0	0	0	0	0	0	0	0	0	0	0	0	0	0	0	0	0	0	0	0	0	0	0	0	0	0	0	0	0	0	0	0	0	0	0	0	0.0193837967918947	0.0241729340235635	0.0245739514207636	0.0293915979862656	0.0314854238501725	0.0264877439955293	0.00276764697566286	-0.0187969305452236	-0.04949137705597	-0.0579450787675015	-0.0393100976809866	-0.0148996819406957	0.0121042050239589	0.0230966386363692	0.0221013312635715	0.0230530969261214	0.0182157370585104	0.0240823120136535	0.0118528663248901	0.0234236638198153	0.0152661522868909	0.0139291605813823	0.0159316503863001	0.0239159541122016	0.0178652572784656	0.0235813714294241	0.0286572163404195	0.0453320184247107	0.0404357904590423	0.0456049857631777	0.090775664590691	0.0647358394980519
308.191	0	0	0	0	0	0	0	0	0	0	0	0	0	0	0	0	0	0	0	0	0	0	0	0	0	0	0	0	0	0	0	0	0	0	0	0	0	0	0	0	0	0	0	0	0	0	0	0	0	0	0	0	0	0	0	0	0	0	0	0	0	0	0	0	0	0	0	0	0	0	0	0	0	0	0	0	0	0	0	0	0	0	0	0	0	0	0	0	0	0	0	0	0	0	0	0	0	0	0	0	0	0	0	0	0	0	0	0	0	0	0	0	0	0	0	0	0	0	0	0	0	0	0	0	0	0	0	0	0	0	0	0	0	0	0	0	0	0	0	0	0	0	0	0	0	0	0	0	0	0	0	0	0	0	0	0	0	0	0	0	0	0	0	0	0	0	0	0	0	0	0	0	0	0	0	0	0	0	0	0	0	0	0	0	0	0	0	0	0	0	0	0	0	0	0	0	0	0	0	0	0	0.0217692868875867	0.0171475148473753	0.020477506917118	0.0268760175245094	0.0310896089185371	0.0328094814958354	0.0292183339038041	0.02176733650709	-0.00221685248411243	-0.0293490242956877	-0.0395701706019396	-0.0265399176790053	-0.00240253570184488	0.0262742161733956	0.0317790544130229	0.0349006371768373	0.034234540881507	0.0321552189204964	0.0288470388304454	0.0251573532062081	0.024154201766305	0.0265233434461126	0.024722944466722	0.0263149124605034	0.0267684180863755	0.0312988573317196	0.0363425557990491	0.0296812136862956	0.0239674099991304	0.0564050340564615	0.0748119262816407	0.0864196899673614	0.0625104549120325	0.0967325763916042	0.0973848246413599
312.721	0	0	0	0	0	0	0	0	0	0	0	0	0	0	0	0	0	0	0	0	0	0	0	0	0	0	0	0	0	0	0	0	0	0	0	0	0	0	0	0	0	0	0	0	0	0	0	0	0	0	0	0	0	0	0	0	0	0	0	0	0	0	0	0	0	0	0	0	0	0	0	0	0	0	0	0	0	0	0	0	0	0	0	0	0	0	0	0	0	0	0	0	0	0	0	0	0	0	0	0	0	0	0	0	0	0	0	0	0	0	0	0	0	0	0	0	0	0	0	0	0	0	0	0	0	0	0	0	0	0	0	0	0	0	0	0	0	0	0	0	0	0	0	0	0	0	0	0	0	0	0	0	0	0	0	0	0	0	0	0	0	0	0	0	0	0	0	0	0	0	0	0	0	0	0	0	0	0	0	0	0	0	0	0	0	0	0	0	0	0	0	0	0	0	0	0	0	0	0	0.0154972172143155	0.0177106591430002	0.0208765575111554	0.0229699441775809	0.0263874883589265	0.0308112173892982	0.0297469005964046	0.0200384063413781	0.0117605650969829	-0.0134545984214334	-0.0258048979850247	-0.00699451270580708	0.0128602948514616	0.0339391919942179	0.0482341356760592	0.0479788709009383	0.0444937364105923	0.0453271782128074	0.0442560421279541	0.0373969570444651	0.0369116789664885	0.0349351235766088	0.0351949393301227	0.0336130108501708	0.0338442518172771	0.0325878235585748	0.0284401952819837	0.0314334388685942	0.0323011174096801	0.0393674403483581	0.0327065965948407	0.0519505079987522	0.0544136095456017	0.0664474614230096	0.0940511738719387	0.0922211125982099	0.0935302611509216
317.254	0	0	0	0	0	0	0	0	0	0	0	0	0	0	0	0	0	0	0	0	0	0	0	0	0	0	0	0	0	0	0	0	0	0	0	0	0	0	0	0	0	0	0	0	0	0	0	0	0	0	0	0	0	0	0	0	0	0	0	0	0	0	0	0	0	0	0	0	0	0	0	0	0	0	0	0	0	0	0	0	0	0	0	0	0	0	0	0	0	0	0	0	0	0	0	0	0	0	0	0	0	0	0	0	0	0	0	0	0	0	0	0	0	0	0	0	0	0	0	0	0	0	0	0	0	0	0	0	0	0	0	0	0	0	0	0	0	0	0	0	0	0	0	0	0	0	0	0	0	0	0	0	0	0	0	0	0	0	0	0	0	0	0	0	0	0	0	0	0	0	0	0	0	0	0	0	0	0	0	0	0	0	0	0	0	0	0	0	0	0	0	0	0	0	0	0	0	0.0137204662506284	0.0155114001878902	0.0187415754450511	0.0175017031421761	0.0218710905974232	0.0247967103125876	0.0270826039455783	0.0246768249213941	0.00985245450951838	-0.00471226513999424	-0.0148435473654552	5.69998479284159E-4	0.0198209099439207	0.0380998634440173	0.0527159435109923	0.0494762322804597	0.0504491618344027	0.0469008372016702	0.0467553517429924	0.0439987787296587	0.0423622687968672	0.0366197276033821	0.0382936731398652	0.0368663572318599	0.0343919824054512	0.0364378550024189	0.0406562123576352	0.0358816415321784	0.0317157407686027	0.0261253716740959	0.0292631511743209	0.0331398383956786	0.0398520130328048	0.0378447387696009	0.0543086155211567	0.0629519580894391	0.076032475879307	0.115573006398573	0.127521239559637
321.791	0	0	0	0	0	0	0	0	0	0	0	0	0	0	0	0	0	0	0	0	0	0	0	0	0	0	0	0	0	0	0	0	0	0	0	0	0	0	0	0	0	0	0	0	0	0	0	0	0	0	0	0	0	0	0	0	0	0	0	0	0	0	0	0	0	0	0	0	0	0	0	0	0	0	0	0	0	0	0	0	0	0	0	0	0	0	0	0	0	0	0	0	0	0	0	0	0	0	0	0	0	0	0	0	0	0	0	0	0	0	0	0	0	0	0	0	0	0	0	0	0	0	0	0	0	0	0	0	0	0	0	0	0	0	0	0	0	0	0	0	0	0	0	0	0	0	0	0	0	0	0	0	0	0	0	0	0	0	0	0	0	0	0	0	0	0	0	0	0	0	0	0	0	0	0	0	0	0	0	0	0	0	0	0	0	0	0	0	0	0	0	0	0	0	0	0.0174961697776282	0.01718362408519	0.0184196395894882	0.0209823364890177	0.0237708201531526	0.0257898673668888	0.0281715067951816	0.0262111490595276	0.0206244191366529	6.74854974664957E-4	0.00380048549043672	0.00466148250855773	0.0311292353115717	0.0458705713850132	0.060317882579618	0.061163872127965	0.0610009466240812	0.0619942345028418	0.0574898832911592	0.0613552115497284	0.055578939836778	0.0576097167735564	0.0473544490037795	0.05327544453009	0.0470852069984352	0.046672715040803	0.053779396377621	0.0550066752448698	0.0396243544270513	0.0447320494788468	0.0486710725594766	0.0515913571462928	0.050741576879852	0.0477880281301797	0.0605507951053823	0.0605939402208529	0.0789509968762972	0.0878047738592487	0.11873417802351	0.133694691266803	0.128263117247992
326.331	0	0	0	0	0	0	0	0	0	0	0	0	0	0	0	0	0	0	0	0	0	0	0	0	0	0	0	0	0	0	0	0	0	0	0	0	0	0	0	0	0	0	0	0	0	0	0	0	0	0	0	0	0	0	0	0	0	0	0	0	0	0	0	0	0	0	0	0	0	0	0	0	0	0	0	0	0	0	0	0	0	0	0	0	0	0	0	0	0	0	0	0	0	0	0	0	0	0	0	0	0	0	0	0	0	0	0	0	0	0	0	0	0	0	0	0	0	0	0	0	0	0	0	0	0	0	0	0	0	0	0	0	0	0	0	0	0	0	0	0	0	0	0	0	0	0	0	0	0	0	0	0	0	0	0	0	0	0	0	0	0	0	0	0	0	0	0	0	0	0	0	0	0	0	0	0	0	0	0	0	0	0	0	0	0	0	0	0	0	0	0	0	0.0193722932402017	0.0178707242254268	0.0188398682219871	0.0191467848039926	0.0216587582957264	0.0233123486439136	0.0262009904758644	0.0286273730109779	0.025169017328773	0.0171120606145519	0.00516972996178205	0.00498245478079641	0.00648144307694116	0.031972983968115	0.0440006197965173	0.0616544675908199	0.0639473985905511	0.0670202755266512	0.0709509090644572	0.064791653600234	0.0623194287825293	0.0621656087516121	0.0635279765008815	0.0627838789032852	0.0599967596827488	0.055591103210581	0.0556378752944034	0.0503019139738211	0.0539979034943512	0.0479517933419149	0.049208290957997	0.0524739882298191	0.0527207210535588	0.0447963033045758	0.0326419253947945	0.037386056687317	0.0658144859628532	0.0653143672816091	0.0587994221326549	0.0731971528587831	0.0895007273625301	0.0773239206301893	0.103126569774189	0.148482630481732
330.875	0	0	0	0	0	0	0	0	0	0	0	0	0	0	0	0	0	0	0	0	0	0	0	0	0	0	0	0	0	0	0	0	0	0	0	0	0	0	0	0	0	0	0	0	0	0	0	0	0	0	0	0	0	0	0	0	0	0	0	0	0	0	0	0	0	0	0	0	0	0	0	0	0	0	0	0	0	0	0	0	0	0	0	0	0	0	0	0	0	0	0	0	0	0	0	0	0	0	0	0	0	0	0	0	0	0	0	0	0	0	0	0	0	0	0	0	0	0	0	0	0	0	0	0	0	0	0	0	0	0	0	0	0	0	0	0	0	0	0	0	0	0	0	0	0	0	0	0	0	0	0	0	0	0	0	0	0	0	0	0	0	0	0	0	0	0	0	0	0	0	0	0	0	0	0	0	0	0	0	0	0	0	0	0	0	0	0	0	0	0	0.0192011771730978	0.0189198266558612	0.0222424529211193	0.0217133989725232	0.0212373612899868	0.0289864922724013	0.0294724783150831	0.0309294343147749	0.029737600359349	0.0216669087038146	0.012890996225778	0.0100288587558774	0.011361884697548	0.0281085924412562	0.047771877323776	0.06240913961533	0.0683247540160541	0.0725256312708833	0.0707611358957542	0.0720417721724692	0.073731961923539	0.0717508684048127	0.0714157344713058	0.0685178354300132	0.0597307655927255	0.062847486194901	0.0611144628992988	0.0536037787946935	0.0542206698610901	0.0552385566100989	0.0577811246796399	0.0500328372837169	0.0599742861978601	0.0495274800947553	0.0527820951275226	0.0526444874587734	0.0662561345688034	0.0585819674080197	0.0584521882111462	0.0694527038931987	0.0622647356438271	0.0806796166431134	0.0932338575633308	0.128671676119087	0.0950309077028132	0.145895655998115
335.422	0	0	0	0	0	0	0	0	0	0	0	0	0	0	0	0	0	0	0	0	0	0	0	0	0	0	0	0	0	0	0	0	0	0	0	0	0	0	0	0	0	0	0	0	0	0	0	0	0	0	0	0	0	0	0	0	0	0	0	0	0	0	0	0	0	0	0	0	0	0	0	0	0	0	0	0	0	0	0	0	0	0	0	0	0	0	0	0	0	0	0	0	0	0	0	0	0	0	0	0	0	0	0	0	0	0	0	0	0	0	0	0	0	0	0	0	0	0	0	0	0	0	0	0	0	0	0	0	0	0	0	0	0	0	0	0	0	0	0	0	0	0	0	0	0	0	0	0	0	0	0	0	0	0	0	0	0	0	0	0	0	0	0	0	0	0	0	0	0	0	0	0	0	0	0	0	0	0	0	0	0	0	0	0	0	0	0	0	0.0212665420902189	0.0211920064419929	0.0225496800946179	0.0253753859426428	0.0243516392506811	0.0303696768057926	0.0316471614545439	0.0319806398101621	0.0307426652703366	0.0306283559276883	0.0166294541198925	0.0202418517866872	0.0164639109873194	0.0306574334628125	0.0492164111104963	0.0591079123223662	0.0665431977576181	0.0708726003391392	0.0731311529455842	0.079028196222296	0.0777941367908141	0.0761633648155682	0.0762339049617603	0.0749271031581989	0.0753175706954534	0.074952262587533	0.0696508247027682	0.0709459653082785	0.0707729855361363	0.068710154917873	0.0655724772994372	0.0624625712482562	0.0573923541905969	0.059150059685723	0.0562523824053095	0.0622083018252699	0.0573526818814976	0.0536020727061324	0.0661641570038526	0.0660136738453185	0.078523241188385	0.0759981828571506	0.0989112829617904	0.0974639510207778	0.0983006393663633	0.111870634132607	0.163289692177467	0.160183463380998
339.972	0	0	0	0	0	0	0	0	0	0	0	0	0	0	0	0	0	0	0	0	0	0	0	0	0	0	0	0	0	0	0	0	0	0	0	0	0	0	0	0	0	0	0	0	0	0	0	0	0	0	0	0	0	0	0	0	0	0	0	0	0	0	0	0	0	0	0	0	0	0	0	0	0	0	0	0	0	0	0	0	0	0	0	0	0	0	0	0	0	0	0	0	0	0	0	0	0	0	0	0	0	0	0	0	0	0	0	0	0	0	0	0	0	0	0	0	0	0	0	0	0	0	0	0	0	0	0	0	0	0	0	0	0	0	0	0	0	0	0	0	0	0	0	0	0	0	0	0	0	0	0	0	0	0	0	0	0	0	0	0	0	0	0	0	0	0	0	0	0	0	0	0	0	0	0	0	0	0	0	0	0	0	0	0	0	0	0.021357855739306	0.023535078649305	0.0248838147146153	0.0282285298067886	0.0307394605275123	0.0324735028940166	0.0345483487146218	0.0367524891127997	0.0388777917319771	0.0354387297305982	0.0257395863252622	0.0207970927057971	0.025937313555725	0.0354176679838747	0.0474834357431626	0.0593780842549576	0.0655911047613866	0.0719512186357947	0.0759622891191595	0.0809256736458326	0.0769566233722533	0.0805316849926072	0.0807690493544883	0.0858096542510931	0.080943307747002	0.0833394315968719	0.0756973992020567	0.0804074922564326	0.0766844837486596	0.0703337124892825	0.0690944373040887	0.0687277937692788	0.0716708859795837	0.0670303664454762	0.0688209639112902	0.0703663968314347	0.0615125975083816	0.0699496026654021	0.0670606310930231	0.0720463714640626	0.0720907179216528	0.0771234591252229	0.0861782243277407	0.0802426700964272	0.101386106385574	0.116204089468909	0.0857038847872249	0.0986238738787899	0.153989566956999	0.16099607954724
344.526	0	0	0	0	0	0	0	0	0	0	0	0	0	0	0	0	0	0	0	0	0	0	0	0	0	0	0	0	0	0	0	0	0	0	0	0	0	0	0	0	0	0	0	0	0	0	0	0	0	0	0	0	0	0	0	0	0	0	0	0	0	0	0	0	0	0	0	0	0	0	0	0	0	0	0	0	0	0	0	0	0	0	0	0	0	0	0	0	0	0	0	0	0	0	0	0	0	0	0	0	0	0	0	0	0	0	0	0	0	0	0	0	0	0	0	0	0	0	0	0	0	0	0	0	0	0	0	0	0	0	0	0	0	0	0	0	0	0	0	0	0	0	0	0	0	0	0	0	0	0	0	0	0	0	0	0	0	0	0	0	0	0	0	0	0	0	0	0	0	0	0	0	0	0	0	0	0	0	0	0	0	0	0	0.0278766751518379	0.0254706523500704	0.0284169602526435	0.028686589554356	0.0335634487263749	0.0355754330088195	0.0377092448552218	0.0409639321692488	0.0434511840362396	0.0475888409623925	0.0435482901691287	0.0387000987453846	0.0335039132841851	0.0316569992470603	0.0427475165875562	0.0562550415066214	0.0665017759720601	0.0725088952837558	0.0760851028735577	0.0798695045831034	0.0822717993060335	0.0845809002719765	0.0878780101578321	0.0907498376345283	0.0874543746645284	0.0917516849746609	0.0921943542989922	0.0879111299687546	0.0877153673487498	0.08623909588561	0.0848934600719569	0.0841575911656542	0.082432326977436	0.0805401153114025	0.0818178750244433	0.0807618098349936	0.0794345115720828	0.0801726500148226	0.0835316694775781	0.0784040963482474	0.0863730669276867	0.0774713265465582	0.0891504505898956	0.0858764999761709	0.0869344651696872	0.106141605520143	0.11408266828933	0.117911605567599	0.133525443214599	0.13333844939833	0.139784071593501	0.171063358958107	0.198498526223643
349.084	0	0	0	0	0	0	0	0	0	0	0	0	0	0	0	0	0	0	0	0	0	0	0	0	0	0	0	0	0	0	0	0	0	0	0	0	0	0	0	0	0	0	0	0	0	0	0	0	0	0	0	0	0	0	0	0	0	0	0	0	0	0	0	0	0	0	0	0	0	0	0	0	0	0	0	0	0	0	0	0	0	0	0	0	0	0	0	0	0	0	0	0	0	0	0	0	0	0	0	0	0	0	0	0	0	0	0	0	0	0	0	0	0	0	0	0	0	0	0	0	0	0	0	0	0	0	0	0	0	0	0	0	0	0	0	0	0	0	0	0	0	0	0	0	0	0	0	0	0	0	0	0	0	0	0	0	0	0	0	0	0	0	0	0	0	0	0	0	0	0	0	0	0	0	0	0	0	0	0	0	0	0.0270400917471139	0.0269770850189431	0.0300712141769498	0.0321548365371655	0.0357723745074579	0.0392641246193445	0.0433188127728226	0.0463878366407608	0.0490198035445389	0.0523186240556702	0.0511743906240669	0.0433464285513234	0.042963510260476	0.045098945693712	0.0499124165169444	0.0602542850146507	0.0708624881686544	0.0779648837010977	0.0791806725411268	0.082858235132936	0.0862073607326144	0.0892754262344222	0.088525703190725	0.0926915916940798	0.091876168238656	0.0969343821093521	0.092809684442671	0.0928093892051368	0.092010748548748	0.0954684918142338	0.0909368369716571	0.0917737887685075	0.0876523310787885	0.0898865236303392	0.0875590103251322	0.0858986549914326	0.0888965578237713	0.0846929076037136	0.0828341056759046	0.082749853631274	0.0788703815361713	0.0903083224538475	0.0876274459397942	0.0812050852114558	0.0796409023759019	0.0954775283059676	0.0933932477171289	0.0939747143713982	0.102926576023631	0.119866960375231	0.108601419648981	0.109021284458022	0.130136850447432	0.114610267901286	0.0833128245055995
353.644	0	0	0	0	0	0	0	0	0	0	0	0	0	0	0	0	0	0	0	0	0	0	0	0	0	0	0	0	0	0	0	0	0	0	0	0	0	0	0	0	0	0	0	0	0	0	0	0	0	0	0	0	0	0	0	0	0	0	0	0	0	0	0	0	0	0	0	0	0	0	0	0	0	0	0	0	0	0	0	0	0	0	0	0	0	0	0	0	0	0	0	0	0	0	0	0	0	0	0	0	0	0	0	0	0	0	0	0	0	0	0	0	0	0	0	0	0	0	0	0	0	0	0	0	0	0	0	0	0	0	0	0	0	0	0	0	0	0	0	0	0	0	0	0	0	0	0	0	0	0	0	0	0	0	0	0	0	0	0	0	0	0	0	0	0	0	0	0	0	0	0	0	0	0	0	0	0	0	0	0.0309219607878538	0.0324516072693898	0.0365656718092852	0.04010531012168	0.0447500578312878	0.0489696956809088	0.0505059894724717	0.0558612142847707	0.0601212374959314	0.0646050721108563	0.0626381804448089	0.0594606663260249	0.0592395970994102	0.0566576503244992	0.0630095207412838	0.0737017646220988	0.0795987602335813	0.0902893724758152	0.0921741891216865	0.0931688160280444	0.0991029710073226	0.0979631705299553	0.0970863371755144	0.103799417935909	0.104989532849491	0.106393681383422	0.105597551661396	0.105310695925498	0.106082937805503	0.104861416797038	0.107131734750794	0.1018360909075	0.102277540424244	0.10383498086107	0.0991290869881281	0.101188603657855	0.0981752840052891	0.100672161684729	0.0991121220136576	0.0974093238905385	0.0999035447822705	0.10866462689729	0.107513896493968	0.118089671474251	0.115366892318559	0.121736300542892	0.123018260615185	0.12249113923958	0.137087530723686	0.136084250648381	0.144121063430573	0.151568208549252	0.160204492575224	0.187134055681786	0.183540044996392	0.185758170428592	0.196252134459186
358.208	0	0	0	0	0	0	0	0	0	0	0	0	0	0	0	0	0	0	0	0	0	0	0	0	0	0	0	0	0	0	0	0	0	0	0	0	0	0	0	0	0	0	0	0	0	0	0	0	0	0	0	0	0	0	0	0	0	0	0	0	0	0	0	0	0	0	0	0	0	0	0	0	0	0	0	0	0	0	0	0	0	0	0	0	0	0	0	0	0	0	0	0	0	0	0	0	0	0	0	0	0	0	0	0	0	0	0	0	0	0	0	0	0	0	0	0	0	0	0	0	0	0	0	0	0	0	0	0	0	0	0	0	0	0	0	0	0	0	0	0	0	0	0	0	0	0	0	0	0	0	0	0	0	0	0	0	0	0	0	0	0	0	0	0	0	0	0	0	0	0	0	0	0	0	0	0	0.0447072597475728	0.0336755852692543	0.0371091644755503	0.0404390414303512	0.0463895528013625	0.0495807250793682	0.0527961839955117	0.0585227892445912	0.0638324692413927	0.0683693638014498	0.072236324103837	0.0749785421211135	0.0745794422042092	0.0727905580389569	0.069940845186777	0.0736018691620592	0.0843986864574967	0.0952946173734998	0.101053753238833	0.105766725981621	0.107081007061095	0.107882809988944	0.111333094676951	0.113189373055261	0.116599140407789	0.114041126246503	0.115255253081224	0.117535794374956	0.115541735578994	0.120657278839524	0.116815768999537	0.115926340768776	0.116681430487233	0.112093270661431	0.114776770856248	0.112793028055737	0.119515133128532	0.115316084839791	0.112760024905676	0.109855607903448	0.110855555577361	0.113913320745815	0.113502058129062	0.116124450938266	0.12011768001822	0.127104472571205	0.125580231775923	0.130147515765568	0.138956072690996	0.149620940803731	0.145770728977101	0.162337220796287	0.152562126965222	0.164588489719663	0.183405921998908	0.193730044232389	0.191012800025028	0.195122107987261	0.175970493170741	0.197676115997965
362.776	0	0	0	0	0	0	0	0	0	0	0	0	0	0	0	0	0	0	0	0	0	0	0	0	0	0	0	0	0	0	0	0	0	0	0	0	0	0	0	0	0	0	0	0	0	0	0	0	0	0	0	0	0	0	0	0	0	0	0	0	0	0	0	0	0	0	0	0	0	0	0	0	0	0	0	0	0	0	0	0	0	0	0	0	0	0	0	0	0	0	0	0	0	0	0	0	0	0	0	0	0	0	0	0	0	0	0	0	0	0	0	0	0	0	0	0	0	0	0	0	0	0	0	0	0	0	0	0	0	0	0	0	0	0	0	0	0	0	0	0	0	0	0	0	0	0	0	0	0	0	0	0	0	0	0	0	0	0	0	0	0	0	0	0	0	0	0	0	0	0	0	0	0	0	0.0407327623389652	0.0353776280977348	0.0406105658827816	0.0449636879265895	0.051358455718072	0.0568851151846497	0.0617814691104236	0.0660051844082871	0.0726333973900786	0.0769868790497687	0.0834342697569568	0.0873496108639908	0.0884766694059339	0.0859741050256694	0.085498728897558	0.0879204937418277	0.0976095970583767	0.108017597412151	0.119257659147499	0.118883404508641	0.122504130594009	0.127026463107566	0.129464311143875	0.129453071708415	0.129805363326576	0.130349319574921	0.133512964431063	0.132081732687015	0.135506051168851	0.130634709419402	0.133841306764904	0.13326470972481	0.135469005196014	0.129444314670159	0.131445359200625	0.131625247439867	0.130699949295459	0.131554786466387	0.129241094537267	0.131405346839068	0.131836528661918	0.132517352137947	0.133072245616631	0.132344563323925	0.134839793563496	0.141750432019051	0.144483320739071	0.154294530296599	0.157134258949469	0.159080097796987	0.170795053602157	0.166813220199797	0.186868656601239	0.18442153896728	0.202075125873473	0.220995753360215	0.225464955115096	0.232516007477953	0.231642680154084	0.266712634814467	0.282400652237587	0.268278022538614
367.346	0	0	0	0	0	0	0	0	0	0	0	0	0	0	0	0	0	0	0	0	0	0	0	0	0	0	0	0	0	0	0	0	0	0	0	0	0	0	0	0	0	0	0	0	0	0	0	0	0	0	0	0	0	0	0	0	0	0	0	0	0	0	0	0	0	0	0	0	0	0	0	0	0	0	0	0	0	0	0	0	0	0	0	0	0	0	0	0	0	0	0	0	0	0	0	0	0	0	0	0	0	0	0	0	0	0	0	0	0	0	0	0	0	0	0	0	0	0	0	0	0	0	0	0	0	0	0	0	0	0	0	0	0	0	0	0	0	0	0	0	0	0	0	0	0	0	0	0	0	0	0	0	0	0	0	0	0	0	0	0	0	0	0	0	0	0	0	0	0	0	0	0	0.035319853860799	0.0353648222180384	0.0407627171202933	0.0461784862046173	0.0523304417016089	0.0590922209419888	0.0657294598221043	0.0713316061643692	0.078604169610859	0.0868679822116158	0.0916870794821388	0.0978094844963936	0.100501616121031	0.10057790566683	0.101103970480282	0.106965888103286	0.112847207897058	0.118942457389771	0.130873763580323	0.135918422133813	0.140501281006768	0.140332043774774	0.143632554032401	0.145989787246092	0.148182046648837	0.148759460665391	0.148918268037238	0.149865674252993	0.149004128773873	0.149158853274717	0.146236491706027	0.148342105250646	0.143678841989679	0.146387146503165	0.144450440672068	0.143340003724301	0.144525683350548	0.141950863412045	0.141377355253119	0.143287969599738	0.144243609517934	0.143012998420502	0.142193117358594	0.143018152250072	0.148391385363115	0.150931386813707	0.154330546512977	0.160564058199097	0.170409329380971	0.167451043448253	0.188987138585233	0.18163428777769	0.198973294449879	0.212270339001891	0.221083078867243	0.223734009256383	0.222736647940007	0.254157613639707	0.244335030549123	0.250930324157625	0.282549198860847	0.27658338661989	0.316273649658647	0.288273396687771
371.92	0	0	0	0	0	0	0	0	0	0	0	0	0	0	0	0	0	0	0	0	0	0	0	0	0	0	0	0	0	0	0	0	0	0	0	0	0	0	0	0	0	0	0	0	0	0	0	0	0	0	0	0	0	0	0	0	0	0	0	0	0	0	0	0	0	0	0	0	0	0	0	0	0	0	0	0	0	0	0	0	0	0	0	0	0	0	0	0	0	0	0	0	0	0	0	0	0	0	0	0	0	0	0	0	0	0	0	0	0	0	0	0	0	0	0	0	0	0	0	0	0	0	0	0	0	0	0	0	0	0	0	0	0	0	0	0	0	0	0	0	0	0	0	0	0	0	0	0	0	0	0	0	0	0	0	0	0	0	0	0	0	0	0	0	0	0	0	0	0	0	0.0353803470067682	0.0373018811445889	0.0433339188183547	0.0494227491454114	0.0539659718740158	0.0618314313793657	0.0702551604072584	0.0779871568529936	0.0859889860249333	0.0925664909358531	0.0999728394411242	0.107106437544339	0.110628383146916	0.116459376354298	0.11775019984627	0.118938354903446	0.129598396546733	0.136860859008329	0.146702928853999	0.15647797405324	0.158833377628646	0.161570461140951	0.164771145587202	0.167475205571692	0.17035425859958	0.175166911129928	0.175218060664325	0.176304997154621	0.174248450437629	0.173576019403698	0.173652898189371	0.172567775658883	0.171259567521687	0.171580408770557	0.169007444916034	0.169915905313003	0.167210341717053	0.166535704068419	0.164749336011654	0.162922342917493	0.162085449144541	0.160201254536138	0.166254750436372	0.172505786270754	0.171374055267904	0.171280214714677	0.177389824461039	0.178019381547858	0.183391074335676	0.192959321713461	0.198044769456012	0.201466270726133	0.218221364926573	0.220397302162215	0.243492812154139	0.248960360461784	0.243433711719006	0.274469951394025	0.268292126784672	0.289822439253579	0.294244394546854	0.293667704833683	0.328565882751966	0.366851730668113	0.342297146554066	0.413442494058652
376.497	0	0	0	0	0	0	0	0	0	0	0	0	0	0	0	0	0	0	0	0	0	0	0	0	0	0	0	0	0	0	0	0	0	0	0	0	0	0	0	0	0	0	0	0	0	0	0	0	0	0	0	0	0	0	0	0	0	0	0	0	0	0	0	0	0	0	0	0	0	0	0	0	0	0	0	0	0	0	0	0	0	0	0	0	0	0	0	0	0	0	0	0	0	0	0	0	0	0	0	0	0	0	0	0	0	0	0	0	0	0	0	0	0	0	0	0	0	0	0	0	0	0	0	0	0	0	0	0	0	0	0	0	0	0	0	0	0	0	0	0	0	0	0	0	0	0	0	0	0	0	0	0	0	0	0	0	0	0	0	0	0	0	0	0	0	0	0	0.0439885272332343	0.0332228170020285	0.0388348780370843	0.0447711408676107	0.050227500396207	0.0565456401525508	0.0641221339251463	0.073174002108049	0.0799812512217555	0.0901855553393053	0.0989491481275528	0.106493340544121	0.115875600588572	0.12145690223466	0.127487700931235	0.132050202539819	0.135700492601598	0.146669149663738	0.153908632939094	0.16314308828121	0.169361687616767	0.177062706008178	0.178475207590124	0.187044309893452	0.189979081110783	0.19360170701719	0.196899810849766	0.199598814785784	0.202660903862298	0.202523887163951	0.200283166638556	0.19868555575999	0.200189039427608	0.198857866123904	0.200309295051896	0.193028548944696	0.192265118798976	0.192827777215055	0.19042147871749	0.186674729360783	0.184221290763554	0.186970823334047	0.184878023703239	0.18206338584541	0.185844604315765	0.18976795544275	0.184713436789571	0.191471201384288	0.198404757385806	0.200645299898161	0.20635510922045	0.213098128722935	0.220302020660598	0.227915789884183	0.241843586205022	0.248193671997806	0.262130593626738	0.279406523166984	0.28108500063882	0.289960466710456	0.310901207739748	0.310361658996152	0.342497631089512	0.321367553806047	0.349027757017067	0.366823841327871	0.362937605891285	0.3474641722118	0.349457680599986
381.077	0	0	0	0	0	0	0	0	0	0	0	0	0	0	0	0	0	0	0	0	0	0	0	0	0	0	0	0	0	0	0	0	0	0	0	0	0	0	0	0	0	0	0	0	0	0	0	0	0	0	0	0	0	0	0	0	0	0	0	0	0	0	0	0	0	0	0	0	0	0	0	0	0	0	0	0	0	0	0	0	0	0	0	0	0	0	0	0	0	0	0	0	0	0	0	0	0	0	0	0	0	0	0	0	0	0	0	0	0	0	0	0	0	0	0	0	0	0	0	0	0	0	0	0	0	0	0	0	0	0	0	0	0	0	0	0	0	0	0	0	0	0	0	0	0	0	0	0	0	0	0	0	0	0	0	0	0	0	0	0	0	0	0	0	0	0.0394808421043256	0.0363027394447212	0.0403003848897717	0.0469204314136599	0.0530304644489636	0.060477137179788	0.0664477919708975	0.0743907554593102	0.0843611913818705	0.0922870213479995	0.103279557137859	0.113962736566648	0.121940228164344	0.13299593794186	0.138299143276928	0.14251985207997	0.150694645028917	0.159410065301853	0.169512740140583	0.178037926844268	0.188716288703861	0.198366473296274	0.202725204261772	0.208423879045873	0.212585704266842	0.216556142544959	0.222343846294504	0.225070683456589	0.229680660197306	0.230257595985367	0.23269446858502	0.234450785205961	0.231673221168516	0.22875695830122	0.228146079066988	0.225590621433778	0.225069181055406	0.225340562111054	0.21958882334583	0.219639395249306	0.214423168044381	0.210904600732412	0.210141403225513	0.209278922392634	0.215218675776896	0.213719961924075	0.217111362465501	0.213241667360153	0.219787144087627	0.222522231633232	0.228226586130967	0.230767244606413	0.239563169189725	0.252097451434714	0.256977072237697	0.27265909547477	0.286743021547039	0.298822647862515	0.30428275491679	0.316091267935282	0.339227768945926	0.34915122330661	0.351431031739345	0.378915947280657	0.38837368465464	0.391189278159913	0.424017328237256	0.433070282358625	0.435763740469232	0.44477260358203	0.49268090099902
385.661	0	0	0	0	0	0	0	0	0	0	0	0	0	0	0	0	0	0	0	0	0	0	0	0	0	0	0	0	0	0	0	0	0	0	0	0	0	0	0	0	0	0	0	0	0	0	0	0	0	0	0	0	0	0	0	0	0	0	0	0	0	0	0	0	0	0	0	0	0	0	0	0	0	0	0	0	0	0	0	0	0	0	0	0	0	0	0	0	0	0	0	0	0	0	0	0	0	0	0	0	0	0	0	0	0	0	0	0	0	0	0	0	0	0	0	0	0	0	0	0	0	0	0	0	0	0	0	0	0	0	0	0	0	0	0	0	0	0	0	0	0	0	0	0	0	0	0	0	0	0	0	0	0	0	0	0	0	0	0	0	0	0	0	0.0338366411572422	0.0365405673799052	0.0427727175669163	0.0478825912113373	0.054925435892269	0.0624748667408351	0.0687131120407078	0.0790714899589166	0.0843291663938782	0.0960915378549848	0.10374868453139	0.113624583331078	0.126419954968384	0.134931079868761	0.146269639618434	0.152402286858841	0.162983321007551	0.170000447368531	0.180394155272335	0.19331857367942	0.205111798712117	0.212828287655779	0.222783765519383	0.225163168101386	0.233633535871279	0.240604548876403	0.247656420847426	0.247503118708113	0.254994387039229	0.256224984327042	0.2603916009555	0.260799071291755	0.261777074714762	0.262373045292246	0.261205333968005	0.260951528623101	0.257027729394721	0.256023727327141	0.252685485161352	0.250064878273509	0.249410655121989	0.247672064482596	0.239776415364247	0.24047339712733	0.236207460999823	0.236288026192497	0.233321729830959	0.234184792013175	0.235538054636359	0.238232935662194	0.243829631690449	0.248955670362411	0.253870740911401	0.261781859694307	0.275390463780023	0.279112430387842	0.293045863703538	0.301151313779989	0.323259482602223	0.335419627063576	0.36279984725023	0.361074120983931	0.3694065442991	0.401439746869704	0.414001479971029	0.423827346337436	0.442802333754756	0.44682913318366	0.487724048293977	0.476558614209597	0.48613427999643	0.479208520208283	0.521847341165549
390.248	0	0	0	0	0	0	0	0	0	0	0	0	0	0	0	0	0	0	0	0	0	0	0	0	0	0	0	0	0	0	0	0	0	0	0	0	0	0	0	0	0	0	0	0	0	0	0	0	0	0	0	0	0	0	0	0	0	0	0	0	0	0	0	0	0	0	0	0	0	0	0	0	0	0	0	0	0	0	0	0	0	0	0	0	0	0	0	0	0	0	0	0	0	0	0	0	0	0	0	0	0	0	0	0	0	0	0	0	0	0	0	0	0	0	0	0	0	0	0	0	0	0	0	0	0	0	0	0	0	0	0	0	0	0	0	0	0	0	0	0	0	0	0	0	0	0	0	0	0	0	0	0	0	0	0	0	0	0	0	0	0.0426561633978074	0.0332037403877363	0.0385092887936525	0.0436125255152189	0.0493061723116431	0.056390018018811	0.0652012620795661	0.073227648567351	0.0795380480386171	0.0889293739705983	0.0966670991854941	0.106866886285282	0.117092183034899	0.127347184122218	0.139058224658304	0.150841929208176	0.1541897271622	0.166155043511187	0.173402720379687	0.187578226161977	0.197957245205506	0.211107940733827	0.221567536224789	0.230611236694388	0.240245329776873	0.246049606159357	0.251988707259473	0.258998414180865	0.266613805404625	0.270859105570713	0.275024031229288	0.281546454835412	0.283690816806255	0.284529780421818	0.290311412038883	0.28493274084272	0.286196471381315	0.286880465359801	0.282298153271952	0.279594443534266	0.278539759034725	0.272394324175521	0.269628883562636	0.268727224563335	0.262584385863879	0.261262050680827	0.259368690050135	0.259881611872468	0.256618217243716	0.251656947929842	0.25488229697349	0.260118490508021	0.259779284048666	0.267208249713535	0.274653585878216	0.27808591819226	0.288811016226555	0.301722405096771	0.313939742918485	0.325207189101344	0.342617496965934	0.358383822105624	0.373226957340208	0.390519293935324	0.405122711703487	0.416282789307161	0.43909333050875	0.457416458550799	0.476614445696088	0.480864570707018	0.510627230959006	0.536839456642565	0.539546497543041	0.532529947836388	0.590857355873293	0.577151041487662
394.837	0	0	0	0	0	0	0	0	0	0	0	0	0	0	0	0	0	0	0	0	0	0	0	0	0	0	0	0	0	0	0	0	0	0	0	0	0	0	0	0	0	0	0	0	0	0	0	0	0	0	0	0	0	0	0	0	0	0	0	0	0	0	0	0	0	0	0	0	0	0	0	0	0	0	0	0	0	0	0	0	0	0	0	0	0	0	0	0	0	0	0	0	0	0	0	0	0	0	0	0	0	0	0	0	0	0	0	0	0	0	0	0	0	0	0	0	0	0	0	0	0	0	0	0	0	0	0	0	0	0	0	0	0	0	0	0	0	0	0	0	0	0	0	0	0	0	0	0	0	0	0	0	0	0	0	0	0	0	0.0381593575898097	0.036871753605609	0.0407551175429047	0.0469557357452456	0.0542088323363992	0.0599479557633615	0.0670032974182376	0.07471236226682	0.0824110577793425	0.0925574589571071	0.101677770311522	0.111612182090897	0.119825620668893	0.131831929930985	0.142148027783574	0.152142192684057	0.16429911708425	0.172273705313822	0.179156880996022	0.19391841989975	0.204738684189168	0.217254354912693	0.23021289757517	0.241867949989768	0.251059879965293	0.263842647410384	0.270952738478857	0.273496999393655	0.283035373640802	0.288761700036148	0.294031782844931	0.300600192644519	0.305953080449234	0.309835266150572	0.312957811087386	0.313004520051117	0.315183212850556	0.315639758741328	0.315422184419906	0.313350628298423	0.312318025505514	0.304951414627047	0.300111768492309	0.298237275392093	0.295339566602588	0.292849478286203	0.290257995062061	0.284708921854625	0.285291735052169	0.282419702866948	0.281335952709375	0.284670918229529	0.28559536172708	0.281425435505641	0.296339545619612	0.295093800585072	0.310173850893431	0.318120571442389	0.324282879769269	0.335490003046553	0.347893232317508	0.370010047834257	0.379942289200167	0.405510460202025	0.418241692781154	0.439729221715105	0.458679056862698	0.478545927268091	0.493172946772767	0.522083813978594	0.544928647702022	0.556570195820973	0.574481191452159	0.591133296107067	0.611619538508931	0.644703377927408	0.67387692354824	0.688160602834323
399.43	0	0	0	0	0	0	0	0	0	0	0	0	0	0	0	0	0	0	0	0	0	0	0	0	0	0	0	0	0	0	0	0	0	0	0	0	0	0	0	0	0	0	0	0	0	0	0	0	0	0	0	0	0	0	0	0	0	0	0	0	0	0	0	0	0	0	0	0	0	0	0	0	0	0	0	0	0	0	0	0	0	0	0	0	0	0	0	0	0	0	0	0	0	0	0	0	0	0	0	0	0	0	0	0	0	0	0	0	0	0	0	0	0	0	0	0	0	0	0	0	0	0	0	0	0	0	0	0	0	0	0	0	0	0	0	0	0	0	0	0	0	0	0	0	0	0	0	0	0	0	0	0	0	0	0	0	0.0339838166423015	0.036751662883645	0.0414196023492358	0.0466898023893443	0.0510384219691919	0.0585151888319284	0.0654069563918007	0.0736208460861731	0.0824317743024942	0.0904716109218978	0.0997711422356	0.107782546414997	0.118868280625661	0.128672963756124	0.138816668894957	0.147679717411106	0.158926455148736	0.167651423051642	0.177389664465674	0.190373691378515	0.198428309330111	0.213507417950204	0.227289237745993	0.238597613669624	0.246641799839587	0.259147355144211	0.266443145821361	0.275381259869059	0.282960489996905	0.292727161386625	0.298358022442935	0.306338788946384	0.313594367179054	0.314590049401779	0.319796810042937	0.324015043300122	0.326141053357895	0.326938937079245	0.327594819837838	0.329500943046396	0.325295609645498	0.324608436690892	0.32519324879709	0.317510034524023	0.311017067950986	0.308759075759391	0.306722883428978	0.301634289224455	0.29475433348236	0.29820244121484	0.296747884231072	0.29025883906337	0.291825467321176	0.294533752128161	0.290617846957426	0.297728486611499	0.297754425065566	0.306663323913358	0.318787058002021	0.326057465381628	0.338944996586416	0.35234961565225	0.363928660245128	0.38737440601597	0.402665176983877	0.416723360734681	0.437714558968504	0.453117838938559	0.478977541264194	0.503326597961387	0.509656204164007	0.54391163802527	0.544353122630368	0.571783868845996	0.600387017331003	0.627674956633787	0.627078312260248	0.659329189477211	0.652450299527934	0.709614900842424
404.026	0	0	0	0	0	0	0	0	0	0	0	0	0	0	0	0	0	0	0	0	0	0	0	0	0	0	0	0	0	0	0	0	0	0	0	0	0	0	0	0	0	0	0	0	0	0	0	0	0	0	0	0	0	0	0	0	0	0	0	0	0	0	0	0	0	0	0	0	0	0	0	0	0	0	0	0	0	0	0	0	0	0	0	0	0	0	0	0	0	0	0	0	0	0	0	0	0	0	0	0	0	0	0	0	0	0	0	0	0	0	0	0	0	0	0	0	0	0	0	0	0	0	0	0	0	0	0	0	0	0	0	0	0	0	0	0	0	0	0	0	0	0	0	0	0	0	0	0	0	0	0	0	0	0.0384714099027533	0.033626323669802	0.0382860669737322	0.0422758262330419	0.0466528181621012	0.0539861216084385	0.0606698743762268	0.0671184253240394	0.0754862371755306	0.0840166994839386	0.0938142332433901	0.102043050745257	0.112699380719862	0.122048329152693	0.133166484677486	0.142345982496087	0.154828242062958	0.164657157465124	0.173980425730958	0.181618711638458	0.194310419621531	0.206550115264402	0.221495458951458	0.232979503452054	0.247229563272872	0.256758471145743	0.269131323071231	0.279136447624943	0.291568235918879	0.298984615534497	0.307362995370437	0.315548985841557	0.323955634863693	0.331987521399314	0.337081031907398	0.343465753558832	0.345141346463159	0.350349665644666	0.354101136037131	0.355813958254591	0.356099100078255	0.354138096238495	0.355757446045086	0.354751704018607	0.349315351973887	0.346729460245584	0.345109532565543	0.336787197810026	0.333414452622684	0.325671853672466	0.324456215118843	0.322280640814464	0.318914149255591	0.317736569422319	0.32045587014727	0.316484479674119	0.315927995695683	0.315125792505055	0.323606691273264	0.327875673889719	0.340487257949194	0.352891740931358	0.359241760718207	0.375966231685493	0.386599930550424	0.407619266711092	0.421289759002778	0.44551478026788	0.466298599624522	0.479340117928868	0.502700462321206	0.52346053033591	0.536455484019018	0.56590628276579	0.586480962252575	0.592728500523568	0.616355804357666	0.659060762985564	0.660881766821605	0.696314269528634	0.686973156859225	0.72285608709306	0.743024284523101
408.626	0	0	0	0	0	0	0	0	0	0	0	0	0	0	0	0	0	0	0	0	0	0	0	0	0	0	0	0	0	0	0	0	0	0	0	0	0	0	0	0	0	0	0	0	0	0	0	0	0	0	0	0	0	0	0	0	0	0	0	0	0	0	0	0	0	0	0	0	0	0	0	0	0	0	0	0	0	0	0	0	0	0	0	0	0	0	0	0	0	0	0	0	0	0	0	0	0	0	0	0	0	0	0	0	0	0	0	0	0	0	0	0	0	0	0	0	0	0	0	0	0	0	0	0	0	0	0	0	0	0	0	0	0	0	0	0	0	0	0	0	0	0	0	0	0	0	0	0	0	0	0	0.0330407032896654	0.0347070276254652	0.0403149172945356	0.044925852313843	0.0501750397832154	0.0566966776154069	0.0628055051012727	0.0709928522494372	0.0785014358376991	0.0865592654355415	0.0961004267150095	0.10641387913818	0.116568736436865	0.12546177836504	0.135869727196513	0.145312019040939	0.158769745095612	0.168530729004932	0.178333123654604	0.190228118369587	0.198488502032424	0.210197227114534	0.225972637450325	0.236761053851117	0.252890927620832	0.264241367702403	0.277022307596397	0.287476104238997	0.30093008430914	0.308680653631638	0.320973772686309	0.329423630740912	0.337730742188231	0.34652779511824	0.354484445639393	0.359253883108458	0.365100471273622	0.368849991673874	0.378072365767341	0.379512335082507	0.379972695907254	0.380543639415165	0.382459748955823	0.382927482942324	0.383020603991762	0.377785306591471	0.374842219829875	0.369679001665263	0.365109517871522	0.359763858706678	0.356575120181362	0.350452806387419	0.347284302949453	0.345073080095045	0.342772613806649	0.344450614466791	0.340035393549568	0.339959078544953	0.343319050495244	0.345815974474556	0.352598086990988	0.355379708613166	0.37531442142025	0.380614604363003	0.393873353546283	0.405468466168541	0.421319361356657	0.441863961804305	0.463439511068611	0.487765789371727	0.514903162630871	0.52310767410685	0.55588017186025	0.5650613517902	0.590118592469048	0.619530584274917	0.623228153610975	0.659183886036807	0.705363246802876	0.710986679859689	0.737518063111682	0.754241157492677	0.791745748712012	0.814248835459067	0.850019820476053
413.228	0	0	0	0	0	0	0	0	0	0	0	0	0	0	0	0	0	0	0	0	0	0	0	0	0	0	0	0	0	0	0	0	0	0	0	0	0	0	0	0	0	0	0	0	0	0	0	0	0	0	0	0	0	0	0	0	0	0	0	0	0	0	0	0	0	0	0	0	0	0	0	0	0	0	0	0	0	0	0	0	0	0	0	0	0	0	0	0	0	0	0	0	0	0	0	0	0	0	0	0	0	0	0	0	0	0	0	0	0	0	0	0	0	0	0	0	0	0	0	0	0	0	0	0	0	0	0	0	0	0	0	0	0	0	0	0	0	0	0	0	0	0	0	0	0	0	0	0	0	0.031944469864012	0.0357426992501967	0.0393692720256125	0.0463496509642075	0.051450595954925	0.0588189800596332	0.0646187013402653	0.0715620558709467	0.0802334271590302	0.0884054090076537	0.0981072498479009	0.106700004372431	0.115534595638687	0.127572896539557	0.138867618026985	0.149525942089966	0.159211891717734	0.171288225792169	0.181590634244045	0.192604775687401	0.203444909693301	0.215433811115188	0.227649311106348	0.238249182677906	0.254032492578316	0.267381575516265	0.279197926080219	0.291936983393396	0.30293863531575	0.313980690608434	0.323964353105791	0.33496636717137	0.344244564431585	0.353994040720754	0.364788283461349	0.370803060993128	0.37785033325866	0.383840087625096	0.387288418245453	0.393372478806125	0.398661794957697	0.402322901160931	0.402132997315494	0.403697497137005	0.403343184502231	0.400824324117559	0.40044771750568	0.394676841240207	0.392659264155195	0.388901440185047	0.379987479427084	0.376453068713016	0.3688408443757	0.367342154350185	0.364612648190341	0.359729304984238	0.357526515499663	0.35656880676789	0.358332282703968	0.361576101998543	0.362893571827259	0.367414498591225	0.378618139943974	0.383084595224722	0.397506253668897	0.411265770219012	0.42189709831996	0.440389077951187	0.457901617689905	0.472966369633464	0.491523043723034	0.522030299619006	0.54849689937045	0.556708070419915	0.588367650634579	0.610374902497645	0.630454017172645	0.654373026261319	0.691048311801032	0.710842104504704	0.726669833680137	0.760083551359095	0.784513045549567	0.817263808648343	0.835983105240571	0.867272200692179	0.896651674134388
417.833	0	0	0	0	0	0	0	0	0	0	0	0	0	0	0	0	0	0	0	0	0	0	0	0	0	0	0	0	0	0	0	0	0	0	0	0	0	0	0	0	0	0	0	0	0	0	0	0	0	0	0	0	0	0	0	0	0	0	0	0	0	0	0	0	0	0	0	0	0	0	0	0	0	0	0	0	0	0	0	0	0	0	0	0	0	0	0	0	0	0	0	0	0	0	0	0	0	0	0	0	0	0	0	0	0	0	0	0	0	0	0	0	0	0	0	0	0	0	0	0	0	0	0	0	0	0	0	0	0	0	0	0	0	0	0	0	0	0	0	0	0	0	0	0	0	0	0	0.0303925652646744	0.0342356585147964	0.0396837750553007	0.0454543699730598	0.0513247351223278	0.0568269150581344	0.0629501828480681	0.0716992974761066	0.0788959440809309	0.0877488066814066	0.0975829900866778	0.106064230012307	0.115963492795588	0.125986595042269	0.135103080108451	0.147769250771186	0.159108400202584	0.170952341931905	0.180889224123277	0.192505888720546	0.203267986376211	0.217249644192528	0.226622355162058	0.24088370804889	0.253122648091533	0.265552312786441	0.277226738513568	0.290506240913969	0.30203080683168	0.31433984497941	0.323635006796562	0.336820715762958	0.346118001551986	0.358719708718698	0.368116210367204	0.373013460405021	0.383762154926307	0.391321759987708	0.400213605807446	0.402581014780152	0.407610934421559	0.413648157846318	0.41314948088643	0.414030335472577	0.415118214528959	0.419330671573136	0.415653568526134	0.413839570593581	0.410376032748411	0.410608109927565	0.406666498019334	0.399392147847324	0.393837749496832	0.387404134954215	0.383453199552452	0.37766653603852	0.376469437103081	0.369586578920077	0.373150364798007	0.370982584884088	0.3748085402778	0.375001058973691	0.376266884657181	0.385386135947567	0.392291538982204	0.400995707862594	0.413990657122159	0.431723091286314	0.444064621460408	0.466246078148923	0.483735984769398	0.502020526916318	0.525893866269425	0.547363877429467	0.563748776858791	0.592959716954843	0.609463357693182	0.632342181589744	0.666448288962644	0.692238256033636	0.716318775852204	0.72651002143859	0.750004880730439	0.770386220604626	0.808278158948363	0.821766276459973	0.840467143357046	0.872330255814578	0.924908728562922
422.442	0	0	0	0	0	0	0	0	0	0	0	0	0	0	0	0	0	0	0	0	0	0	0	0	0	0	0	0	0	0	0	0	0	0	0	0	0	0	0	0	0	0	0	0	0	0	0	0	0	0	0	0	0	0	0	0	0	0	0	0	0	0	0	0	0	0	0	0	0	0	0	0	0	0	0	0	0	0	0	0	0	0	0	0	0	0	0	0	0	0	0	0	0	0	0	0	0	0	0	0	0	0	0	0	0	0	0	0	0	0	0	0	0	0	0	0	0	0	0	0	0	0	0	0	0	0	0	0	0	0	0	0	0	0	0	0	0	0	0	0	0	0	0	0	0.0305685304521263	0.0313691120275336	0.0356308998413711	0.0394145461483789	0.0458281625641696	0.0520987530003266	0.057450016907798	0.0650013540780654	0.0714466339633407	0.0801040959446701	0.0889828323458189	0.0949683928484912	0.106481369415725	0.116865756603113	0.125385006366353	0.137144989943154	0.147825992913469	0.158300488354188	0.168914470105641	0.181943429877693	0.192176895064319	0.203656485773214	0.2148640792299	0.227002566947801	0.242020581748747	0.253122658137732	0.265415327144943	0.275926980757049	0.289492007326117	0.298088881387695	0.311963102960329	0.322929775322285	0.334086779444971	0.346491825777939	0.35865445737335	0.368972676268979	0.37921084726703	0.388013079339621	0.397962539907009	0.406579448216268	0.412584034477316	0.417799905306655	0.421502080554443	0.426812115663511	0.429148210847657	0.430208421661051	0.433579521406925	0.432095691014366	0.432069383042536	0.429797595997461	0.4294779331697	0.422679967366175	0.418520616885209	0.413042418409823	0.408625105195387	0.403083929694002	0.397329246666335	0.392873234696759	0.391021618824546	0.385422601721625	0.385654759580801	0.388626378439833	0.386591489856229	0.388149032147527	0.390827648052802	0.394484862953675	0.405516625345038	0.413704176066996	0.422794258966646	0.442190528801907	0.456123596968704	0.474907283373619	0.489703301611048	0.511738549598708	0.538634080778476	0.556069677688971	0.574801938499754	0.596252236459516	0.626377887295261	0.642773397275069	0.679399394982634	0.698996660480807	0.712473189063217	0.736782786364465	0.759674291681018	0.797100917985944	0.836675052768707	0.862421309726055	0.89837941651927	0.896527470952549	0.930505358368742	0.967567108461499
427.053	0	0	0	0	0	0	0	0	0	0	0	0	0	0	0	0	0	0	0	0	0	0	0	0	0	0	0	0	0	0	0	0	0	0	0	0	0	0	0	0	0	0	0	0	0	0	0	0	0	0	0	0	0	0	0	0	0	0	0	0	0	0	0	0	0	0	0	0	0	0	0	0	0	0	0	0	0	0	0	0	0	0	0	0	0	0	0	0	0	0	0	0	0	0	0	0	0	0	0	0	0	0	0	0	0	0	0	0	0	0	0	0	0	0	0	0	0	0	0	0	0	0	0	0	0	0	0	0	0	0	0	0	0	0	0	0	0	0	0	0	0	0	0.0290877083613904	0.0301116791567236	0.0363124572645517	0.0394694834840104	0.0459005680012993	0.0504187361885215	0.0587324518794133	0.064586626828502	0.0725835281443106	0.080755453043517	0.0869500110590117	0.0962361194431723	0.104278601446782	0.11505413465388	0.124439897392972	0.133282005799359	0.145000071839925	0.155039193105318	0.163648988562146	0.178692748558509	0.18909539112612	0.199864271721815	0.213068714224473	0.223902995774945	0.236125467483649	0.248570011181555	0.26056608408746	0.272469931560104	0.283943919481313	0.296226651928994	0.309361033320221	0.321217313910784	0.332405788035733	0.345529985765275	0.353919079881096	0.363891403108915	0.376795211945341	0.387834579762334	0.395982154328949	0.406928334450204	0.412341426889217	0.420584916828111	0.425401771190094	0.429939738323567	0.435196267752753	0.43804777447651	0.439826616617576	0.443171980187025	0.440358973687074	0.44216933267907	0.439717153118761	0.438777633945171	0.430415890265932	0.431013562877551	0.427280375197159	0.422214254024918	0.415510030867824	0.411948930008124	0.403937733652282	0.39965603286955	0.395998106667144	0.390468914253381	0.393889585335851	0.395155612555132	0.394009780823359	0.399534302247892	0.403445905381678	0.411535868176981	0.422145281436412	0.426991811807017	0.441879179104236	0.45571686601723	0.47769415928295	0.493485879422461	0.505066217351123	0.532558443271875	0.550644948127208	0.581756683379026	0.603637255513196	0.620911796556446	0.644723074544978	0.666758829505942	0.694184932125097	0.713510465145123	0.74237340433434	0.756053073966408	0.795301650735795	0.813050296999982	0.821616382611585	0.875098154302651	0.882500521240633	0.921701173084844	0.940461274064609	0.960424537635907
431.667	0	0	0	0	0	0	0	0	0	0	0	0	0	0	0	0	0	0	0	0	0	0	0	0	0	0	0	0	0	0	0	0	0	0	0	0	0	0	0	0	0	0	0	0	0	0	0	0	0	0	0	0	0	0	0	0	0	0	0	0	0	0	0	0	0	0	0	0	0	0	0	0	0	0	0	0	0	0	0	0	0	0	0	0	0	0	0	0	0	0	0	0	0	0	0	0	0	0	0	0	0	0	0	0	0	0	0	0	0	0	0	0	0	0	0	0	0	0	0	0	0	0	0	0	0	0	0	0	0	0	0	0	0	0	0	0	0	0	0	0	0.0280304132387865	0.0308606056953594	0.0366061654201317	0.0395362173698326	0.0449425546568905	0.0508461591085309	0.0559239202236867	0.0637958706103918	0.0706256372280619	0.0791544600721264	0.0859547822976365	0.094070320921175	0.103302933925136	0.111754329995575	0.120120537340057	0.132041824737772	0.140986084826993	0.154255522026781	0.162616740289119	0.173394584528778	0.185011665306265	0.195493367883974	0.208022210056797	0.218720410383192	0.233232990679388	0.245406095525208	0.256604627896333	0.269581505349282	0.280771556446021	0.294505078019742	0.302745327296636	0.313462169482609	0.326126271031957	0.33724012238473	0.347094590733856	0.360889023003911	0.372821055048031	0.384823783627368	0.392478732745774	0.403932667160225	0.409103090650481	0.419520119670167	0.428851754664968	0.432748719515498	0.440008322110943	0.444889611685875	0.44779342751601	0.449911228338269	0.450579974865517	0.449339470524727	0.451660971988124	0.448646209477128	0.449641417557705	0.444932414002593	0.440941992721143	0.436998408959905	0.430256205468937	0.4241932131768	0.42149268847713	0.414253217537804	0.411500905856012	0.407708078166367	0.405990308817153	0.400736766079246	0.401311048357622	0.40660780626294	0.406728338667612	0.413093869261553	0.415419465093237	0.420766977328093	0.435123556858096	0.446569661385095	0.459669331234273	0.477192835977475	0.497092084180194	0.507285220298586	0.532065665167071	0.548075998364241	0.571642332624934	0.595650605442579	0.618029613787538	0.640066194116862	0.668653948831735	0.698974320769508	0.715832214278204	0.736007877384739	0.762729763383115	0.774280141695897	0.806038961586725	0.831368478994547	0.846206588720688	0.849721699031896	0.923178012119663	0.938778723806011	0.945446658000542	1.02401472254975
436.285	0	0	0	0	0	0	0	0	0	0	0	0	0	0	0	0	0	0	0	0	0	0	0	0	0	0	0	0	0	0	0	0	0	0	0	0	0	0	0	0	0	0	0	0	0	0	0	0	0	0	0	0	0	0	0	0	0	0	0	0	0	0	0	0	0	0	0	0	0	0	0	0	0	0	0	0	0	0	0	0	0	0	0	0	0	0	0	0	0	0	0	0	0	0	0	0	0	0	0	0	0	0	0	0	0	0	0	0	0	0	0	0	0	0	0	0	0	0	0	0	0	0	0	0	0	0	0	0	0	0	0	0	0	0	0	0	0	0.0282590521251361	0.0281238954978765	0.0322682761012156	0.0376278017946795	0.0420155315811858	0.0462169874443978	0.0523771217505471	0.0595667662238535	0.0655221990496885	0.0724508367951551	0.0806727989008902	0.0875986003322013	0.0971860996912593	0.102966817529388	0.113153935775364	0.121871445135066	0.131485819787401	0.14202631179833	0.152356696475511	0.162647009909597	0.17367460227636	0.185713214265611	0.193413678544667	0.20547628520625	0.216924831273008	0.230396530243049	0.240881781266242	0.256033629081981	0.266686577583644	0.278582613468088	0.29150011622043	0.30348276576022	0.313860620868975	0.321901793199294	0.334883354092293	0.346204742836729	0.356537807046217	0.36843988482813	0.381980415398522	0.390085800250574	0.399776014575369	0.411028044403026	0.422130795982666	0.428420420409814	0.437526453927041	0.443008891437034	0.449829930845789	0.455307373222191	0.458483983495871	0.459255733903541	0.459514423613547	0.466034277141623	0.460898654655893	0.457948478421456	0.45776667845667	0.45476970283554	0.452658843641411	0.446127297562345	0.443999042452245	0.439077479128874	0.432150406610015	0.430926213704636	0.424153449860998	0.418599674004101	0.413777037426098	0.415081450699986	0.41301049723206	0.410693959634935	0.41794131596926	0.423285749504724	0.428916673735146	0.437031696382815	0.443014749784995	0.451230148216793	0.466823618532436	0.485219964924327	0.49945243694978	0.521666628543077	0.541697750618459	0.563276454012943	0.579800876058856	0.597052393902967	0.623789532695496	0.652466741324506	0.673196468825346	0.702138815380684	0.722976941873873	0.7442969026432	0.770452823333763	0.791170318569977	0.815127202937649	0.846008010450085	0.863358273162243	0.901910789259185	0.908682992199215	0.952944510478654	0.988116258577278	1.00365347733746	1.04267229540741
440.905	0	0	0	0	0	0	0	0	0	0	0	0	0	0	0	0	0	0	0	0	0	0	0	0	0	0	0	0	0	0	0	0	0	0	0	0	0	0	0	0	0	0	0	0	0	0	0	0	0	0	0	0	0	0	0	0	0	0	0	0	0	0	0	0	0	0	0	0	0	0	0	0	0	0	0	0	0	0	0	0	0	0	0	0	0	0	0	0	0	0	0	0	0	0	0	0	0	0	0	0	0	0	0	0	0	0	0	0	0	0	0	0	0	0	0	0	0	0	0	0	0	0	0	0	0	0	0	0	0	0	0	0	0	0	0	0.0271086761383529	0.0293567125524533	0.0325103472013233	0.0369367740241655	0.0415681206913432	0.0476495636392619	0.05253790360697	0.0609953937810849	0.0648800042739508	0.0727923688456854	0.0801523750818251	0.0848275810791946	0.0941952313279491	0.102478413621573	0.110836720522411	0.120436560673863	0.129383887088654	0.137859152002036	0.149216599947382	0.157424038558127	0.171271014579167	0.1804484136181	0.189978535035588	0.202538333220461	0.212743620848116	0.224032307280957	0.237303198701517	0.247809588096747	0.26212157662692	0.272223175521114	0.284722401116549	0.297092681141087	0.309041152883248	0.319684266593078	0.329697624382538	0.339104660105175	0.350572583239788	0.361789684805726	0.371165734060504	0.382640563267712	0.394773552333104	0.406009085651015	0.416463808667313	0.42635001540547	0.43442184347491	0.442828100400799	0.449045007674302	0.453338928315696	0.458385176654613	0.463307724633184	0.46569865835617	0.469394788345836	0.467874996151356	0.465942888786448	0.46584904563281	0.462508791573436	0.457940928489377	0.457784662700916	0.455574732735542	0.450309188666628	0.447953079282596	0.442746848943972	0.431742803777628	0.432279002725232	0.427310076914446	0.424730793279299	0.42168094060171	0.419186069521205	0.421085991059244	0.423024413644578	0.42438574100278	0.433544681932091	0.439656573096289	0.448258672782667	0.455379397229482	0.467289705009962	0.479827334893918	0.505397214379436	0.513655045558429	0.543911017844203	0.55341828798081	0.576285663402163	0.603544980313003	0.62452301557633	0.641826799383844	0.670298757332154	0.693308918766084	0.708298162986362	0.740934845391617	0.757509872950661	0.774053224783693	0.809737635391967	0.828621980770886	0.846055010211178	0.87753404855786	0.897568398921996	0.913051718489824	0.943808805486241	0.972346655020667	1.0056237288776	0
445.528	0	0	0	0	0	0	0	0	0	0	0	0	0	0	0	0	0	0	0	0	0	0	0	0	0	0	0	0	0	0	0	0	0	0	0	0	0	0	0	0	0	0	0	0	0	0	0	0	0	0	0	0	0	0	0	0	0	0	0	0	0	0	0	0	0	0	0	0	0	0	0	0	0	0	0	0	0	0	0	0	0	0	0	0	0	0	0	0	0	0	0	0	0	0	0	0	0	0	0	0	0	0	0	0	0	0	0	0	0	0	0	0	0	0	0	0	0	0	0	0	0	0	0	0	0	0	0	0	0	0	0	0	0	0.0270963229593193	0.0293182705854964	0.0335416143615138	0.0379725863207356	0.0427228655403556	0.0477626189464081	0.052613914868725	0.0582892680444815	0.0643820727837524	0.070705842166605	0.0778997656487243	0.0846198221695232	0.0929995904146402	0.101037795728845	0.108392940867328	0.117838678493333	0.124007524492226	0.135152320988146	0.144764981084069	0.153430603375344	0.162836986627183	0.175569925479873	0.183847194676428	0.194836238602052	0.204048264770575	0.215292510204177	0.226354067036402	0.239708096567192	0.249693700991865	0.263104837663121	0.275102532562345	0.288172145880303	0.298529665137253	0.309926825202696	0.318710781269265	0.33036903095681	0.341863161575759	0.352037214622236	0.360786182907069	0.371866885557787	0.381733322700179	0.390725578166411	0.403918394005454	0.409416811792769	0.420840212691953	0.431668207717546	0.439796492296378	0.446728002222906	0.451249126188525	0.456327228184443	0.459588260143485	0.459313439909742	0.463404233486283	0.464015636730113	0.464578344587757	0.468096894391579	0.464597407093812	0.460370183433039	0.458473223203455	0.454637515686201	0.449648165907536	0.446881958010859	0.440844761377007	0.440431132626035	0.43335868477073	0.428510256948393	0.426482128552357	0.424916577575414	0.423349235092474	0.422160608572285	0.420722872803894	0.425804420425075	0.429306181040334	0.438590466365433	0.4444840519604	0.452462592914018	0.463970530495115	0.47480682238552	0.49372292892178	0.506701997374754	0.529015751675422	0.543543112888815	0.564703101976964	0.587001191842326	0.604877237225354	0.632449964784823	0.653704335805994	0.687669006892349	0.692236192578159	0.719135585061366	0.743440955873733	0.76344556757753	0.793790275724533	0.811944530183705	0.843502978604006	0.858765672394393	0.872417088700159	0.916247894541458	0.917257282058272	0.949539841591982	0.973597202978334	0	0
450.154	0	0	0	0	0	0	0	0	0	0	0	0	0	0	0	0	0	0	0	0	0	0	0	0	0	0	0	0	0	0	0	0	0	0	0	0	0	0	0	0	0	0	0	0	0	0	0	0	0	0	0	0	0	0	0	0	0	0	0	0	0	0	0	0	0	0	0	0	0	0	0	0	0	0	0	0	0	0	0	0	0	0	0	0	0	0	0	0	0	0	0	0	0	0	0	0	0	0	0	0	0	0	0	0	0	0	0	0	0	0	0	0	0	0	0	0	0	0	0	0	0	0	0	0	0	0	0	0	0	0	0.0282837727117447	0.0277645174619454	0.0304842171632284	0.035096316514648	0.0378106387998828	0.0426799122482181	0.0473095796257324	0.0526340025537701	0.0582080258482596	0.063375941242224	0.0699546806024919	0.0759189436895268	0.0842740389555011	0.0900980877359475	0.0983789144592747	0.105448978595199	0.113130924549619	0.124559733197027	0.129402886144646	0.139186512363434	0.147866609626922	0.156649309469041	0.166193351422179	0.177749563024385	0.189208897567558	0.199012015921181	0.207341136544094	0.220288079167637	0.230087381344775	0.242473352864624	0.252631959179104	0.265168298169739	0.276595936483841	0.286777797685015	0.298074482118694	0.309437940500429	0.319265023005694	0.328791806654995	0.339269692772529	0.348217120429623	0.3567903562147	0.366107350779871	0.376378942029855	0.386087116681797	0.396207372968024	0.405659084990997	0.41389066712347	0.423702243464078	0.431951241637527	0.439817347476815	0.446509695527218	0.453172613942934	0.453088579484792	0.460041797567693	0.460410380220042	0.462775057598637	0.46330231348568	0.460601222901832	0.460758551817566	0.457365226566038	0.455884722998274	0.451635699896239	0.447328890936746	0.445135046513624	0.440750279921733	0.43524487353779	0.430870752087656	0.430272745799939	0.426726786174842	0.42167132509996	0.41856261892716	0.422962060258892	0.417959126288963	0.423703057138693	0.422993801032897	0.426745696870142	0.437853155031964	0.444353584021776	0.456527544309245	0.475551176041766	0.489648588416024	0.500486697365115	0.516820704754697	0.539226568718858	0.556877905594431	0.578139206755141	0.59148966069923	0.610316881806676	0.638640277171589	0.666802440514025	0.679774494834047	0.706832951832685	0.718714537467334	0.743291931025724	0.774789913673465	0.796579765585676	0.814838972870472	0.829711047592693	0.860589597381014	0.871143006298015	0.891044570959532	0.918678686659231	0.974926178884185	0	0	0
454.783	0	0	0	0	0	0	0	0	0	0	0	0	0	0	0	0	0	0	0	0	0	0	0	0	0	0	0	0	0	0	0	0	0	0	0	0	0	0	0	0	0	0	0	0	0	0	0	0	0	0	0	0	0	0	0	0	0	0	0	0	0	0	0	0	0	0	0	0	0	0	0	0	0	0	0	0	0	0	0	0	0	0	0	0	0	0	0	0	0	0	0	0	0	0	0	0	0	0	0	0	0	0	0	0	0	0	0	0	0	0	0	0	0	0	0	0	0	0	0	0	0	0	0	0	0	0	0	0	0.025009494873443	0.0261081301626327	0.0306004916249349	0.0338412334880727	0.0372946812754725	0.0424016500419069	0.0451463129334298	0.0515761436315648	0.0561685883012719	0.0610265275485757	0.0674246560462786	0.0739851095429179	0.0818366911273354	0.086136832371501	0.0938666580141497	0.102642206010563	0.108957586687081	0.118783692219556	0.123561928263205	0.135181340279079	0.14339856410659	0.151635600543875	0.162261227118452	0.168210072312264	0.177312039507646	0.188829312765525	0.198949120954171	0.209415215108529	0.221056129289005	0.231419386015152	0.240107700783535	0.252993732078163	0.263110547095254	0.272306855178467	0.282929458704331	0.294241939635284	0.303919977091864	0.315577908164598	0.32448853202707	0.336279436489202	0.345291319584235	0.353714370525482	0.363143488282596	0.37068245492727	0.378092215232703	0.391506495381969	0.397319657200902	0.407589446945202	0.415734086425037	0.422884611783517	0.431054295146339	0.434940009250378	0.442613456898993	0.449817426417784	0.451680075224466	0.453531620453134	0.453398493846026	0.454795966259748	0.454785906410716	0.454387753288826	0.451427887158186	0.450895321936455	0.445658892803958	0.444899632441536	0.441003582405415	0.438169716962777	0.433903868668956	0.428410812649027	0.424377071497551	0.420566785633645	0.420337802602392	0.416714452050033	0.416580621973994	0.412473864355497	0.419024442932175	0.422057685015353	0.424440399396367	0.431907218607059	0.442305698268171	0.454351387006343	0.461580169321885	0.476064726968239	0.488438209356098	0.505903952810269	0.518754603124213	0.538879445671134	0.560336215249871	0.582041812943235	0.600627172611577	0.614850866460862	0.639696176278218	0.66079493820894	0.682576651104845	0.699010725399879	0.713314974170997	0.735163129081177	0.768400424906206	0.78178586006661	0.799839007511573	0.826279906226646	0.841796147892874	0.862062270154633	0.875401859131125	0.915406759875954	0	0	0	0
459.414	0	0	0	0	0	0	0	0	0	0	0	0	0	0	0	0	0	0	0	0	0	0	0	0	0	0	0	0	0	0	0	0	0	0	0	0	0	0	0	0	0	0	0	0	0	0	0	0	0	0	0	0	0	0	0	0	0	0	0	0	0	0	0	0	0	0	0	0	0	0	0	0	0	0	0	0	0	0	0	0	0	0	0	0	0	0	0	0	0	0	0	0	0	0	0	0	0	0	0	0	0	0	0	0	0	0	0	0	0	0	0	0	0	0	0	0	0	0	0	0	0	0	0	0	0	0	0.0234452792029521	0.0259094578321524	0.0292264479780511	0.0337340953216568	0.036636451791411	0.0411380519464083	0.0458521360638882	0.0505617241369582	0.0565879737455574	0.0606228413030083	0.0654249137480018	0.0711574553508978	0.0780144614527908	0.084125220219264	0.0914149533926771	0.0980066388996635	0.105510379073776	0.112537285720313	0.120499452669049	0.128746562193882	0.138286364862998	0.145705205049404	0.153937021380848	0.162074714318688	0.174030420750527	0.181183143115603	0.190393903454475	0.199878511025469	0.210228995009675	0.220155224795865	0.229207518572372	0.241909386191365	0.249678772101248	0.263250133078901	0.271325392131989	0.280893418940416	0.290527403232336	0.30249408796357	0.311383889363695	0.320730821680137	0.328211033953099	0.338636532003837	0.345980946530134	0.358837578681067	0.363053938337618	0.373129218247519	0.380514968317277	0.389156887112783	0.396855376625018	0.404379988395822	0.413463369087856	0.420703882247437	0.426637711985016	0.434663736733318	0.438094947384411	0.444212788373911	0.445188484604165	0.44718279017269	0.446309781407451	0.448994516902235	0.445298719981807	0.444249414018003	0.44268665789411	0.441424235155103	0.438281578234952	0.434930082997277	0.433077391559361	0.428083749850281	0.423708871346771	0.421880517988226	0.418286264132425	0.413598172914159	0.412909058693273	0.411866780718047	0.412276401242133	0.414480513865672	0.415432565819116	0.419179116822899	0.424991110093255	0.43133402725453	0.442005525861083	0.453094480079497	0.462359342878269	0.480194624731395	0.490505455537263	0.505741619977668	0.519652303593213	0.549040808605096	0.562521494146012	0.581882217172325	0.603253458464434	0.61664871236354	0.639649342807677	0.66278265274071	0.679940168444941	0.700992936167269	0.715671783071129	0.736392901705021	0.758895399194129	0.780101875650673	0.792866955909734	0.811472580912974	0.823567459144529	0.859727073433239	0.878595036883002	0	0	0	0	0
464.049	0	0	0	0	0	0	0	0	0	0	0	0	0	0	0	0	0	0	0	0	0	0	0	0	0	0	0	0	0	0	0	0	0	0	0	0	0	0	0	0	0	0	0	0	0	0	0	0	0	0	0	0	0	0	0	0	0	0	0	0	0	0	0	0	0	0	0	0	0	0	0	0	0	0	0	0	0	0	0	0	0	0	0	0	0	0	0	0	0	0	0	0	0	0	0	0	0	0	0	0	0	0	0	0	0	0	0	0	0	0	0	0	0	0	0	0	0	0	0	0	0	0	0	0.0272326208135616	0.0218002657290113	0.0244428702307772	0.0280207133027915	0.0316589257433188	0.0352464272591455	0.0408488016812136	0.043983599653754	0.049536895612089	0.0536443427270965	0.0592217052194975	0.0631490777825426	0.0694166062975097	0.0746333519853017	0.0806004041570962	0.0874319590729913	0.0939355986416608	0.101268773520432	0.107466981147365	0.113617084215957	0.121946382165167	0.13087706033283	0.138447699989921	0.1463870788551	0.156992113196227	0.16337428632049	0.171143782763835	0.179342983487635	0.189526910188907	0.198952380415705	0.207917152852809	0.21822534811411	0.228245261576756	0.23836176780547	0.246394561009356	0.257271682281224	0.265838608800905	0.27644909762829	0.284212217497405	0.294138586941785	0.303849644053622	0.313079584082768	0.321449900672591	0.330544460829059	0.339248176010842	0.349642210245208	0.354264590999505	0.362728169111259	0.369962096523429	0.377100410395594	0.386215406328445	0.393841166300915	0.39843341120745	0.405864453562746	0.413653343940578	0.420575290372676	0.42446117738211	0.42785848676958	0.43364883130184	0.434204942860221	0.434639958905683	0.436222289979266	0.43616801272937	0.433279880094584	0.431794569964243	0.432033484467715	0.42828426290798	0.426383333084344	0.423955688824405	0.422534307078442	0.417558549005723	0.414449910359338	0.410809938129883	0.4085078622368	0.406434637794056	0.405577229685727	0.404357041116204	0.405891632650051	0.40866502004358	0.409586023712201	0.416364392749147	0.421652286820684	0.423708697642968	0.440300123712743	0.44633290057263	0.461531605196398	0.473088339296575	0.49166271774283	0.506704938612366	0.52442787507781	0.549922875671465	0.559060397754152	0.584996371749897	0.588957485969929	0.617168230684296	0.638890220280632	0.656792666748406	0.673296200433223	0.696707682233402	0.710244276766763	0.73432821336134	0.744606453630636	0.774558235704725	0.78773026917677	0.808126274451534	0.824512168011455	0	0	0	0	0	0	0
468.686	0	0	0	0	0	0	0	0	0	0	0	0	0	0	0	0	0	0	0	0	0	0	0	0	0	0	0	0	0	0	0	0	0	0	0	0	0	0	0	0	0	0	0	0	0	0	0	0	0	0	0	0	0	0	0	0	0	0	0	0	0	0	0	0	0	0	0	0	0	0	0	0	0	0	0	0	0	0	0	0	0	0	0	0	0	0	0	0	0	0	0	0	0	0	0	0	0	0	0	0	0	0	0	0	0	0	0	0	0	0	0	0	0	0	0	0	0	0	0	0	0	0.0220691306278015	0.0200724129971423	0.023007262265338	0.0267000216960136	0.0288838624175677	0.0328464076567162	0.0375770211296732	0.041097689077448	0.0455164840967509	0.0509600025475709	0.0553447929475482	0.0617276085094888	0.0662090941725172	0.0709607729392136	0.0754761816282662	0.0812022199105714	0.0895018050349267	0.0943145302760258	0.101584792179196	0.109143913338425	0.116131124586607	0.122069742238375	0.129253249850913	0.137210535948482	0.145253487465026	0.151898242880985	0.160871770402252	0.169732163076715	0.176308312338831	0.186641262594422	0.194383223125601	0.20405799834195	0.212541073532638	0.221564826122977	0.232599580290527	0.239601338013006	0.249907889397996	0.258234783464022	0.266123010152568	0.275932469798968	0.284909747876776	0.29501059359885	0.305061858592258	0.312001736817204	0.318911143311895	0.32681208339453	0.335775105951636	0.341545079063058	0.349019428672199	0.356239832348319	0.361861896789126	0.370729048543556	0.37479177267795	0.381605259649551	0.390847325149797	0.394741265552924	0.401717083590949	0.407027766601236	0.411226516475573	0.418158876700523	0.415746066637825	0.418019079016405	0.4211686491952	0.419404101477721	0.418472189277881	0.417259733405984	0.420304300980927	0.413976317870459	0.411742471648718	0.409910588897982	0.4087077262217	0.403304834483337	0.402139471500439	0.398698291353276	0.397347164355263	0.394408687122098	0.393542508541828	0.395230549484206	0.392906758264766	0.396031619838816	0.400536482988474	0.404169779617615	0.404414810093599	0.41397257397803	0.422753434973369	0.429577924991796	0.440276101034293	0.457722909336963	0.472498711506168	0.483034774837003	0.500555323449768	0.517809714955955	0.535653450361095	0.555452103413054	0.571572900732995	0.584577984570147	0.598444993050896	0.62127990259176	0.640156450780566	0.648206522468422	0.676278137957147	0.692844283157574	0.717713393026838	0.727754686737154	0.744284545166134	0.767783903991476	0.779184975367877	0	0	0	0	0	0	0	0
473.326	0	0	0	0	0	0	0	0	0	0	0	0	0	0	0	0	0	0	0	0	0	0	0	0	0	0	0	0	0	0	0	0	0	0	0	0	0	0	0	0	0	0	0	0	0	0	0	0	0	0	0	0	0	0	0	0	0	0	0	0	0	0	0	0	0	0	0	0	0	0	0	0	0	0	0	0	0	0	0	0	0	0	0	0	0	0	0	0	0	0	0	0	0	0	0	0	0	0	0	0	0	0	0	0	0	0	0	0	0	0	0	0	0	0	0	0	0	0	0	0.0194656417611167	0.0194674308077235	0.0213255055787411	0.0255731636777104	0.0276667292472578	0.0313980098384891	0.0348322156557919	0.0390699948930226	0.0432082171105943	0.0468973845475496	0.0525327633135145	0.0574661942685345	0.0625171169782643	0.0677444666366176	0.0733936511825442	0.0785239110753264	0.0830993648252323	0.0891551465264881	0.0968440757880192	0.102037766023889	0.108654600634846	0.116318464205022	0.123552639877229	0.12888507842794	0.135020887737107	0.144687256946063	0.153272354090171	0.161702979649512	0.16686311863966	0.175200301558451	0.184110697656651	0.192830089466445	0.199881372864407	0.209711474652998	0.217592171359957	0.226444561376688	0.235347770486973	0.242639493140385	0.252146037200192	0.258185033641232	0.268915320758374	0.276031304690768	0.285268878837549	0.293250216310399	0.301904776723997	0.30960335113148	0.316747230281824	0.325250582330659	0.330737662936748	0.33802595526776	0.34442181485804	0.351244374138946	0.3555964082623	0.363496159364972	0.36890581386016	0.375114979543162	0.380908880620949	0.388126652142811	0.391724037761496	0.395857644823885	0.400649361277793	0.404993802185445	0.406713487060292	0.407156797699565	0.406836168023483	0.408192758686631	0.407788153023543	0.407866339796316	0.403934871144516	0.401919981059032	0.40015748112432	0.395257106678909	0.395516820424735	0.394217783050008	0.390540375985034	0.388346059200313	0.385176950370355	0.387062501391866	0.384837038804925	0.386511569723636	0.385504557019744	0.38802859575442	0.391112591756613	0.396459859818967	0.401548952156335	0.406467157650209	0.41381855925885	0.431492483710388	0.444070369082695	0.456268367513035	0.465848365502549	0.479631823236526	0.498148547864977	0.513992202943852	0.535618630151007	0.554295973325802	0.566223313546637	0.589007563449922	0.601096805960826	0.61703419734975	0.633086087284528	0.652731292761266	0.662520518316916	0.684582634834713	0.703926665149483	0.715822879670393	0.736055125526674	0.75640044277449	0	0	0	0	0	0	0	0	0
477.969	0	0	0	0	0	0	0	0	0	0	0	0	0	0	0	0	0	0	0	0	0	0	0	0	0	0	0	0	0	0	0	0	0	0	0	0	0	0	0	0	0	0	0	0	0	0	0	0	0	0	0	0	0	0	0	0	0	0	0	0	0	0	0	0	0	0	0	0	0	0	0	0	0	0	0	0	0	0	0	0	0	0	0	0	0	0	0	0	0	0	0	0	0	0	0	0	0	0	0	0	0	0	0	0	0	0	0	0	0	0	0	0	0	0	0	0	0	0.0172572034177891	0.018585625156392	0.0212790372772439	0.0238527274421973	0.0263380735649935	0.0294361832213918	0.0321927920503827	0.0351744841769676	0.0398781524537637	0.0442688387964002	0.0479594133186937	0.0538393516206222	0.0588751729201382	0.0639130753877425	0.0691277693726283	0.0750049948305502	0.0799849142284651	0.0846139676734949	0.0892969941963408	0.0966640767825612	0.101673952704584	0.108297721401791	0.114241710189389	0.12196830172512	0.128833496252231	0.134705563687749	0.142641772392091	0.148909915124807	0.155169269883386	0.163968287277451	0.17066401433215	0.178968597544992	0.188574651595882	0.197595836574703	0.202378709766462	0.213715384748783	0.218119197264181	0.227975320227403	0.236150773115287	0.243675901355833	0.253699522248795	0.259707545274896	0.266745747111275	0.275253190006633	0.283205283991622	0.289880236229541	0.297309408191608	0.307800606262902	0.313810299032778	0.316309903747029	0.326220763030633	0.331495390927726	0.338276223563623	0.343518229896793	0.349073617307241	0.352767026474973	0.357897511628849	0.361964169038054	0.369224290522058	0.373526363576005	0.377894956180998	0.381690227948802	0.388075918985497	0.386472780678562	0.389752631105367	0.390936696396573	0.392919563277669	0.394918009438154	0.390620594002643	0.389580293392003	0.388855648204943	0.387911955506584	0.383029037533404	0.382801977826753	0.382543700494831	0.379604339849079	0.37750306705745	0.376263293203376	0.371720014240855	0.373085387753269	0.373936318124221	0.376041439232096	0.376759052980717	0.382014012829554	0.384865107593021	0.387940174205516	0.392468699421147	0.402954620240359	0.412620588813563	0.421601615517589	0.43477035725717	0.44623503595384	0.460132666875167	0.478556500634197	0.490316885662731	0.50999972089752	0.52604580784202	0.541641886924079	0.558806411710982	0.577030981029039	0.590057358028719	0.6098333644583	0.625389830468674	0.637835553198585	0.654067224385253	0.665928777713054	0.687611468365321	0.698861068973566	0.720546225418706	0	0	0	0	0	0	0	0	0	0
482.615	0	0	0	0	0	0	0	0	0	0	0	0	0	0	0	0	0	0	0	0	0	0	0	0	0	0	0	0	0	0	0	0	0	0	0	0	0	0	0	0	0	0	0	0	0	0	0	0	0	0	0	0	0	0	0	0	0	0	0	0	0	0	0	0	0	0	0	0	0	0	0	0	0	0	0	0	0	0	0	0	0	0	0	0	0	0	0	0	0	0	0	0	0	0	0	0	0	0	0	0	0	0	0	0	0	0	0	0	0	0	0	0	0	0	0.0185576819154279	0.0174794990542716	0.0190956271020368	0.0204778550129828	0.0223539386269069	0.0254867920694343	0.0280547979125023	0.0306824463879049	0.0338432949515254	0.0377180701245891	0.0414974379273619	0.0450991046303397	0.0486444711425837	0.0549558766066655	0.0590527320082111	0.0640687971900548	0.0704659556141325	0.074503026629542	0.0797855782624571	0.0844901056376155	0.0903078697355146	0.0946552625454531	0.102144148769473	0.107843551185332	0.112261048223308	0.118114358878662	0.126909900658014	0.133474869798684	0.141050407567419	0.147991596181881	0.153552517884068	0.161335149874009	0.168597773149664	0.176083154269634	0.182465720856064	0.191116068789643	0.197951689026935	0.204658420159757	0.211439330543562	0.219170603747622	0.228028354787177	0.236802723235923	0.245026167637143	0.251773067230363	0.258052178558759	0.264725637109341	0.272066774058429	0.279644164382747	0.286797266104113	0.294230058379136	0.301534354250867	0.305985188993117	0.313538041610791	0.318181068354705	0.323539638194537	0.330209231772674	0.336119175630791	0.337884183484774	0.344952383856239	0.347791713484763	0.354403158920013	0.356444135215547	0.364010519051077	0.366782818336632	0.371363687442237	0.372967661034414	0.375651954931206	0.375718319098124	0.376271136484513	0.376665487269312	0.375859833968311	0.375326732306125	0.376166882538525	0.373517734199021	0.372652209825194	0.36888834395037	0.367142671371845	0.367772233612737	0.36651813190265	0.364097092761015	0.365125754296122	0.359888769327826	0.360736946704468	0.366604920689995	0.364349337399937	0.364644461387606	0.36924049186007	0.375735293465063	0.381117267889226	0.389221207352509	0.395918633481433	0.404492642625058	0.416604646562848	0.430080091731827	0.441644997539777	0.453389118894931	0.469784604930358	0.482933898424378	0.500580976704618	0.514822947463085	0.533918286279321	0.55026217464288	0.563491212400595	0.577420547024003	0.588235967499555	0.606902056143882	0.623743974030947	0.634436852145742	0.654583968552424	0.666761959990416	0.680237922528136	0	0	0	0	0	0	0	0	0	0	0.843260583449192
487.263	0	0	0	0	0	0	0	0	0	0	0	0	0	0	0	0	0	0	0	0	0	0	0	0	0	0	0	0	0	0	0	0	0	0	0	0	0	0	0	0	0	0	0	0	0	0	0	0	0	0	0	0	0	0	0	0	0	0	0	0	0	0	0	0	0	0	0	0	0	0	0	0	0	0	0	0	0	0	0	0	0	0	0	0	0	0	0	0	0	0	0	0	0	0	0	0	0	0	0	0	0	0	0	0	0	0	0	0	0	0	0	0	0.0175657631623131	0.017811504216974	0.0200495952993336	0.0210133245211183	0.0227933808998128	0.0248489341986236	0.0280089786915671	0.030578706523866	0.0330022106987399	0.0363721965659959	0.0394947935403957	0.0428854224159697	0.046685020331925	0.0505435502171301	0.0555295674465127	0.0589336851818024	0.0664177829773224	0.0721272222433175	0.0761798080206372	0.0812748679178142	0.0870909484447496	0.0909767237837409	0.0951667567922805	0.100917943509266	0.107673125653133	0.11237750190317	0.118113833210234	0.124654101273882	0.132583636051356	0.138556341178874	0.144759457880061	0.151539275196968	0.157451352752195	0.164794213321704	0.173113177635061	0.179593127227836	0.187478643832286	0.193439261889074	0.201016922134141	0.205977457499765	0.214407946944759	0.220332465698052	0.228610701207051	0.235055700359406	0.241523685738903	0.247880230217405	0.256663830017545	0.262243317595323	0.270942043322564	0.276082246887893	0.284502484028351	0.289718057802873	0.295632461502844	0.301624176090302	0.307419275596983	0.312514181432574	0.318716838403153	0.322487091540769	0.32693596186241	0.32932570110469	0.335241218383378	0.337534719681834	0.342943634800367	0.346756800174331	0.349441491733773	0.352680007931672	0.35677903820147	0.359356540138203	0.361210111520234	0.362322938187639	0.361986580706536	0.363607368701816	0.363879403633273	0.362990808598757	0.357761933801623	0.358813215518848	0.359650138309331	0.358422320163926	0.358344431915807	0.357531873164473	0.355795370989149	0.353843004151721	0.352704934728123	0.354096132515839	0.352881993187362	0.358058512992764	0.357115908610684	0.358640992604468	0.365442726927421	0.37048400523284	0.370746133637429	0.381276021632566	0.389379323690281	0.400456332872499	0.413977877238974	0.423582636354447	0.439659365072491	0.452743902421127	0.461837972204028	0.475557287316121	0.499265288022076	0.511446931519022	0.523062500189592	0.542041473980322	0.55997895249732	0.572689458035827	0.58452775794931	0.596473109370363	0.613290208529983	0.626398007261597	0.644752196159515	0.651968355334854	0	0	0	0	0	0	0	0	0	0	0.811011090874564	0.796824158302375
491.914	0	0	0	0	0	0	0	0	0	0	0	0	0	0	0	0	0	0	0	0	0	0	0	0	0	0	0	0	0	0	0	0	0	0	0	0	0	0	0	0	0	0	0	0	0	0	0	0	0	0	0	0	0	0	0	0	0	0	0	0	0	0	0	0	0	0	0	0	0	0	0	0	0	0	0	0	0	0	0	0	0	0	0	0	0	0	0	0	0	0	0	0	0	0	0	0	0	0	0	0	0	0	0	0	0	0	0	0	0	0	0.0152486097549029	0.0169021431198936	0.0184533168845903	0.021399502545394	0.0227796661092176	0.0246468420923926	0.0264819197329003	0.0290775481470474	0.0310741345761607	0.034010487879402	0.0361776195460399	0.0397636567407669	0.0432703360903578	0.047205802444954	0.0512505315223375	0.0551219749191157	0.0584924238336017	0.0647618628355016	0.0688051315877988	0.0741175417100216	0.079552635114177	0.0849620538237382	0.0900832547016372	0.095051622466217	0.0999531021341895	0.10517803753715	0.110090771889825	0.11458755161294	0.120368968943974	0.126457630010609	0.132836255509356	0.139035741306645	0.144958266388128	0.153029076525033	0.160295335988865	0.165807585833932	0.174012124352092	0.181520680517446	0.186770167818381	0.193249806678584	0.201265364282398	0.20613333013615	0.212919053952406	0.220963241633744	0.226535743945576	0.232642977979638	0.239528498382532	0.246286596972695	0.253087459560815	0.258238228227135	0.261814099704795	0.272112201404844	0.27799497552933	0.284723601291952	0.289920907000694	0.292759938821311	0.298673003723039	0.302712000078505	0.306402947628959	0.312941409389497	0.314717713296585	0.31703156448236	0.323560743457942	0.327206262735664	0.329846710829335	0.334194694848135	0.337264504449629	0.339784756975799	0.344573182342111	0.345871359902301	0.346747746905255	0.348048190688493	0.347438458802632	0.346224533715105	0.348143978801433	0.348276675253883	0.347719363929337	0.341716340555003	0.345426980187622	0.34372099706961	0.340418211914162	0.342555912289343	0.340779652429901	0.340679418432634	0.340587014392033	0.343311380099119	0.340271940822488	0.341175677518496	0.34552042488758	0.348562558881269	0.355158789417372	0.360623126921105	0.366764267697917	0.372187497285969	0.38148751917925	0.390500684926871	0.4011531482185	0.409598842703349	0.4260675621728	0.439955251150132	0.455810927070855	0.466169587356729	0.478815220613295	0.496628574397983	0.51216668478483	0.524193437573851	0.539779964159817	0.558642785721405	0.568481531244348	0.583028176747684	0.59363155299219	0.602632211705781	0.615651821945869	0	0	0	0	0	0	0	0	0	0	0.735015934523733	0.744420138463458	0.725483361784432
496.567	0	0	0	0	0	0	0	0	0	0	0	0	0	0	0	0	0	0	0	0	0	0	0	0	0	0	0	0	0	0	0	0	0	0	0	0	0	0	0	0	0	0	0	0	0	0	0	0	0	0	0	0	0	0	0	0	0	0	0	0	0	0	0	0	0	0	0	0	0	0	0	0	0	0	0	0	0	0	0	0	0	0	0	0	0	0	0	0	0	0	0	0	0	0	0	0	0	0	0	0	0	0	0	0	0	0	0	0.0161277094531714	0.015192804996168	0.0166317674897241	0.0180250135197815	0.0198137865861626	0.0215569989050649	0.0244085963145009	0.0256720037390867	0.0275403789165611	0.0299630325528812	0.0317330042930564	0.0349954143862612	0.0374047201910863	0.0407699812796329	0.0443790489720114	0.047258115276589	0.0508327910186653	0.0538710933017259	0.0603356166069853	0.0632552528978618	0.0678759309134851	0.0729594732393025	0.0785875666345342	0.0830117253063373	0.0880052971316368	0.092044677475204	0.0980309954979265	0.101154490715953	0.107022706304687	0.112119746007089	0.117798711090744	0.121694383537902	0.128622319733508	0.135057219887915	0.14126208507685	0.1470416959318	0.152379041755678	0.159467974670654	0.16549541824434	0.170794637416044	0.180114373338059	0.184215168598209	0.190505952828026	0.1982456615877	0.201994717788364	0.211134949814415	0.21545517591107	0.220718763339601	0.228055535849198	0.235264212670418	0.239706299341127	0.245230682062069	0.252159337089084	0.256115247602947	0.262110924563511	0.269340610926914	0.272608622652032	0.278704903368094	0.284423530713117	0.28943002520607	0.291780900457015	0.294891499862618	0.299051651096249	0.30237261489412	0.304255447941414	0.307818536914741	0.311783974782793	0.314112286278934	0.320849860647174	0.322107787239986	0.324983252489398	0.324725526504278	0.328095171509698	0.329994521313012	0.330131072130961	0.330809517700624	0.329577569015834	0.328759942811875	0.327569139599552	0.332357313489275	0.329164588699258	0.326839019545037	0.327984333906643	0.326388776165666	0.325575225253777	0.327863676285291	0.327467236673175	0.328589319379673	0.328177652055397	0.330713787523713	0.331506066681259	0.336500223246913	0.335550079101511	0.337740483854843	0.346056012985815	0.353571892556848	0.360362568601475	0.370359764040494	0.38158733561971	0.389926985455244	0.403629662921654	0.413090128019742	0.430106251392077	0.439094230768466	0.455098288148973	0.470645431937901	0.481142790698615	0.494488108846228	0.51458010278504	0.523302900530183	0.54094280160014	0.552359068834256	0.560425515115309	0.574799241560854	0	0	0	0	0	0	0	0	0	0	0.699173025584158	0.684037728475603	0.711448241639622	0.645167332379224	0.630922348535723
501.224	0	0	0	0	0	0	0	0	0	0	0	0	0	0	0	0	0	0	0	0	0	0	0	0	0	0	0	0	0	0	0	0	0	0	0	0	0	0	0	0	0	0	0	0	0	0	0	0	0	0	0	0	0	0	0	0	0	0	0	0	0	0	0	0	0	0	0	0	0	0	0	0	0	0	0	0	0	0	0	0	0	0	0	0	0	0	0	0	0	0	0	0	0	0	0	0	0	0	0	0	0	0	0	0	0	0.0137350400036994	0.0145578876168685	0.0156772712584195	0.016841348485165	0.0195627212713838	0.0214416840996919	0.0231763210380493	0.0249426684513704	0.0275154000544401	0.0294087945460369	0.0311609583227919	0.0335642541648528	0.0361149894075349	0.0385012570062299	0.0412066661703718	0.0450200863302316	0.0469894569510863	0.0511663408016211	0.0543075358849315	0.0577757673133326	0.0611769447143318	0.0660922073235076	0.0718130002844617	0.075989325705852	0.0821576881329286	0.0849727112350391	0.0902130233970474	0.0951471065324071	0.0994757285196491	0.10473549138707	0.108782528775474	0.113698949441142	0.11805530594704	0.122963515668377	0.129574920873949	0.13413058373362	0.140849486939762	0.147131943974283	0.15313916408657	0.157740832095693	0.162769877146195	0.170734526454082	0.175562786835033	0.181661893363373	0.188889985330953	0.195155169311053	0.197954712654272	0.204426834733251	0.211857149518187	0.218223510174434	0.221685571784139	0.226960803841878	0.232749978913688	0.238385986201228	0.244658090093994	0.247526492208829	0.254413769537547	0.261350037081487	0.265788128213404	0.26793080601873	0.273519955146877	0.276314607534594	0.280827310154192	0.282289190088559	0.287582802493901	0.291816387977662	0.293201740368639	0.294503444624865	0.29785806128708	0.301520939431449	0.303974487385494	0.308461282448322	0.308919222512061	0.312296052409015	0.312585635121831	0.313327993861762	0.31302477190232	0.314140525710431	0.313627347725447	0.317369586702529	0.314141884518144	0.313693558927253	0.312500506890166	0.312426005745445	0.310988027502124	0.312523353552152	0.310191526270931	0.31187608299655	0.310179302890546	0.31323347770972	0.31496299684147	0.316097126942619	0.317641536951288	0.323051757621158	0.325895738170755	0.329992801957537	0.334501146685682	0.343254524581114	0.351719950381601	0.357090364171871	0.365519774491532	0.37807384886128	0.390875412497289	0.40342751282511	0.413059413039293	0.425393862557369	0.442333531270555	0.453168474754828	0.468276646687955	0.482894938809222	0.489864397263402	0.508555649995051	0.518199708737118	0.526515041037681	0.539297601146434	0	0	0	0	0	0	0	0	0	0	0.646085717591943	0.658649601011354	0.656891463258138	0.651797610929194	0.596154674311823	0.626514029079466
505.882	0	0	0	0	0	0	0	0	0	0	0	0	0	0	0	0	0	0	0	0	0	0	0	0	0	0	0	0	0	0	0	0	0	0	0	0	0	0	0	0	0	0	0	0	0	0	0	0	0	0	0	0	0	0	0	0	0	0	0	0	0	0	0	0	0	0	0	0	0	0	0	0	0	0	0	0	0	0	0	0	0	0	0	0	0	0	0	0	0	0	0	0	0	0	0	0	0	0	0	0	0	0	0	0.0127737518835233	0.0140766342248445	0.0161908599979654	0.0167383883207136	0.0186762065061974	0.0201277155418755	0.0211818640531344	0.0232413990463075	0.0255045917666526	0.027560518396619	0.0304987375875123	0.0324192413931886	0.0339944715461097	0.0363070461958078	0.0392644422511231	0.0415448702300826	0.0444936889874174	0.0480132888512521	0.0505935192849061	0.0537794652770457	0.0578095817494214	0.0599943145881586	0.0645656369357763	0.0681436184725683	0.0736655972052781	0.0771935896884131	0.082231863707741	0.0874849363871431	0.0911633314794223	0.0965918694382822	0.100490699046039	0.106237583521925	0.109504885686975	0.113688763664271	0.118667059132331	0.123777247790371	0.128956003921235	0.134900540313681	0.139789092919183	0.1440225112796	0.149543489513767	0.157952964036678	0.16202772919444	0.16857910104475	0.174785028850287	0.178611827590602	0.183428104213515	0.188517930918583	0.193992922844045	0.198872001702121	0.203583864819387	0.210142932550076	0.21480764495395	0.22155826255676	0.226053750753887	0.230757327681994	0.233627728075909	0.24162932685648	0.244156990991613	0.250190380164668	0.255395255332134	0.255931762886059	0.263863010063703	0.26495584647659	0.267244366297527	0.270846578905813	0.273378865605422	0.27323788244286	0.276502351940349	0.279383333401905	0.284884259658015	0.284810420188741	0.287409066929271	0.289068748760898	0.29165181828022	0.294789143662067	0.296365197192842	0.296886947283794	0.296106716240782	0.299822773696657	0.297429227084851	0.29672685168018	0.295670653632441	0.298564548019255	0.294495921093876	0.294965399663239	0.295600398658851	0.297204966678178	0.295526442176787	0.297440344997978	0.299108724362004	0.299221017120137	0.299014066654063	0.302079687698005	0.30454914544421	0.307216425435052	0.313442191971927	0.319908959250413	0.323790452167241	0.327908745757785	0.337347248495293	0.344119022065974	0.353396857813991	0.36740330973885	0.37670408724892	0.386037610011405	0.399939837589274	0.406835079031538	0.42203036997091	0.433532950101144	0.449680508335456	0.466495679548323	0.474916918402049	0.485400252958541	0.494771613130295	0.510916891521774	0	0	0	0	0	0	0	0	0	0	0.615769577107311	0.619692481518011	0.620313417983057	0.609965482017328	0.572131617406895	0.581418071329559	0.610144212661613
510.544	0	0	0	0	0	0	0	0	0	0	0	0	0	0	0	0	0	0	0	0	0	0	0	0	0	0	0	0	0	0	0	0	0	0	0	0	0	0	0	0	0	0	0	0	0	0	0	0	0	0	0	0	0	0	0	0	0	0	0	0	0	0	0	0	0	0	0	0	0	0	0	0	0	0	0	0	0	0	0	0	0	0	0	0	0	0	0	0	0	0	0	0	0	0	0	0	0	0	0	0	0.0118560256096202	0.0113150002451667	0.0130820413830372	0.0137634834013904	0.0151040575225238	0.0168783115488329	0.0182099862330499	0.020434245240719	0.0220426492917113	0.0239508676955537	0.025335993129224	0.027318168319205	0.029897991377254	0.0316117749632486	0.0346829569621168	0.0358735839545015	0.0385862261737796	0.0409092739128953	0.0439887779633468	0.0466650777681209	0.0487638952758011	0.0517645404290266	0.0551727581005337	0.0587895708614003	0.0616453142866215	0.0650738463274833	0.0684464612511834	0.0724540373886266	0.0777413463758576	0.0823687416307198	0.0857127267922439	0.0899090139431037	0.0939071599649044	0.0989527634556188	0.103334323705001	0.106807457608888	0.1117693297146	0.115550045620573	0.119880263663448	0.126207132168388	0.13063405500491	0.135973931534462	0.140847011316353	0.147377347916577	0.150173790721427	0.155758773867335	0.161181401345834	0.167000253112707	0.172437599424655	0.176718570505051	0.182535100751085	0.186263482157701	0.190103107732391	0.196505429132319	0.200510690845266	0.204588207145613	0.210550599961035	0.214985544789279	0.219714545724414	0.222583079026343	0.226782087251502	0.232557060195952	0.236319601835154	0.238236262629778	0.244541424524138	0.246324793620655	0.250218852327647	0.255064690734088	0.255397357101599	0.257956619922377	0.259473723471979	0.263591200071359	0.262331174729864	0.264939316845719	0.268606701505169	0.270594222333638	0.272677162215225	0.282376482536777	0.275766750539443	0.274944783439432	0.276362758836605	0.277752876379205	0.27695511845269	0.27675512518457	0.279388363888055	0.276928754211997	0.278237466711986	0.276945452693583	0.277991065981519	0.278112092798474	0.276565476961172	0.278651644055193	0.279912864602118	0.283328066728672	0.281258904782485	0.284238744026901	0.287446993785725	0.290869680687777	0.291362247127574	0.294626296600365	0.299476882806871	0.309681905446876	0.312908206911923	0.317191864238292	0.329600795782055	0.33924062988556	0.345833707654802	0.359877343088138	0.365064149885905	0.378932235701716	0.392484904766494	0.400773192480659	0.413454293549082	0.426263725262298	0.44180577346386	0.453917454881832	0.457364731020856	0.471472619086369	0	0	0	0	0	0	0	0	0	0	0.560507863192331	0.569296720368218	0.565297523075755	0.560137124205346	0.544173659026448	0.533534414270049	0.540299686844129	0.586951903255092
515.208	0	0	0	0	0	0	0	0	0	0	0	0	0	0	0	0	0	0	0	0	0	0	0	0	0	0	0	0	0	0	0	0	0	0	0	0	0	0	0	0	0	0	0	0	0	0	0	0	0	0	0	0	0	0	0	0	0	0	0	0	0	0	0	0	0	0	0	0	0	0	0	0	0	0	0	0	0	0	0	0	0	0	0	0	0	0	0	0	0	0	0	0	0	0	0	0	0	0	0.0104751413379923	0.0115751728819647	0.0131700715582186	0.0141009406412365	0.0149219975478764	0.015819856587244	0.0184305724739149	0.019704927831469	0.0209115436761512	0.0222932761953632	0.0247635602110444	0.0271286384214823	0.0285303939837259	0.030489525561792	0.0320244370742538	0.0352663690390832	0.0368934925630463	0.0388705833067314	0.0407447724860028	0.0430237206665849	0.0454834869757865	0.0481674205611995	0.0507494193818428	0.0536855961511694	0.0576455971318807	0.060570463060738	0.0620788543453754	0.0666855495323159	0.069718578818307	0.0728693803864958	0.0792496018004425	0.0836068852045278	0.0878578379550763	0.0912236045918588	0.0946827572275338	0.0980032209283034	0.102774808038765	0.106686345476753	0.110422773388426	0.115104145253089	0.119307499092412	0.122966032294003	0.126903851865465	0.133821484752359	0.138230330347466	0.141737176690939	0.146724204695801	0.151683060909411	0.15637852254969	0.160297162274979	0.165371559234065	0.169194158366927	0.175137080524588	0.177569596589109	0.184233303189585	0.189190947629271	0.192611047460612	0.195356050384012	0.201569175482219	0.206701432637506	0.20897650569959	0.212253602092149	0.218372990119923	0.220891219594283	0.224300860816232	0.229256527027105	0.232015850013649	0.236146815966618	0.238005217659205	0.240242843760035	0.241173590178609	0.246082020748431	0.245502899501353	0.246376824987071	0.24906967249307	0.251119580388418	0.253129678762097	0.25461981161419	0.25722831479785	0.257107762319061	0.258800339265902	0.26008162860656	0.261524096375893	0.261901716787231	0.26318340047055	0.262081902623954	0.261977834978489	0.263230080637613	0.262824473033833	0.263442576454964	0.264184387849376	0.260639464793656	0.264486243000925	0.262515189724712	0.262507890557968	0.266189495178052	0.270312554173995	0.27069934422058	0.270935090865486	0.275394485593275	0.275705450767169	0.284064189947815	0.289800224554806	0.294719753021138	0.297809696501404	0.307991721787732	0.314385214369163	0.325995262891442	0.332834928333569	0.346200910094342	0.354148333214122	0.363968898561875	0.377637311779928	0.384244732521818	0.398991885633965	0.408622089898901	0.424558982914313	0.432652159731914	0.438481606496894	0	0	0	0	0	0	0	0	0	0	0.530697735274878	0.540882640081156	0.535975935851984	0.527743806942838	0.541664378342442	0.51129317183991	0.530567088294422	0.546105542378396	0.606368446897841
519.874	0	0	0	0	0	0	0	0	0	0	0	0	0	0	0	0	0	0	0	0	0	0	0	0	0	0	0	0	0	0	0	0	0	0	0	0	0	0	0	0	0	0	0	0	0	0	0	0	0	0	0	0	0	0	0	0	0	0	0	0	0	0	0	0	0	0	0	0	0	0	0	0	0	0	0	0	0	0	0	0	0	0	0	0	0	0	0	0	0	0	0	0	0	0	0	0	0.010320555857534	0.0107892954640874	0.0116301381321094	0.0124085825224191	0.0142610413904768	0.0151065631020689	0.016698124237453	0.0175584714950958	0.019665902103411	0.0206521669821138	0.0222706806864626	0.025026056994725	0.026491206843049	0.027645412471788	0.0292439964446625	0.0319072463473118	0.0335688132280768	0.0364652411522741	0.0378195572876844	0.0400835171885192	0.0422283114780341	0.0443023615635265	0.0464926080443735	0.0491018258892892	0.0521094834956331	0.0544061305304609	0.0577038205556146	0.0603835811067107	0.0632597654972722	0.0659552998254871	0.069906249396097	0.0740174072442183	0.0771209086209448	0.0814965272409976	0.0857112028745807	0.0894769617496752	0.0926409170534047	0.0972421022886619	0.101331221164035	0.103741295339462	0.106713501792265	0.11094800036691	0.115457192070509	0.120152186142336	0.124782715556215	0.129465136683573	0.132411562408907	0.136954667124241	0.140913214673865	0.148051555197315	0.149989296365375	0.155570500010672	0.157563533227675	0.16215834867767	0.165339198762772	0.170582127726176	0.173175109643768	0.178723824021388	0.181958513376706	0.186777884992086	0.190755850998804	0.195222409837508	0.196023789540062	0.199215479759243	0.204464738269704	0.210565254025625	0.212163180479478	0.214849701622432	0.218261135555625	0.22028692217343	0.223127023767328	0.225466751243851	0.227037296989269	0.229744362247558	0.230056761370171	0.233279560418171	0.232895380667305	0.23533491580936	0.236468766241781	0.239039660095288	0.241492852055515	0.241898592678437	0.241724447041817	0.243778385419365	0.243353134394522	0.245773398668441	0.245020090996588	0.243784951324749	0.244330141528942	0.245947658596048	0.245376167828673	0.245147556649577	0.245930896430115	0.248063199661121	0.246590486694625	0.250627636262541	0.249684472249312	0.250442324790894	0.252615181113157	0.253717887450869	0.258122044076001	0.259295979162503	0.266195775191892	0.268420601690008	0.270983648140247	0.282053100814776	0.281722611190649	0.290385026681921	0.296469835200205	0.307980451851938	0.316679082775731	0.327127247889547	0.334689295951014	0.34319242085127	0.353989969115723	0.365932918483898	0.377001143234303	0.38700265634784	0.398829268278129	0.409540665274625	0	0	0	0	0	0	0	0	0	0	0.48857541227926	0.500730977715319	0.491720410415611	0.484651163590095	0.487416798154254	0.479425596831255	0.476975317126054	0.512563865336698	0.569569444350201	0.540790960551767
524.543	0	0	0	0	0	0	0	0	0	0	0	0	0	0	0	0	0	0	0	0	0	0	0	0	0	0	0	0	0	0	0	0	0	0	0	0	0	0	0	0	0	0	0	0	0	0	0	0	0	0	0	0	0	0	0	0	0	0	0	0	0	0	0	0	0	0	0	0	0	0	0	0	0	0	0	0	0	0	0	0	0	0	0	0	0	0	0	0	0	0	0	0	0	0.0090192375487916	0.010111989093211	0.0105609446524608	0.0112957048917746	0.0125624513921722	0.0132354993731391	0.0150023204681614	0.0162585929541197	0.0176651644393705	0.0184552801458587	0.0194888065375751	0.0212653626856099	0.0226552894224843	0.0247620072316397	0.025529389866071	0.0274620480684952	0.0298052505758708	0.0306877828640645	0.0331788440468134	0.0354336606250072	0.0370936737148876	0.0391292967273859	0.0406337414969163	0.0426393718288321	0.0445468300879524	0.0466266788701759	0.0487629273078024	0.0519784925634255	0.0543925180306757	0.0577427827202761	0.0603425893068865	0.0625655909489584	0.0660745325741406	0.0691063287680081	0.0725185315928705	0.0758228868238447	0.0798946615072813	0.0852502591348395	0.0872704755784495	0.0906852227647201	0.0936099622440314	0.097059297018713	0.100678311337024	0.103461862551589	0.106597958282955	0.110309842244806	0.114638706346687	0.120467537502804	0.123162528344685	0.127883374818986	0.13120953095075	0.136327781142223	0.140165610019803	0.143508744621882	0.147213222182024	0.1512659394555	0.154971230273558	0.159365823426306	0.161775089793853	0.166623828916565	0.171760074048101	0.17111298137039	0.176222159262397	0.180689665655667	0.183206012478755	0.187672807177961	0.189607324484159	0.192670124511993	0.196880340681891	0.199073108624587	0.202395514236637	0.205172799201625	0.206658876760751	0.209365291102561	0.213269340349425	0.21443932314944	0.214469080333782	0.216995425037218	0.21581328695688	0.219819096858205	0.2186763601668	0.220542910576343	0.222525205273002	0.224521423962162	0.224345471327018	0.224726666559616	0.226002402070509	0.227558879366387	0.229476984955517	0.230423577788003	0.227650879398383	0.228521993243492	0.230821720434737	0.229951635839707	0.229760101661591	0.230069934351326	0.232921122402405	0.23162070196011	0.233494627381666	0.235367632842499	0.237751870523165	0.238538337794417	0.241533331966598	0.243213448905225	0.247451904088618	0.248624547155504	0.254148572885363	0.258495695380694	0.262947507606397	0.270203357692333	0.275244244930509	0.279738395152669	0.291578248284177	0.299788036679575	0.30862003599067	0.317524521895426	0.326701279732677	0.335012298841007	0.348754612009421	0.358391440974525	0.366788685630528	0	0	0	0	0	0	0	0	0	0	0.454299009983615	0.453689653333336	0.461700938400001	0.465393276267472	0.458106855412532	0.451169824165988	0.465470585948086	0.47259457844609	0.472406932950342	0.482832684842056	0.53723117421636	0.508130566055882
529.215	0	0	0	0	0	0	0	0	0	0	0	0	0	0	0	0	0	0	0	0	0	0	0	0	0	0	0	0	0	0	0	0	0	0	0	0	0	0	0	0	0	0	0	0	0	0	0	0	0	0	0	0	0	0	0	0	0	0	0	0	0	0	0	0	0	0	0	0	0	0	0	0	0	0	0	0	0	0	0	0	0	0	0	0	0	0	0	0	0	0	0	0.00872530189908293	0.00939712158580079	0.00940486709242663	0.0103008015326832	0.00997705719569571	0.0121422200001606	0.0135538744139141	0.0144527100023274	0.0160083817509551	0.0172584416612176	0.018482124726108	0.0195292828980779	0.0208054422027774	0.0228462452845858	0.0238871188529584	0.0249401125584561	0.0272855509676612	0.0292958554273181	0.029969460026413	0.0321477614470745	0.0340489924779431	0.0352006980310606	0.0379724278862496	0.0396075116010271	0.0416080612322499	0.0443142574115212	0.0452350885242065	0.047667649460322	0.0500033275784943	0.0522003051856598	0.0543420721073139	0.057207207474424	0.060432659276224	0.0621060389334036	0.0642441737857208	0.0687240519236186	0.0720675002132399	0.0764820719021027	0.0789878156918908	0.082125060171993	0.0857993752051352	0.0890651826443441	0.0910232344140629	0.09477134579338	0.0976532874965619	0.0997253734793698	0.104155421416308	0.107329344716644	0.111168900299868	0.11434202074491	0.119782729612007	0.122802418756101	0.126399386355403	0.129539661837688	0.133308999762101	0.136707013014786	0.140745126792676	0.145448201868778	0.147541976947829	0.151683196656689	0.153963590575493	0.157350615519082	0.1600876780246	0.163285156084125	0.167641082637444	0.17075745039466	0.17393828907238	0.17821654754809	0.17917134854849	0.183059731221578	0.187771508050668	0.188623982905303	0.191484422694601	0.194314272567895	0.196674161159645	0.1972171376159	0.198542870043026	0.200226788345882	0.202130885456584	0.202502027577842	0.203127869852016	0.20509677647719	0.206881505726438	0.209233177369854	0.209994136642903	0.210643792300094	0.211556085716457	0.212224700841108	0.212691283273383	0.212328995725961	0.215288832478115	0.213522081149391	0.214724011943324	0.214562824004892	0.217521180230973	0.216516773448023	0.217402598424295	0.218056380252509	0.218149539914072	0.218645114196814	0.220031060819085	0.219923053818783	0.223991637396901	0.225069447091026	0.226171026722926	0.230320099369402	0.234146256055768	0.235979072220378	0.239316134152453	0.245837296456078	0.251100494922345	0.254916896642235	0.260450834472423	0.268574625026298	0.276850968905848	0.284140437649146	0.294961318087001	0.303547388176318	0.312297121340137	0.316684139087134	0.330444685784198	0.339915951588418	0	0	0	0	0	0	0	0	0	0	0.421364993800119	0.424844082207509	0.433723866883756	0.437651918747769	0.429719915924755	0.421454580689538	0.411410292690338	0.419837015665882	0.445210622560982	0.455788924624614	0.477166207189467	0.468648465160001	0.500113243202409
533.888	0	0	0	0	0	0	0	0	0	0	0	0	0	0	0	0	0	0	0	0	0	0	0	0	0	0	0	0	0	0	0	0	0	0	0	0	0	0	0	0	0	0	0	0	0	0	0	0	0	0	0	0	0	0	0	0	0	0	0	0	0	0	0	0	0	0	0	0	0	0	0	0	0	0	0	0	0	0	0	0	0	0	0	0	0	0	0	0	0	0.00734305182617049	0.00886354918284778	0.0094158587713108	0.0102778580030996	0.0113108752941514	0.0127566689758361	0.0140131138736472	0.0139947081065099	0.0154460557672264	0.015974905493427	0.017735319801226	0.0181764354892336	0.0201006200856963	0.0216597136985063	0.0223271938730738	0.0240934261722714	0.0253186149992074	0.0274327694395591	0.0292304896705873	0.0303532947657344	0.0319967863752639	0.0332523387495014	0.0353606028331896	0.0371647317454689	0.039256420188051	0.0407769004219125	0.0430507870474066	0.0441670505944731	0.0465249604258951	0.0479482641565211	0.050612232466856	0.0519993553084047	0.0550419737293069	0.0575183684715858	0.0597648421437663	0.0623708507350681	0.0646294078179702	0.0667525316359483	0.0712079290648008	0.0753704223542663	0.079522720044777	0.0811210947247251	0.0857295387848314	0.0872421572865701	0.0901415666109951	0.0924775900789583	0.0949757659445452	0.0992270895090003	0.100676289811372	0.105790506006452	0.108008898948139	0.11321049429396	0.1153322920008	0.119702790283395	0.123146856442145	0.124519182507586	0.12773341813165	0.131530703078874	0.13644530618995	0.138943440032617	0.142690982069383	0.145704717415972	0.148255267135303	0.150447605637315	0.154869723855169	0.157386460478727	0.162333487631802	0.163307028295112	0.165305972351805	0.168796924741212	0.172994898086377	0.174126896991623	0.17840816652164	0.18209018886482	0.181842785237578	0.183865206791744	0.185154611485756	0.18808539454108	0.188939153182629	0.189716663268275	0.189999661494337	0.192316137039783	0.194153061577215	0.195206379673666	0.195017045100143	0.196406999498929	0.197742736770229	0.199189264061226	0.199652642661909	0.201216385123973	0.200786545022321	0.201656990164414	0.200780379477016	0.202859622540015	0.203456983118746	0.205052163165291	0.203184141755599	0.203596897387154	0.206575715788517	0.205878338118333	0.206787838851375	0.208145323143101	0.210479081248715	0.211498982794907	0.213812707639697	0.21722922788558	0.216558966830627	0.219427483735569	0.222211477820357	0.226582948861051	0.23235463521355	0.236390654167127	0.239457706786804	0.246149806598226	0.2556610857456	0.258063101283086	0.265579668443091	0.275136061512803	0.283634593803663	0.291236360068589	0.30105824042974	0.304674093627359	0.315586878486277	0	0	0	0	0	0	0	0	0	0	0.388228512773207	0.403420869130807	0.410918387651988	0.405589874255346	0.404999319728311	0.402072639046616	0.405425215859872	0.404601349077536	0.431394271575345	0.439527582108215	0.446517349430336	0.45303604540455	0.469685813708509	0.470505356701569
538.565	0	0	0	0	0	0	0	0	0	0	0	0	0	0	0	0	0	0	0	0	0	0	0	0	0	0	0	0	0	0	0	0	0	0	0	0	0	0	0	0	0	0	0	0	0	0	0	0	0	0	0	0	0	0	0	0	0	0	0	0	0	0	0	0	0	0	0	0	0	0	0	0	0	0	0	0	0	0	0	0	0	0	0	0	0	0	0.00430015992674168	0.00577987470502629	0.00643730373359447	0.00798519167027816	0.00791985668906042	0.00917661661130244	0.0096667408735737	0.0111324015944171	0.0116998510785728	0.012545237450341	0.0140299174380049	0.0149634417648757	0.0165024061987342	0.0180368882886948	0.0179655195953629	0.0199124643000768	0.021022674541597	0.0229773960937836	0.0234030976269881	0.0259549957961717	0.0269426103103731	0.0284628692775197	0.0300396775326974	0.0315949118213544	0.03388328256179	0.0351367886518251	0.0373563355168169	0.0386804154980599	0.0408079343985992	0.0422469673147329	0.0444025594670695	0.0451076963692398	0.047384435265499	0.0494457514823498	0.0510512820494811	0.0534103677187334	0.0560059322902979	0.0575803276962216	0.0600968456605493	0.0626826619122511	0.0638230144387959	0.0690412141159902	0.0718401677996499	0.0749737108099831	0.0781742883790257	0.0816454829473058	0.0839894207880952	0.0861416289743502	0.0881408125419771	0.0915100903823907	0.0938349968901457	0.0971333817057428	0.100786034142094	0.102181540408018	0.10473711907649	0.109797067154818	0.113333243968812	0.115473015874877	0.119708628570413	0.121578417060231	0.124981672716465	0.128004098900665	0.1306084440981	0.133550698883729	0.135537517040297	0.139220401377119	0.142350751658046	0.14525890909953	0.147750814461489	0.151253834609176	0.153844277795786	0.155873852182117	0.158276271751424	0.161648045576912	0.162285078145631	0.16684853281972	0.167404446161742	0.17138568396753	0.172236984740691	0.173537090567363	0.175282129851953	0.176295541752815	0.177578611432583	0.178573075637838	0.180871736763262	0.179645360977122	0.181544111800235	0.183006964646757	0.184537432749976	0.18461934088257	0.184686048059563	0.184818325958835	0.186515283074332	0.188296187331712	0.188198702383497	0.187106809915737	0.18891032400592	0.190664034386758	0.190768543451455	0.189249304713665	0.189604392767995	0.192585117124633	0.194475244304342	0.19393989644519	0.19530068607258	0.196998126792189	0.198336197786404	0.200211683135742	0.202178088439651	0.20491744288026	0.207876280322561	0.209455694471942	0.21181443678615	0.217553681812733	0.221800104268321	0.224892205598991	0.229015297738235	0.23587732986139	0.244018456205906	0.251121586607865	0.255822858281387	0.267180716762448	0.273169612812186	0.281431011594192	0.290618326566009	0	0	0	0	0	0	0	0	0	0	0.365254289515763	0.362389306838278	0.363557390435419	0.36628381584825	0.376573764192223	0.359921533570029	0.365630275929178	0.3649971053893	0.380752216682889	0.391199183033664	0.396020572552839	0.391514420648476	0.404368090771312	0.40324292965786	0.394608063499855
543.243	0	0	0	0	0	0	0	0	0	0	0	0	0	0	0	0	0	0	0	0	0	0	0	0	0	0	0	0	0	0	0	0	0	0	0	0	0	0	0	0	0	0	0	0	0	0	0	0	0	0	0	0	0	0	0	0	0	0	0	0	0	0	0	0	0	0	0	0	0	0	0	0	0	0	0	0	0	0	0	0	0	0	0	0	0.00654317516972563	0.00757486626556414	0.00773748807742691	0.0079405770900844	0.00936757168890241	0.0100613184365581	0.0110665377158006	0.0120842038993322	0.0118673250317742	0.0136355665107415	0.0145220602801827	0.0156405825017727	0.0163281909446471	0.0168782008012633	0.0181333107139619	0.019609666919802	0.020040320957083	0.0225684077573928	0.0236818866691394	0.0246119586988897	0.0261979475487742	0.0266900166899327	0.0293047961781197	0.0299333994287549	0.0310857669015913	0.0329117462632146	0.0343913871139252	0.0357790276426518	0.0380277162388477	0.0396721034745096	0.0412485692588965	0.0423126301712506	0.0446143262016285	0.0456426578706571	0.0470696671468719	0.0498468699156068	0.0514303131081079	0.0535513261802909	0.0562145894720179	0.0583849916760918	0.0600009372697108	0.0626233548871585	0.0660264638804309	0.0683723741385604	0.0701739045346413	0.0740040598713566	0.0764810784330821	0.0791124373889409	0.0818635469989089	0.084359528939426	0.0878680200437339	0.0900976541759692	0.0914774458593538	0.0943261054598686	0.0966686315157031	0.0997762426888038	0.103472130300727	0.107293661516622	0.108222347054301	0.111997225429513	0.115482794416725	0.118306637953224	0.120807569516193	0.123219689421413	0.127870306565406	0.129225415659799	0.131523471969323	0.134715471465064	0.13703835952469	0.139660297948011	0.141380828046111	0.145642822135419	0.146605039658954	0.150020883162506	0.152534422535077	0.154423600412769	0.155515624630971	0.15808791484503	0.159726924564686	0.161332943097022	0.164438218988766	0.165494250899159	0.168290687282434	0.167355226131138	0.170010650450289	0.169039078736603	0.169656992840752	0.170135299416027	0.17139685855541	0.174446449461695	0.173484287548198	0.177084429289509	0.175229635135267	0.176822133073334	0.176115881288158	0.178071597238808	0.1772303998442	0.180332665296526	0.178612933139767	0.179947227883441	0.180147666926295	0.182668912656796	0.181507379939327	0.183151576582222	0.184767945174093	0.185263036348953	0.184937274918529	0.187590905115121	0.188681188198443	0.190439705172788	0.193804132761693	0.198162040124104	0.197654208541645	0.201594898866283	0.203729166237644	0.208088348717404	0.214305053631922	0.220526771254041	0.224282714300594	0.227589193805427	0.234000744362455	0.242899655664619	0.248738302173506	0.259132485209774	0.261462018216271	0.275084867161569	0	0	0	0	0	0	0	0	0	0	0.347785897541389	0.344261725344628	0.352161095203141	0.356845679147449	0.357438275776221	0.3531090782589	0.357603608936256	0.361354916632155	0.377474486269401	0.386502714291597	0.40069707808045	0.394154875562085	0.432439432917284	0.399010790472038	0.41291515816637	0.425081929442784
547.924	0	0	0	0	0	0	0	0	0	0	0	0	0	0	0	0	0	0	0	0	0	0	0	0	0	0	0	0	0	0	0	0	0	0	0	0	0	0	0	0	0	0	0	0	0	0	0	0	0	0	0	0	0	0	0	0	0	0	0	0	0	0	0	0	0	0	0	0	0	0	0	0	0	0	0	0	0	0	0	0	0	0	0.0041442507112256	0.00585915354022478	0.00720894778287103	0.00667404933685384	0.00721669339453909	0.00808400056507477	0.00863736420557421	0.0098616064807181	0.00993010421297732	0.0118039160772915	0.0114083252441984	0.0130585714668293	0.0139426687006184	0.0147117391310238	0.0157114857277018	0.0171732833067998	0.0185244382345309	0.0193813795928914	0.0202750156020847	0.0221002841791315	0.0224914645024838	0.0243444670315221	0.0256925848331891	0.0268339469238047	0.0284131469899701	0.0298499387186739	0.0304863767701704	0.0325462056922473	0.0336034181536584	0.035065596427655	0.0374636801730161	0.0389011100171159	0.0406543593136708	0.041516117969452	0.0429152110278518	0.04444671328255	0.046193811927782	0.0479950481627532	0.0498196514703434	0.052133226782974	0.0536837016747727	0.05525179937572	0.0588368057794996	0.060407584335421	0.0615452656290976	0.0656595322994128	0.0691755710727707	0.0704864314106436	0.0735844455422207	0.076577169080558	0.0779840635833506	0.0801936031125299	0.0823388919510465	0.0847771191559906	0.0864871847052481	0.0897253028607166	0.0916974179659739	0.0945426879502747	0.0995056597311038	0.100590058486415	0.101846519867812	0.104580394011716	0.108583327270813	0.110021121845474	0.113897574091069	0.115918907042248	0.119284207436349	0.122257079216245	0.122910923704536	0.12445277903886	0.129007489038434	0.131400635418452	0.132854793511364	0.134604733885525	0.136940003780402	0.139092847079613	0.142515655251745	0.144025199005656	0.146641356216959	0.147617581123387	0.15027332523122	0.150762213204958	0.153830745413245	0.154876588616534	0.157090111514443	0.157454806844701	0.15846804366121	0.157469308875612	0.159325833105078	0.158892930530855	0.159818424798356	0.161500687684201	0.161187127592508	0.163355325403987	0.163707850238191	0.164984709413878	0.165444187294819	0.166530137522787	0.166648600264304	0.166224528669324	0.167187794495615	0.167557946194507	0.167913156387276	0.170560545229345	0.169003429155913	0.170180807951526	0.171070303659048	0.173497187668275	0.175646221174105	0.175651487117278	0.179185650298695	0.180955465661529	0.180810553300718	0.182830158234617	0.18863910315935	0.188597839251549	0.192082649874915	0.197286070229945	0.19963973697022	0.202254659929922	0.208906379590012	0.217872913965139	0.223610583646062	0.226454293610404	0.236771214407814	0.243991257064835	0.250561244756243	0	0	0	0	0	0	0	0	0	0	0.314331548900506	0.316185638270691	0.319099050186815	0.326924137429282	0.32929950194457	0.331906242587511	0.32280405320816	0.328173755281515	0.345078375897064	0.356568602808954	0.344123922760932	0.378211991697935	0.361131177521726	0.355068602646075	0.365913704531921	0.391005792930891	0.413782879547069
552.608	0	0	0	0	0	0	0	0	0	0	0	0	0	0	0	0	0	0	0	0	0	0	0	0	0	0	0	0	0	0	0	0	0	0	0	0	0	0	0	0	0	0	0	0	0	0	0	0	0	0	0	0	0	0	0	0	0	0	0	0	0	0	0	0	0	0	0	0	0	0	0	0	0	0	0	0	0	0	0	0.00379057010252861	0.00259290309123589	0.00444858039199558	0.00722481444616793	0.00543238419324205	0.0063767418663117	0.00803782672166562	0.00719126276442437	0.00915987640737084	0.00957842484594827	0.00937015582084317	0.0111002418555155	0.0116472302194247	0.0128499331141535	0.0134663185653757	0.0149700743104927	0.0160388676530807	0.01690330012554	0.0171906998602712	0.0187523970499872	0.0195594044451987	0.0209810759068827	0.0226765012858163	0.022934850364366	0.0241890162022233	0.0249747750757353	0.0265732385598975	0.0275214736447203	0.0296568016528193	0.0306088548169516	0.0318286684377838	0.0326842179173369	0.0349087965852539	0.0365530920287322	0.0380785112722381	0.0401370651593707	0.0403945364711452	0.0419795320404846	0.0440389923763279	0.0449152871980099	0.0467406731453081	0.0482369210465073	0.0510369819675411	0.0519671313035936	0.0545161914487049	0.0567024269767517	0.0579690356985081	0.0606374336257756	0.0629862503605379	0.066663853268179	0.0683174977188477	0.0699809097751333	0.0724929656456514	0.0754459418432442	0.0775076559942819	0.0792822439180183	0.0812110361829883	0.0834455677907621	0.0862891658682502	0.0869856951517572	0.0898392614777222	0.0933393419895061	0.0953370311677483	0.0994219764178234	0.0994967313537625	0.102776663543497	0.10465616257575	0.107609090516441	0.110425212939318	0.1120663151516	0.114848535747824	0.117678636681191	0.118500425273711	0.12189448855222	0.122788040557631	0.125268238364162	0.126536607536126	0.128625042146914	0.131067663550528	0.133220234593884	0.135039152729273	0.136317107651459	0.138330639133984	0.13868254366403	0.141577862562067	0.142953366899271	0.144928858225688	0.146199963138602	0.146435512053	0.147787450284438	0.149026545561621	0.150047710798197	0.148330751270897	0.149693219707093	0.149693560293057	0.15123385293488	0.151543033250072	0.152834003640521	0.152920298964816	0.155369801868262	0.155883696129719	0.154859246255379	0.154660909673879	0.155452769684107	0.157924656355328	0.15806149148571	0.159704981346208	0.158900572804113	0.159333732445052	0.163866176817102	0.160483826400338	0.163100053927069	0.164297633716935	0.167585161583625	0.168610594603609	0.170864400688343	0.173163049940805	0.175735939010686	0.177642855493947	0.180025110031478	0.184581286603115	0.189474701151814	0.193509698169556	0.197556525150152	0.20305508805137	0.210605208371063	0.216240915888047	0.221560553440598	0	0	0	0	0	0	0	0	0	0	0.285591382940513	0.288264036293763	0.292126728984288	0.295666508983461	0.295548573755981	0.31010335310666	0.296661281149375	0.305074707172173	0.30052730505368	0.319090716377339	0.324182015094537	0.335372163650824	0.336664376637343	0.342412484588644	0.333011011602653	0.349126937177699	0.342201249756168	0.337243041559585	0.373393133174111
557.294	0	0	0	0	0	0	0	0	0	0	0	0	0	0	0	0	0	0	0	0	0	0	0	0	0	0	0	0	0	0	0	0	0	0	0	0	0	0	0	0	0	0	0	0	0	0	0	0	0	0	0	0	0	0	0	0	0	0	0	0	0	0	0	0	0	0	0	0	0	0	0	0	0	0	0	0	0	0.00485430380977822	0.00585177582869403	0.00456390230291543	0.0052539196340633	0.00597929647621294	0.00648596228903345	0.00775194045790483	0.00831476822531458	0.00831534925868231	0.00927976810765898	0.010083779795656	0.0101410228949433	0.0113897375516057	0.0115346449824563	0.0128203371356483	0.0133386830040664	0.0144987505202	0.0156693290586985	0.0169079079683138	0.0167580811858426	0.0175762753826117	0.0200188166075795	0.0202289545614018	0.0214479244102676	0.0218594518778705	0.0234831318163661	0.0249542720614359	0.0248974396641511	0.0263729039837529	0.0283382943745315	0.029653074607636	0.0301189238371005	0.0311886506876376	0.0328839505580039	0.0343589300588221	0.0361743657465496	0.0375427332021089	0.0383771257931155	0.0395547711745512	0.0413095581945493	0.041890070394928	0.04331051776161	0.045334229701329	0.0464937568219747	0.0483234553753056	0.0502270323904705	0.0520571765038236	0.0539226064718669	0.0562786972488325	0.0583333526181368	0.0607323295652307	0.063156082223906	0.065273713116464	0.0671136447757032	0.069588177539687	0.0713014294983581	0.0740044769160867	0.0747258252950522	0.0775317852978263	0.0793940228265797	0.0814057442318324	0.0822613773897098	0.0862255226539317	0.0877655674035434	0.0910553197935845	0.0926930718916393	0.0950373234709767	0.0988286124991121	0.0985968829736032	0.100583623130904	0.104227060932746	0.104359117172593	0.108055521204339	0.10896165569985	0.112851519035666	0.114004216044356	0.115702305376162	0.116050234092506	0.11920059564768	0.120973314819584	0.12425535727967	0.124064768224454	0.126547664536709	0.127757407744806	0.130363637518862	0.130979699820717	0.13272194632957	0.134430361981102	0.134020054390479	0.136082690215444	0.137241209422851	0.138521108464986	0.137341600374375	0.138545612780495	0.138060343066542	0.138555045889865	0.140613990836925	0.141183937918987	0.141882900538348	0.142147428252142	0.141902193038032	0.143041787602991	0.144189869520417	0.144997094489559	0.143973327454303	0.14627333044682	0.146129928109282	0.147423326202606	0.14869007457637	0.147449823262725	0.148292388165233	0.150714591809871	0.152821853431003	0.153141123550189	0.155415511181547	0.155650586755084	0.159163895127962	0.160781071176849	0.162084016163795	0.166771672628417	0.167920700694641	0.169726608395215	0.173942407389226	0.176988455365477	0.1832550289402	0.188433120875189	0.191841665882483	0.198177610914022	0.202575124934084	0	0	0	0	0	0	0	0	0	0	0.259553024675958	0.268555035690226	0.272049191454378	0.27228354501682	0.276613378222743	0.280517803653414	0.283716523164337	0.2854221990043	0.284125482815011	0.289600462358384	0.304301987773747	0.306993846774833	0.310804906346205	0.320060394655027	0.333668359318304	0.3351696699582	0.33231245620438	0.341166901604197	0.334671291215453	0.356330196436824
561.982	0	0	0	0	0	0	0	0	0	0	0	0	0	0	0	0	0	0	0	0	0	0	0	0	0	0	0	0	0	0	0	0	0	0	0	0	0	0	0	0	0	0	0	0	0	0	0	0	0	0	0	0	0	0	0	0	0	0	0	0	0	0	0	0	0	0	0	0	0	0	0	0	0	0	0	0.00282324681486878	0.00450798029417386	0.00271074123183534	0.00314868097930052	0.00453673964870508	0.00551046447932419	0.00492978761157644	0.00650055433358103	0.00655437288352612	0.0075572155407099	0.00893853198923224	0.00919531730624449	0.0096082137637697	0.0100702499900147	0.0114861718993038	0.011238242086723	0.0117694866621329	0.0132997557241077	0.0136701346627255	0.0155292958934933	0.0168988954718568	0.0160165920395432	0.0169354129206968	0.0184869484221303	0.0190947249527805	0.0204773039552166	0.0217149839630013	0.0225228832947676	0.0231520562307503	0.0246501518916696	0.0259908167731732	0.0267953374589201	0.0277632168147544	0.0294011765485779	0.0301913243004891	0.0316066021825302	0.0329786974480837	0.0340183900506999	0.0355002703303113	0.0365476002089952	0.0384132905942706	0.0396234784034149	0.0398795512305415	0.041632116684635	0.0432650227980592	0.0437975512890951	0.0467188026647397	0.0485771979065441	0.0495707793065421	0.0512012915231662	0.0520971791306778	0.0549476945101895	0.0569687632931313	0.0591505422369309	0.0614238979894769	0.063831012203822	0.0649448167487013	0.0669099601556744	0.0688092805900031	0.0699857793628021	0.072404262511207	0.0742354395470849	0.0756491514950741	0.0786169393992565	0.0790095712901818	0.0823771015463516	0.083510281198517	0.0854921236792236	0.0880896492838762	0.0909819984224862	0.0923368305266621	0.0935272524516665	0.0964317215864208	0.0978686203542851	0.100173081389246	0.102018924464892	0.104332435866946	0.105064860356947	0.107138126459819	0.110315964423718	0.10988729798179	0.113538373546022	0.113670586397514	0.115765249642504	0.119662263993308	0.1189038929494	0.119587657417229	0.121230634204751	0.123357013433537	0.123931118407641	0.126622470923926	0.126638250696106	0.1262506324329	0.127707042721072	0.127785940187514	0.127447581540069	0.127359233259205	0.12708396041571	0.129835106796868	0.131028790284701	0.131233189066777	0.130481655476684	0.132443658768759	0.132135621285006	0.133320615460979	0.132330346513263	0.134682933682531	0.135222599797651	0.136447923982202	0.137249963425248	0.137816976591031	0.138413881824183	0.139308489311644	0.140934722684252	0.1409373276866	0.142601744826027	0.145104232866703	0.145031657802933	0.146594126600609	0.149163246202107	0.148729645991297	0.153994117354382	0.155776091782244	0.160131336370234	0.161851748623267	0.168158565448282	0.171505618648762	0.175699076573328	0.179237190193691	0.183396871066719	0	0	0	0	0	0	0	0	0	0	0.23620257164285	0.244827772389213	0.24677577007527	0.249344446472924	0.254473180818809	0.252551869340088	0.256741398903594	0.257208486788671	0.255320815679506	0.263446956283295	0.268481354573954	0.284715725346839	0.287015871077203	0.291604964024588	0.290852136515074	0.293255856017691	0.306874545573005	0.290553854761456	0.297541904175353	0.314307004523257	0.310799898970383
566.672	0	0	0	0	0	0	0	0	0	0	0	0	0	0	0	0	0	0	0	0	0	0	0	0	0	0	0	0	0	0	0	0	0	0	0	0	0	0	0	0	0	0	0	0	0	0	0	0	0	0	0	0	0	0	0	0	0	0	0	0	0	0	0	0	0	0	0	0	0	0	0	0	0.00380495540635812	0.00353698194226555	0.0026213765415421	0.00353025365781816	0.00485090650846013	0.00407047719639962	0.00559307490714765	0.00569247378306983	0.00555979255613265	0.00560639941340756	0.00739236366589279	0.00795021806818861	0.00788111253624002	0.00964226853291713	0.00964400472830457	0.00995598048720283	0.0106005278714939	0.011928188371295	0.0118465882986609	0.0133005997509094	0.0130165125360624	0.0148901250758153	0.0149350376227403	0.0162524139302755	0.0170965788503653	0.017486901784846	0.0189691205419526	0.0196118398269575	0.0210334213052811	0.0207158814496861	0.0220826072745457	0.0236613852694128	0.0240728023083461	0.0249290755517899	0.0257948364921925	0.0272513421634761	0.0288545933559699	0.0297102162461047	0.0304095685379871	0.0323291309476581	0.0331719062108573	0.0339157611847756	0.0359004881890605	0.0363588634812055	0.038024726846372	0.0391037047174964	0.0404107689550518	0.0412249343089907	0.0430209143254317	0.0445689332199045	0.0456512095417896	0.0476862602993729	0.0491876528101373	0.0505599247387084	0.0519568675702776	0.0544992179129178	0.0565957474579998	0.0586083357824668	0.0601778947203833	0.0625554950180953	0.0634823921427786	0.0648793572126109	0.0669065027625607	0.0673500144844885	0.0709135440393375	0.0714894854356755	0.0728801822442514	0.07499196826461	0.0773834282285811	0.079670174912813	0.0818171901835233	0.0827154026641144	0.0861441307838379	0.0860864288701585	0.0884328840456725	0.0903344110996935	0.0928009389768269	0.0924918290338153	0.0951521491355749	0.0968097583930323	0.0980740362438211	0.0992740505840462	0.101387848655466	0.103016391088677	0.105847078984455	0.106647743595971	0.107915882054442	0.10920871328663	0.110521690658958	0.112139123883573	0.112318751754303	0.114304881298523	0.116404170058485	0.116576146714861	0.11777284748697	0.1179937148595	0.11939887534654	0.119465569235495	0.119604142864575	0.120598934571981	0.120045023647677	0.120977045241891	0.120452116178992	0.121186297216937	0.123967693915864	0.12258023275713	0.124449073374044	0.123846247806072	0.125262925825683	0.124447349679159	0.126368037877664	0.127523142855462	0.128591619400864	0.127701141961181	0.128368933870539	0.129363121720501	0.132845843026093	0.1311575318935	0.135518107916351	0.135802035611714	0.135086620862332	0.138524784517353	0.138300918747409	0.141739830246172	0.144516660649704	0.147486288604481	0.149857227021697	0.152219989408942	0.158862481009204	0.15861910032177	0.163662266471929	0.171166600555735	0	0	0	0	0	0	0	0	0	0	0.219484404157265	0.220620275218691	0.2256740484818	0.230601837617009	0.23526267036074	0.234255137254586	0.239720151197981	0.240672351294335	0.236828839529639	0.2544884871558	0.251314861392884	0.263585847994737	0.270510437385914	0.273239458646407	0.271040145848119	0.273050813648185	0.282125691143932	0.28747535644686	0.289116482085716	0.304216248734539	0.280994868330492	0.285352701483744
571.364	0	0	0	0	0	0	0	0	0	0	0	0	0	0	0	0	0	0	0	0	0	0	0	0	0	0	0	0	0	0	0	0	0	0	0	0	0	0	0	0	0	0	0	0	0	0	0	0	0	0	0	0	0	0	0	0	0	0	0	0	0	0	0	0	0	0	0	0	0	0	0.00268134520138841	0.00323665189847206	0.00327213899460381	0.003985007308861	0.00381528346233441	0.00489583684811206	0.00574312353123972	0.00580469131506802	0.00566440457293969	0.00521835374939162	0.00540481704401229	0.00706117492273236	0.0072341510564366	0.00711433345914622	0.00719551125341643	0.00913956164546329	0.00922681114766776	0.0101056763445647	0.0112200206091028	0.0110642174184848	0.0123184324213657	0.0127290590679316	0.0124788116865894	0.0152772961345346	0.0157897856048682	0.0159361380746599	0.017131493467411	0.0168934244362326	0.0180276563684996	0.01893748157702	0.0194581025044005	0.0214448395856289	0.0217378218348018	0.0228250508888517	0.0234880251730074	0.0260731154564305	0.0268405732301248	0.0265222716241136	0.0274378210053674	0.0281865548188408	0.0296938366644306	0.0313678545062102	0.0322134912349606	0.0327359407449539	0.0347970991523859	0.0349735103778761	0.0363820446070018	0.0368720148813189	0.0378136887870579	0.0397930878502265	0.0411994724973463	0.0420575058995063	0.0437476558177222	0.0448333059044134	0.0463552785881642	0.0482341265519377	0.0493639109087297	0.0510399806201483	0.0534828500756476	0.0548353420077741	0.0568335455576991	0.0587902311620905	0.0605880032304972	0.0620353563070052	0.0631204654085312	0.0644793190271322	0.0662232532135135	0.0675435837704268	0.0691995977103717	0.0712673862579071	0.0715141911543092	0.0733351984755278	0.0782729778006049	0.0782802403104364	0.0801343594483972	0.0813195280615159	0.0825392584737216	0.0853033348539491	0.0868708962923262	0.0858780489625082	0.0888484053630843	0.0913644624054989	0.0915655656731737	0.0940402552122841	0.0948384940855585	0.0972163711519343	0.0977535259981398	0.0995528323807273	0.101206314375958	0.102466135819079	0.103295688755923	0.103531432773061	0.104554114275144	0.106280021871214	0.107848616899104	0.109124938263771	0.109586432462261	0.108921577149838	0.110614111468137	0.110051658411989	0.11095358843364	0.109839081149932	0.111583427665871	0.112124897001505	0.114032405120998	0.113324263073968	0.113279635559151	0.113092479544458	0.114890736318335	0.115660557837719	0.116402641565561	0.116143315896587	0.116998081284621	0.115660280891153	0.117611576620605	0.119360829394845	0.121208010108858	0.120963230854775	0.122500820952903	0.123000945094315	0.124045572674275	0.124058479389641	0.128493619691887	0.129177138253364	0.13146927474025	0.132385746486206	0.135362923403996	0.139945884549032	0.141361662592476	0.144412322174925	0.14820712342522	0.150846266883424	0.153659759644009	0	0	0	0	0	0	0	0	0	0	0.199985580484823	0.203097966248765	0.208208371329834	0.216848214827425	0.216502453512443	0.215478789693523	0.219301089589634	0.220039232867323	0.218174461473597	0.231992652433095	0.240550681696726	0.245208928861899	0.244309919395365	0.252690649364281	0.247830539614553	0.257858241887525	0.260828422340359	0.255122169371279	0.276408124769635	0.258222340035874	0.247400542913661	0.283702993335771	0.284432342911639
576.059	0	0	0	0	0	0	0	0	0	0	0	0	0	0	0	0	0	0	0	0	0	0	0	0	0	0	0	0	0	0	0	0	0	0	0	0	0	0	0	0	0	0	0	0	0	0	0	0	0	0	0	0	0	0	0	0	0	0	0	0	0	0	0	0	0	0	0	0.00640114216068407	0.00318036954975309	6.39261772160667E-4	0.00326628827006869	0.00248940542175369	0.00400800020404165	0.00379890794514821	0.00369803636317839	0.0045393175665281	0.00558900791143415	0.00499113088590908	0.00516296886861689	0.00658369830157142	0.00549197230075193	0.00666101156816382	0.00659912165693105	0.00857902375524333	0.00784541995229686	0.00977138257669236	0.0110609765126888	0.0097535203517018	0.00930863299061599	0.0103281692342745	0.01224556563421	0.0130847412491637	0.0132576127015252	0.0136037010167844	0.0149842043118926	0.0164708738198101	0.015962664136707	0.0178880834585721	0.0171548928667428	0.0194721608966302	0.0196101523649325	0.0203004552987581	0.0202357208004642	0.0221726140779524	0.0224766904574333	0.0244337943566129	0.0254970835648833	0.0255181617419375	0.0264798217156263	0.0277083062410813	0.0282274040215171	0.0293594921913248	0.0309357900409677	0.0317321483005373	0.0325640380925249	0.0338179362679674	0.034539979860114	0.0352964709445328	0.0363724616015764	0.0375538144475911	0.038545522332718	0.0401927295086357	0.0420944834649593	0.0425300780753725	0.0437273633835801	0.0462638611113112	0.0467303833040741	0.0491929140375703	0.0508076554913744	0.0515719433482107	0.0519526655534514	0.0545449448260757	0.0571776970686154	0.0576718009767213	0.0580456629083903	0.0609815421972637	0.0611958308588544	0.0631963999158474	0.0642067932087831	0.0651686763672798	0.0685822108654932	0.0683392121595359	0.0712126085538797	0.0735150997630958	0.0754256768913672	0.0763673312515737	0.0774673997782454	0.0799517896948036	0.081248436060002	0.081835562408761	0.0834963230499191	0.0854392657377706	0.0854594854492328	0.0856502744462592	0.0877727056149089	0.0891228856537079	0.0901109385911368	0.0922177201856628	0.0937946739731486	0.0936304443022182	0.0966299015622426	0.0957450755967574	0.0985708271321447	0.0992624656267994	0.0987076104268705	0.10028119604232	0.101773845708409	0.101643079762812	0.102911570159264	0.103186345689155	0.103913913834878	0.103020276639381	0.102234490948664	0.104104157630515	0.103463690010039	0.105285244688853	0.104723047825167	0.106143667671284	0.105960212556998	0.107317207576715	0.107602633653837	0.109769496904191	0.110062619548554	0.11018027606544	0.110879679869238	0.110825765061096	0.110770756366022	0.112628633626037	0.112816319671862	0.115558400063276	0.116697734304505	0.117799414769995	0.120939906893144	0.118480829798192	0.11988681524085	0.124725787435032	0.127148792903002	0.129929147688574	0.133030934333718	0.137316476723066	0.139349811805432	0	0	0	0	0	0	0	0	0	0	0.17932950651181	0.185068369442151	0.187626830767171	0.190989019688372	0.195230361339635	0.194046427464334	0.200011133147975	0.196388977198683	0.201043655022262	0.198286790304081	0.209481708411151	0.221419865404496	0.221449815973971	0.221124648449761	0.223953700220242	0.234277634812628	0.229787803406665	0.240957137925822	0.23968664901574	0.232884410433354	0.243024158302553	0.251719659287005	0.248377251174423	0.26655051432353	0.247203046425611
580.756	0	0	0	0	0	0	0	0	0	0	0	0	0	0	0	0	0	0	0	0	0	0	0	0	0	0	0	0	0	0	0	0	0	0	0	0	0	0	0	0	0	0	0	0	0	0	0	0	0	0	0	0	0	0	0	0	0	0	0	0	0	0	0	0	0	0.00330863583618025	8.34659086587078E-4	6.71767613217028E-4	0.00248626575980996	9.33011188328174E-4	0.00179308582416618	0.00189677013020367	0.00199455198647088	0.00238460980816558	0.00334999229408366	0.0046859465142178	0.00390485921969874	0.00376520372207554	0.00462100443558992	0.00495228008167227	0.00463046666697985	0.00690775466632785	0.00612057784473114	0.00697582384817956	0.00790943200534118	0.007800613352926	0.0088576823146708	0.00959726992736137	0.0106591768777119	0.0110541682478637	0.0109738885509209	0.0123671425552698	0.0122553363040705	0.0133123894073755	0.0144030820490354	0.014687263794327	0.0154233457264082	0.0171717828763847	0.0156052109350122	0.0172346942275686	0.0192497063486481	0.0197100144986758	0.0196442706338379	0.0211214210525207	0.0217375325845796	0.0234018474943267	0.0238942522985822	0.0246261894317559	0.0246114048519273	0.0250170046268326	0.0266850054010054	0.0277455275903453	0.0281162472455478	0.0296782431201938	0.0307148176730894	0.0318383567384479	0.0322949334392435	0.0329440019542043	0.0342069055314954	0.0357352163285227	0.0360976297552944	0.037199406546147	0.0386807484270105	0.0399298084735635	0.0409712590614385	0.0422290238513747	0.043576574687866	0.045036231587128	0.0460862311821391	0.0488564179629628	0.0495659756564634	0.0507280014546247	0.052307053270289	0.0539923747984568	0.0551049753287114	0.0566455799916853	0.057338822133006	0.0586365886397277	0.0593174057063657	0.060700485729103	0.0631627234889171	0.0652264323784277	0.0657206304437349	0.0670476110244849	0.0689922011401871	0.0698714644266341	0.0709700125571171	0.0733468791545322	0.0742002931153794	0.0748869363516659	0.077182905192117	0.0781695483271696	0.0787963744073704	0.0801942779347244	0.0818105412904215	0.0818213414804338	0.0836274521145211	0.0855358562162579	0.0867206577468905	0.0858049340669047	0.0878411435377894	0.0894457756742101	0.0900964540465843	0.0923701400706959	0.0928641138830171	0.0920628750158112	0.0933852941490384	0.0937544330899358	0.0939756516751086	0.0940357601941349	0.0954094785523713	0.0955758335716594	0.0949990333370839	0.0973822133792617	0.0956456003871374	0.0967466398737542	0.0982665618684417	0.097434912224293	0.0979723394654193	0.0992150707676333	0.0995099612936235	0.0989493146050684	0.100062742840942	0.102349876869926	0.101763382529048	0.102615230109441	0.104151254414882	0.104427842337781	0.106115447550646	0.106137397377281	0.107607077875429	0.109303737849453	0.111166961850844	0.111886788065979	0.112316493628263	0.117769322424121	0.119282084510153	0.121261469642451	0.125174888288073	0.125634956410421	0	0	0	0	0	0	0	0	0	0	0.158924237778243	0.169793846684274	0.169694135563036	0.17607249813224	0.177415137876895	0.18106096153217	0.181177431335086	0.182197242573862	0.1784640443723	0.182473576816033	0.188140260814017	0.196390082292923	0.20032657806498	0.201350079977815	0.20088656269418	0.205561333932248	0.212996346915609	0.206942032570433	0.217670399992873	0.215800843879422	0.221425464323104	0.217702402985335	0.21934871256593	0.227211317944162	0.212039522552904	0.217761326938551
585.455	0	0	0	0	0	0	0	0	0	0	0	0	0	0	0	0	0	0	0	0	0	0	0	0	0	0	0	0	0	0	0	0	0	0	0	0	0	0	0	0	0	0	0	0	0	0	0	0	0	0	0	0	0	0	0	0	0	0	0	0	0	0	0	0.00128243205863356	0.00177176329184506	0.00162433693093501	0.00167444418197842	0.00205714402574991	0.00246296879488359	0.00248718587239725	0.00180163429866922	0.00294411323615635	0.00315910089530414	0.00386178334588289	0.00493531094409171	0.00461537897470403	0.00565296052412793	0.00482759604455366	0.00576233112639268	0.00542288747357259	0.00628151026261257	0.00651792711474094	0.00634929706962497	0.0079365569931546	0.00615152563769145	0.00794551381936806	0.00923346223588379	0.00952577467007981	0.00982789181538995	0.0108097193323902	0.0116513738235592	0.0132399647124857	0.0127159304140263	0.0120741592931976	0.0123960519326276	0.0140645053448576	0.0156082678201762	0.0154885752456242	0.0165398708946238	0.0166099120099616	0.0175854205717593	0.0190944927180329	0.0187561825726185	0.0200636647534206	0.020820995879833	0.0216604480077761	0.0226969791177138	0.0231735688625928	0.023946872621556	0.0241197462795471	0.0251122143425903	0.0264610187173142	0.0269481500325424	0.0282425266903278	0.0295144220233148	0.0296632434607057	0.0301747926162512	0.0316198606771562	0.0320831562541452	0.0331760274505973	0.0348437159877988	0.0354538335918452	0.0364076552796447	0.0370518866919998	0.0385278665883618	0.0402991441505105	0.0411407853080848	0.0434106766410369	0.0457044398075613	0.0449772354243038	0.0473503693235656	0.0478810792770041	0.048181554112726	0.0505859349610931	0.0515235125656874	0.0527820313514361	0.0533417520082213	0.0552952462434212	0.0561170289892928	0.0574340751565208	0.0586108027712631	0.059812976605875	0.0612769571438655	0.0620649568086564	0.0644128237459709	0.0661329190244812	0.0661860408106345	0.0680410792571358	0.0689129700615141	0.07014835920989	0.0725108459093043	0.0725802912076989	0.0733709704302299	0.073688424933928	0.0750463073710305	0.0777176232019643	0.0782257010994803	0.0789328556960401	0.0800374979900478	0.08052412410827	0.0820434322061625	0.0830750659975097	0.0834779761800141	0.0840941771976266	0.0849613022297098	0.0856016405099955	0.0881536368526644	0.0868713081212013	0.0876117203551701	0.0874158890298129	0.0882437459230987	0.0872097200494994	0.0880495982887696	0.0880466878047809	0.0895380832421772	0.0891625278110468	0.0898681690201552	0.0907923440066222	0.092074923303645	0.0919453788901711	0.0926619953467468	0.0929833179572466	0.0929663900296772	0.0920813660429957	0.0935257384984872	0.0942779224484681	0.0958952026894914	0.0953829757162701	0.0968505035570125	0.0996691004528316	0.101364421435567	0.100700066245706	0.101513628193725	0.102303780260546	0.106700030788763	0.10895739219159	0.111506414717304	0.112935394774273	0.113479055681728	0	0	0	0	0	0	0	0	0	0	0.147307660501826	0.14943749632865	0.158383230146129	0.158340159941211	0.158544826766344	0.163544637999983	0.164814838106109	0.166465677505403	0.162955357159181	0.173881858174477	0.171014819169727	0.176086862236773	0.185743050061208	0.188885378098763	0.187742136055885	0.190217721585882	0.191736803702269	0.180733467518176	0.198097763143989	0.204539506888939	0.208806572275719	0.200632657595078	0.210263411916751	0.203508012773276	0.207193797703919	0.198345977832317	0.221552188643548
590.156	0	0	0	0	0	0	0	0	0	0	0	0	0	0	0	0	0	0	0	0	0	0	0	0	0	0	0	0	0	0	0	0	0	0	0	0	0	0	0	0	0	0	0	0	0	0	0	0	0	0	0	0	0	0	0	0	0	0	0	0	0.0026370529917381	0.00183958449281415	-7.84122683059601E-5	0.00282619550995504	0.00230163169222295	1.96320184479743E-4	0.00260766390770722	0.00241419560528802	0.00185405433542174	0.00239768088318675	0.00284898016453214	0.00321241798011968	0.00284200838812371	0.00402642723746992	0.00306327222174457	0.00439353806455816	0.0048433065516655	0.00390798634224901	0.00605187634718537	0.00424292797108549	0.00600850781047931	0.00711482155167633	0.00645540088474528	0.00725990471015178	0.00822765716561533	0.0082418018890504	0.00826261559232777	0.00850868921750739	0.00992853382282382	0.00966570323728413	0.0104960468907953	0.0114245881446877	0.0128813886037236	0.0115851955029744	0.0121304467822996	0.0122788999133557	0.0137737585708126	0.0144552205446847	0.0149169754122475	0.0165297759138491	0.016923800702069	0.0175005536349596	0.0184356748651965	0.0186268781454246	0.0206311496819942	0.0199252012447511	0.0215921187016421	0.0214552530495159	0.0229039189656378	0.0237340095192294	0.0240453970770698	0.0258250692555429	0.0266589114591387	0.0263718993753106	0.027552019806055	0.0277744636181551	0.0290639155797835	0.0294200538441368	0.0300972107657772	0.0313667482991679	0.03259283281436	0.0326256909829978	0.0338388773349375	0.0349489735882325	0.0365214907914788	0.037746878175279	0.038431341904154	0.038906519813647	0.0407985969386191	0.0419167684319984	0.0441670663024461	0.044158306002004	0.0448603289999646	0.0466360943927548	0.0476619937949226	0.0476919244214675	0.0492999413591085	0.0509143744844245	0.0516955197057001	0.0524374684345637	0.0544759986839521	0.0569858821136035	0.0572924440238925	0.0577092577200354	0.0592163395321635	0.0603685071959812	0.0607005494295417	0.0625638738702797	0.0637658867539596	0.0654648221165215	0.066010772241684	0.0681485183956479	0.0673726296940692	0.0685152439692566	0.0688248003395228	0.0719375422336171	0.0704664991959412	0.0721752753772529	0.0728644071099379	0.0738947419797215	0.0756204753968478	0.076705558435991	0.0761028183956702	0.0791275684200538	0.0780520549016471	0.0783565132353115	0.0786431674481019	0.079816453867529	0.0799646402376204	0.0794630999728333	0.0809070828445196	0.0812645836747138	0.0828895691384614	0.081316237843153	0.0820890665623889	0.0828845679911887	0.0830042070430337	0.082621867338436	0.0832840130911991	0.0836910041171335	0.0844106893781991	0.0853730552665364	0.0858042879206018	0.0857601501722914	0.0873972240463399	0.0866526864333987	0.0874262153487154	0.088071749508908	0.0893834622819924	0.0903487945568625	0.0930105274156521	0.0927580573486794	0.0940750904036868	0.0952784182192055	0.0991120384791387	0.0997865489266517	0.101390270864378	0.104214388012126	0	0	0	0	0	0	0	0	0	0	0.135255353233157	0.137495210745902	0.138522580026025	0.140226999685686	0.147237778221417	0.148471473276761	0.148644837181846	0.153016714067936	0.148989305630038	0.15165337145174	0.156689212375401	0.164480146937104	0.164272676148738	0.164557537297346	0.171497032729445	0.171025973802779	0.17258478344984	0.176747178422321	0.181338536282458	0.185811511484341	0.183970801253311	0.177224819614349	0.194878692803346	0.195685185185652	0.1984239065331	0.181074557782941	0.204528886317435	0.221305331330762
594.86	0	0	0	0	0	0	0	0	0	0	0	0	0	0	0	0	0	0	0	0	0	0	0	0	0	0	0	0	0	0	0	0	0	0	0	0	0	0	0	0	0	0	0	0	0	0	0	0	0	0	0	0	0	0	0	0	0	0	0.00238299302226081	0.00312670020852063	0.00209445943235614	0.00231107623317455	0.00227205003425119	3.26181394231595E-4	7.58868354956957E-4	0.0014119291932085	0.00246708533909151	0.00348648855417164	0.00234618014623544	0.0023740356925132	0.00404441777777185	0.00326591456843817	0.00381943156513267	0.00499247041908081	0.00437149759042755	0.00503399673778169	0.00550455365662471	0.00536072097065666	0.00596165170362974	0.00540444084954434	0.00692454556987507	0.00622942968616288	0.00685570731954875	0.00669506153039933	0.00652757533005051	0.00849559650739609	0.00963527687212113	0.00900289703303784	0.00896044697608138	0.0103109974209424	0.0100402741817728	0.0103063001473045	0.0108862437346257	0.0126684484595229	0.0126657939115612	0.0130976682073537	0.0140942586108006	0.0135923038249035	0.0144901568075863	0.016237891471958	0.016569356820178	0.016631165863032	0.0179990512664104	0.0180300537010711	0.0192547412186815	0.0189936113722282	0.0206916732213827	0.0202328501651655	0.0212225539817812	0.0216974547582791	0.0226168000468999	0.0229464042531249	0.0241730970539836	0.0247273428275618	0.0254701247654534	0.0265784629708935	0.0277190299930499	0.0280206277269257	0.0282149978105401	0.0296691531969794	0.029724037030152	0.0304450272487966	0.0317798235653562	0.0329978446337	0.0343881781057127	0.0337936274717477	0.035034124481305	0.0356839822977144	0.0381318867588049	0.039956429138789	0.0404477612444944	0.0415974896639519	0.0420624174209481	0.0430896496008254	0.0453649265117884	0.0452393553250167	0.0465600579355023	0.0460203646247071	0.0486451394766777	0.0494049511933249	0.0501102215157415	0.0516299102543882	0.0537820286861696	0.0535720214443814	0.0541795313266157	0.0559706726524088	0.0559995907616653	0.0579760214847519	0.0588074468098499	0.0602578826898119	0.0622309747155967	0.0613618929639918	0.0626533877130697	0.0636337978043788	0.0641384201947922	0.0650869679591823	0.0654397129926202	0.0680087002637274	0.0686902135985996	0.0683492177053611	0.069766081819624	0.0715921572232039	0.0708900809183758	0.072035796224817	0.0722860079429534	0.0724689326562402	0.0726513376060218	0.074654429160622	0.0735714130472139	0.0738516051047447	0.0731691795240029	0.0735438718648646	0.0747118043020966	0.0747045077430332	0.0749424302930246	0.0757591264117349	0.0745939407573706	0.0758954249239722	0.0773646522188587	0.0760405539736802	0.0780436417127449	0.0794660875400931	0.0791451692398495	0.0791511113045657	0.0807370986823083	0.081089594121306	0.0821480902931018	0.0812695584267629	0.0836325735995943	0.0835647756200792	0.0866117507352412	0.0871166776216694	0.0874605132356574	0.0895666724400719	0.0924513949075899	0.0935710715523719	0.0953447044221386	0	0	0	0	0	0	0	0	0	0	0.11991085905371	0.122341272332314	0.126235482819474	0.128503296949558	0.131531248129126	0.132400651644497	0.137147918497341	0.135627230547944	0.136192452911446	0.137987180384596	0.142083058613188	0.144747713190986	0.150193295372561	0.154592530216701	0.163346175704532	0.161028178494614	0.161412936232789	0.165357919797196	0.169770071318702	0.168418705683082	0.162629237074801	0.173520943947848	0.178644381002022	0.178885450663672	0.176527445810408	0.1899815750301	0.176559369393839	0.203043876183569	0.211312554270948
599.565	0	0	0	0	0	0	0	0	0	0	0	0	0	0	0	0	0	0	0	0	0	0	0	0	0	0	0	0	0	0	0	0	0	0	0	0	0	0	0	0	0	0	0	0	0	0	0	0	0	0	0	0	0	0	0	0	0.0017043359560805	-0.00248158038122522	5.79971644059091E-4	7.89664487183212E-4	4.31506288116627E-4	0.00105850820573987	4.5922671599773E-4	0.00143136321293503	3.22590192464302E-4	0.00201404055528821	0.00136069243100049	8.03272609075641E-4	0.00161347743826023	0.0014725883376575	0.00212883031046213	0.00276017824505596	0.00253188570802597	0.00435121138614164	0.00380477747482171	0.00297990760267054	0.00455214827504279	0.00408420283838414	0.00495959662497393	0.00553579580701787	0.00569990296628653	0.00639253182796857	0.00639586041901548	0.00563578790280322	0.00709029346589065	0.00721453888183365	0.00816423898749312	0.00879500725558954	0.00787500479743359	0.00964687901256512	0.0095314503790849	0.0104062835030062	0.0104308379446467	0.0110552686237909	0.0122877574548156	0.0130068461643527	0.0127565060869158	0.0134556015224312	0.0137943688460534	0.0141047916327964	0.0148347582080585	0.0150447847624748	0.0159786866216719	0.0165299593415448	0.0176618491375587	0.0171232286384227	0.0189082614979184	0.019466938899659	0.0192427600504623	0.0198081196892227	0.020720558378701	0.0207410296925987	0.0222559950671852	0.0235657102910489	0.0235366876826391	0.0238498196205611	0.0250191904237346	0.0252936952860447	0.02628485966936	0.0266897851179995	0.0275655797030766	0.0282423958641339	0.0289047767443276	0.0297801207351183	0.0298665248020685	0.0311777732072679	0.0325037760628465	0.0338002591565441	0.0350010339331711	0.0356588309502035	0.0370025377549717	0.0381155659163659	0.0393816830329546	0.0400088385542894	0.0395201439866885	0.0421076116727296	0.0420033133704713	0.0419734620856912	0.0443371926342741	0.0440647151727838	0.0461762701913683	0.0466155930490645	0.0473677778163383	0.0488748957775761	0.0498979373359316	0.0510420828651117	0.0526154791186714	0.0531929533727567	0.0535546512588723	0.0547040990195165	0.0552444566011697	0.0560486763277064	0.0571639996339089	0.0574407627102104	0.0584373942563954	0.0595079094552493	0.0593811413389184	0.0622469262432476	0.0619855161366797	0.0621436741530786	0.0641653603782947	0.0648096575234816	0.0641785114217647	0.0647690876534449	0.0659869369700269	0.0646442640931594	0.0656080093931856	0.0673066605379982	0.0671992828485937	0.0676887713612658	0.0675818842336249	0.0691155908172818	0.0679530767605878	0.0688073581989445	0.0682644953743652	0.0694986852105915	0.0699499936130631	0.0687568185794451	0.0696298852094658	0.0704039643274594	0.0712557447377228	0.0712035836162931	0.0717923222087405	0.0737781941285237	0.0738932227087415	0.0737203910409492	0.0745139592740072	0.0753079473049158	0.0760436949288296	0.0789197103971675	0.0773631160251528	0.0789831440364404	0.081287221440882	0.0838957975241938	0.0855832050146775	0.0866594854209257	0	0	0	0	0	0	0	0	0	0	0.107927383668894	0.110723048306672	0.111877840497057	0.113791376503587	0.116552351518458	0.118212358823822	0.121951079225777	0.121398081720715	0.123069713833358	0.128261662587995	0.13010100798659	0.132614133943141	0.13470108479702	0.137594510403266	0.142413551627289	0.139724353265416	0.139181843441779	0.143770503504696	0.143074253306718	0.146655561086369	0.15181647853221	0.1533042150479	0.151971127309802	0.147981421454941	0.155924771735214	0.150493054193695	0.161581604601754	0.144294339342615	0.155911984326283	0.167803293218649
604.273	0	0	0	0	0	0	0	0	0	0	0	0	0	0	0	0	0	0	0	0	0	0	0	0	0	0	0	0	0	0	0	0	0	0	0	0	0	0	0	0	0	0	0	0	0	0	0	0	0	0	0	0	0	0.00220050716200984	0.00316418477897247	0.00280310903624505	0.00237197746346924	0.00264797642724235	0.00255812554044387	0.0028281678408992	0.00230435450674929	0.00444693694940423	0.00294122462155305	0.00375835844867371	0.00263790729507509	0.00271157384414418	0.00376439616032505	0.00435792241176958	0.00382557363571354	0.00256508975960494	0.0043347869066173	0.0033945929227636	0.00406295953480032	0.00319330486557721	0.00347148425917555	0.00419941772181093	0.00459974982726461	0.00621542641653364	0.00550723109291299	0.00592753037971401	0.00755692019782095	0.00531304149913244	0.00582814441358356	0.00765207538939479	0.00874678866034097	0.00787155859388886	0.00684234791699038	0.00895917597815032	0.00993568748481011	0.0098896754765448	0.00991053813828689	0.0121509462669685	0.0120722461235296	0.0118308431239611	0.0123047775661506	0.0119036166752171	0.012657675122125	0.0134921997296526	0.0134979574032464	0.0147757412328571	0.0148322812447214	0.0144307445112523	0.0154517835381667	0.0159971717526558	0.0168256704157547	0.017670386298408	0.017991105523171	0.0186648943409753	0.0189654042077566	0.0192702947941406	0.0201183343760352	0.020420502356443	0.0215936727109017	0.0221245867065716	0.0228600822157964	0.0231523964392171	0.0233370493033427	0.0237077569502695	0.0254109037346641	0.0258473956970118	0.0260351906798147	0.0266345816362888	0.0285243330900927	0.0284656581699071	0.0290324472330239	0.0305208990381783	0.0310886963528135	0.0332565789928177	0.0328427651368503	0.0337954165644914	0.034968282652067	0.0349750582782365	0.0371715917031303	0.0370742578390639	0.0377896037888191	0.0390595250431707	0.039274662724772	0.0405912811744198	0.04082141677755	0.0414754221480492	0.0433088709028438	0.0441977239122204	0.0448134903386704	0.0451179112084515	0.0457229319488896	0.0485985447885966	0.0484039165743081	0.0496104936201227	0.0504204703691355	0.0513896112856243	0.0521061785916055	0.0519164974185053	0.052847257375204	0.0540011095956716	0.0548533080036055	0.0556000714775522	0.0557392522611657	0.0567897648773269	0.0567643337023707	0.0596030853085335	0.0586796424906253	0.0592343230716613	0.0594078625700686	0.0600627707202485	0.0611889048626316	0.0618488447792626	0.0615026480119113	0.0625925257120114	0.0624591427405312	0.0621130608562882	0.0636674062833921	0.063368923858149	0.0637731716867294	0.0626393819897414	0.0644472869065423	0.0641634888234633	0.0649874911890965	0.0644873369274412	0.0646849602486691	0.0664457691920654	0.0666222312111719	0.0665992527423793	0.065778890642214	0.0686650228622962	0.0689076767971887	0.0692324369507197	0.0702450786445517	0.0698271416214405	0.0730897516198522	0.0736512745601803	0.0738092823829221	0.0754492447736919	0.0761451459538187	0.0775558409461741	0	0	0	0	0	0	0	0	0	0	0.0951909061360513	0.0986338133135037	0.100790265827203	0.102783895107175	0.104153431959584	0.110566898478786	0.109469763133792	0.11211581161491	0.116388119002658	0.112958480592884	0.119310615591035	0.120948594177677	0.122800089280709	0.124008121312323	0.127541358080527	0.129379746319455	0.133193874412692	0.129241523329709	0.135564959813893	0.138498502564555	0.145931122820227	0.141083557524094	0.143438947263859	0.146410087893481	0.157878749129488	0.149718525363765	0.146291079421667	0.160315735004464	0.166810570087803	0.162496394583034	0.161196703181163	0.154768548085669
608.982	0	0	0	0	0	0	0	0	0	0	0	0	0	0	0	0	0	0	0	0	0	0	0	0	0	0	0	0	0	0	0	0	0	0	0	0	0	0	0	0	0	0	0	0	0	0	0	0	0	0	0	0.00297861502123954	0.00238491330679932	0.00323003114650257	0.00344062114401117	0.00110556398759859	4.99813682112053E-5	0.00166204657547064	0.0019054145553488	9.39406969118468E-4	0.00298629825640484	0.00190028112811141	0.00250564180465429	0.00229479018130372	0.00385233124271897	0.00382556021850703	0.00396089625170415	0.00549119120071717	0.00367352078266992	0.00232769270550925	0.00312629852379385	0.00422166506551435	0.00357211435894847	0.00610147661805491	0.00588638968577009	0.00477410487645075	0.00418591779133196	0.00576437857380338	0.00559352011649252	0.00647802669644188	0.00517959685041158	0.00811945816472638	0.0066973812394686	0.00857376768624306	0.00794819249957583	0.00789611752874021	0.00882390987117505	0.00850879195334069	0.00865666425689903	0.00939947096755572	0.0101978474927474	0.0108467969285572	0.0110035970510319	0.0100018175222703	0.011766710671187	0.0129895387265467	0.0118565608776994	0.0127199284216773	0.0129459475850173	0.0131654255715911	0.0139920486289172	0.0145304001488498	0.0156837946893553	0.0162800118278407	0.0160484900855355	0.0161277614909388	0.0165008804998015	0.0175135458215571	0.0177300417075792	0.0183310594367216	0.0184783766236564	0.0189959505232694	0.0198408479200382	0.0202654994157315	0.0207205445714267	0.0216292789455682	0.0221130936401562	0.0224875988035445	0.0231466984055199	0.0241973127687168	0.0247865630218257	0.0248032309005389	0.0262129665874456	0.0260283047816396	0.026633863129011	0.0286403829749913	0.0287369938443233	0.0290849594019267	0.0310146004579001	0.031767391504348	0.0323156981668194	0.0334457771013889	0.0338316948689155	0.0340104357059935	0.0355289217692823	0.0360566221741184	0.0360004571264577	0.037169669431476	0.0376938915511661	0.0382124313782318	0.0398538032857112	0.0408132111909881	0.0418933082273473	0.0430359271877797	0.0430712994299132	0.0443306238855839	0.0457621155521461	0.0455870111580208	0.0473535760131191	0.0466220989957578	0.0478790755049396	0.0485340656372872	0.0497682387311828	0.0492746165713043	0.0497968411277884	0.0511031091586222	0.0520274271665469	0.0524051191528096	0.0532156987939382	0.0533077136971845	0.0548296037092904	0.0551118003784588	0.0545076185275486	0.0549560642568039	0.0573501512777478	0.0552259720899768	0.0567139680034053	0.0572827696931102	0.0578012873360812	0.057758724062275	0.0571322786696872	0.057978601472329	0.0586816047588714	0.0584346437212595	0.0597531989459548	0.0604493550277882	0.0591139160762672	0.0598222222541877	0.0606310339275897	0.0611363416804724	0.0610812217490185	0.0627589630438686	0.0632474139371156	0.063146174941962	0.0619153746835746	0.0627329944787285	0.0649719502689382	0.0652002446917644	0.0663152727572961	0.0677482850241781	0.068715911161212	0.0701157525894864	0.071418718530595	0	0	0	0	0	0	0	0	0	0	0.0845632536960932	0.0872483117300007	0.0910727466742909	0.0961959266473753	0.0959984099215876	0.0981266317040682	0.101865287935594	0.101384668155946	0.104040911159946	0.105518132773122	0.106410849506103	0.106725139871055	0.111166037416056	0.113169009754962	0.118365216553056	0.12327899962266	0.119331605095944	0.122676152588685	0.123073165099678	0.126823188045683	0.127624516051789	0.1234735623642	0.128623236544256	0.126597560723163	0.138553453940589	0.131474775094894	0.14099158364904	0.146894583108855	0.149768852014727	0.139445479460976	0.14625764577028	0.171290714146916	0.157614298231295
613.694	0	0	0	0	0	0	0	0	0	0	0	0	0	0	0	0	0	0	0	0	0	0	0	0	0	0	0	0	0	0	0	0	0	0	0	0	0	0	0	0	0	0	0	0	0	0	0	0	0	0.00158217726388266	0.00209825151653416	2.1818998001771E-4	-6.26743448824278E-4	5.4510629593639E-5	-7.42159611952769E-4	0.00160357735407246	7.14838104127753E-4	0.00219396390266935	0.0034389822496009	0.00216639142972885	1.35690168263275E-4	0.00179013897780837	0.00287674252390823	6.3587196857888E-4	0.00203240208801984	0.00272908017213441	1.23131867920249E-4	0.00173474805795783	0.00174206082321412	5.7104437112737E-4	0.00353412879943731	0.00244604680550042	0.00325488314926458	0.00280536893603375	0.00241072766831472	0.00324154793994182	0.00393569615563387	0.00295053251745217	0.00476724472015615	0.00452637661085606	0.00410493581228267	0.0067130112689672	0.00574738529796757	0.00635507006143107	0.00703399605877021	0.00673151484682446	0.00831217653399062	0.00774970081250806	0.00776755399360869	0.00824623467022142	0.0094677822909948	0.00818785058109911	0.00854463437881177	0.00991273546095852	0.00981651799490241	0.0103950869076617	0.0117775766630748	0.0112393812454264	0.0114803446556243	0.0119741356225501	0.0130564170922034	0.0134076502143536	0.0129529911687089	0.0138037914274321	0.014488867379506	0.0143333043461367	0.0153011399977404	0.0156375306509756	0.0162453030182567	0.0172524157123195	0.0168553510210266	0.017400851394126	0.0180186799686412	0.0187429776202673	0.0193929741165805	0.0199435646122089	0.0199496193205478	0.0207060198842808	0.0215601374703327	0.0220621803225684	0.0220770579862363	0.0231709478633275	0.0235802225700058	0.0245037970771954	0.025096276148632	0.0258017598477124	0.0259445852821595	0.0269786599690039	0.0274739594734238	0.0288827161039232	0.0291256690728682	0.0305979419822158	0.0306225410974041	0.0318021539768643	0.0308147849250236	0.0321300253675338	0.0340094157047457	0.0326260159703126	0.0342515395525357	0.0355553307440353	0.0363321099820159	0.0364937631577808	0.038626836420141	0.0391934773539211	0.039808756164376	0.0412319386021158	0.0408672906135953	0.040146653201253	0.0428759509513095	0.042575138892825	0.0421786137573056	0.0438960421836592	0.0448166785725788	0.0453433278997938	0.0446852070052075	0.0469380780324457	0.0469713804224911	0.0488501594433104	0.0477835892641802	0.0479697466571052	0.0499370773264975	0.0490699973274605	0.0498712607877598	0.0510817356805618	0.0498808987511456	0.0512728090144764	0.0519715605858981	0.0520090691145399	0.0523900943352806	0.0517576893860312	0.0529049351548697	0.0532542984429271	0.0536315743085887	0.0527740603434819	0.054290282193177	0.0539946229498373	0.0532845192254609	0.0537717124739761	0.0556923955574433	0.0555029130284094	0.0560083704174779	0.0560067453080151	0.0563103548887597	0.0568231010069478	0.057294655552226	0.0591475724761337	0.0601114991089885	0.0604826775250362	0.0623165264147441	0.0631536672808441	0.0635886273852941	0.0645589062645554	0	0	0	0	0	0	0	0	0	0	0.0772541433756085	0.0773296286479781	0.0815885035131271	0.0855430964454182	0.08387202028627	0.089323410280372	0.0900901069707253	0.0884771954636331	0.0902394343684218	0.0915530286715414	0.0929586560126016	0.0976562295419563	0.0996151755916569	0.103294704327316	0.106694626243103	0.103524109312246	0.109120603405273	0.108113928402789	0.108106209507471	0.106127220323371	0.107707822636879	0.110996812637509	0.111805233205998	0.111674892612381	0.11671869055417	0.119467634762325	0.123809333869995	0.109076253478687	0.119108718952336	0.130116966492534	0.119025636460132	0.13036460493313	0.112765826800263	0.150480192042324
618.407	0	0	0	0	0	0	0	0	0	0	0	0	0	0	0	0	0	0	0	0	0	0	0	0	0	0	0	0	0	0	0	0	0	0	0	0	0	0	0	0	0	0	0	0	0	0	0.00318794299034845	0.00231123012431712	0.00157024976507454	0.00284940657770389	0.00222822060426934	0.00174045812738552	-1.56144746364443E-4	9.81727190738903E-4	-2.98387842776394E-4	0.00191534924464343	0.0024971892203282	0.00146314227281539	8.35056645094618E-4	8.67654852565038E-4	0.00296205342790554	0.00145664193810731	0.00113057818590649	0.00213242600128805	0.00121652597675386	0.00259343302823393	0.00271267017260285	0.00203141467595852	0.0025435503492407	0.00295428544268276	0.00360941643541479	0.00401970624014326	0.00448276026054767	0.00265894680640556	0.00438368847468191	0.00412945331825634	0.00468073338088088	0.00419089574054263	0.00558731632341316	0.00365995910348475	0.0052633393670878	0.0059068553449773	0.0055716128354984	0.00590217727962362	0.00533293442199521	0.00625418288831508	0.00711579341532871	0.00822495547918736	0.00787730515340445	0.00783649917290948	0.00825406175815273	0.00934943075827006	0.00922117479094029	0.00876699307979513	0.00920721725166911	0.0103320607514982	0.0110649084717825	0.00992919620031488	0.0115594066522032	0.0109137718261665	0.0119783895703887	0.0126319181801193	0.0130934863760511	0.0137356203171775	0.0129870318091503	0.0140502983822549	0.0143231407107387	0.0149249655630938	0.0151111791497429	0.0159816056607269	0.0163727496050696	0.0161801176791047	0.0165398720039711	0.01781571383277	0.0176637875753335	0.0183390816720924	0.0190356120759343	0.0191390900819262	0.0199196079299174	0.0203192260251865	0.020314688151023	0.0210799931927629	0.021821048140285	0.0220803841303457	0.023355075024491	0.0230577781232822	0.0240376701323738	0.0254051288714798	0.0262740587699865	0.0261035047684395	0.0269007459456015	0.0279368210171779	0.0283306115626128	0.0285651331678344	0.029882424149374	0.0309154607235787	0.030283010202542	0.0315474776128216	0.0318215845306858	0.0327892825094226	0.0345538297417187	0.0348536006563248	0.0355082491254532	0.0360231164515502	0.0371749131140151	0.0368762804142268	0.0391033759307903	0.0381477567466226	0.038484304790406	0.0396245116012168	0.0400909880164864	0.0417646721655263	0.0410654241600798	0.0421566033882823	0.0430702095893408	0.0428841162277334	0.0426174424360782	0.0442653165706749	0.0443487062022546	0.0445627166381341	0.0460518581800756	0.0460560792763535	0.0457353651557038	0.045893504341604	0.0455174132709188	0.0473126078861897	0.0477298641427048	0.0472401489475189	0.0474638477040219	0.0492476935088764	0.0481413641887979	0.0483870537153548	0.0484644791250008	0.0494415147665465	0.0487350409613359	0.0500322893601767	0.0496217838866449	0.0512547968969623	0.0505868147802309	0.0516897659243897	0.0515381811350145	0.0534254083414484	0.0511600785355099	0.0528064458132668	0.0527641906394299	0.0546080579180794	0.0543276145683268	0.0558502986554123	0.0585984740122771	0.0580480198554099	0.058691448862353	0	0	0	0	0	0	0	0	0	0	0.0706449449972427	0.0706400261278524	0.0737394970355496	0.0759078293609481	0.0791728490659696	0.0773095288952628	0.0819423613728626	0.0834559406843349	0.0831596754678629	0.0807235809522203	0.085466535836407	0.0913659656730903	0.091537890454317	0.0947384785725419	0.0962953456261627	0.0932258581636292	0.0992978374361918	0.0999867473874641	0.100504591474869	0.103023446062078	0.10506948962021	0.10760319083228	0.100663227362702	0.107083562690821	0.108268918190187	0.107076623663284	0.108632877788429	0.122144369663278	0.11509582414199	0.119843769112767	0.119486308890178	0.127351422868562	0.104267055016361	0.164716109407294	0.141741489359969
623.123	0	0	0	0	0	0	0	0	0	0	0	0	0	0	0	0	0	0	0	0	0	0	0	0	0	0	0	0	0	0	0	0	0	0	0	0	0	0	0	0	0	0	0	0	0.00230356964659234	-0.00135086478827997	0.00206296356903714	0.00149401877853164	-8.77237639720105E-4	-8.5974511755929E-4	-0.00258323976983335	1.1088427955966E-4	3.74045117712257E-4	-1.02686019875526E-4	0.00248356695778256	-0.00103636881550112	0.001597083881144	0.0016175063521161	0.0015439440210147	0.00110640526679968	0.00452710508239413	0.0026270402155739	9.64052795030588E-4	0.00348496432885989	0.00207233555080221	0.00195204842935004	0.00208262452371895	0.0021695089471846	0.00418211289780675	0.00197557781501123	0.0036043936472087	0.00297804334584614	0.00353812949349371	0.00271807609868098	0.00473709344943609	0.00598840725574397	0.00374329340088897	0.00432784885356118	0.0042455447931631	0.00439111539315042	0.00649364274124963	0.00562306746623958	0.0052025946893539	0.00624661663454894	0.00663228939746497	0.00658609169890717	0.00666374662158701	0.00729618592262839	0.00779330949521378	0.00667453373920024	0.00813610467680663	0.00688811735405378	0.00829361701853572	0.00877560702045265	0.00917462994071793	0.00979961204859943	0.00892592375058402	0.0114136487054704	0.0102510918958094	0.0104825002536595	0.0110351703735901	0.0110198749299332	0.0114617095083948	0.0126647765815518	0.0123652188261445	0.0130797849602538	0.0139057253425289	0.0140183556393395	0.0141643400306976	0.013818263325956	0.0148699729689059	0.0156283539164404	0.0164661246797773	0.0161710103697555	0.0166905679957473	0.017078020316015	0.0170851930510847	0.0175042956409509	0.0179613848230935	0.0191120446045411	0.0190865890690604	0.0198860301969475	0.0202474585483431	0.020790519500596	0.0207295337825985	0.021785403408927	0.0216399039332766	0.0229550313883733	0.0233399425119105	0.0248415405223058	0.0253684624259908	0.0252921881817146	0.0258510651799939	0.0271422554618691	0.0276290546395316	0.0267123815641061	0.0275352355533938	0.0294611457092145	0.0303590723437869	0.0299925728331049	0.0313918498954007	0.0316801552034088	0.0327051390132793	0.0326262331559118	0.0333988594602057	0.0343244491008802	0.0357189582072379	0.035024529814263	0.0358051662763406	0.0363569500091811	0.037291429415198	0.0377496005763377	0.0380413822436967	0.0392846649862846	0.0384412430384822	0.0395565975071249	0.0404160702917746	0.0407936444573633	0.0405962185810397	0.0410016652989419	0.0412769882681372	0.0419629078707488	0.0430706059204983	0.0427047441923849	0.0419124234156889	0.0429408858889152	0.0433629804291201	0.0443512515396829	0.043575027584512	0.0443105811160645	0.0444639359813188	0.0441259220021047	0.0453904259548022	0.0444519947389244	0.0453481452609416	0.0459113929502089	0.0457723696413189	0.0457396726478477	0.0471547014312513	0.0473967366207672	0.0482411206110029	0.0469724993793699	0.0479034326128615	0.0496505600898359	0.0497865236654737	0.0490553539753987	0.0500040598373084	0.0517516273108664	0.0523211271272261	0.0529553338015822	0	0	0	0	0	0	0	0	0	0	0.0635540266873962	0.0651674145849759	0.0653182811868586	0.0674197897147999	0.0680389252694287	0.0711073706407171	0.073682100459015	0.073526257635302	0.0743417751922773	0.0732419890814579	0.0763240121781432	0.0788811130711729	0.0818821772734218	0.086916679485336	0.0903178012064232	0.0901957641660775	0.0889653230052724	0.0888927630127625	0.0917034955546409	0.0899248665070887	0.096223450596896	0.095949041659356	0.0932926490252524	0.0952754496370705	0.0997985480096797	0.0990438652660468	0.0990668537786044	0.109226953500557	0.0933563922233939	0.105397963553218	0.0997984055571207	0.123123376027858	0.10944914868347	0.10699614989211	0.110067061377784	0.115811064415919
627.84	0	0	0	0	0	0	0	0	0	0	0	0	0	0	0	0	0	0	0	0	0	0	0	0	0	0	0	0	0	0	0	0	0	0	0	0	0	0	0	0	0	0	6.41591618277556E-4	-6.33011132640577E-4	0.00101242546333047	0.00124988440401947	3.68431141668306E-4	0.00103139532198019	5.97359380474927E-4	0.00221431354118136	0.00119864451298263	-9.99309929535243E-4	1.08988362330422E-4	7.40184910036013E-4	0.00221092784520515	0.00220937471409143	7.38020742914439E-4	0.00163832206714662	4.76305682280521E-4	0.00102709699020211	3.21463786237786E-4	0.00315990706275475	0.00142263986546935	0.00257458981188797	0.00274255206958502	0.00273705917802604	0.00285869071207725	0.00370625202878134	0.00124137062760039	0.00164793624933522	0.00423126713276343	0.0043378077299013	0.00591599835134969	0.00214005973549853	0.00423394532189559	0.00384015274167939	0.00577775073837441	0.00401959738496113	0.0042063132132047	0.00432259408757108	0.00424367587737789	0.00505142566877809	0.00485152265018035	0.00506259603420082	0.00591645632941244	0.00620008495899759	0.00601671830114543	0.00683639529166244	0.00740651768131161	0.00661560770248775	0.00747850977605696	0.007057283459812	0.00812240347364594	0.00894190816459167	0.00773989694897204	0.00792921798211105	0.00924585822763425	0.00853959037615573	0.00942546466038375	0.00968115385267497	0.0106067184218636	0.0107883407807382	0.0105709511535053	0.0118491271160552	0.0114364232175107	0.0124315137640367	0.0120662404672947	0.0130042817164219	0.0129491384071302	0.0132302081822516	0.0140826597587157	0.0139763831965077	0.0143563224710926	0.0146999298267223	0.0154011800936631	0.0157487482742961	0.0160398479474124	0.0161376457593199	0.0163226128742895	0.0171039268003862	0.0174067591636659	0.0186232322331102	0.019055492818215	0.019089695698772	0.0201124876655597	0.0191049478943627	0.0210252562246482	0.0211993136214262	0.0219442591088746	0.0228176659523286	0.0228849704344412	0.0225277503479178	0.0244788252703156	0.0250692959584832	0.0257280451947551	0.0251297346125278	0.0256795057092966	0.0267862647293984	0.0271334818777326	0.028591347673022	0.0284951391977952	0.0285828390774772	0.0296361966699493	0.0303877658145425	0.0301908225715471	0.0311668947372713	0.0318249263829764	0.0329577954799036	0.0331502275832518	0.0329385371012275	0.0350652496576019	0.0344483644280449	0.0339426880715349	0.0343827519677454	0.0366343265444271	0.0358236617637215	0.0373694751151141	0.0376965061654061	0.0368771601761509	0.0376252771559714	0.0387172079389453	0.0385608108743476	0.0386708067472128	0.0388515758552694	0.0403537529032678	0.0393702867396975	0.0408728208940171	0.0398223488714405	0.0415504846807023	0.041386049071572	0.0410155334522486	0.039872384276656	0.0403624383207323	0.0402983959158402	0.0417694740856068	0.041877904411091	0.0425783043991134	0.0419797255582814	0.0428454313622524	0.0429389780873141	0.0434950619015516	0.0440432836687471	0.0446262766534092	0.0439348205153913	0.0446846619964063	0.0464852584593658	0.0484178514623839	0.0478912359822062	0.0502599334561504	0	0	0	0	0	0	0	0	0	0	0.0579467141516094	0.057580851345938	0.0585644369324804	0.0610566995948039	0.0625177137376612	0.0646076652887599	0.0654365557177528	0.0657031426220136	0.0678931270581298	0.0671514386230325	0.0699105576849414	0.0730645487497562	0.0742893116351168	0.0791455587848874	0.0801957510607298	0.0819355855349137	0.0806540971038339	0.0800626718926328	0.0827557446790546	0.0850601159773973	0.0852670295741921	0.0877408849730671	0.0860900247136208	0.0870039241347854	0.0863592993337119	0.0922794193439733	0.0917447628487576	0.0975224270339979	0.105890788415932	0.0937750001353636	0.0996872734554331	0.0986428158067913	0.0846246390908188	0.0859721858069869	0.0984975819960276	0.101550415564077	0.0749800083001794
632.559	0	0	0	0	0	0	0	0	0	0	0	0	0	0	0	0	0	0	0	0	0	0	0	0	0	0	0	0	0	0	0	0	0	0	0	0	0	0	0	0.00353107376515485	0.00395264030517549	0.00366287083830602	0.00629155803397717	5.79705285343073E-4	0.00235817500642408	5.05104791169821E-4	0.00248880643366981	0.00318017930751736	4.20148498165669E-4	0.00382790203267055	0.00339743619084203	0.00342800419520341	0.00317465118378097	0.00197276912073625	0.00275137338438418	0.00177502183898126	0.00446614040822697	0.00277466150684724	0.00421344271092819	0.00339446611418694	0.00194891249800905	0.00483631592512505	0.00251135519484716	0.00295414082050058	0.00402756277106882	0.00472342578666397	0.00322166871172011	0.004074452165484	0.00246665462625196	0.00309334408929792	0.00272066733964978	0.00377524196032582	0.00695107861347098	0.00575065053960261	0.00481670912845359	0.0074402763235542	0.00514809628896438	0.005412042441022	0.00600809173374434	0.00475884403936368	0.00588888751675693	0.0051368670027419	0.0062175154956213	0.00738628105073458	0.0054262146181895	0.00715000225542828	0.00744140915946473	0.00772180692656588	0.00701188296485494	0.00720327171967845	0.00725341421119241	0.00705598015881188	0.00813431729458215	0.00827618310787694	0.00816624944515306	0.00946733716323063	0.00834285293853681	0.00956402552178799	0.00952485083822747	0.0103659067596766	0.0109006306939109	0.0109030832152895	0.011505822011276	0.0113026836450973	0.0116757469460585	0.0118258745916106	0.0121456615641773	0.0122314051651372	0.0125112214636918	0.0128188734337777	0.0130090621387934	0.0139369675518718	0.0139034206353768	0.0141534789174247	0.0147723639229402	0.0155888900391365	0.0150969011342946	0.0155018077530884	0.0166661137815275	0.0162493286113457	0.0170018071348614	0.0170901803570913	0.0183371773224721	0.0177257067424136	0.0186350247130556	0.0188609627792873	0.0192144798145982	0.0203122855294078	0.0208383826310525	0.020555722290634	0.0224132781568407	0.0228588986485708	0.0230988541816377	0.0228090429124732	0.0234185890076661	0.0243097485293936	0.0243210793464422	0.024076279587606	0.0254572267117191	0.0257829724827534	0.0268986628706051	0.0277263993326102	0.0287205520234923	0.0275252109326947	0.0285477688971782	0.0298789382712948	0.0307836549703431	0.0298631043999651	0.0307406648709362	0.0308217386671248	0.0316763999867411	0.0319616102567697	0.032987776594528	0.0327514040167926	0.0334686466639992	0.0336250506895389	0.0341426383111212	0.0342463479626894	0.0349118634797909	0.0356502107894864	0.036671222965322	0.0360974422199604	0.0371503198599135	0.0362178627947458	0.0359094965456489	0.036337903271277	0.0372557239666747	0.0375355192043367	0.0368031852430275	0.0383221100007246	0.0389653306813161	0.0379888019275759	0.0388657976358185	0.0379631679405446	0.0384541626384922	0.0383110765937036	0.0398741549480234	0.0399223602248673	0.0396463364258042	0.0403556058098955	0.0400510977830049	0.0416916209492331	0.0407912938979402	0.0422871981067901	0.043108725734821	0.0444729303112896	0.0449954303064341	0	0	0	0	0	0	0	0	0	0	0.0518646983608952	0.0510787335185744	0.05341673788018	0.0543991609324315	0.05418622162263	0.0567146628284381	0.0587431632236968	0.0595412577770955	0.0627555539861169	0.0615451041667792	0.0634738457522536	0.0630759390706614	0.0654694868995846	0.0679954548963794	0.0705535040474316	0.0724505537921646	0.0755955647238448	0.0743317627136302	0.0753044430112684	0.0767392375931038	0.0785538843875301	0.0798516712591915	0.0777716479975825	0.0823047656668708	0.0811574311975388	0.08431908494904	0.0809543104308659	0.0894475486759024	0.0913406799487436	0.0812143468006298	0.0823309500420828	0.0918904600905255	0.103004795034219	0.0957047457743934	0.105852168226651	0.109477986542322	0.112832476800682	0.0947445512151282	0.127971662762826
637.28	0	0	0	0	0	0	0	0	0	0	0	0	0	0	0	0	0	0	0	0	0	0	0	0	0	0	0	0	0	0	0	0	0	0	0	0	0	1.43016522473014E-6	-0.00312702189563746	3.96870672779912E-6	-0.00317862766474328	-0.00223244442906827	-0.00182620640796328	-0.00304131011682231	5.13634350792372E-4	-0.00526049889183095	-6.09188197670229E-5	-1.20426387036772E-4	3.05918354509324E-4	0.0011297308414749	-0.0012146206162635	0.00135908808163279	0.00198429702271056	-3.19577187725612E-4	-7.2973477086945E-4	-7.11200100649147E-4	0.0011018980562904	-0.0019074395350514	0.00140097017817315	-5.20044337803566E-4	-0.00195720945159758	9.26310847974215E-5	4.54189989687563E-4	0.00120023726089463	5.67874634769142E-4	4.28847433032786E-4	0.00160249453852217	0.00116138384909741	7.34528258435254E-4	0.00263384815216878	0.00227037291682328	6.55382523986874E-4	0.00259533852525548	7.38759805060206E-4	0.00231803966161369	0.00241484164231931	0.00260831799208611	0.00306611299120318	0.00360898110524802	0.00357691861760487	0.00245062406789884	0.0044125040413289	0.0036701462606162	0.00313306095046758	0.00566620023786324	0.00450517012177028	0.00486476539451435	0.00605757418804288	0.00623062730304308	0.00594911810552784	0.00437995950888435	0.00551051992350408	0.00708942601960674	0.00583035762096735	0.00634910714885608	0.00728286324763713	0.00763323609907433	0.00824559300566203	0.00736035692670674	0.00818935040388915	0.0084161521090035	0.00903455507630622	0.00949727397414067	0.00951435197166312	0.00915946817657494	0.0102279772107493	0.0116241287217605	0.0102986321628806	0.0107310250792124	0.0113108599643816	0.0111537294873591	0.0115652246681752	0.0121062427390468	0.0122526846045878	0.0128540982260624	0.0129604567059387	0.0134383505275482	0.013251799555894	0.0135759638805927	0.0141252584428004	0.0149304138659559	0.0150990989607195	0.015986277604495	0.0161257867710006	0.0158853913322442	0.0167446269343648	0.0173532954616377	0.0173013166973509	0.0172008543483139	0.0187421468172613	0.019130376911679	0.0194656079301005	0.0202037273273729	0.020104498611739	0.0203715576959801	0.0221984593978383	0.0223301296130311	0.0207756733948556	0.0221688523682024	0.0232771218024536	0.0242123016957243	0.0247553421315517	0.0243026414116305	0.0252922560419603	0.0258347789297401	0.02549909435497	0.0258355885288115	0.0269805891059482	0.0278710480507394	0.027730446008529	0.0286110412971134	0.0288652072987622	0.0292764163284898	0.0288689548751833	0.0292282539185755	0.0306653319275101	0.0307581265704476	0.0304453975342103	0.0310492225890837	0.0318550220896847	0.0318529838153058	0.0321749539205919	0.0319518535679543	0.0320782487630687	0.0339504859271388	0.0324274644556045	0.0330658113663731	0.0336945383112572	0.0343353001977429	0.0340597537654091	0.0338941094742885	0.0335854782942513	0.0334528720632164	0.0342174943927947	0.0343028651617069	0.0349631282814142	0.0349010235864478	0.0361278882223124	0.0351310428549968	0.0359330906385835	0.0364913757034172	0.0367203566005245	0.0378671453937197	0.0376047943380629	0.0394838301625736	0.0389108175452028	0	0	0	0	0	0	0	0	0	0	0.0437225280257437	0.0463907089424791	0.0463872105967258	0.0456295730366621	0.0498981949285357	0.0502383764057229	0.049996984215165	0.0519715901708019	0.052367786506927	0.0530373510595809	0.0526474810739369	0.0580944057082224	0.0588090293794908	0.0604558361986253	0.0619752336799844	0.061977216884711	0.0627758582726851	0.0653692760279705	0.0661857061226506	0.0645198597885629	0.0670361335209465	0.0637429362017988	0.068184167857127	0.0689405400816717	0.0680617502060279	0.0687756915963519	0.0691893871082396	0.0717706965644613	0.0742166866800521	0.0702413803956585	0.0729776726457993	0.0713950753256699	0.0745903131410482	0.0694238026301863	0.068503009211453	0.0754999570016889	0.074711521584154	0.048490421266036	0.0788637754626873	0.0834358780893767
642.003	0	0	0	0	0	0	0	0	0	0	0	0	0	0	0	0	0	0	0	0	0	0	0	0	0	0	0	0	0	0	0	0	0	0	-0.00187825990227211	-8.83231510836435E-4	0.00151087052695119	9.85054248267736E-4	-0.00158214072008622	-6.75651812473544E-4	-6.01433070726448E-4	0.00278604080781524	0.00171118661626772	0.00150167347541129	0.0014233282243202	0.00121677347798036	0.00182827385429236	0.0013644680821193	7.93892892514357E-4	0.00119723561361091	0.00228114587660617	0.00262475419350186	0.00144444598143731	9.20113154292907E-4	0.0014242494073584	0.00211040326882577	0.00115911343994947	0.004796175078552	8.75521108441579E-4	0.00176978786206067	7.52565574212994E-4	8.33797096654977E-4	0.00159393095438146	0.00407167816317887	0.00255028676513388	0.00181424604911557	0.00242054121858475	0.00121180891550319	0.002502584691992	0.0030993078952765	0.00347218614439993	0.00224433980034156	0.00360399651427801	0.0016375552025905	0.00277475715030357	0.00229060012357456	0.00389432485737409	0.00171907463243749	0.00374144045395908	0.00340983935053093	0.00318522183081604	0.00524595426710534	0.00531955637702104	0.00583084590702074	0.00551151177489494	0.0048944123596322	0.00488169781492977	0.00545080595906405	0.00759991890690261	0.00458748112285413	0.00622985956040911	0.00710761320790848	0.00756755730710445	0.006767809302285	0.00713495887804008	0.0073942636066473	0.00756616623519121	0.00721757159186391	0.00785748998130276	0.00792526305408164	0.00824342105918826	0.00951040659883606	0.00780115057478412	0.0091452196386073	0.0084734707016737	0.00965554834790216	0.0100283394135362	0.0104553520531547	0.0106825347101239	0.0108099739204922	0.0112535924891338	0.0119163537363678	0.0119593393253036	0.0119379024657371	0.0118138743655444	0.0121647831697343	0.0127968563647406	0.0128750295913337	0.0132187276689962	0.0140876280542489	0.014266303172927	0.0143812242137018	0.0140290351532072	0.0150133772573495	0.0154214811411278	0.0145636033854112	0.0158858861775516	0.0162535990827631	0.0173772680443378	0.0177167459856835	0.0190992457403761	0.0182828680766674	0.018992333534178	0.0205183239519035	0.0195243440925744	0.0197926806716446	0.0205999573544755	0.020631836555267	0.0203740896059779	0.0221179817802215	0.0229405117831979	0.0224389032629364	0.0234267621664125	0.0236534438935798	0.0238498620299421	0.0250637955402601	0.0243058239742117	0.0248431076144704	0.0263677506813394	0.02644424322048	0.026939660402596	0.0262078618342817	0.0265920496934897	0.0272802124344846	0.0280051751882219	0.0282043657123378	0.0285832991553136	0.027961030590575	0.0290495568295465	0.0288210844589778	0.0290934635415598	0.028052009832969	0.0302419500394997	0.0294197515349139	0.0291657817079759	0.0302720780554133	0.0306755795405928	0.0317440991569615	0.0318787821353009	0.0318014259821396	0.031127507316865	0.0306458043738647	0.0311462791727844	0.0314728689300877	0.0316301694051107	0.0331363823808352	0.0319026946305152	0.0329664122887205	0.0326191960354855	0.0335990735840194	0.0333460218957319	0.0349006845455728	0.0347956094477495	0.0363192948755866	0.0376763487725491	0	0	0	0	0	0	0	0	0	0	0.040976702760673	0.042274853034454	0.0426939133911843	0.0413287880387939	0.0444904382260032	0.0456939016471314	0.0472760413008462	0.0472376485294161	0.0473868391061471	0.048901849792096	0.0497472302774759	0.0509752076381857	0.0521340396192353	0.0553232448187367	0.0551226012517909	0.0575087365226059	0.061577453229965	0.0589812825040352	0.0590379822739221	0.061047715975219	0.0636313303123618	0.0645339897095532	0.0655227371904862	0.0645850887340485	0.0657262464414784	0.0685871368104589	0.0692996924808544	0.0698173725695542	0.0693331930415235	0.0758603374639229	0.0697861637324838	0.0731147571528732	0.079203840381327	0.0732365030166859	0.0748773050205405	0.068543812802145	0.0751909628469205	0.0831650201392721	0.0754349033322267	0.0790124281330134	0.0907263836692058
646.728	0	0	0	0	0	0	0	0	0	0	0	0	0	0	0	0	0	0	0	0	0	0	0	0	0	0	0	0	0	0	0	0	0.00438084877745144	0.00209457562731454	0.00403091708560338	0.00215923362480116	0.00378940306413869	0.00505707074617965	0.0020172048586877	0.00356333625866686	0.00291467474151745	0.00147683420127922	0.00400302120279749	0.00324233820501844	0.00452349442331745	0.00233243855045761	0.00281463096800522	-6.32241510996143E-4	0.00364459265914462	0.00230235109293468	0.00213165619999403	0.00248654955380708	0.00349233510392742	0.00378443643625392	0.00165542995688492	0.00218954683416758	0.00112267189921642	0.00320784833376677	0.00581310405044444	0.00751690343369701	0.00329279360412455	0.00173688721897801	0.00410684782112042	0.00226566114825841	0.00325134856685821	0.00516640300278096	0.00374497966873796	0.00300641989110261	0.00619730503057404	0.00432544275565019	0.00423892421643791	0.00407866236928323	0.00438397504904757	0.0046738100658861	0.0038094817339194	0.00435582967279355	0.00387481506600139	0.00466478663382151	0.00525978810342223	0.00452890927269212	0.00451200671339155	0.00541505849438665	0.00580342167570877	0.00428414741974469	0.00489894451360173	0.00800632352353929	0.00568944674103799	0.00468697369232632	0.00726617759850247	0.00568301731699395	0.0071665897243267	0.00659556394282774	0.0064550501355553	0.00751603975105926	0.00623045502389121	0.0074477885255123	0.00725731401176724	0.00742686386355281	0.00796460509752674	0.00848229000594803	0.00841905067085131	0.00782074875838077	0.00933693937167364	0.00950018008518358	0.00945261027864439	0.0100618478626272	0.0095737146913732	0.00991449095223414	0.00976102036641692	0.0109290280791312	0.0105146315689273	0.0105942358226912	0.0117326113106454	0.011038528691637	0.0117351039102825	0.0117334964837488	0.0120863406733954	0.0119573124440377	0.0124789196837447	0.0123268705665664	0.0129260181010372	0.0130552398421897	0.0141222865017304	0.014911016021056	0.0147538155687344	0.0144668513748951	0.0157784961341101	0.0153482060009817	0.0156908782491924	0.01728565291433	0.0181127073091744	0.0179561930966676	0.0171217493386824	0.0182877146045284	0.0187628902795721	0.0189606254795013	0.0189555207131536	0.0205234148734929	0.0205073924424197	0.020141970477041	0.0213162562063569	0.0207097277223372	0.0230247727091726	0.0233728846736487	0.0232058828725288	0.0242444640658008	0.0240996971789187	0.0234637845935195	0.0241008843060707	0.0252466864280338	0.0242468301776133	0.0262199571449073	0.0255581508012771	0.0262417705160745	0.0264158434397376	0.0260728835997067	0.0264859196691305	0.026691346313785	0.0267893736139078	0.0281430007204056	0.0275550386405656	0.0276774715532324	0.0284444643543776	0.0278408247107208	0.0293262372920225	0.0285648335725961	0.0279520893476037	0.0284861342828466	0.0295269471515661	0.0289509813337969	0.0287769577091572	0.0291168758074862	0.0293375773928277	0.0291460703527658	0.0300101272690345	0.0307628111973929	0.0308600420251527	0.0301928258310118	0.0312397106362821	0.0312105067814342	0.032614545933224	0.0336044078252373	0.0348740995925321	0.0332723866324614	0	0	0	0	0	0	0	0	0	0	0.0375868083993507	0.0391666944506994	0.0390300086134612	0.0390172914652562	0.0405720386987533	0.0418891017147226	0.0436307528392477	0.0441335438745747	0.0451303038262805	0.0456296859275781	0.0473545870482002	0.0440782321394681	0.0477164305689985	0.0508410446657584	0.05309289551941	0.0544341054153143	0.0522267280279778	0.056027364235037	0.0590975763008802	0.0589909134291675	0.0620129973190837	0.0583124397643041	0.065347519228342	0.0617152550574398	0.060706388956446	0.0640304059942171	0.0720528500648266	0.0664708235186432	0.0643488407388057	0.0675263327623547	0.0696026663051342	0.0710534912316345	0.0732238243714983	0.0784710739427271	0.0735513765911808	0.0782198751307221	0.0814885645520214	0.0843188513679773	0.0874572900740073	0.112320739496621	0.0818384947010781	0.112566566466208
651.455	0	0	0	0	0	0	0	0	0	0	0	0	0	0	0	0	0	0	0	0	0	0	0	0	0	0	0	0	0	0	0.00377952444738434	0.00459793888294489	0.00300829265492512	0.00269838360882783	0.00108738000087475	0.00121638892777643	0.00267754431601147	0.0020323938813711	2.12010247446476E-4	0.00139929001506412	0.00131727185839386	0.00281276138872536	0.00177055675486875	0.00371350271558873	0.00234250300720045	0.00198677066312464	0.00130664499807072	0.00449489157818187	0.0027094895587865	0.00296874295731335	0.00108910524446238	0.00212510804914151	0.00155169410070976	0.00179136443459013	9.26426460467136E-4	0.0014392227302933	0.00218768809110427	0.00163727100585795	0.00376929246374821	0.0033632642695872	0.00277486159990406	0.00354228700367731	0.00315083156715496	0.00319114234558108	0.00304424023740809	0.00325899191240911	0.00158099125984615	0.00280732753442011	0.00254588161230327	0.00378644462762431	0.00350704937420642	0.00403949742323527	0.002666953611321	0.0040358213760052	0.00505370089961797	0.00425526323633049	0.00453233332606793	0.00507790295021989	0.00418270036245986	0.00492602421865901	0.0041329599120668	0.0047357801423866	0.00489125840245084	0.00402356668766973	0.00545343935735501	0.00621991646117986	0.00576996975009931	0.00602521713187382	0.00521539671914441	0.0041428158477496	0.00640791104273654	0.005717128892056	0.00703580463529334	0.00729122504080805	0.00664309598428676	0.00701962284731899	0.00641904375501192	0.00713863551200944	0.00782991365854298	0.00871310857432098	0.00809272446990423	0.00793148150271134	0.00857885404359441	0.0077308776200678	0.00730887694370952	0.00858846498824636	0.00825979896365046	0.00898756989996268	0.00984447684359612	0.00934318921302554	0.00989802084101178	0.00917270982049482	0.0104228198605597	0.0103597844143472	0.010905388889576	0.0104578361268511	0.0110661687476737	0.0111349484810471	0.0119205290697936	0.0115252254951624	0.0117466046637138	0.012307865340689	0.0125233381165803	0.0125225714992747	0.0132803574916481	0.0136442813049957	0.0145522538071068	0.01494706741143	0.0155791252873773	0.0155810049150796	0.0156511332554561	0.0153806999189093	0.0170610990364011	0.0174643529256441	0.0177353022853968	0.0172949588729216	0.0180397981619921	0.0181947999466551	0.018401510407315	0.0196639156537251	0.019593181494701	0.0190947707479778	0.0210089211053136	0.0200115222503796	0.0214257510479438	0.0220894780835388	0.0210116747746633	0.0218784975531348	0.0222685524171422	0.0233212458812535	0.0228704720074508	0.0237551920830926	0.0220984820809791	0.023297958806874	0.0240788885524311	0.0245631452942462	0.0244039729303361	0.0250892102376789	0.024483720267362	0.0255232354235319	0.0244853959131781	0.0244246843108621	0.0256150747570124	0.0258565025663818	0.026846371923444	0.0258659602482645	0.026781447338877	0.0262659212649164	0.0265236762235538	0.026181221333364	0.0267603205903091	0.027001838937488	0.0283932861185203	0.026260151906927	0.02759954279126	0.0274979277807075	0.0279203142543925	0.0289562268671437	0.0289016870983965	0.0294698352577854	0.0305719946256578	0.0317715927502961	0.0328326265067611	0	0	0	0	0	0	0	0	0	0	0.0348142599015787	0.0345426176846753	0.035537462346922	0.0370556336588382	0.0376752850423093	0.0361753981424324	0.0379182423561711	0.0403333331023786	0.0410601107792783	0.0397083612619424	0.038481942665169	0.0407078286674581	0.0439193270774937	0.0464597055326622	0.0476031971892859	0.0483565722537007	0.053040159337937	0.0499133441407741	0.0507104603031008	0.0510469365059144	0.052916500175907	0.0539905137143818	0.0544501057324287	0.0552821403310219	0.059353445495579	0.058841646781532	0.0558359386288556	0.0614202232520137	0.0597484111373241	0.0607769248906578	0.0701148536543718	0.0570815827727214	0.0645308688402607	0.0697298645010574	0.0804064611749656	0.0645030872103022	0.0705582986501391	0.0678430082349077	0.0691068207201626	0.0771075832025115	0.0702782799105679	0.082832671807173	0.0712553148988377
656.183	0	0	0	0	0	0	0	0	0	0	0	0	0	0	0	0	0	0	0	0	0	0	0	0	0	0	0	0.00109738866142985	9.10194719507326E-4	3.57461144848156E-4	8.68461696340339E-4	0.00203202511950152	-0.00123684979550243	5.63238787392887E-4	-0.00134022601069319	0.00100104468439944	-5.28228801803134E-4	0.00184184605832176	-0.00230697586340015	-0.00162991802347361	-1.39967165590596E-4	-0.00285395267531001	6.87017047444967E-4	6.16186777516066E-4	-9.52954547177828E-4	9.38824062225758E-4	0.00178598597659342	-0.00214731687384176	1.24118042143553E-4	5.62541121084402E-4	-0.00147084959504262	0.00316880348478852	9.32367864221375E-4	-1.14160619259811E-4	0.00110501408177102	0.00350676656982897	0.00137172202375657	0.00336819480123624	0.00239336605780452	0.00130262160246409	0.00389920653279952	9.22822368638732E-4	0.00324358088799008	9.84908213633151E-4	0.00101433373316397	0.00294311621357324	0.00106789209015003	0.0017524887793	0.00249523186150076	0.0028274622225581	0.00293550696839018	0.00425822239359823	0.00202885596312621	0.00237783452871023	0.00275404778416037	0.00232741895121037	0.00397095817506835	0.00342222232184839	0.00466449364383511	0.00416629833744608	0.00497500850467182	0.00273963381192031	0.0038208936815354	0.00411239805900486	0.00332512009511965	0.00321691169041674	0.00378214942685918	0.00567725331753125	0.00495210005316957	0.00628737252230541	0.00553339684249904	0.00542990217652331	0.00631576532565981	0.00530775479745009	0.00557839921254215	0.00588507147846409	0.00542218259618239	0.00592108806874244	0.00669633184077988	0.00635745235083941	0.00699988305426809	0.00705269039492461	0.00626893677644267	0.00683082166811181	0.00771689158643144	0.00872802170716143	0.0079235002928194	0.00758603223946675	0.0084978394606553	0.00882906880897631	0.00837102843958708	0.00881596321526161	0.00887719792076623	0.00928845226487775	0.0100758106748378	0.00952136433449527	0.0104725720598902	0.00988476691118478	0.0101881596538056	0.0102198209197515	0.0111636736147901	0.0114561826598998	0.0113774260765375	0.0118521198576593	0.0119244600330078	0.0122088018253663	0.0127234097040109	0.0120229947719327	0.0128067251318938	0.0133363790674893	0.014311240406036	0.0144263522515974	0.0153868239799538	0.0151169632999694	0.0153305099140165	0.0161481604744638	0.0160721642506635	0.0160545057863579	0.0159748908880316	0.0163629122343877	0.0184027199407664	0.017591351851995	0.0180446892352862	0.018673203859679	0.0196406438188043	0.0193707799305475	0.0196194646132747	0.0187707889627118	0.0197808501786062	0.0208712329783578	0.0205919442969653	0.0208880974891012	0.0197812512203252	0.0207108233803396	0.0215952551355315	0.022125657342737	0.0215271927333792	0.0221317404931372	0.0238047533636923	0.0233780917600606	0.0235649834209094	0.0232436991927203	0.0237892111462387	0.0237780642547952	0.0236635013893989	0.0241356594787236	0.0245682894229744	0.0241270826212771	0.024503293499301	0.0253119676202088	0.0230308503514039	0.0237456903595294	0.0246015910594097	0.0253586881404733	0.0250524323774548	0.0242558129223602	0.0259776388623907	0.0258453892916108	0.0270223273211983	0.0278824632789312	0.0282957860303103	0	0	0	0	0	0	0	0	0	0	0.0304264106773899	0.03121352582028	0.031674242333404	0.0320896797472506	0.0326933713328829	0.0323330225244478	0.033541884340012	0.0362066125354604	0.0362690673788669	0.0357706665697538	0.03692553668272	0.0366294848557685	0.0363945788140353	0.0398531639066012	0.0407897345251828	0.0399460652425056	0.0433377198733881	0.0450238613643385	0.042763719062591	0.0463571546271612	0.0467288719592105	0.0502905520746536	0.0526615745354907	0.0492795700270948	0.0476320724496621	0.0483604904598956	0.0535323792693957	0.0529211737646054	0.0505522374246793	0.054062860729475	0.0525801683889751	0.052557551104486	0.0551867565259406	0.0470141575363415	0.0600558016324415	0.0485689650616961	0.0588270534698202	0.0621180495297734	0.0649180324937599	0.0603232364458146	0.0421981416742255	0.0680283998287373	0.0605128405776302	0.064216284328021	0.104224839857721
660.913	0	0	0	0	0	0	0	0	0	0	0	0	0	0	0	0	0	0	0	0	0	0	0	0	0	0.00309165923085502	0.00362716954135854	-9.06024383662068E-5	-7.38330014050819E-4	0.00108722084686708	0.00291562399729918	0.00129209875775576	0.0045969129014114	0.00236527621979214	-7.97586272128324E-4	0.0032882480658505	-3.06338078993993E-4	0.00306503386552806	0.0034372049051146	-2.16383183386725E-4	5.70524974998495E-4	-4.93523042646336E-4	0.00301328277118063	0.00146027522498742	0.00358089332015012	0.00401773581765614	0.00302331348040486	0.00218080682599139	0.00253002869833439	0.00216662140751802	0.00130752802749351	-4.86199070488338E-4	0.00218792897964495	0.00189912054644272	6.73145196130775E-4	0.00263011852142299	0.00321607921955238	0.00184351281192706	0.00222595292253601	0.00107078170065948	0.00335840763834601	0.00216899295905704	0.00140585477957113	0.00337984666823949	0.00275957248094112	0.00151831941834381	0.00289252861219265	0.00320134658900297	0.00366879430442917	0.00359790805254887	0.00201610989179529	0.00189446996934057	0.00314992891175699	0.00391820649034274	0.00124373574645264	0.00468737206491194	0.00294954344248919	0.00380496661507772	0.00301685726242622	0.00349314162213775	0.00470762973606745	0.00365990158480933	0.00324954985532806	0.00400924466071287	0.00362499107660047	0.00461567713493342	0.0047670907226585	0.00418411078904221	0.00514109983198213	0.00471030476829209	0.00523463643442032	0.00460649103655852	0.00455960693519442	0.00475177137164314	0.00521226082759309	0.00582720644468569	0.00607984899820629	0.00615171885573639	0.00532909980719798	0.006364378167665	0.00717085678652177	0.00621462961452762	0.00656126916364884	0.00708346912294893	0.00710503363096345	0.00760976118123406	0.00733269239276942	0.0073496973789122	0.00801874089219325	0.00678211403558068	0.00791829358943965	0.00829281435491831	0.00846551955516418	0.00850906775245846	0.00886406998670927	0.00900686316555697	0.00912308983678272	0.00947472164364058	0.00984289468306191	0.0101404445712149	0.00997080380283446	0.0103013858440313	0.0104826941402556	0.0110296533915605	0.0119098359960583	0.011773167835613	0.0117130667598525	0.0115632168670354	0.0126939137959537	0.0127697324221439	0.0136736916832375	0.0136469334181122	0.0134408499511982	0.014643574098416	0.014017258856695	0.0141509517979956	0.015267951069843	0.0148462427034522	0.0158361602097415	0.0160460445557162	0.016086835988883	0.0167019106353967	0.0169863960165285	0.0178571876958537	0.0187888026242432	0.0188202142518861	0.0174760163130617	0.0184827835047958	0.017664541055974	0.0185638141724068	0.0190228625025595	0.0182912769190781	0.0198454446849635	0.0204102442638147	0.0209280354804517	0.0188533437253536	0.0199442011180478	0.0200585808328638	0.020753707185382	0.0213004669661654	0.0213415997057148	0.0218077872496238	0.0217300365902868	0.0222685966891997	0.022641991847166	0.0221776801262286	0.0223033960770661	0.0223351597700905	0.0229089874910618	0.0234507098651021	0.0218545768076635	0.0224894504654869	0.0229261895646226	0.0231651000510604	0.0236532943933975	0.0239555426762142	0.024107276452155	0.0248615460484931	0.025434462207931	0.0265402549588541	0	0	0	0	0	0	0	0	0	0	0.0275169619732098	0.0272533881315483	0.0288088963731399	0.0284855392466131	0.0294706442451307	0.0298103957867561	0.0312965301543799	0.0304751122378743	0.0318473890880573	0.0326536270431213	0.0334558866887807	0.0296609205818354	0.0337251002718251	0.0362406276994246	0.0357911858260865	0.0382324412344664	0.0406750065175139	0.0386103478809204	0.0382928657923383	0.0405322061205572	0.0407408225311844	0.0433953539143587	0.0450146074229648	0.0455746075539973	0.0487338845518909	0.0494933166700297	0.0484878471722162	0.0451771508329202	0.0504177256842721	0.050679718234095	0.0458343636726095	0.0490879242137887	0.0516950665483324	0.0520748907740186	0.0527322982904575	0.0491712732966277	0.0584869835219226	0.0611938036986384	0.0508324265295504	0.0464535082534144	0.0547725486278252	0.0630134329966007	0.0562365110875019	0.0584788503652237	0.0481262620877846	0.07027952954257
665.645	0	0	0	0	0	0	0	0	0	0	0	0	0	0	0	0	0	0	0	0	0	0	0	-0.0043773528718659	0.00107316496412332	0.00151802361179137	5.64326086204421E-4	-0.0017861070486382	0.00158622739588595	0.00119271805608144	-9.84038270773494E-4	-0.00409498578427566	-0.00127308194081444	4.13177659074887E-4	-0.00339855966011349	-0.00158574420310036	-3.89219271184319E-4	6.04230436347912E-4	1.50827975081777E-4	-0.00204161492705247	-0.00151570414733147	0.00257566146624655	4.98872362766561E-4	0.00204235571355033	8.3505322440847E-4	0.003790758399925	4.07902102707659E-4	0.0024098641471195	1.98141833692133E-4	-2.5873022620476E-4	3.77531062931662E-4	-9.82831916879348E-4	0.00263460571458297	-1.73858567615888E-4	7.96296792466593E-4	0.00121984308098754	3.26217039917325E-4	-1.05155152623624E-4	0.00125762352370155	1.55014796472386E-4	0.00101572567628072	-7.48597414061851E-4	-6.86487219099359E-4	9.73285299348236E-5	7.10720932596392E-4	7.44915129908645E-4	0.00210629988073551	0.0020252840585704	0.00137066805750139	0.00368672161641103	0.00165769324225235	0.0012103884281634	0.00122693866617426	0.00340624749001207	0.00157452989263972	0.00139121205986758	0.00268686085127131	0.0026700673765421	0.00225789634400604	0.0026809186431855	0.00294727512874374	0.00182219586997794	0.00288407484976343	0.0039599232806647	0.00315830396110811	0.0020571204658873	0.00467510580422215	0.00453228606297151	0.00364509265378914	0.0045718371172389	0.00248607424806267	0.00471931490793379	0.00388008065436306	0.00434453532113645	0.00380627782358003	0.0046797308580974	0.00425911038655713	0.00558771937440708	0.00558067429633134	0.00614694534204007	0.00612846378456592	0.00584662884117641	0.00506296169701474	0.00643611761068373	0.00552254908890767	0.00640327671912853	0.00631079418797571	0.00622452147821527	0.00644865619387429	0.00657985178931252	0.00734099857411639	0.00773301038338539	0.00728601460331643	0.00813212329106621	0.00804039492931868	0.00824928060306681	0.0079202022300425	0.00860687473226666	0.00852804020457752	0.0087931279724683	0.00919813450491076	0.0091955117713003	0.00968267458142421	0.00931246686593336	0.00991368501639476	0.00979138327939241	0.0100348481842599	0.0107548254801472	0.0107667426497288	0.0115801479060816	0.0126402778387037	0.0117797773841181	0.012828590101529	0.0122539817599647	0.0127426463210012	0.0137698729958678	0.0133392837523594	0.0136953659145169	0.0137129125103766	0.0149876317997373	0.014513632395871	0.0154229361712389	0.0151078290951254	0.0148508840023817	0.016041536296419	0.0160057495143377	0.0170088600545133	0.0159862857872369	0.0177472262344419	0.0165964943354788	0.01749104540036	0.0162227058443688	0.018353952201533	0.0173016234944982	0.017642579589519	0.018305648399661	0.0183488168064013	0.0192369616578216	0.0178043317547704	0.0188883176363913	0.0194531596220605	0.0193888417599037	0.0192411017769667	0.0208520447579944	0.0204057454136662	0.0189878013048591	0.0199343825924508	0.0201464553129111	0.0208841119184666	0.0198714450632876	0.0206257283544514	0.0196554896802931	0.0209524944464307	0.0198204879669393	0.0202373072858569	0.022388709286282	0.023401169004659	0.0227653842050892	0.0233778240908256	0	0	0	0	0	0	0	0	0	0	0.0236009688403142	0.0245996553610336	0.0232007510358947	0.0260427120817575	0.02538107982662	0.0269827737192723	0.0269997650918349	0.0278335866671171	0.0279407846115387	0.0273128400367817	0.0284965625093623	0.0286934215631496	0.0295864982688409	0.0316833299840332	0.0343194483939596	0.0326804122480546	0.0343632127007988	0.034838317450371	0.0338751888685177	0.0364655198086163	0.035421200207386	0.0361044986517425	0.0366293292016709	0.0391077167443973	0.0415398815851866	0.0392452517819952	0.0413671342158869	0.04292379121563	0.0426807921684682	0.043759142829218	0.047455975197033	0.0443206724515446	0.0399392834847853	0.0437220541442091	0.0430105728901203	0.0423613233665975	0.0439023033147478	0.04308990296578	0.0385980827108766	0.0509874380122311	0.0522353647926286	0.0479842235586109	0.0430164133156921	0.0548518421085608	0.0406502156680083	0.0388625802217959	0.0234639635486781
670.378	0	0	0	0	0	0	0	0	0	0	0	0	0	0	0	0	0	0	0	0	5.59831585576554E-4	-4.43043140269717E-4	-3.22508539223235E-4	6.16894530433725E-4	5.87817439561336E-4	0.00219884085320664	-0.00180667706045936	0.00132713092999701	1.87518807780622E-4	-0.00286872292347222	0.00162395348128334	0.00175554756862032	-8.56098215809527E-4	0.00399949636914322	-0.00130817370906326	-0.0010416849605277	3.0960497269162E-4	0.00244215375273351	0.00201436964275299	3.65220155153123E-4	0.00319498115257566	0.00230718820726474	-4.998611541544E-4	0.00248182796951269	-7.25700302479689E-5	0.00208554357109389	6.61281465135819E-5	6.70734515436079E-4	4.64866335065833E-4	0.00194735067289627	1.2581184907211E-4	0.00192114562912358	-4.23719773738558E-4	0.0016437922920009	0.00114551477862439	-3.91738975073904E-4	-0.00126022309867517	0.00246986195653834	0.00216726921638412	0.0028075246622216	2.05297117557423E-7	-4.52732387725963E-4	0.00133494530546574	7.77978014981426E-4	8.59795359663386E-4	9.8584406979314E-4	0.00249242843925647	0.00249569622320455	0.00196290759416765	-8.75650822227143E-5	5.14498087309139E-4	0.00441473124018936	0.00202121827824816	0.00214317495004831	0.00158958688361561	0.00265009819079326	0.00343549579798418	0.00392344432061876	0.00370335950718852	0.00255971025083602	0.00473309219639076	0.00307619342236327	0.00341356760266	0.00343121611017197	0.00344273039287016	0.00364447225944756	0.00425595540146172	0.00460195383739228	0.00428891732201485	0.00321715537989967	0.00459523792994201	0.00375351622768912	0.00385900374743749	0.00539723115986802	0.00434957974720568	0.00396787285493782	0.00432056380894775	-0.00408795492564403	0.00555903308331589	0.00599380427887238	0.00642791203157667	0.00555459932460824	0.00615585225940631	0.00493223663041818	0.00608884888126388	0.00607045934595656	0.00632917397901384	0.00641576850574072	0.0066165947166396	0.00654596211968658	0.00694902517875338	0.00701180964823176	0.00709900396276731	0.00698866030579941	0.00781907629264832	0.00768106851094608	0.00724977214517669	0.00797679061580204	0.00797043581435071	0.00853633685001087	0.0084734799412258	0.00891555771312209	0.00943710810700956	0.00922126555725345	0.00890994004646615	0.00984142033456275	0.0094479677830932	0.0104182366700262	0.0104653890245978	0.0100104262106342	0.0108052799444238	0.0114237826088564	0.0115034146581019	0.0114122779012709	0.0118087029848175	0.0119399381503452	0.0130616416944605	0.0124849302765244	0.0123796886634174	0.0132517933898977	0.0128113495808377	0.0139158963978152	0.0150930116530704	0.0148086636295685	0.0156719218151545	0.0143571153456262	0.0150323086515269	0.0164298511923528	0.0162966454575054	0.0152992673522617	0.0153890027390211	0.0162773680743592	0.0160006129445428	0.0160034351833933	0.0171495078714954	0.0170950675392931	0.0171744196971418	0.0174879760371355	0.0179390747781468	0.0178225476072245	0.017188463161164	0.01880539884315	0.01798642921856	0.0183003224305113	0.0180603301782898	0.0184153035469795	0.0185012892938504	0.0194729398877799	0.0192732326293005	0.0199497259764326	0.0182325222453295	0.0194066108123973	0.0194297415205502	0.0181317344383722	0.0201832602409316	0.0198839793245828	0.0212754593918074	0.0228667063069359	0	0	0	0	0	0	0	0	0	0	0.0223365649492289	0.0236283016399712	0.0236833506648514	0.0236212471681533	0.0249813554137711	0.0244022356874653	0.0255631215574036	0.0261549260321988	0.0240984284577042	0.0266228458626118	0.0267650415046797	0.0256950116982722	0.028978173717253	0.0281085775669623	0.0296901779509761	0.0311376744352739	0.0326906790619192	0.0322038807967352	0.033413628778486	0.036555022315546	0.0346990789834034	0.0357304209215647	0.0370219969802358	0.0395059178271794	0.0367371975211925	0.034572188836429	0.0386890545970941	0.0428974017130583	0.0396864728488378	0.0421609466735185	0.0381717493559109	0.0401731478265852	0.0444022216614742	0.0396326624730164	0.0405998781861119	0.0429846367838428	0.0490496048297139	0.0417388030499039	0.0459577057980427	0.0514806446379154	0.0364948707085527	0.0532452020552683	0.0389792393746759	0.0549679983804734	0.0561790327821313	0.0632435998272583	0.0348485115817623	0.0504882917318914
675.113	0	0	0	0	0	0	0	0	0	0	0	0	0	0	0	0	0	0	0.00442525196082063	0.00944854911737907	0.00294827840380778	0.00155266187533238	-3.23632421716341E-4	0.00165819122805415	-2.0088089369508E-4	-4.86630757833735E-4	0.00172420791174479	7.63933317186054E-4	0.00151940430353647	0.00345244817914744	0.00227638961486864	8.85931221118952E-4	0.00396468286406695	4.16682603084898E-4	0.00362006267769489	-0.00185681896476719	-0.00126535627228274	0.00377754028800671	0.00376474304521478	-7.59922837480251E-5	0.00476843837828652	0.00181733036559211	-3.61918120301885E-4	0.00236438297570797	-3.53956270705443E-4	-5.6310352426392E-4	0.00159092040813794	6.12197049630427E-4	0.00220681281840182	7.85350309740528E-4	0.00205050837677103	0.00225206209614369	0.00353367662648777	-6.06587546787458E-5	0.00265948485324249	0.00259716293950292	0.00370051840873767	0.0034146038983135	0.00197173124347137	0.0031996711575839	0.0027374612500276	0.00198115029250608	0.00109821120554445	0.00358099073312631	0.00298788062233833	7.11704177668278E-4	0.00298102202276431	0.00119210582018612	0.00418579193776474	0.00384191499621272	0.00276991456911722	0.00348006243666944	0.00249737922988851	0.00399862813714281	0.00224563225924644	0.00428489296527902	0.00239058580177646	0.00264168535318553	0.00384704617536904	0.0034502873387918	0.00292283990717512	0.00373118506497618	0.00548940949858498	0.00492669159719631	0.00379989676775014	0.00342322837999653	0.0050667699019598	0.00470321395212354	0.00365051213559223	0.00384955738543611	0.00457954743894883	0.00529750017697315	0.00443207389366112	0.00494769185527847	0.00459754833708205	0.00387724492908805	0.00507813975753886	0.00440666615623017	0.00516046099322623	0.00477474324784589	0.0055153483225239	0.00592965384460609	0.00590699192513279	0.00595622756684989	0.00562000181689768	0.00634999423586228	0.00649680021190185	0.00592343822931489	0.00638819943165841	0.00589763622209621	0.00629315175167998	0.00614497287889452	0.00724810905629208	0.00676189010095167	0.00687028023309437	0.00705202763496931	0.00710393519298456	0.00701311866275214	0.00734909818218659	0.0071615188498944	0.00763587296923872	0.00785212607293614	0.00851316857175386	0.00841637843637667	0.00902410672801402	0.00877664143753816	0.00808245153522602	0.00902654849440488	0.00976171758761163	0.0107472113762882	0.010883572354698	0.0109438672149377	0.0107540721428132	0.0108913181632797	0.012184526868154	0.010949458580892	0.0118371391763616	0.0124649525609646	0.012062939384165	0.0130914813912851	0.0134076532144184	0.0140835052406725	0.0137123993675185	0.013744405837622	0.0142964870008708	0.0141912657201186	0.0149373215105992	0.0140363834244439	0.0145427029084423	0.0151837904847556	0.0144702281362562	0.0159621387858904	0.0148789287323652	0.0148842899561663	0.0157824967584291	0.0165363945080239	0.016177427778352	0.0163224550868112	0.0168829847340368	0.0163155646736714	0.0159355207089272	0.0168554292915232	0.0164756941459239	0.0163629678334137	0.017337174161848	0.017523983495285	0.0174192339413366	0.0169221910056047	0.017268560290395	0.0173532915306431	0.0179531416811898	0.0182101395457831	0.0170914839317018	0.0187629262606775	0.0196271293362391	0.019850030491266	0.020916649224345	0	0	0	0	0	0	0	0	0	0	0.0205886941159755	0.0206942164367402	0.0223916089693618	0.0208161760610614	0.0236512860776578	0.0236308997194594	0.0238919531472993	0.0246435548404264	0.0243306431084963	0.024922603444926	0.0228125116955696	0.0250060959830218	0.0249469766327602	0.0269068867259472	0.0254549220651297	0.0263603123758628	0.0287413962370094	0.0276378942181794	0.032456832866396	0.030966714725812	0.0319431262249105	0.0301681706950237	0.032466745174036	0.0329459759763709	0.0341805013837118	0.035019669383214	0.036407286456094	0.035124924097263	0.0369583759668953	0.0381090260195296	0.0349901169153393	0.0421008814566822	0.039229207401085	0.0422762226828399	0.0392198676679003	0.0441398716874883	0.0447326070836093	0.0409966174140628	0.0472569623611223	0.0405806665883786	0.0432184524428411	0.042263726410252	0.0528966292218074	0.041230432308455	0.0576598769265731	0.052430320747436	0.0617998005695139	0.0301442346653946	0.0811995814189219
679.85	0	0	0	0	0	0	0	0	0	0	0	0	0	0	0	0	-4.75249674806424E-4	-0.00356025652670363	7.09140679846867E-4	-0.00185668443347103	0.0013795157642569	-0.0019057054098712	0.00141936629248469	-0.00345563144994866	-0.00311140435859851	2.9478102247067E-6	-0.00329162775581181	-0.00513243482316954	-0.00115292684875487	-7.52623121465253E-4	0.00129356641552662	-0.00107385621486596	-0.00278709493669467	-0.00663393712439555	-2.4554837933496E-4	-2.43519779722325E-4	-0.0024691858957736	-0.0037393982898283	-0.0019005609959307	-0.00112290591783597	-7.29052625189643E-5	-4.37912300805921E-4	1.480257059681E-4	-7.2036657877557E-4	-0.00358427820058109	2.15077932499649E-4	-0.00153866871350736	-0.00137641997140649	-0.00222902604839389	6.8520842911017E-5	7.15355266603049E-4	6.48793079204456E-5	-0.00203283778576337	6.62466779970264E-4	-1.15866579207813E-4	5.18347934455392E-4	8.95636893198264E-4	2.75574467374172E-4	2.72685018868039E-4	-0.00153566571421633	-5.21204227488286E-4	6.68954531888511E-4	5.58311051464705E-4	-0.00217955148174803	-2.92616707886134E-4	0.00292453831099602	-5.62125152446289E-4	0.0019944468758068	0.00214128308210755	0.00241274370855904	0.00166597050293626	0.00172145459593273	7.60605951460798E-4	5.41684203938609E-4	0.00357120353933377	0.00222963750690501	0.00136715148043117	5.54984024371709E-6	8.63412346264657E-4	0.00172814380346426	0.00281274347956258	0.00148472135643055	0.00145226889244546	0.00245893269072586	0.00174275739074092	0.00304774523879664	0.00184765442721129	0.00247159539874607	0.00226442919734749	0.00290675321529455	0.00256147246610249	0.00305458620193205	0.00203967638957088	0.00343474068803316	0.0033967321384455	0.00318010111354263	0.00333343530761936	0.00389415903381293	0.00368864527256474	0.00499262028160838	0.00420790161542044	0.00415861266111249	0.0035242503894574	0.00334396983102258	0.00449212831889214	0.00515793756132516	0.00455395739099377	0.00461461730150844	0.00478849176485957	0.00560649839915664	0.00531307021140229	0.00509063119467525	0.0051534606839092	0.00593090276714076	0.00590433217454338	0.00579270915846165	0.00623548983040984	0.00669107039237163	0.0056700060489232	0.00622338296323621	0.00690414954951799	0.00650236729439074	0.00707316473946073	0.00701791376529706	0.00705216791124709	0.00744102346300952	0.00752760627117117	0.00827310822143788	0.00799935010932483	0.00890988677986255	0.00883445737366793	0.00896822132293595	0.0095288407152051	0.0095113348951276	0.00991660347948074	0.00956065477387308	0.0107074759411425	0.0104544781230214	0.0107966884450357	0.0111519619426018	0.0112070138565812	0.0108732599444817	0.0124810200713274	0.0112147319415909	0.0114553643774061	0.0120630780114971	0.0132219192562059	0.0124571978349248	0.0122612773963228	0.0136965218602991	0.0127422456304207	0.0124154677835124	0.0127915232453926	0.0125820955235519	0.0130122885138328	0.014036439300975	0.0141354486112726	0.0137423905000125	0.0147724171944012	0.0142548199751081	0.0145071717753388	0.0140304054484576	0.014000116056646	0.015684174669073	0.0146187993719358	0.0154995350124664	0.0146315349987543	0.0147475660814696	0.0153775726509979	0.016291469647827	0.0153327761560764	0.0155580967922396	0.0164229284608088	0.0167396753674465	0.0170500652105371	0.0171188032428172	0	0	0	0	0	0	0	0	0	0	0.0177071300133143	0.0179294971210017	0.0184204386405192	0.018341244885748	0.0198407195706081	0.0197442976641963	0.0191631579429806	0.0210524235715723	0.020200562984984	0.0216842757556414	0.0189137069753671	0.0203791799467148	0.0226833904648412	0.021349045055396	0.0235136373227273	0.0234725886001344	0.0234598973141412	0.0250200331030007	0.0263196792126185	0.0281340788793768	0.025001546189703	0.0266000449866441	0.0286772361070997	0.0270473245743316	0.0279615840728446	0.030299751056542	0.0311403393919106	0.0303398479196794	0.0309230005218892	0.0283681275338288	0.0306899081985836	0.0324774753600398	0.0298586962677856	0.0326665461784448	0.0310696655383354	0.0308384388853485	0.0283659932191615	0.0366049621050726	0.0353191401475634	0.0355044577621107	0.0328317729785339	0.0362056209124764	0.041248149659052	0.0357580745330852	0.0295265842976041	0.0372726788425577	0.0224168052688742	0.0222287735463708	-0.00762618836970804	0.00483584947551402
684.588	0	0	0	0	0	0	0	0	0	0	0	0	0	-0.00409580061388013	0.00364814518461524	1.23511349120664E-4	0.00389887488649592	0.00349393648298975	0.00131227451706941	-2.33386668857835E-4	0.00267396685669069	9.13643528790518E-4	0.00420302465993246	0.00403536591989644	-0.00386743306563009	0.00267624795503781	-0.00520433005858507	0.0014736212111158	9.89278555769703E-5	3.84223871278999E-4	-4.65779150410899E-4	0.00127237048526302	-8.80143244495936E-5	-0.00111583769005416	-0.00152172136521641	-6.59129608650066E-4	4.07455566386104E-4	0.00300104088442029	1.17571681441098E-6	0.00266212400251647	0.002784861032802	-3.68609664247675E-4	2.74760529076471E-6	0.00110379452180728	3.65030491961808E-4	2.89310901030404E-4	2.13753481878935E-4	-0.00174273462868658	2.77924060722927E-4	0.00141309591742889	-3.24982612513181E-4	0.00243861961243629	-0.00162358159935419	-2.42881264540016E-4	1.57860026931214E-6	9.85534463296173E-4	-6.2139134324872E-4	8.3611788388553E-4	3.84182433111686E-4	0.00107802218201925	0.00227786846800892	0.00255169440661084	0.00378719429364821	0.00135984439689135	0.00291681719474355	0.00267245907266494	0.00258088360750242	0.00155129054634028	0.00226542908378471	0.00348648052546689	0.00106738715339457	9.1972301644345E-4	0.0024338151006861	-5.38988317444536E-4	0.00168938560552997	0.00161509316575314	0.00221104645011608	0.00270597895804811	0.00337271347204841	0.00215994775515407	0.00175412895416986	0.00332326025694512	0.00307603417157591	0.00317568904268788	0.0027625038810078	0.00403136963714884	0.0025051371688181	0.00479183597396131	0.00332038779081312	0.00300358736655086	0.00334284355983621	0.00323573667803097	0.00286404757359434	0.00283414820720011	0.00375983698326555	0.00228781401656811	0.00284461218281911	0.00367246577784017	0.0035425886652876	0.00444211828080485	0.00393976210003211	0.00399317664345233	0.00469823315596771	0.00433438555187687	0.00505031543602941	0.00394510727936263	0.00521487846424477	0.00460627561640823	0.00493537347244392	0.00542939945735566	0.00499136121559462	0.00529789735220344	0.00577002973936307	0.0061661124113788	0.00580975809685539	0.00579576005202425	0.00599883010674415	0.00641617610432389	0.00607737852539998	0.00660108887949045	0.00670573314901808	0.00666030483382737	0.00727464452310825	0.00709627038225986	0.00742056478798032	0.00675745690593569	0.00784723926416658	0.00745331713464312	0.00821522810372988	0.00838987666920763	0.00928901000977317	0.0086759307374219	0.00880146929668215	0.00899857531178661	0.00973587747500416	0.00887420580659453	0.0094540993217922	0.00906268221473532	0.0100796253803521	0.0103366877119355	0.0110016916468016	0.0104806430260313	0.0117843568446512	0.0105397458064087	0.0107851976809527	0.0119448953974499	0.0100806771166794	0.0121419325769464	0.0115596042851052	0.0126964303623546	0.0119210122616557	0.0129445786772363	0.0124684199968274	0.0134660986791208	0.0133657129637042	0.0128297170905856	0.0125740691750696	0.0135175768496813	0.0141220848157625	0.0128812569999506	0.0131536868241151	0.0132751849230145	0.0128394937041978	0.0140233341746296	0.0147755331229943	0.0137981531466412	0.0142674879085193	0.0136475549775814	0.0153645953184659	0.0148183468925053	0.0144269541836984	0.0151730874767012	0.015394817310302	0.0166279656786024	0	0	0	0	0	0	0	0	0	0	0.0157827290413103	0.0159559016153239	0.0170858884451419	0.0175139274534384	0.0172432347309099	0.0189872297778778	0.018691791919229	0.0192338255036125	0.0195349886613096	0.0184743871265814	0.0198529598762812	0.0183825822262321	0.020623918443789	0.0211610134106846	0.0201190783801143	0.0210636600030923	0.0227193547805232	0.0241482048025347	0.0222858118842989	0.0256631638134031	0.0246557725366587	0.0268588493545162	0.0243533620192666	0.0272431865995043	0.0252988676173445	0.0274657968498929	0.0295825379530288	0.0308875283157054	0.030920290805732	0.0269566404207354	0.0288292644137092	0.0267131202847367	0.0315812916928314	0.0340101182987334	0.0293654162507577	0.0331071017073016	0.0329422334761273	0.031820854715944	0.032871313553021	0.0334836504441963	0.037504897647827	0.0294887328549701	0.0239660166326039	0.0328888662516217	0.0316676478884697	0.0291062796124214	0.026338485184468	0.0471271356214281	0.051552600407099	0.0444980658837972	0.0527778280771879	0.025297811017466
689.328	0	0	0	0	0	0	0	0	0	0	0	-0.00122305516923479	7.98141818213317E-4	6.53829463122133E-4	0.00115192766363509	0.00350629363516049	0.00197169174515549	0.00170837149496821	0.00326530941674141	0.00287243251987201	3.53976884002961E-4	0.00300153797461706	6.74266660847611E-4	-7.52495098605769E-4	-9.28363360134573E-4	0.00321018747634183	0.00199145827578939	0.00269017280423904	-9.8493330620159E-4	0.0010690808437161	-4.70765331316294E-4	-5.5013557533515E-4	-8.70460735195883E-5	0.00218357042872661	0.00171365869445981	9.22578970843622E-4	0.00139597006376608	-8.78614008724752E-4	-9.38132773321236E-4	0.0022339991498494	0.00114351564579178	5.31395083685905E-4	-0.00165025676207389	-4.43528411647609E-4	0.00147463844206755	8.02004922581332E-4	-8.62405366272017E-4	0.00346451786143568	9.76613421953872E-4	-0.00108851956192857	4.68935557960232E-4	2.62282890250989E-4	0.00177343820701819	0.00191079896150952	7.83535486728309E-4	-5.61722743692392E-5	6.92821456037848E-4	0.00242459116641693	1.66257880140597E-6	-7.5951629788245E-4	0.00380908741419151	0.00263802732288904	0.00191976523395086	-0.00142331645271729	0.00195463205967153	7.38468801480129E-4	0.00111438005316231	6.20589970039406E-4	0.00159131665676239	0.0016070050647506	0.00171143030310796	9.49196231806158E-5	0.00393509140945735	0.00301093943688471	0.00133480777421912	0.00244885930721201	-2.35962187009958E-4	0.00281813985660201	0.0024188628035401	0.00218743519732579	0.00151815530167882	0.00210134120130355	0.00311729635066626	0.00134986239078509	0.00195736887073755	0.00187868791974583	0.00308186144734313	0.00381991800536172	0.0025681556114408	0.00259644507879807	0.00242425157600465	0.00213871087246607	0.00373807718243118	0.00352598126691513	0.00311131990743906	0.00218598808342666	0.00344782395226784	0.00369580250818895	0.00268095158300497	0.00363512186916189	0.00375673951544955	0.00418042380292947	0.00376619383815353	0.0043495156723899	0.00422281916898545	0.00415113705748224	0.00452369499405267	0.00450593626116816	0.00388365766555504	0.00457341634667427	0.00508857318687397	0.00561623740016225	0.00472115117606735	0.00515801374020183	0.00456766018306569	0.00491878235281869	0.00573184027697024	0.00493617586073991	0.00608734875503189	0.00612667691120823	0.00639143262257366	0.00576074707849991	0.00665150278387404	0.00669489758899778	0.00687701871188698	0.00559197187482776	0.00649980700104687	0.00834425811412857	0.00755875734548475	0.0078726320649593	0.00813652996247631	0.008183200797885	0.00846336474458999	0.00769596564117076	0.00821028220921189	0.00855749401018012	0.00863433819312247	0.00880300958953676	0.00940002265686315	0.0090364564063926	0.00956988677836425	0.0100294803283107	0.00931185397475479	0.010247213905977	0.0103457811235468	0.00951607952548614	0.0105034428979239	0.00983186109154273	0.0106869181704034	0.011544344395378	0.0120069194053492	0.0116701160197493	0.0121100173836096	0.0114453750805644	0.0119814496339749	0.0120997623638322	0.0120734946574511	0.012952834220902	0.0121390563720296	0.0123318970326961	0.0121972097944434	0.0128883071990199	0.0124282423204974	0.0114042130610986	0.0123648581300758	0.01224779105058	0.0124455269283658	0.0125316403329056	0.0136468868858375	0.0131166203412852	0.0143750114136872	0.0141469037770849	0.0143913560729958	0	0	0	0	0	0	0	0	0	0	0.0151322214405634	0.0160366349778321	0.0151254257750003	0.0167621947497194	0.0172574202040112	0.017312244065195	0.0163813604585224	0.0168947799691302	0.0188659861842192	0.0177495562363695	0.018424542682173	0.016823144385757	0.0177375121245614	0.0192949672302172	0.0205064234580478	0.0188632311434505	0.0195693642005246	0.0204878058836527	0.0201336466737631	0.0209175786559633	0.0236093620691911	0.0239567058917843	0.022096618597066	0.0243553783303113	0.0267375182544987	0.0254273652849552	0.0249634228718736	0.0281942895270411	0.0255117198824234	0.026097523422846	0.0291615577779867	0.0248502659664868	0.0275232262376816	0.0262745235763356	0.0281460321998224	0.0285720186248329	0.0308198442262333	0.0313731450946598	0.0298296253506988	0.0271015833885939	0.0319543476205746	0.0264920340003724	0.0311202296189896	0.0286953934310837	0.0335483494911625	0.0428574890981715	0.0271762116030348	0.0312994502566361	0.0318309743227762	0.041608066213079	0.0260126461512792	0.0658648417308775	0.013232173264902
694.069	0	0	0	0	0	0	0	0	0.00533468238813332	0.00137913166451337	0.00292512783579173	0.00606649489038709	0.00160984461673789	0.0059103356865529	0.00244499997559083	0.0036627454821427	-0.00124989600953696	0.004934069053823	0.00146728548761676	-7.27357046558247E-4	0.00464736015262584	0.00244777723948824	0.00351383821456543	0.00141573892081292	2.07991494823397E-4	-0.00172772348380239	-4.05354309794624E-4	0.00503434286671413	4.98870949965117E-4	-1.00833076300861E-4	8.60329981764299E-4	0.00419374651854646	7.23241100164186E-4	0.00397721979216421	-0.00104116903606112	0.00288491736381592	0.00107803238937853	0.00242730195057008	0.00126608114682977	-7.02053497852074E-4	0.00192693731889655	0.00497163111836539	6.08090988358657E-4	0.00293253950527813	8.20286171601322E-4	2.92415125900394E-4	8.69891812726208E-4	8.55831047722108E-4	0.00126500020258579	4.10350576001046E-4	0.00107954624701878	5.23922058308861E-4	1.92903460493229E-4	0.00405281402122041	0.00182343179179063	0.00308370221308886	5.8078614911581E-4	0.00148133202117517	0.00246469070435357	9.91803419159166E-4	-5.98004608594768E-4	7.47323870158974E-4	0.00314805609358585	0.00164933336234275	0.0031421172629776	0.001494804991784	4.42497029760129E-4	0.0036133137009273	0.00156329022132885	0.00185768740059037	0.00264059123879261	0.00138614795232364	0.00183833463008739	3.01337634523443E-4	0.00273453348274433	0.00354883635593819	0.00202081974832861	0.00202138386873032	0.00229178293010924	7.25284689247406E-4	0.00306868779833993	0.00271036043900706	0.0025449109535829	0.0034280911626752	0.00266223070177323	0.00283106202868799	0.00217648666718974	0.00215526192995631	0.00371331802048063	0.00271725443072888	0.00233390163083603	0.00115481881561079	0.00316174719018286	0.0041754927362542	0.00230755731825418	0.00330195791945616	0.00359248054439231	0.00437442071887407	0.00315986842769432	0.0038000919040676	0.00301850197519824	0.003798686229684	0.00357569677519106	0.00355490013695433	0.00397760580494276	0.00426026588203077	0.0042317119832374	0.00361980276116054	0.00379603653908412	0.0038195770205121	0.00432993177260204	0.00505292092792279	0.00454148615761924	0.00426455117370976	0.00506445693847529	0.00446316114655079	0.00554669134389187	0.00510460230087854	0.00478540790022753	0.00509065211977154	0.00549502597143156	0.00582932823615529	0.00603406000404205	0.00569167469944391	0.00622444520893656	0.0059573964274895	0.00678254375772256	0.00660040942366436	0.00725312806321746	0.00707103959267655	0.00726831733106812	0.00832510364508293	0.0082105901261983	0.00737770872863211	0.00699889707961913	0.00862116673412006	0.00788307846565111	0.00834505051468567	0.00778831781185314	0.0090826553244099	0.00802782980694399	0.00991648981135924	0.00971073111767001	0.00844862519419136	0.0106347519287104	0.00915154036290735	0.0100419668699251	0.00906042012581967	0.0115067597431342	0.0105186280884708	0.0104236109221934	0.0107902334194482	0.0105783964525822	0.011217068053577	0.0101593417881851	0.0112705199905506	0.0117473528409451	0.0117177875574418	0.0111333783564386	0.0116248546132635	0.0107572403423478	0.0111515484830529	0.0121804273441335	0.0112921898899225	0.0129092374108592	0.0116740680444411	0.0122880899705613	0.0126227215483214	0.012421285802749	0.0126842510519474	0.0135313418096289	0.0142790986823758	0	0	0	0	0	0	0	0	0	0	0.0135154675288078	0.0146445306509442	0.0133048267144762	0.0138395733040363	0.0150252800220519	0.0153424885812348	0.0157949564056798	0.0150539269201737	0.0162910473798499	0.0168742556208385	0.017151063336373	0.0175229959492753	0.0185124959755767	0.0153802306046225	0.0180047759096273	0.01786055485907	0.0178889893247111	0.019840299612556	0.0186747351879543	0.0199001377747081	0.0208279589142075	0.0207992516579308	0.0200295690997213	0.0232365429173928	0.0213469679730199	0.0223996680029617	0.0249144847978763	0.022641337247997	0.0222165404331832	0.0237246647595579	0.0249105760907668	0.0242386557569441	0.0241960058659003	0.0247626280950825	0.0274927159410782	0.0241732563313261	0.0251556020771446	0.0274559517219468	0.0285581942234949	0.0224138343369877	0.0247355549902783	0.033765487831291	0.0295242732138247	0.0296956964111659	0.0351391667513871	0.0321153753562798	0.0197472907850302	0.0251667109070877	0.0363345085153337	0.0326047828112632	0.0483882341113544	0.0295249257479664	0.0165003403389225	0.0510427326205697
698.812	0	0	0	0	0	0	-0.00386187904863202	-0.00836706288624913	6.90928460589645E-4	-4.18833946314294E-4	0.00493477384623965	-0.00348181372545703	-0.00217050090633805	-0.00119048908546339	-0.00103824217784175	0.00408946191785505	-0.00327343079397118	-0.00261942561390375	0.00395542131592298	9.76259669204168E-4	-2.53821987625415E-6	0.00270799275260535	-0.00389150161180179	0.00121037114057725	0.00200353963033457	6.16159425828902E-4	-0.00162508541481343	-0.00376118875180479	-2.6086250056059E-7	-0.00138751399877138	-0.00106630304749307	0.00122361821586863	0.00146368343217685	0.00115786495841232	0.00305988968695803	-0.00188265156139418	-2.50494334193998E-4	-0.00343538779429426	-8.801861281317E-4	0.00141687520083003	-7.78742657010186E-4	-0.00509970332481406	0.00137894000396592	-0.00106288055284824	-0.00165860134262376	-2.88241199535483E-7	-5.14253059337147E-4	7.22994297722421E-4	0.00127793454943842	4.89009950023929E-4	-6.12994344099186E-4	-8.61628331592919E-4	0.00103602612889095	0.00289651845234813	0.00269933422573529	2.39535131693308E-4	0.0022293384909262	0.00132372807054013	2.84054911240938E-4	-5.55402203329474E-4	8.22938668772973E-4	7.55442847526367E-4	6.88249693378574E-4	7.30489121426461E-4	1.54954890339546E-4	0.00145972544397036	0.00178281562906916	1.48654323093097E-4	-1.38435985427933E-4	0.00267266864099196	8.75312447072225E-4	0.00234544566080613	7.06440582524839E-4	4.49432435679293E-5	0.00254998735510713	0.00187536973984072	6.13507113104688E-4	0.00219862507883503	0.00137352431669689	0.00269475341620362	1.02598844535961E-6	0.00269970142687096	0.00206336769237209	0.00293267597234878	0.00217084449398752	6.40256865292521E-4	0.00275547467819285	0.00188916747267509	0.00125067120540969	0.002439163897543	0.00217682329121031	0.00262209901311104	0.00324880098392033	0.00179003982759285	0.00293307892477778	0.00274347443652507	0.00176227661100342	0.0026719499609468	0.0030146669609032	0.00297646221551008	0.00242440942789854	0.00330705631770258	0.00300515546446729	0.00334438838355414	0.00334047270394845	0.00370713649101342	0.0038449987278876	0.00286854056196176	0.00386601677300145	0.00351323528239869	0.00399724278779604	0.00390562060664097	0.00398812407779253	0.00400998427496861	0.00437863969921431	0.00456037951430999	0.00463640294315434	0.00403302204039568	0.00454676646103844	0.00494728354281548	0.00490683769441335	0.00514394319652824	0.00500590933594573	0.00505495204571148	0.00626580634809223	0.00556171282623646	0.00647811558552573	0.00591832069013242	0.00562529112712782	0.0055475661114226	0.00547051166971411	0.00682210938054033	0.00696052771496801	0.00620375814643761	0.00706535819312186	0.00689471816095959	0.00693333111377654	0.00716360631158025	0.00827706415854018	0.00780756348080306	0.00741064227106299	0.00799765572325549	0.00879667149768897	0.00947596277798584	0.00891240678158166	0.00923797224498138	0.00806231320686706	0.00909625886780511	0.00994614651953766	0.00868212926399018	0.00892122926133945	0.00857498227450688	0.00981972902850202	0.0101659207391045	0.00963278260644139	0.0098632003807964	0.0106348958539096	0.00961948347578608	0.00957234186704706	0.0103097128035436	0.0101115797196779	0.0103651193423613	0.0102231817695804	0.0100298794110658	0.0107277336778788	0.010619704102156	0.0111813378168286	0.0109226778070917	0.0108050802657875	0.0121655328600766	0.0125697885154228	0	0	0	0	0	0	0	0	0	0	0.0119574369304192	0.0130265019254996	0.0135910947148063	0.0139111911494458	0.0139709634016303	0.0124452884707935	0.0133693512096843	0.0144686237196822	0.012939705285642	0.0141323758209001	0.0159962766189554	0.014051431535492	0.0144275227131381	0.0143462154202434	0.0153365878656545	0.0158039043261592	0.0162239623599791	0.0156960247924664	0.0166220684476447	0.0166981896578397	0.0175596367832543	0.0190585680811743	0.0198382438089157	0.0186737450061816	0.0198552194167072	0.0190018694668912	0.0212388536338283	0.0208384958686823	0.0213668510449635	0.0235984509035258	0.0217748816475336	0.0194078013318778	0.0215250583972046	0.0240543394931225	0.022498151748601	0.0231418702534285	0.0234439148679344	0.0238196391147181	0.0248370669855148	0.0239925615157532	0.0242668793597136	0.0236800916937781	0.0303479031505373	0.0114424603161342	0.025983995688669	0.0215301960396478	0.0196902842708146	0.0267532577553824	0.0310183179355484	0.0279375158854285	0.016649337333331	0.024424456466556	0.0417348472324821	0.0159901693783847	0.0101411043235929
703.556	0	0	0	0	-0.00520784869634731	-0.00575392332098075	-0.00521840081048965	-0.00550880400466435	-0.00265855684042886	-0.0100463521925037	0.00100034988867986	-0.00408566911265453	-0.0015119992028415	-0.0073922072087576	-0.00105287363064383	-0.0011691982312008	0.00153298306471226	-0.00505197716445287	-0.00863798794929454	-0.00830156771169683	-0.00633948520535202	-0.00179135053997859	-0.00521822979105964	-0.00590116598356817	-0.00491284390124813	-0.00664371558767974	-0.00494620125712112	-0.00350316116167075	-0.00153006610928899	-0.00763097014292602	-0.00274060738435746	-0.00305257802118287	-0.00213170648469601	-0.00180821213648223	-0.00477926384405687	-0.00407639512174345	-0.0049208105341192	-0.00165539176334392	-0.00137568999655799	-0.00334792526235621	-0.00386166141972947	-0.00352174216782071	-6.17900026744425E-4	-0.00115696053012181	-0.00297604904528421	-7.53315522730805E-4	-0.00476191799552888	-0.00204975979081321	-5.02882446134507E-4	-2.09249098425602E-4	-1.37440479359745E-4	-0.00100579938029357	-0.00170269373610978	-0.0024875220020503	-0.00341822792264411	-0.0038218772838785	-0.00100895783412928	-0.00192219734648688	-4.01299574327008E-4	-0.00174765945793376	-0.00288575109477983	-0.00163799699901393	-0.00316096765996337	-2.082830460468E-4	-0.00186265475776539	-0.00279906680743701	-4.45876365587858E-4	-4.88692370536821E-4	-0.00188261112839445	-0.0017071779249104	3.28447281170415E-4	-0.00168460239366325	-0.00125216540737872	1.32797816872383E-4	-0.00167315777721828	-0.00253079869808791	-5.77092169150394E-4	-4.44510536338073E-4	-2.37669067517832E-4	-4.26240047549761E-4	5.7712450454284E-4	-0.00115867272924911	0.00146798819703288	-6.77535324723695E-4	6.29795187855039E-4	6.16357248242558E-4	-4.63068087751693E-4	3.5882323242171E-4	2.87488738344111E-4	8.66362167468958E-4	-8.11848175120748E-4	0.00200899931459821	0.00144631038025378	9.92930610524687E-4	0.00133452054827097	0.00193558404937117	0.00218499350309497	0.00143308037461666	0.00124941195667666	0.00286765887953863	0.00182628659191221	0.00179311262229933	0.00223503057252361	0.00237740379288491	0.00302319311210046	0.00221085189861616	0.00210712856697506	0.00212965507637441	0.00274474007944008	0.00273270722128355	0.00248832738990004	0.00319945690175384	0.00307340508924894	0.00335752319196059	0.00412092062417908	0.00280588810098339	0.00372266178955272	0.00402017842356113	0.0035388033214626	0.00356851328960482	0.00425333333755453	0.00354831020338478	0.00397279275571939	0.00391088768665839	0.00414483591060676	0.00359424256588405	0.00392101722795547	0.00391203103657036	0.0047963786286074	0.00577907488774222	0.00508258267953671	0.00528889364953452	0.00504588046811867	0.00523685528156258	0.00606731804654218	0.00535912802330113	0.00541913738888725	0.00559094648337597	0.00597255639089484	0.00664136705370303	0.00703600450588231	0.00584760860704824	0.00667144542949136	0.0062351074496793	0.00713638235140338	0.00641486366366656	0.00656690571244948	0.00694067607219448	0.00859132365642045	0.00715939668471719	0.00724877170026895	0.00710131218840488	0.00837834944708724	0.00751266704099359	0.00716533295888981	0.00771992445923852	0.00811438550439866	0.007352739292203	0.00741090525365205	0.00878477664531687	0.00751874948985105	0.00811711622482171	0.00918155625638856	0.00824404684315872	0.00868661377215942	0.00780954377307311	0.0096721332495976	0.00983370226057348	0.0103230381721189	0.0109093047865411	0	0	0	0	0	0	0	0	0	0	0.0101687426445238	0.00962298270436173	0.010841156321336	0.0113094008792899	0.00991240691345384	0.0115296799664323	0.0121749430584586	0.010766748212257	0.0119720258914574	0.0114689780758735	0.0117787258271081	0.0118924293276049	0.0124842958169752	0.0118017904214718	0.0124631735078664	0.013640924266066	0.0142298378380998	0.013614458492523	0.0152585020468322	0.0156146008390023	0.0148134733377333	0.0155346935966875	0.0158370709375519	0.0160049057066534	0.0139336174132665	0.0163397538856461	0.017474241052669	0.0170022921960093	0.0173820348030339	0.018074426726629	0.0162636844157895	0.0196118009217219	0.0179977310583766	0.0172692265604275	0.0182115120268859	0.0167077378824028	0.016861150032231	0.0170480411564084	0.0244228671636182	0.0170183103392823	0.0167923875301355	0.0180625806245262	0.0183615542397925	0.0183709134289614	0.0158418951525861	0.0248626317118592	0.0176654275541022	0.0169078288465672	0.0167521074963313	0.0050928684027525	0.00819876462546972	0.0259010420136627	0.013294945444346	-0.0120309112972549	-0.0054058357539736	-0.0128379965672829
708.302	0	-0.0171347548847055	-0.0066908193411201	9.16587641043398E-4	-0.00265859251944185	-0.00494199985881156	-0.00133052909573567	-0.00186738928222911	-0.00213826663662994	-0.00490621530731664	-8.70192556598404E-4	-1.42237579234623E-4	-0.00294183931845013	0.00177990451927735	-0.0022843851666919	-0.00488273011532913	-2.58251082979169E-4	-0.00579570103139809	-0.00383379986264526	-5.03657877759677E-4	7.47770889849435E-4	-0.00328944570949396	0.00154013342917649	-0.00352114082588962	8.71911544642719E-4	-1.01141523199211E-4	-9.43809495814073E-4	-0.00441393044357882	0.00271411152123069	-0.00358067344437593	-0.00279774593969111	-1.88132164389134E-4	-0.0030244925495147	-0.00443320247060768	0.00126756431292008	8.86585174012911E-4	-0.00319958134018949	-0.00118313128130075	3.33024989125476E-4	-0.00211550277700074	-7.23658353477022E-4	-0.00263310626836967	-0.00126717062238002	3.1570019181954E-4	-0.0034257256456977	3.85773011866945E-4	-6.0625494218611E-4	-8.94482542552689E-4	0.00235018491355979	-0.00201489946883999	2.12277048242383E-4	1.3821100241719E-4	8.69867291479407E-4	3.9107740174193E-4	-9.50309564274055E-4	-5.96950844635231E-5	1.22290291395812E-4	4.18079614040295E-4	-2.32041021388704E-4	-8.05542140425639E-4	-0.00118843202789054	0.00200843894992641	6.62366375171142E-4	0.00172610708536199	-6.30830174057113E-4	3.6674633506672E-4	0.00107921639617753	0.00196430031832971	-0.00103336617736352	-0.00106438905493571	-8.53595551872506E-4	6.99400855549596E-4	-2.27269381231628E-4	0.00138844180615668	3.11106420731241E-6	0.00112178188681774	4.37491519617362E-5	-6.17611660941275E-4	0.00154307900813824	-1.15583492286081E-4	0.00129067853264541	0.0010731158015162	4.15658841065562E-5	0.00113427005446734	0.00178235290335582	3.74887389197321E-5	5.44646244644206E-4	4.99729544381621E-4	0.00200300576372359	0.00154538226426925	0.00212758140516759	0.00126670755012969	0.0014444665351212	0.00219534035386273	0.0031740539016265	0.00191857544708494	0.00190341676447717	0.00117065227647576	0.00387006230095757	0.00251854693417147	0.00270525579614232	0.00261277694164069	0.00328559002923441	0.00282519305193864	0.00242730188151678	0.00207238507900136	0.00245089442093964	0.00292842472782645	0.00197256015962503	0.00334542268557016	0.00272217102957673	0.00421988028981529	0.00345969890860561	0.00291239401287671	0.00368186406512313	0.00382365417050494	0.00337730325610929	0.00336699994868378	0.0038301348176431	0.00386449315103963	0.00402800005264638	0.00331495166169955	0.0045468873944826	0.0037113114979472	0.00441144369846993	0.00355019811277254	0.00510373247541597	0.00471523184112396	0.00484727183552075	0.00484503535341783	0.00518561740937538	0.00568331686420538	0.00429754312175078	0.00469897916863138	0.00503218593936464	0.00615299028212234	0.00538252929887681	0.00631244759829134	0.00510665842377196	0.00675335988853046	0.00696549458903648	0.00691832794709256	0.00606505586850172	0.00721901932327342	0.00637397059548485	0.0068450853757234	0.00769658108477766	0.00620249405835424	0.00649699750915529	0.00803903748351373	0.00774084316256007	0.00736533717537241	0.00686650077663677	0.00819099776059016	0.00850402798382929	0.00844422425454747	0.00689514589494835	0.00733936055004183	0.00817280562856476	0.00795629941554318	0.00857709595392467	0.00885169793484892	0.00857964555311084	0.00910756493756145	0.00840715343784056	0.00846271452529037	0.00946038646022226	0.00877063617706355	0	0	0	0	0	0	0	0	0	0	0.0102238110090271	0.0116040279396204	0.0101012884514624	0.00995656049219112	0.0107052788685238	0.0104982811842313	0.011628366749784	0.00981977183825337	0.0112639399863857	0.0111192947525499	0.0118254285584606	0.0122419450720196	0.0136799015550288	0.0129948516392684	0.0124635304283404	0.0111429160383376	0.0127778669446576	0.0136560986553587	0.0129930585877046	0.0145008591149097	0.0151484043257134	0.014240604239719	0.0151132404858367	0.014387386567213	0.0159976433083759	0.0174870516046492	0.0143434148923471	0.0171699889174394	0.0165343686295728	0.0182086755226177	0.0176260346959548	0.0184399198847909	0.0193165161228185	0.0175626375435273	0.0184970162416893	0.017474568810193	0.0181194300248305	0.0162369626026092	0.0206938528979844	0.0188350252093968	0.0215639035153736	0.0204429961548751	0.0209146015132329	0.0210940264214175	0.0186002840319297	0.0182975124085382	0.0204928207869049	0.0281823541695579	0.0186587391828319	0.012218923951224	0.0160035844514642	0.0171075572295839	0.0243699578023244	0.0372375373371229	-0.00186921240953832	0.0336384679645358	6.85335455266957E-4	0.00961080883928296
713.049	0.0183764154145188	-0.00219583178426268	0.0115104310247876	0.0111633704420336	0.0139793302718545	0.00313480540098979	4.49850425620567E-4	0.00423871077306514	0.00376272794136806	0.00731825042009951	0.00221318949466191	0.00481890194013279	0.00142227303062509	0.0077854540508526	0.00341014077186605	0.00106292212314604	0.0130644005367135	0.0109739098434149	0.00531290802938986	0.00294478974546	0.00163739499275695	0.00234559369661056	0.00647724679517555	0.00207298609016526	0.00375556661790427	0.00762166488127481	0.00287783282425128	0.00298454623878598	0.00751316738847457	0.00633312103364433	0.00831151641383398	0.00434258902238577	0.00326053152175827	0.00383818132991688	0.00750898604800147	8.92643220815561E-5	0.00245947002271788	0.00274434658985299	0.00301993546699342	6.59669239260318E-4	0.00293566194446161	0.00364289340146741	0.00369587265770208	2.39754546064589E-4	0.00560610401622645	0.00226418904874664	0.00646633748016524	0.00409230198227934	0.00342371504529009	0.00547020584970693	0.0032832774984862	0.00355242842771141	0.00372923848351249	0.00105459840947522	0.00141380080960047	0.00376764717299862	0.00184257071072923	0.00343904873429156	0.00183996042485389	0.00187111453390886	0.0039079672226482	0.00288269192953131	0.00255671231973971	0.00273145810896538	0.0036497245854958	0.00448172245288475	0.00311201276245904	0.0029071205208621	0.00270335396624245	0.00353672248467907	0.00250362457377454	0.00259462925880786	0.00263812761327153	0.00349354303392133	0.00409521670337562	0.00253295665934269	0.0047053798728722	0.00247217865951307	9.05386599584371E-4	0.00169659250273127	0.00368504544116302	0.00275236041625499	0.00174493972581143	0.00274174366250241	0.00252797608167138	0.00356035249439394	0.00353915928311962	0.00295184870355602	0.00288181346245202	0.00568742676888777	0.0027825680108033	0.00262534187370141	0.00298791077232899	0.00292777374879591	0.0031025441900882	0.00374867812231379	0.00261706836523518	0.00325656309373085	0.00415987170053416	0.00242344010357288	0.00399743284182014	0.00286484126707814	0.00323937553048815	0.00359007429444441	0.00395904875598883	0.00361412446768611	0.00323658457513577	0.00421425065621354	0.00378541076822606	0.0037507895320609	0.0033048844143296	0.00367656537204413	0.003507334770101	0.00378219366488439	0.00382150358259252	0.00356300275605823	0.00391747101205998	0.00414432425364078	0.00411829283116513	0.00366274308710249	0.0041538982381378	0.00428854231905448	0.00497777376992315	0.00535268911269634	0.00484309096228891	0.00500031236649248	0.00528111074565043	0.00562946455543003	0.00608512871364525	0.00609361128034298	0.00566666987858761	0.00567252501775659	0.00599229358366882	0.00600359602886059	0.00648939203165619	0.00625849438783466	0.00547829752670566	0.00665657340664413	0.00665485382260274	0.00640096874189355	0.00781073540688435	0.00654085864439815	0.00736828868729097	0.00654372286706088	0.00802556519584174	0.00694013308035308	0.00808768038515313	0.0077288566654896	0.00757897719455725	0.00876643081177131	0.0079227334741958	0.00837432351707912	0.00856603944298105	0.00856913263019512	0.00862081178624516	0.00896901037068524	0.008130761018727	0.00947636221737215	0.00803292110938653	0.00944818969583092	0.00871739523636493	0.00986497816044439	0.00805510331248	0.00921172126177081	0.00968715396112494	0.010129078068274	0.00941791392371978	0	0	0	0	0	0	0	0	0	0	0.0109161949162577	0.0108366527738103	0.00974390351613355	0.010840503464782	0.0112216778734959	0.011548137190063	0.0104229236028489	0.0123677573775074	0.0127804226324825	0.0130476820756269	0.0124809937908324	0.0136492002427072	0.0119791243766339	0.0126280098202256	0.0119103606591114	0.0121434056584711	0.0141213434510904	0.0148136002051951	0.0142054172320575	0.0145840818288484	0.0155629263739125	0.0153584023869553	0.0154578523300598	0.0158491388365138	0.0159136024081343	0.0169475060173115	0.0191154990816781	0.0158972234007401	0.0174548843271098	0.0189492324227182	0.0192333789774271	0.0195044667463365	0.0186958603102738	0.0190922375364386	0.019631848937893	0.0196513238822393	0.01771499270841	0.0216376884653696	0.0189194089685876	0.0196001169440936	0.0214727537471232	0.0187541121656171	0.0233299040643759	0.0269508117083902	0.0224925820902678	0.0208916281264554	0.0315141963939612	0.0256739072865688	0.0320000948488693	0.027731278456596	0.0422434869229522	0.0321713019433293	0.0430498166276405	0.032825873299538	0.0357255948355915	0.0412553896096067	0.0505582110951201	0.0510012435196693	0.0841309145800431
717.797	-7.52819355302518E-6	8.93628339212711E-4	-0.00249708953977011	-1.88348843832355E-4	-0.00477329896743865	1.83333907189713E-6	-0.00242861609633632	0.00148061773154147	0.00380942789556073	-0.00104176425627879	-4.47988096493805E-4	-0.00414038948288495	1.72011675003139E-6	-0.0042235453987329	-4.14431895848234E-4	-0.0025747134972006	-0.00106811259460454	-0.00370295804116171	0.0015739120040418	-0.00363315601450959	-0.00127876762240399	-0.0047467047449063	-0.00267268838120564	-0.00128229427086703	-0.00123006517272043	-2.16457769239385E-4	0.00172787207662799	-9.69483651649855E-4	0.00278376058816186	0.00262774047263189	-0.00267174428743393	-0.00419538069384497	-0.0030104971872698	5.65923205172449E-4	3.70604098102831E-4	-6.34964242053106E-4	9.7871446892923E-4	-0.00277898551133438	-6.8032453162103E-4	9.18553371145494E-4	-9.10368986217468E-4	-4.11511068398951E-4	-0.00235871294064707	-8.88163799575601E-4	0.00303371867028276	0.00166000061202203	-3.91358014335077E-4	-0.00176296980799816	-0.00240858796953456	0.00118242159468277	-0.0020938938968289	8.45872308695877E-4	1.37470853024363E-4	-9.35698592743402E-4	-5.23113854943631E-4	0.00235292089706937	0.00223824073371922	-9.74438476323085E-4	-0.00120015238300662	0.00112369669341437	5.83785733669142E-4	-5.13482866711279E-4	-2.20241176004677E-4	-5.26735631624857E-5	-2.12935575894251E-4	-0.00106618995383103	-7.32622002250385E-4	1.55359598758044E-4	0.00151953975181555	9.94350322126287E-4	0.00233820179712477	0.00129089607478131	1.40432195900724E-4	4.14323588989372E-4	-0.00130608598432688	-3.97094973778907E-4	0.00138773104953706	4.65208953405921E-4	0.00203815568700674	-7.91239448008074E-5	0.00124373996468899	0.00137496149433648	0.00142136986933135	1.50664451716333E-4	5.85305212295375E-4	-3.33231526567097E-5	0.00170508392818845	8.50877830030668E-4	0.00159154832132923	4.21448024134036E-4	0.00183596081362942	0.00219399459264583	0.00157314351031957	0.00204394004901209	0.00148333831372029	0.00219752483687811	0.00200840644114082	0.00239833603172	0.00111971880618669	0.00164382798518824	0.00239140294327817	8.52866485946989E-4	0.00222536970900102	0.00183873971352795	0.00251119836807658	0.00222880167390591	0.00253475504620291	0.0025591084712595	0.00220485402014138	0.00237518966286238	0.00305083254646028	0.00252077309428192	0.00204445875095768	0.00300253354044117	0.00303794923059871	0.00303064145739346	0.00303349765089891	0.00314689402831475	0.00324953327226462	0.00284181270880229	0.00301630944154429	0.00292658986130971	0.00337660056269395	0.00282495106337262	0.00296805919897414	0.0034019782243201	0.00320776526967079	0.00400041807249019	0.00442953496384171	0.00386924720797612	0.00386996264269784	0.00412992543655306	0.00452117246722567	0.00460163942455033	0.00462367081205383	0.00407374557384541	0.00494724879712284	0.00492316077807306	0.00567910992638061	0.00510159807212961	0.00561039056175961	0.00505029732232717	0.00572478098594443	0.00586241556893888	0.00578477927701238	0.00622635970028282	0.0048282523854232	0.00533029116685372	0.00666646393999076	0.00497093936466325	0.00687704462859638	0.0073080764579133	0.00561675276406615	0.00656065574231833	0.00588258652377448	0.0063284277872292	0.00678613041628472	0.00670256451938442	0.00673281310891535	0.00612361092134333	0.00662397529558099	0.00746005821152526	0.00750127758140463	0.00749028590081733	0.00764895344667482	0.00883795961003885	0	0	0	0	0	0	0	0	0	0	0.00810273277038876	0.00833115248674259	0.00731236417216304	0.00799991583726066	0.00884792882589285	0.00831622782276345	0.0102089645558891	0.00913424307472909	0.00984089915458011	0.0102068624943414	0.0100193344311974	0.0106610249876623	0.0103698207381642	0.0108684037519072	0.0117627889713977	0.00964151195488657	0.0112605703527576	0.0112112522688068	0.0116184842754807	0.0115223481346372	0.0126865536690066	0.0117439749700833	0.012535556456365	0.0112186308821186	0.0122697980728822	0.0137371032727767	0.013182144541835	0.0129703990775442	0.0157354225164244	0.0131912152261339	0.0138678514818462	0.0122313803918537	0.0149982372552057	0.0145290351864994	0.0139818351909232	0.0141927230665381	0.0158305814358702	0.0132440109162486	0.0169371863175294	0.017242273589244	0.0162542040500749	0.0163686143240725	0.0148506628130719	0.016128623959552	0.0137015895433623	0.0171668984994101	0.0255325025988653	0.0193831630252495	0.0133343590478223	0.0187019755232258	0.0143603341696754	0.01450171403365	0.0125309891613822	0.0166142429125091	0.0278558920110876	0.0439646939860204	0.0383947030276168	0.0339391602423484	0.0212120777052224	0.0161343016616777
722.547	-9.21506034896415E-4	0.00316945227086199	0.0082363723345703	-0.00286651373574808	0.00726485126956225	4.84566198560149E-4	0.00277398590391532	-6.00252189226114E-4	0.00446386304603422	-9.06777127912787E-4	0.00774539755489885	0.00750044912544501	0.00935060317828588	0.00485805938975022	0.00448204352108216	0.00233800462099195	0.00149487772107658	6.69479667628814E-4	9.31188640849117E-4	0.00157986491334242	0.00712815561268621	-0.00215716119280475	0.00431543348356523	0.00177382691786451	0.00522093730393275	0.00386708458453573	0.00295663451078993	0.00361500165678162	0.00174045777380781	0.00640298484998104	-0.00364427763290109	0.00466262570212915	0.00118379465630774	0.00134914850091947	0.00395758266878418	0.00184558137847514	0.00315748177902275	0.00167616423435824	0.00155044676462969	-0.00110079941672198	0.00259975899335837	0.00157784930040731	0.00602535942316106	6.54425792577461E-4	0.00259545018489039	0.00296653640701136	4.77302572163131E-4	6.22438273856565E-4	0.00274910363346928	0.00427154558828385	0.00315328833473628	0.00207459569300013	0.00215949001238771	0.00162911414637785	0.0010577958781893	2.59157013067224E-4	5.70226065575258E-4	0.00142676823441621	6.38595320385286E-5	0.00240182759298674	0.00248202674618733	0.00278885513806915	0.00239945064727278	9.55069009931196E-4	0.00193056503768482	0.00167902460345879	0.0020778785757495	0.00261871928209427	0.00236699965482409	0.00176522805624639	0.00202640741778655	0.00155421973266482	-1.41692859464535E-4	0.00102593342477567	2.30949008461483E-4	0.00210847372948586	0.0019799098895599	0.00297072134778204	-3.78398312460381E-4	0.0020334589544262	0.00223985220391867	0.00195328659497715	0.00257282326207566	0.00220856356582199	0.00200337541537758	0.00210340699468213	0.00257731802591256	0.00172291097990748	0.0013123922429786	0.00354571505531419	0.00224879548077874	0.00250954938207131	0.00248650197979412	0.003006943545591	0.00230123162856361	0.00194002111005498	0.0021226917839056	7.75975831504049E-4	0.00248885649683195	0.00206540688846504	0.00232564598000194	0.0024729355145421	0.00246736900495032	0.00327159495918304	0.00237693641031254	0.00177248765073451	0.00317836565804397	0.00273509461174839	0.00326479733425607	0.0032197165856133	0.00278342535266596	0.00242127656790282	0.00326485159997853	0.00314840836292646	0.00326465204353715	0.00287342982353781	0.003217300225096	0.0033252738711115	0.00303004692599879	0.00407612447048372	0.00384056534338973	0.00349688364500794	0.00306650922156034	0.00375630527691178	0.00447931662746763	0.00440575390966023	0.00394163415405266	0.00483793306349838	0.00430325469929971	0.00461734162042074	0.00355372644210049	0.00324749526928517	0.00452061708825169	0.00469194497876832	0.00353081595456222	0.00506555469104886	0.00469617700004924	0.00532483837797439	0.00565242715073976	0.00506352005906246	0.00560557904588589	0.00602594639500811	0.0059301346093281	0.00525347924845712	0.00622788271563789	0.0054842691940872	0.00652314783931981	0.00718547033761801	0.00542421051957185	0.00610059210023726	0.00612986510308403	0.00676228766255252	0.00594987378918952	0.00723298759980251	0.0062190634585922	0.00632364556428626	0.00671581467412752	0.00706687300419469	0.00690389069497631	0.00681980346251163	0.00651574298247864	0.00770856188265161	0.00777260338601627	0.00853235716743587	0.0084853566637209	0	0	0	0	0	0	0	0	0	0	0.00892064860239701	0.00829066180228092	0.00909359294496382	0.00891881200348615	0.00902922330035877	0.00815102196354509	0.00916353042902375	0.0104353403541066	0.00934659679026776	0.00926389649462189	0.0107053612516238	0.00937386658570438	0.0103134732116968	0.0106689882857189	0.0102895825553916	0.00953837352674228	0.0101933327727431	0.0106368588061187	0.0107337553337618	0.0103100740990452	0.0123001503583386	0.0132202622671761	0.0126268073491336	0.0136315904566701	0.0131825366197868	0.0138438204370128	0.0134616786266587	0.0156623977005978	0.0148893729603416	0.0144418589100184	0.0151857494781598	0.0151229492879424	0.0146324092043743	0.0160616056807335	0.0146282370962956	0.0160176797298989	0.015342398779268	0.0199021643080683	0.0188762422428482	0.0137534503885643	0.0164056059866366	0.0178271704741867	0.0190532003556174	0.0197619912825555	0.0142307397625301	0.0154107325582749	0.0229765598938444	0.0214580444893547	0.019364997709032	0.0272385023952571	0.0178088132287223	0.0251735452354186	0.0194585973969613	0.0158195070664158	0.024497522185347	0.0355268154959461	0.0354459169011987	0.0521189384854479	0.0338597202916783	0.0373166656847999	0.047304138966361
727.298	-0.0051434404552622	-0.0064079517079486	-0.0117785552160688	-0.00814089603863305	-0.00929891854895148	-0.00212167821947385	-0.0079688977959282	-0.00684947367588499	-0.00271682292551795	-0.00350624694188867	-0.00323459908616639	-0.00562586255825234	0.00192822063182465	-0.00246151668148554	-0.0034079728788761	-0.00823905106054363	-0.00453612880844422	0.00122492020443501	-0.00134788929296432	-0.00561186013750588	-6.57572096943259E-4	-0.00283019164354503	-0.00787666490537892	-0.00372171074366289	-0.0013791504774728	-8.89715885750579E-4	-7.77712542211218E-4	-0.00299707169062513	-0.00473943497959984	-0.00184021884107985	-0.00559656001465165	-0.00133629934059643	-0.00379689860414643	-0.00312345194618998	-0.00391159362493571	-9.34701228101797E-4	-0.00210538317521979	-0.0038433733307689	-0.00227189867161082	-0.00275096345236454	-0.00314584899060904	-4.21209546962317E-4	-0.00234272504824162	-0.0015771914008183	-0.00271117286429582	-0.004554217117993	-8.07157215697008E-7	2.61686435043274E-7	-0.00116213511205907	-0.00418198609782475	-0.00274930248847041	-0.00239332449267965	2.12199905156263E-4	-0.002062859229455	-0.00308181030182413	1.97264561583353E-4	-0.00275011804202131	-0.00169117504891023	-5.51983466638012E-4	3.09010379660788E-4	-7.1459107127127E-4	2.95589131679674E-4	-0.00144378236107872	0.00119482257635334	-0.00223324622002111	-0.00186541715604142	-5.39423967846518E-4	-0.00191147019955312	-5.19711397289748E-4	-2.04095235776324E-4	-8.51533118549248E-4	-4.91194253958417E-4	-0.00270000809912816	-0.00155892716846471	-4.18040044073093E-4	-3.18786205739927E-4	-0.00124721689704501	-4.79332119690788E-4	3.4391385594852E-4	9.26328878661947E-4	8.5094090109314E-5	2.03490112310869E-4	-5.91780000704525E-4	-4.24064002673899E-4	-6.00879278623991E-4	-4.37264099398614E-4	5.38555473598068E-4	-6.27178621968032E-4	-2.04269077073134E-4	0.0011661882159861	7.18615972143592E-4	9.22883186587256E-4	0.00112147068721927	6.42225321344006E-4	8.38842605879525E-4	4.12325016195095E-4	3.45003995485591E-4	0.00199171364839832	0.00118024360860401	5.54561498404129E-5	0.0017038273335719	0.00128016050521336	0.0012989639154056	0.0016715591708927	0.00138951792496137	0.00164516292941476	0.00114623327179764	0.00173638163920536	0.00122796583461292	0.00153564884771567	0.00173971315246377	0.00215989691294544	0.00115920197225661	0.00167016455793376	0.00220746072907183	0.00223704665107811	0.00208205185645366	0.0024037025328314	0.00249052389970785	0.00222910559173399	0.00267339500356535	0.00179893530137857	0.00248057311791163	0.00195106962930352	0.00158606949204223	0.0038704252605506	0.00224796301614703	0.00268278400326783	0.00373074902898842	0.00222155336573183	0.00289298305063437	0.00327055728957111	0.00267337606504224	0.00378553745521482	0.00349222458198805	0.00362298094242477	0.00428068065500296	0.0032250089515729	0.00328596641922874	0.00381157378342374	0.00403762964037299	0.00463763687709572	0.00384035423986488	0.00482299906813959	0.00419534060326935	0.00397412642553286	0.00440386400992856	0.00352183656252509	0.00370406128061563	0.00420683865378183	0.00423224395000778	0.00516897966023423	0.00504758228184754	0.00506012862340216	0.00464355054948853	0.00493736608214727	0.00577170643142648	0.00465727781233606	0.00379030229671903	0.00606772033313441	0.00639849907184517	0.00545336688443956	0.00571129163040022	0.0061695747330093	0	0	0	0	0	0	0	0	0	0	0.00682268376470772	0.00575212199660311	0.00664594965668476	0.00716614288742118	0.0075973212713843	0.00679197009510802	0.00718607397113042	0.00733792965557731	0.00738961758424684	0.00710432143369874	0.00826761736021414	0.00807756726461249	0.00814592350392198	0.00786113063049841	0.00938584252860778	0.00908294856076157	0.00841148910372311	0.00942783581151118	0.00944030409819757	0.00895825760234758	0.00841917826479924	0.00875214707390445	0.0106791004723882	0.0109412880660639	0.0105083511545121	0.0104465704060419	0.0102775781446045	0.00910304711858523	0.0109155920567103	0.0105070466362727	0.00999588358273247	0.0114200978013421	0.00972051414459622	0.0094300907272409	0.00976408011308293	0.010795504768404	0.0137533548173054	0.0137948329875808	0.0142761556293871	0.0127148155886976	0.0135438980328102	0.0100694064567162	0.0105254139399963	0.0120903001284022	0.014579493813059	0.0115030144290258	0.0128111667651716	0.00871032795422452	0.0101790981749992	0.0152409089794225	0.0146090404169962	0.00992771596325796	0.0147827212692964	0.00683790527777002	0.00602145300161971	0.016458781293752	0.00589134509904434	-0.00972954818945749	9.88421027999443E-4	-0.00235174599743001	0.0174679810932489	0.00184518535724198
732.051	-0.0120774422660802	-0.00883258283729354	-0.00564304857002617	-0.0113993134472906	-8.86747472675484E-4	-0.00248310960095809	-0.00665453094227677	-0.00879801147725436	-3.02507583965899E-4	-0.00556605775260819	-0.00374607601721541	3.09504865497369E-4	-7.49827235108669E-4	-0.00440705614391662	-0.0123908685457336	-0.00466661459616886	-0.00432267702044703	-0.00786633632137009	-0.00711626663356846	-5.41248310832411E-4	-0.00585921732263692	-0.00234737101277228	-0.00494403542499617	-0.00705754007782071	-8.17528339746001E-4	-0.00385818137503958	-0.00337765079801091	-0.0014593240696006	-0.00279131505702925	-0.00197209498647452	-0.00385630350788998	-0.00124736084188587	-0.00405325883081839	-8.86087953389048E-4	-0.00261115570165871	-0.00227558226701589	0.00389878443718562	-0.00434653137126857	-0.00203523795686833	-8.62460479002663E-5	4.3218508050787E-4	-0.00530316762953051	-0.00466945277142725	-0.00260808519625355	-0.00366954451178685	-0.0034624599879134	-0.00105568785725071	-0.0012829789856203	-0.00282974219856451	0.0018524089731141	-0.00143109184377753	-0.00146852737785428	-0.00157407482193439	-2.06543252185012E-4	-2.00418918437597E-4	0.00172618193526615	-4.51027724901359E-4	3.22720222604654E-4	-0.00206260869206622	6.37936164500896E-5	-7.87110479942512E-4	4.78265883792818E-4	-0.00111463783369205	1.65870759818373E-6	-3.95163317911977E-4	-0.00306209051499094	1.6610141217747E-4	-0.00102202902724478	-0.00301422309802725	-0.00140118158021585	-0.00350751182785245	1.02007205305208E-4	2.93981691191482E-4	-5.26511318248032E-4	-7.96986330837257E-4	5.08910566111211E-4	5.90101647087237E-4	-9.71737714827181E-4	8.26053973950807E-4	-2.10863943156698E-4	2.95087238689471E-4	-1.21041791505126E-4	-3.82283783490419E-5	2.36495696634015E-4	9.17694119710184E-4	-7.17395972910921E-5	-2.88441711300958E-4	-7.0108140234718E-5	-1.71146872061683E-4	5.07784143577006E-4	4.63523864455035E-4	-5.14916149024983E-4	0.00145270550227331	5.28603534096928E-4	-2.82057955699731E-5	1.79922472867375E-4	7.29360414189439E-4	0.00113894889560874	0.00116947341020049	6.00648567809302E-4	4.79434535471988E-4	0.00122159210414503	0.00131792301864992	2.49650424590146E-4	0.00103676183579867	0.00138558056809836	0.00189294690256174	7.89389407499052E-4	0.00135840527605447	0.00106888345028922	7.21977306241409E-4	0.00114854406214429	0.00127452664803318	0.00233249915144057	0.00177221832454148	0.00224436663121892	0.00196915158950165	0.00208108975415463	0.00172404396299431	0.00261278395785984	0.00225795608415917	0.00276076272824436	0.00180866659066859	0.00160521720203559	0.00284298787948382	0.00242399871787151	0.00375776255133453	0.00252612481158332	0.00259626710092224	0.00325628990466495	0.00204406696488	0.00258256737444213	0.00268773738496304	0.00317251848380394	0.00313603192541565	0.0023840052888344	0.00325062973291895	0.00288726987975669	0.00296573534689374	0.00183948571773549	0.00355148808321208	0.00437039176049563	0.00297746384756782	0.00361209466360496	0.00378136277806806	0.00413826604156908	0.0034795259760657	0.00401461374191108	0.00386737754271816	0.00415706916183065	0.00500776551822965	0.00342666727097401	0.00504108302187764	0.00428503184156941	0.00366051053645781	0.00327987086914489	0.00422010794023278	0.00346257114079685	0.00498588705023576	0.00469377108701538	0.00523434222927525	0.0054119573067735	0	0	0	0	0	0	0	0	0	0	0.00511926338317457	0.00624228300165205	0.00547599521390808	0.00631715284701078	0.0065302466174272	0.00729060948788545	0.00625864724338778	0.00700765296371181	0.0059722918362009	0.00806142372577486	0.00622861079433646	0.00653078599670241	0.00668206328677176	0.00780835163791949	0.00766922679095295	0.00692932710686933	0.00841753116494831	0.00966785380107847	0.00865523513748756	0.00850809700448756	0.00833612641900715	0.00795746289322394	0.00850397577511865	0.00929072376822336	0.00951628133468981	0.00880428736320513	0.00856306773206863	0.0106702089603402	0.00835384938628552	0.0100140264958169	0.0103003369084892	0.0101236561156277	0.0117082326245977	0.0108999554621932	0.0130914986947572	0.0107583071508813	0.0108801401591058	0.0100929778109214	0.0115475315611573	0.0128184914023794	0.0104575895200576	0.0141346637565938	0.0111869135794631	0.0108174271067448	0.0147788632403871	0.0164120139232577	0.00770177528760645	0.00979500661852685	0.0115617373117422	0.0119476387670747	0.01634031304374	0.0105180745405195	0.0155295606600058	0.00886004926533678	0.00840565412348813	0.0128325621750102	0.00523658874516728	0.0179990750319695	0.0287101762243715	0.0197304776309386	0.00150364180038532	-0.00718168867718599	-0.00221696432564928	0.00936241813758843
736.804	0.0151099625617516	0.00917379664640572	0.00329645601375121	0.0103420687156013	0.00576439573145243	0.0023454465758867	0.00128377361157909	0.00828484133584083	-0.00123648526997566	0.00736188797244117	0.0031636442913275	0.00452851777813448	4.59730951348667E-4	3.01816907165431E-4	0.00423081277349835	0.00458364838171436	0.00367146790004187	-6.96387143507141E-4	0.00457191684495927	0.00630297003780052	0.00553041332994895	0.00119253104465845	0.0041054415129679	0.0051772113053683	0.00271718395476168	0.00161019669652447	0.00478631116057364	0.00171385889972132	-0.00112857459430275	0.00366637540654359	-0.00183636395780399	0.00369676960920552	-0.00184181339190405	0.00520547431908257	0.00215589277417932	0.00307291522650169	-0.00149799041691358	2.43562635445896E-6	0.00672343831463767	-1.71619837972007E-4	0.00445163283906108	0.00311853595836032	0.00128921765044989	0.0020497113004909	8.45717007118879E-4	0.00342144841309273	0.0012367458482766	-0.00105259632720726	0.00246826497910691	0.004447600703723	0.00297324602208802	0.00216059804992891	4.37602472221389E-4	7.7934284665937E-4	1.41347919909134E-4	0.0023548606029539	0.00125109308711667	0.00103797634410134	0.00133646637479583	0.00443343727011802	0.0047932621478946	0.00513422388937641	0.00309171465988339	0.00367605304195498	0.00344074999843561	0.00112856277274457	0.00188534775036076	0.00332410817881183	0.00101928707644737	0.00335991870239556	0.00180187989197333	6.5974157387708E-4	0.00123780502829871	4.38127803070384E-4	0.00166650595066062	0.00420276462583719	0.00251607867197101	0.00147864979811843	0.0010118082306179	0.00168468192678929	0.00190785881390403	0.0025692804349933	0.0017045787340061	0.00205895484205072	0.00135197698655472	0.00320375587291693	0.00286680019135132	0.00251091742605695	0.00136586276666381	0.00198136246740072	0.0021380496576823	0.00195912777688483	0.00147042730319581	7.20277123020308E-4	0.00208946268707434	0.00307366925469976	0.00215039907941468	0.00328020336076243	0.00230870530461162	0.00259012713515129	0.00263466625984765	0.00139028952234402	1.46904096777336E-4	0.00187452118787229	0.0025622026687222	0.00148945910463419	0.00150161377865413	0.00268189585663419	0.00267174626746608	0.00175811667540049	0.00273155326433599	0.00234024866112558	0.00317939525413746	0.00187845019512008	0.00283057148005141	0.00214611231778619	0.00245970823586643	0.00292494908420399	0.00267377093579942	0.00214376520800403	0.0030472048011461	0.00236005273220337	0.00374420422927415	0.00230348834221244	0.00247941976808571	0.00340209708868279	0.00262902975202473	0.00277715756526885	0.00307644335200625	0.00378898306366003	0.00345431974745585	0.00395406747214366	0.00269509592557279	0.00362727679493506	0.00424352338516267	0.00371696426350078	0.00315345801409118	0.00389953127965386	0.00499740900003646	0.00538711178716077	0.00377512631456209	0.00415689081477705	0.00471527217277162	0.0046361193389734	0.00531224185780812	0.00489165336558503	0.00496021438011137	0.00554423695307988	0.00681533113466794	0.0047548607291611	0.00407385107261586	0.00482982779527166	0.00548860920402834	0.00524262747063086	0.00424589621017992	0.00606669262496397	0.00556575071373138	0.00612710625912494	0.00511760323078352	0.00561925587314751	0.00654000279203025	0	0	0	0	0	0	0	0	0	0	0.00630413248654548	-0.0100975752345224	0.00737435127933908	0.00681306024610961	0.00781238629799521	0.00651152335129701	0.00659216664530069	0.00760116817427208	0.00650602759301523	0.0078889518613929	0.00720112256098753	0.00704290227760279	0.00726122805979011	0.00885868339734731	0.00875674089717577	0.00821382406064015	0.00914815810282035	0.0096259541728917	0.0087919491000193	0.00884999700844116	0.0107042137549557	0.00895924381044451	0.0116372482843886	0.00966414518769359	0.0121316674906965	0.0116006282474581	0.0104510169662675	0.00998496515726152	0.0121178673080133	0.0103412573868	0.00967130860040882	0.0114124600274735	0.0120791704509357	0.0125909447772851	0.0108778588037827	0.0128264024347929	0.0140699590301306	0.013683246172729	0.0127436104061326	0.0129915763572146	0.0126200098459616	0.0156038795598656	0.0126498583455967	0.0105667613634624	0.0137433475928482	0.0153182002336509	0.0168940499573208	0.0199385667114704	0.0154725662485975	0.0179640345721358	0.0174702763561526	0.018558865073466	0.0209544323042871	0.0128210704114723	0.0209701866663897	0.0128672982249898	0.0371146115801752	0.00853149637382734	0.0241640701571895	0.0139645894954721	0.0251649057561588	0.0390229993281878	0.0200549164984034	0.0373309271656266	0.00473670981163974
741.559	-1.32756513276966E-5	0.00167353110493987	-0.00647929337820878	-0.0109137085152329	-0.00731852895523267	5.10889302391918E-4	8.12737098248495E-4	0.0017445773970089	4.71996105730786E-4	-0.0065224455661394	-0.00786197389685502	-0.00380810260459014	1.53128595989396E-4	-1.52538531088333E-4	-7.37927982737344E-4	-0.00320266467476909	-0.00329665921912946	-5.71031283511048E-4	0.00576992324934209	-0.00278920880552259	-0.00288053632725773	5.31276083588848E-4	0.00117463482025476	-0.00588408608402154	-0.00600280393832997	-0.00280060653744533	-0.00243311869127529	8.09879592347985E-4	4.59035582380708E-4	-0.0254878389284483	-0.00440749059623915	-2.63469256330854E-6	-7.31437888544395E-4	0.00112020216633806	0.00168883101347644	-0.00360763674412309	-6.71199256815787E-4	3.73506564293192E-4	0.00282265835683644	0.00197247266226481	6.23178633612568E-4	-8.80770377253938E-4	0.0036676774615299	5.18949289790507E-4	0.00343461690001946	-0.00220788385033958	-0.00183884520332227	8.17082656205369E-5	-3.24084129844453E-4	9.50310680944287E-4	-3.85576071223227E-4	0.00264734151966562	-0.00147187285288052	2.90176287155548E-4	0.00174908073191254	0.00150271529359332	0.00133460219419493	9.84263747695101E-4	-0.00154557944769328	-9.51991698789473E-4	-1.08499468385293E-6	6.13833209793094E-4	-0.00114704821321996	3.55366776665715E-4	-9.90673234997092E-4	-1.71742472329655E-4	-0.00185782152244187	0.00144042709222698	0	0.00154672157045615	8.36264913738938E-4	1.01733792783296E-4	-0.00236286028146977	0.00162668819504024	6.77418184769033E-4	0.00194481521994964	0.0033922928607578	6.36927839660326E-4	-2.24388543483457E-4	-0.00105001208164535	6.02997478827289E-4	0.00206225560381665	6.18223173731541E-4	0.00108587940632479	5.89997747048914E-4	-2.66711901015104E-4	4.85982775634501E-4	0.00196741457821422	2.85088791115334E-4	9.03101957685386E-4	6.79796807355187E-4	0.00142706198836469	6.49339290813448E-4	0.00143152994350708	0.00140432142387151	0.003215109872341	9.88339564429819E-4	0.00231049128447992	8.28869289724909E-4	9.52671669178072E-4	0.00174946560706639	7.84996714483694E-4	0.00105797490418258	0.00123160413337248	0.00133601111296788	0.00128684224537242	0.00108453312245945	0.0013319090671061	9.89426478980267E-4	0.00167497058253939	0.0012950273190662	0.00143442754252448	0.00227927101804269	0.00168031890353862	0.00169898634492825	0.00192842735183473	0.00251214154808073	0.00154418710034498	0.00183861655893777	0.00190238926441303	0.00224162366132532	0.00265076888857177	0.00220348751933223	0.00207278813066276	0.00201664859934712	0.00212646136698918	0.00220155648545905	0.00149897918349057	0.00261885654670081	0.00254229890422731	0.00274456847646072	0.00311776575619712	0.00326730435852025	0.00276458733116748	0.00278271013001492	0.00215185788758926	0.00320377942104911	0.00333766055669977	0.00333141575556179	0.00278666438988067	0.00290670212623855	0.00349126969351349	0.00341639226323652	0.0042632928005746	0.00313223350105901	0.00287256371149259	0.00371729748089056	0.0046109101699486	0.00320928106668569	0.00430194535901351	0.00419472471355971	0.00488221833406353	0.00531301221662597	0.00427222780437931	0.00449851066791048	0.00519871297359764	0.00488159255864747	0.0043216018294943	0.00537627811710631	0.00408723798053886	0	0	0	0	0	0	0	0	0	0	0.00604522748202287	0.00519210573198453	0.00484254973663666	0.00550503664492783	0.00577095353956358	0.00654268780561941	0.00630757918538093	0.00576091281866709	0.00675165743008203	0.00681023466768456	0.00696586702410325	0.00540722134720943	0.00744480792821926	0.00756717489515119	0.00580368168580538	0.00701523591958092	0.00794343075302166	0.00739107727863934	0.00684915978628295	0.00724374603324662	0.00764673032483903	0.00750533696671857	0.0086382039100636	0.0084205988297333	0.00905719781401657	0.00876745950302498	0.00810562146865804	0.00961336412174436	0.00849674944276793	0.010139491877093	0.0102652352941128	0.0106356010205133	0.0102386057536119	0.0110919302022342	0.0118452649605071	0.00970658163775496	0.010716037193814	0.0098887888638146	0.0104167039529489	0.00987250730506802	0.0118056686768564	0.0114787857991414	0.0114264998931212	0.00966312536150523	0.00896473483259842	0.0135245622876005	0.0136014243675731	0.00893405128571101	0.00950102999160633	0.0106362720804662	0.0117649559923087	0.0126826737265519	0.014001896596401	0.00999449781115848	0.0188993769573507	0.0111809225645241	0.0179833788413655	0.0121386457172499	0.0233031557320579	0.0232167254690522	0.00958770805289767	0.00793885078950996	5.15513123479325E-4	-0.00678832850734438	0.00303497695829205	0.0269372732754147
746.315	0.0074557548295482	-0.00853210862541039	0.00136725815669189	0.00803809202049837	0.00634308965046694	-8.67666292118862E-4	-6.63474947454221E-4	-4.83524840963377E-4	0.00224323777288997	0.00356417458445461	0.00981796501303731	0.00145171122498531	0.00204617593081928	-0.00185270356294584	-0.00106148820829555	0.00801184665231016	0.00555506722527847	0.00375874703266387	5.73151511963029E-4	0.00170182452232936	-0.00140090834723454	4.09607279673097E-4	0.00252496473091937	2.55882111262349E-4	-2.44266410576929E-4	0.00559218143192921	0.00129841298858791	0.00460317813647892	0.00140852176177928	5.74503688203451E-4	0.00123608393905723	6.32228131255172E-7	9.53599882014516E-4	-0.0049802671579764	0.00294238218393928	0.00298432631874397	0.00155636561463179	9.51031506945501E-4	-6.51465400445593E-4	-0.00201341482445699	0.00388510545960696	6.26739001316432E-4	0.00418124248009682	0.0050300925297739	8.7448721847275E-4	0.00363175138791836	0.00179465368522957	-9.23720735868141E-4	1.65489054822023E-4	0.00161726269155977	0.00363767194214223	0.00277964193965329	4.50690232068282E-4	6.60697669651E-4	-9.98209948435941E-4	-0.00111349530802382	0.00340433407273899	-6.33559709942079E-5	-3.29232905332858E-4	5.81972091986991E-4	0.005091657770473	0.00125194847743304	8.00007825162642E-4	6.64169249812201E-4	4.1630765074459E-4	-5.83660861757322E-4	0.00298672563304665	-0.00180654986280311	-3.32410139845613E-4	-2.71475333052939E-4	-2.66105070104682E-4	2.6057544780634E-4	0.00246164566427346	0.00180935356117044	0.00197495375839528	0.00188724957790908	0.00104320022625871	3.71564231400271E-4	0.00195782107650837	0.00245934295109156	1.32799114572759E-4	0.001458944287279	0.00172356952555815	0.00135239539903419	0.00132113501441746	0.00265498584977413	8.76408777237195E-4	0.00196897900579297	0.0013788479287627	8.50519039752851E-4	0.00211231699608826	0.00246843738080356	0.00185310708876724	0.00197890513121772	5.73007752548237E-4	7.49653221996183E-4	0.00192365772626998	0.00122337226086741	0.00180789919224836	0.00137147532989492	0.00172769810878637	0.00237349757841172	0.0015312115790599	0.00215444512939329	0.00161615175660932	0.00170388174984771	0.00252624388994038	0.00184642441862137	0.00178044267125252	0.00136672294574449	0.00179192638559219	0.00137048611144265	0.00213304609446381	0.00186935062293681	0.00223577213132379	0.00156905791129263	0.00212638672470056	0.00190944272622294	0.00235776762199752	0.00194003828146507	0.00174621046869405	0.00186029950261945	0.00224686142100499	0.00334686818634061	0.0022614355006506	0.00267079042536977	0.00324723648200386	0.00292715697482305	0.00215224585882052	0.00236178221793385	0.00257178631294442	0.00235982786832828	0.00291537070754051	0.00330166412938093	0.00288538582443664	0.00247552203832715	0.00256771568364845	0.00330875930182299	0.00392693996320314	0.00353354765125122	0.00256079129098624	0.00318671266250122	0.00470608535170749	0.00426801379727658	0.00476222811244729	0.00397066858276522	0.00453767916395099	0.00417946456193691	0.00301264339100446	0.00441551466025897	0.00499972921098459	0.00522445504542513	0.00372334222346853	0.00419603014107768	0.00528485077143537	0.00495496522049483	0.00453018471642049	0.00469300956525531	0.00522800332176992	0	0	0	0	0	0	0	0	0	0	0.00541302262695993	0.00501836188630413	0.0049373291877691	0.00424668059623888	0.00597257107322273	0.00747081913449611	0.00669649326311326	0.00562850565739042	0.00609647581841597	0.00623934854667295	0.00722221991574676	0.00557174407245044	0.00634698471579826	0.00748636420624388	0.00779931040365404	0.00703502212172736	0.0075272394308776	0.00715472573235185	0.00841856399922851	0.00807580436094946	0.00863433515613118	0.00829008314508519	0.00852342672768151	0.00850214663419372	0.00890028097452425	0.00873933598590732	0.00930589707379933	0.00811671051600632	0.00915552634882056	0.00968463475766503	0.0105428083807573	0.010885955090895	0.0111057150638861	0.0098137776023572	0.0114966316410937	0.0124197900472758	0.00913375683630535	0.0108747454751949	0.0129337528771232	0.0118305481742987	0.0118637357264922	0.0136033950464127	0.0101169501920603	0.0111177893335784	0.0102615349042108	0.0134528318435545	0.0150630489771594	0.015592982132958	0.0153878687137632	0.0117351184621166	0.0154619813451614	0.0153668298823176	0.0126632005905605	0.0103741414724689	0.015204223221337	0.0140353237780435	0.0267999995693386	0.021198676397012	0.0182988770424091	0.0258967554523929	0.00411815069680662	0.0113329244310817	0.035534728518462	0.0252189625046093	0.0434144193861545	-0.00232425572410153	0.0588690962307516
751.073	0.00808074668602145	-0.0037049042851839	0.00531469130842015	-0.00334772946411739	0.00208597980462897	0.00528648153381011	0.00236164047020784	0.00246564635955355	0.0084676029567587	0.00148470571849328	-0.00116008148734493	0.00230111808422402	0.00432320721409068	0.00672931207945838	0.00429594383496012	0.00677947860518537	0.00682819533611262	8.8318022935977E-4	0.00888844804444971	0.00418532952121692	-7.08546432356828E-4	-1.38470041724032E-4	0.00175532682370287	3.89045178172741E-4	0.00658642950364923	0.00374628042114905	0.0017988117290748	0.00120337880676921	-0.00130885964347576	0.00735901165666977	0.00308113336539844	0.00410283242146964	-5.36456620971535E-4	0.00337106735558024	0.00803787517302697	9.09112225105984E-4	0.00424695923158182	0.00106105050403125	1.7539481983833E-6	0.00324879404560871	-0.00174423799040604	0.00382761891483984	0.00289200795548649	9.8872846776778E-4	0.00293238693451637	0.00518160744588631	0.00216517920238445	-9.32465423758426E-4	0.00452239283977311	4.95041434115713E-4	0.00144800108116641	1.61427742623648E-4	0.00168041418558006	2.99941556079819E-4	-2.14276136592027E-4	9.95993172452297E-4	3.48580928523065E-4	0.00305244358122057	0.00193516539524304	0.00256109765591825	0.00181084126874667	0.00146162307269872	0.00187538255117353	6.15988186560961E-4	0.00174919969607633	0.00195728567954875	-5.25523575378827E-4	0.00160557592697364	0.00112665685524423	0.00132633137502554	0.00286948863762646	0.00276210083902757	0.00109345502748506	0.00255243787527207	0.00235329699012344	0.0015223584068857	0.00173273292818222	0.00447686440958286	0.00296007292221825	0.00258871936677855	8.46653733256743E-4	0.00200731576453198	0.00115228671998748	7.91705646098397E-4	2.84880565739251E-4	9.5389877718153E-4	0.0013147515016186	0.00290377713577024	0.00279818559483452	0.00233597523086881	0.00179190269223705	0.00254045786671834	0.00171477321714626	0.00253441438238674	6.46889984046098E-4	0.00152160021545411	9.91867860482635E-4	9.08769795841522E-4	0.00254697257526221	0.00173989844314251	0.00116115416614667	0.0012724961587522	0.00109656799520084	0.00228375508262177	0.00189807802443911	0.00158883603355489	0.00219787579619286	0.00185254997977208	0.00192766395580802	0.00236863035773874	0.00237562246176449	0.00180442355101568	0.00264068613735104	0.00227672698355072	0.0012622132226348	0.00170939928942565	0.00190638226382341	0.00240857815360233	0.00206982725737234	0.00192453096686521	0.0023372677381305	0.00220211743021025	0.00211110283276259	0.00284077366073702	0.00252437602183999	0.00264531062340218	0.0025224822531752	0.0029971151961584	0.00215805449181012	0.00250141770280307	0.00286622117906558	0.00352965188016354	0.00348119745086169	0.00203060244209555	0.00280853167771811	0.00279628278905426	0.00241674119231308	0.00299916907190197	0.00418079853595215	0.00371180758014694	0.00409038722565281	0.00447168654040191	0.00353752805949831	0.0029975243563799	0.00349303196276849	0.00411734579403639	0.00390626643034041	0.00453646276112899	0.00549503830394694	0.00410586055134057	0.00397626249883892	0.0040888115701192	0.00443470529058169	0.00450502775360338	0.00392245254809171	0.00427357671448064	0.00507992928510826	0.00542082169351379	0	0	0	0	0	0	0	0	0	0	0.00504185879369055	0.00488646186575448	0.00526324733039616	0.00513231586241866	0.00462494462338021	0.00613496470376304	0.00436462753355513	0.00662509153691619	0.00675155951455182	0.00646217251319271	0.00590409529479354	0.0066663776623153	0.00682135577991785	0.0064152658989889	0.00625215759697007	0.00725474375327428	0.00750901644617163	0.00667800756897088	0.00675146006560844	0.00832875891159376	0.00781710185818505	0.00834169433786172	0.00841419162175892	0.00963544222348136	0.00956502078733025	0.00744579006903469	0.00825699374887515	0.00867052366982338	0.00933456505477015	0.00937024603593293	0.00994917406670194	0.0107414400749015	0.00977938818304102	0.0091672118370181	0.010961019360141	0.0112913216873833	0.0107859063901759	0.0114456447266094	0.0080866965255763	0.0127803679852174	0.0128045617032269	0.014644207521019	0.0122889994298458	0.0129814208874985	0.0133826950901022	0.0111593624578923	0.0113799431670895	0.0103147713492404	0.0115544217567711	0.0154128062814006	0.0135498459995239	0.0140549512097103	0.0148375386030447	0.0150656945913533	0.0140355787162592	0.0086505816289813	0.01956586857391	0.0169260046590706	0.0183732924373867	0.0128372324007325	0.0120630620577322	0.0233346439034852	0.0226230000434395	0.0278477404125144	0.0101323255743009	0.0300262427163772	0.0534235241023142	0.0358509884038251
755.831	0.00493682507911334	-0.0101396564073613	0.0028524801441364	0.00322593213656936	0.00272519034308463	0.00308062796386955	-0.0027648160504615	8.47010555153517E-4	-0.00133355217727895	0.0101456891237944	0.00358592340049283	-6.65979575706202E-4	0.00165228693378461	0.00514084793845576	0.00567446155413608	0.00140676185733916	0.00396645086315694	0.00467878716365896	-0.00178903289037249	5.80734654450612E-6	-0.00115967267908121	-0.00113409220547214	0.00208154490474171	0.00173686245656447	0.00267955997489891	0.00595819956146375	0.0028350749604466	0.0056649627622646	2.51930208351214E-4	-4.73280729626252E-4	0.00421814875228563	0.00376271002030997	4.4903559273431E-4	-0.00312818191684991	-6.29362532647136E-4	0.00290464522634123	-4.97068701417363E-4	0.00277476588094054	-0.00164206138096089	0.0036225910412621	0.00254946142697546	0.00636020991088886	1.92457224788722E-4	-0.00193042351498554	0.00437637322756686	0.0026169436643403	0.00382896695129443	0.00149332080629765	-0.00161939924408394	0.00396288206284179	1.71008508855541E-4	0.00120990596197175	0.0021950245916994	4.62138573063338E-4	-2.19595847701096E-4	-0.00231222329374899	0.00439702663724445	1.44204980299176E-4	0.0018524621845556	9.48435842315448E-4	6.65022682098144E-4	5.23540300842597E-4	0.0019912299236948	-5.93182224898841E-5	0.00185971920920218	0.00127869800855531	-0.00125248576518516	0.00364928288915583	-1.12005614389157E-4	0.00232550967297478	0.00322316196062192	0.00223592451046035	0.00256514747022323	3.6754824052474E-4	3.10665062291633E-4	0.00217011852404847	-4.90392120387617E-4	7.77980052057733E-4	0.00147456253672276	9.82596730359068E-4	6.42833623206867E-4	4.95726243288314E-4	0.00114098034600466	0.00243786809035605	8.37363239118734E-4	0.00179364463737224	-3.53377284135995E-4	9.31527809650361E-4	8.32899045354553E-4	0.0032087417014958	0.00144598340946221	0.00215110909124305	0.00165716254376459	0.0011506949438081	0.00182445174538916	6.21255630526188E-4	8.28766314364952E-4	8.7142404500973E-4	0.00191600299282663	4.4878343061075E-4	0.00162627498013173	3.34484954575341E-4	0.00154457043467045	0.00234399641504633	0.00178043520196237	0.00208787600639683	0.0019744540921737	0.00128219096701983	0.00171044430783582	0.00231277302458451	0.00188867217228566	0.0014856966554049	0.00177120964231934	0.00124958859076739	0.00138256102000841	0.00136693785044822	0.00186577810580841	0.00157330500483997	0.00188266231176652	0.00182096565374692	0.00223366161024357	0.00141858213833887	0.00164703871477517	0.00146793328151026	0.0022708544603769	0.00301260486696034	0.00211728362867678	0.00241439563715736	0.00210650331696004	0.00302158397176278	0.002574392971028	0.00230340208990254	0.00257807981003707	0.00268619353503072	0.00189796556347901	0.00274874538990967	0.0022620067072152	0.00352129079231834	0.00336418815255945	0.00298613993942409	0.00281766836218958	0.00262208461249314	0.00376466096947791	0.00266001893101362	0.00459038299496401	0.00308109810473984	0.00338210376088743	0.00320573098100867	0.00374036883997321	0.00433224583777538	0.0034436025631816	0.00340294953965965	0.00326039637070929	0.00364361970434853	0.00416489250214176	0.00374807555384081	0.0043918630059743	0	0	0	0	0	0	0	0	0	0	0.00450575653849668	0.00452449891982131	0.0055384890179295	0.00535145783981539	0.00469535228542783	0.00482085703368223	0.00465291902556556	0.00538018006033812	0.00531342926075591	0.00583836326729219	0.00629890944883319	0.00660294537555855	0.00671050758417168	0.00580434548692605	0.00623201957380637	0.00630662704380507	0.00690764939288272	0.00773520104433616	0.00649465269658757	0.0072673964634357	0.00715489680100039	0.00711342281620916	0.00792795066291005	0.00788368796709371	0.00880674530394152	0.00796684283708899	0.00984998848814059	0.00721661120136414	0.0066283358024268	0.00899784451847362	0.00842427752331633	0.0101694093640772	0.0103929852778261	0.00847225153097157	0.00985779165179155	0.0101299891287028	0.00911907306022165	0.0100600341475612	0.0106296159857014	0.0104868545427086	0.0113945148295876	0.00999898456436637	0.00982077013609593	0.0104863170029166	0.0135510503791442	0.0114233459774839	0.0122160043912249	0.0112299521143785	0.00926297819271664	0.00827085180168797	0.01296983496549	0.0118887900317995	0.0114212111223706	0.0115882338422267	0.0147521913354799	0.0176900298426424	0.0193210115309907	0.0191066883041435	0.0193508525934424	0.0255530162351269	0.0212997711380766	0.0266578394869513	0.0203742355981394	0.0220060792662771	0.0341994434408421	0.0432320356454408	0.0314932887725853	0.0120896469970221	0.0531486972392626
760.59	0.011139584769203	0.00130414585142209	0.00243110316939255	0.0105520033107831	-7.96615821598084E-4	-0.00222064776437627	0.00779608482346559	0.0113991164760856	1.62714407122353E-6	-3.45048972846515E-4	0.00575937857429162	0.00310969736675429	0.00571974840003208	-0.00180422349518205	9.70715807765488E-4	0.00569973430826526	0.00312203133028291	-7.65366380080939E-4	0.00535666882109188	0.00318074575193543	0.00253779604816284	-1.44277587350368E-4	4.26843083456663E-4	-0.00108728417876933	0.00378522657057058	0.00291816797360717	0.00504136478867643	0.00276972327233087	0.00550079841707615	0.00123149529193333	0.00551215185946463	-8.13340079735677E-4	0.00124949673771368	0.00530750659667079	0.00476556395060912	0.00212297860422716	0.00155438040129422	-8.09005300223334E-4	0.00178556911678879	0.00350976998389014	0.00173524459555445	0.00545463601418346	0.00256499977888723	0.00113475954088645	-0.00111657514000476	0.00562957201840207	5.45352734456433E-4	-8.60445550933126E-5	0.00149736085315263	0.00534629548941542	0.00227670025621051	-1.62490564619692E-4	0.00224446054490466	0.00483743698924066	2.2928692779936E-4	0.00200255244690898	0.00268560128934875	0.00428153858847334	0.00175405435395766	0.00234640980925512	1.27078262327082E-6	0.00173656181776578	0.00341449230554602	0.00219400410440748	0.00209222149168381	0.00199341880650395	0.00202094278244034	0.00379518594301917	-5.83050088541035E-5	0.00232123408427067	0.00244586695758962	0.002175667695173	9.29906114378823E-4	7.51095042951465E-4	0.00157759339454642	0.00160024713818173	1.53575103871583E-4	0.00168444677660856	6.80928646023137E-4	4.78477328473635E-4	6.10504723947235E-4	0.00242960139261054	0.00322945906264873	0.00214593451835689	0.00166477077945285	0.00104357056979546	0.00276219801377177	-1.97016123580438E-4	0.00119906982838068	2.64942839709151E-4	0.00295550806863385	3.2605638331985E-4	2.48519431250539E-4	0.0012109400098192	0.00139133560993386	0.00186442307598743	0.00253907627495659	0.00152845783334889	0.00211552912363997	0.00301499253334644	0.00296936328076209	0.00190648008134568	0.00120539648371072	0.00224795510514021	0.00221592852181709	0.0015967309204909	0.00161234505418801	0.00119958723964614	5.90794795329534E-4	0.0025091084934208	0.00255556330544532	0.0019349578202319	0.00168350266076733	0.00209317415242353	0.00102815744206234	0.00209778819675982	0.00198931521583323	0.00191300524206722	0.00204369715995078	0.00225872895331202	0.0019465027009483	0.00196465524333789	0.00225797162537077	0.00183682470137663	0.00249871457627208	0.00231191342089716	0.00267341718651797	0.00244372248031576	0.00174210215133243	0.00265576507623675	0.00247400204570691	0.00280780055645283	0.00175092656037595	0.00185129064411498	0.00171563684062916	0.0039335670019465	0.0022157466053295	0.00226917588180497	0.00416241910390052	0.00324120771058496	0.0024793108947327	0.00302670718899544	0.00274532704257967	0.00326277937945781	0.00305378088463823	0.00396517041287725	0.00300219960093782	0.00424065496597841	0.00509486109927618	0.00370676274698601	0.00216364997299791	0.00406255743009202	0.00256063707810322	0.00444738122863781	0.00457958744684588	0	0	0	0	0	0	0	0	0	0	0.00513257049608464	0.00359822753844427	0.00520172460210223	0.0054247872517412	0.00544065133357194	0.00558076299356775	0.00569770931838992	0.00567347200912186	0.00583425132893389	0.00494465738523705	0.00572358157069585	0.00584697480422419	0.00547903463019242	0.00622983859165638	0.00622681367474503	0.00566979011216001	0.00682423106189877	0.00651279602019981	0.00794112736542361	0.00753055195354752	0.00796437058007263	0.00803911968566617	0.00826425992522088	0.00941045274916536	0.00862800784036586	0.00614978467650038	0.00869680231252978	0.00782903850477669	0.0085275940830753	0.00890364148177332	0.00992216436840222	0.0101251129920124	0.0111874096158668	0.00936632541263992	0.00835834791135333	0.010408477865136	0.0105069710475446	0.0112780684861456	0.0105727711522991	0.00962549472046229	0.010175623930844	0.0111368303749428	0.010207908671358	0.0115227917778604	0.0121048018014472	0.0106629105484178	0.0109442436821359	0.0105462552183701	0.0140688994450219	0.0116790159304487	0.00987133306897047	0.0129564122863161	0.0147904946491786	0.0137778530667658	0.0105834182330488	0.0131930054643303	0.0114736904026185	0.0110617377999762	0.0249446980684312	0.0201599985397362	0.0157578365370073	0.0152401977267455	0.014344057462978	0.0188462523477687	0.0157363058204298	0.0375131385757128	0.0359757502806827	0.0257731753557231	0.0248447149552256	0.0321936187020501	0.0282504946038866
765.351	0.00514956591460101	0.00874180978384874	0.00370996815674278	0.0100636350108275	0.0121474457164369	0.00264051014588924	0.00901504229033036	0.00668353932047818	0.00748556455199701	0.00177266246637549	0.0012557673398272	-6.96778928028161E-4	0.00376311187456003	0.00368119032271056	0.00574563981721882	0.00838464076207416	0.00619597602612415	0.00738588667904668	0.00156154564908161	0.00247233838898709	7.64039596254781E-4	0.00297605887868615	0.00418665086915738	0.00471307909249664	0.00385524260294917	0.00620341282042776	-3.79320816108082E-4	0.0125619073461838	0.00470852567671223	0.0021286807587876	-8.48841942757546E-4	0.00130908163019677	0.00669314879343115	1.16406926276871E-4	0.0104697721196537	0.00237649450830163	0.00306310673137616	0.00701130006091161	0.00575100707098148	0.00644829836859405	0.00137606059442861	0.00584325377573179	0.00463864711552102	0.00460347044984684	0.00304269888532416	0.00310114953543331	0.00343014413392906	2.78443219572554E-4	0.00313799144517175	0.00140680874193711	0.00189281494535001	0.0034331470703219	0.00293712153894018	0.00277991435274133	0.00510655240375387	0.00272084586537497	0.00243905382025594	0.00123700379168586	0.00478177955712765	0.00238684094316084	0.00380134579992893	0.00271871195316062	-6.4608535551922E-5	0.00184003439622218	0.00348379682616604	0.00196476974546652	0.00436283413888871	0.00153429183611834	0.00343024036049016	0.00389704260210905	0.00248935384850337	0.00159002218570163	0.00306137389864704	0.00185501992546088	0.00214326925975976	0.00330856745080332	0.00128911814381002	0.00247043527581751	0.0024719394218481	5.84479821230974E-4	0.00171613921144948	0.00177322323539488	0.00132438850981289	0.00293884913100436	0.00321395860695424	-2.94077560032988E-4	0.00277014868814652	0.00108979216418933	0.00326634500688499	0.00119168757171863	0.0028940009465523	0.00227623571991847	0.00140209442895677	0.00274591440643287	9.33463930891668E-4	0.00210175122505861	0.00149174463839019	0.00291290779350313	0.00133172272697685	0.00309983304270548	0.0018154454679433	0.00127452519844655	0.00264188389364221	0.00262127351713716	0.00177912889920866	0.0018743039525048	0.00230071731888614	0.00218732005763864	0.00176000703231029	0.00125614251792437	0.00223204486973284	0.00186885980467747	0.0018064531882788	0.00217984110922433	0.00150071920291275	0.0015910001077176	0.00179462864564753	0.00190368037308897	0.00145231024600293	0.00131909467050909	0.00273655035311742	0.00188848936415594	0.00165355651151077	0.00303634317010824	0.00303384585306433	0.00251901280651169	0.00448166477288829	0.00287305364470543	0.00239101554689763	0.00339758172175784	0.00213418680511047	0.00237142371348739	0.00223305286652144	0.00285029774889389	0.00243774366307173	0.00215387310589199	0.00392481428631966	0.0039753303831283	0.00277150066788717	0.00308351484910296	0.00367715942033694	0.00448367178960826	0.00301909368615083	0.00352557757525084	0.00319650773061976	0.00354537691706956	0.00302381342218401	0.00365316276297688	0.00386509313945579	0.00284475846178334	0.00406867571737724	0.00434071845151687	0.00438885987357612	0.00315389821906869	0	0	0	0	0	0	0	0	0	0	0.00396080535282493	0.00417269936429188	0.00436648644789099	0.00464053664714482	0.00577933964321779	0.00433950353220927	0.00484814649429758	0.0045540702376919	0.00535741356143469	0.0054426749781454	0.00607242419977897	0.0060060839527727	0.00592168363552947	0.00632056053810635	0.00598740931999644	0.00690750375338744	0.0063505626878876	0.00733711958142432	0.00852509757063601	0.00707563611213585	0.0079934779176865	0.00791474920595302	0.00721642326743264	0.00949537799324945	0.0077131100418913	0.00811838969118922	0.00966893702706587	0.00888214909673147	0.00974208112964115	0.00788315105232918	0.00847876782530646	0.00946448069137457	0.00892750778304217	0.0103466346926134	0.00757206730242149	0.00810833178259789	0.00914149813864505	0.00904801947918988	0.0104037172446546	0.0104044957517421	0.0104233178864854	0.00846964457076421	0.0122642548920014	0.0116823270521549	0.0099538796623655	0.0125933355541749	0.0116597477381685	0.00917487587401992	0.0153038855192685	0.0113985595543693	0.0116959729889717	0.0162431317893762	0.0126612681620593	0.0102138632032593	0.0205552670870101	0.0155237698425078	0.0135598190932496	0.0138877114808546	0.0128852427689142	0.0163163427101686	0.0196972612480337	0.0201533853933359	0.00671881965077201	0.0233518885444559	0.0327154770139075	0.0279198934407652	0.0326626452376097	0.0297639003457619	0.0359079157608444	0.0580574737158646	0.051223194308558	0.0351334079149211
770.113	0.0101183124283818	-2.57166493199031E-4	0.0052567534969867	0.0034005033258513	-0.00573965467107888	3.84362970638386E-4	0.00146062698094553	0.00356718348704478	-0.00563734979968324	-0.00124346793749187	0.00234337788872214	5.35986961771025E-4	-0.00294115355881317	0.0016976620551558	0.0149489500762204	1.72273852639861E-4	8.08102069813576E-4	0.00207247430270696	1.61825869677108E-4	0.00141115771213635	0.00323109626660402	4.53140826055453E-4	-2.87992390987007E-4	0.00294544018382612	-0.0048405031984656	0.00353638712251626	2.60764045756961E-4	0.00415579523116863	4.66176353880689E-6	-0.00101567874434422	-0.00123178396660928	0.00144796393471014	-0.0010462312104436	0.00239800554838667	-2.18360670171268E-4	-0.00262404352585958	1.11126955583696E-4	-2.07021839319915E-4	0.00102653942942762	2.05425573883212E-4	-0.00218482208953622	0.00345535425509687	4.79281037728401E-6	0.00311138172069078	0.00510137270119932	0.00390077979538025	-0.00271358317713221	0.00434336338336185	-0.00144429757759928	0.00115572532959576	-0.00103958900732656	-9.29776926380364E-4	-5.75539117780789E-4	3.23023102333563E-4	-9.36101448044745E-4	0.00160784554004588	0.00374355466575151	1.39855755703759E-6	0.00260193316129932	-9.93600238101537E-4	0.00370916194541014	-0.00123797620596687	0.00257260365624505	0.00239430850816259	0.00254939707052013	6.8425849203636E-7	0.00157907867018876	0.00105611735026271	-0.00158191417747504	-9.55235875598736E-4	0.00105563599172852	-5.74299635559313E-4	0.00214264079754763	-7.72090819543656E-4	0.00206044248434721	1.09743835006474E-4	0.00213865401844905	0.00209492174996338	0.00355482714196611	0.00172212034717828	0.00149625780820286	0.00269279110251422	6.48351104095065E-4	1.37004517278942E-4	0.00114602095387283	8.80271870705825E-5	7.96581378364576E-4	4.91195229955551E-4	0.00279082214192174	3.89438810171224E-4	3.06956620329514E-4	0.00133828642940781	2.20002799478723E-4	-0.00142151419333843	6.31361269549501E-4	0.00127150649504351	0.00144297350230052	0.0010181996517253	7.06629192987996E-4	8.17391734720671E-4	0.00140837317622541	0.00137841854489268	-5.31452552691519E-5	0.00171719172331333	0.00147181889680263	0.00204931499694224	6.20410256849273E-4	6.53081021367014E-4	0.00169566622143608	0.00177274201688223	0.0012866017101526	0.00148573760749433	0.00137231191656277	0.00186582629940875	0.00141266402186434	0.00175223658058984	0.0017769001106294	0.00155966382823328	0.00166659458025506	0.00230966634043805	0.00176272418561066	0.00151635482994255	0.00169467404215755	0.00144111588904689	0.00128835442864326	0.00214216431672688	0.00199556435137042	0.0025468319207953	0.00131068339172714	8.18465912228791E-4	0.00171858231666734	0.00215681403999615	8.62037300831585E-4	0.00209274541548996	0.00223509935227066	0.00246382696681182	0.00179664248260218	0.00249388983093445	0.00198689313822579	0.00214547200291556	0.00127815553894784	0.00235457425323909	0.00331476662810281	0.00230179525586547	0.00151399682513297	0.00306465837173697	0.00347221462643479	0.0024248565640903	0.00165595939460867	0.00259893413583023	0.00268720014741121	0.00311096288785912	0.00349812229355769	0	0	0	0	0	0	0	0	0	0	0.00333544899928009	0.00302313818192958	0.00401430392225298	0.00476636451188219	0.00301085620094409	0.00277001286598163	0.00384276941925772	0.00425409829958905	0.00498000306954863	0.00359193235936641	0.00538176869217676	0.00475220117344153	0.00571183575522928	0.00522147990930808	0.00575380538276637	0.00524558871034789	0.00613986016123754	0.00598316066911626	0.00611729028663603	0.00676840959574662	0.00615159081605014	0.00687045951891486	0.00606116785075919	0.0066596204307752	0.00571165486427582	0.00657970721117523	0.00604507292584455	0.00673306551410643	0.00892542374065395	0.00690400107445904	0.00771762565772706	0.00972027549787891	0.00926658635385494	0.00679305238721147	0.00888758261552623	0.0087033600274053	0.00883373048838135	0.00760913741764195	0.00854787665982281	0.00827388284494205	0.00813425097326972	0.0101327500634157	0.00751377898808472	0.00792793642172106	0.00945434536074622	0.00908861652399536	0.0112051049179025	0.0116605766696687	0.0122272749247879	0.00842635388767646	0.0112758352940655	0.00815237033163634	0.0120656936162958	0.0141916839775177	0.0120146980264985	0.0065085754291112	0.0078648162694041	0.0164795314963443	0.00988090069399177	0.0194920742827958	0.0187301037269611	0.012959329859702	0.0166984375423249	0.0141335691580329	0.00739620470263542	0.0197533729628722	0.01131402547562	0.0253484831495489	0.0108733460074433	0.01674337615932	0.0304568958631468	0.0297672824776234	0.0312707208934611
774.875	-0.0041975361293224	0.00549350027804562	0.00206139956738365	0.0107010209330512	0.0048462732820419	0.00704994380727497	-0.00262623413877132	-0.00164634079711795	0.00760226811914535	0.00586020729207276	-0.00258515421452457	0.0045609385891848	0.0126290200302391	0.00260833492367812	0.00136234491038001	0.00118036840425077	8.23505460052769E-4	0.00473502981423713	-0.0040486752773386	0.00545520135181799	-6.28848603257539E-4	0.00107741032737119	0.00390048509857778	-8.62845768567132E-4	0.00193397806936771	0.00107470279288226	0.00519897831313855	0.00266457989279839	0.00291207095146195	2.58424111040401E-4	0.0035557391486075	0.00234140346736446	4.84072269909093E-4	0.00479701630233627	-0.0040098154086814	-5.61707788161257E-4	-0.00373145221604463	0.00632737150148645	-4.17240625598102E-4	0.00484858087086377	0.00245018614057513	0.00202674436822825	-0.00150328121551648	0.00149542066902829	-0.00256398651927234	-4.85677359167404E-4	0.002990140485658	0.00132571175843045	0.00642240979282743	0.00228286965507424	0.00223278913508695	7.84058044020684E-4	0.00169750719675364	0.00677096152086398	0.00281674837318671	0.00314048368390066	2.31924228523896E-4	0.00233720276470756	0.00400663624166302	0.00613091004038735	0.00122317835533408	4.95066527341809E-4	0.00208407914244785	-2.04328444689802E-4	0.00315189702377652	0.00230651073378822	-3.23737672587943E-4	0.00235885644343093	0.00156452689404517	0.00325579541423996	-1.19540792414335E-4	0.00177037601347606	6.94909918414971E-4	0.0043676781207815	8.91661780382226E-4	0.00191243121898435	0.00240686020580245	3.67428868508443E-4	0.00318695499453942	0.0015158432136107	3.49511614672595E-4	6.30948695074641E-4	0.00185060224438902	2.77275176137476E-4	2.71230779401255E-4	0.0014542467137969	0.00154635683682765	0.00134141380688314	0.00167811255328798	0.00111928921723466	-3.12329611699225E-4	0.00282393275900485	0.00160658206395482	-2.90703856023081E-4	-1.06456838413771E-4	0.00144529476693054	0.00141279329121887	6.42122033247509E-7	4.63015158057694E-4	4.51168375221756E-4	0.00245208689061292	0.00246773871452335	8.78610477873295E-4	0.00136390220701357	0.00174620006617482	0.00145458084022611	0.00101837803551654	0.00201196497078439	7.59139204945532E-4	0.00124220145268726	0.00155469414060193	0.00146248038166977	0.00111587193336485	4.39665737973039E-4	0.00149822142877269	0.00165387336567737	0.00131948780610415	0.00129554630933711	9.65221458146499E-4	0.0014209753827408	0.00153947666872812	0.00196147675320264	0.00176050564779825	6.84862982620955E-4	0.00157746424089024	0.00197828874052053	8.62328149793629E-4	0.00117841607968739	0.00175592099910905	9.56584501263318E-4	0.00187792749615868	5.88837521427568E-4	0.00113368705524239	0.00258362100228386	0.0021886862142582	0.00242386478829212	0.00244967756612989	0.0013874312920015	0.0012786863532306	0.00159046320315456	0.00291689939864765	0.00334264181946516	0.00287617106051972	0.00305843823130164	0.00354132883148924	0.00219372245158275	0.00120085517572642	0.00173689241328181	0.00183076060269352	0.00311826128019413	0.00297935785271274	0.00356210330281326	0	0	0	0	0	0	0	0	0	0	0.00307976986190069	0.00378452144671437	0.00280265709298301	0.00431299321438839	0.00307337103656791	0.00428435129054157	0.0043054789778847	0.00454126780374015	0.00550150728006601	0.00479152057603401	0.00460407380242068	0.00436783413611757	0.00531403485483778	0.00463851959300861	0.00489522597371619	0.00529909606538112	0.00507878754304649	0.00633395307052408	0.00640366544901049	0.00616452611280082	0.00710064131592708	0.00659369148735157	0.00655112823881904	0.00671076362355565	0.00693983631101992	0.0066195622950061	0.00770694891485488	0.00747087129280113	0.00943006530406803	0.00648718738141877	0.00755298623848523	0.00765124238450845	0.00689616906903531	0.00853231883350716	0.00836183608641992	0.00951480882904572	0.00783209998831694	0.00911769206489956	0.00809705708773125	0.00829080830452343	0.0101141254910658	0.00772504333579903	0.00848923329012242	0.00840765161564155	0.010995760847827	0.00970974241673281	0.0113764152830966	0.0123763355302311	0.00921202944553381	0.00995163849555129	0.013582451544253	0.0117634662929765	0.0130405174981699	0.00706692695879949	0.0089611098690686	0.00971147235546664	0.0102066848523973	0.0100277288621364	0.0122774775567562	0.0121416392034464	0.00510133114580399	0.0120694113053243	0.00992978477208353	0.0140529922470225	0.0142462771840628	0.0145744852231276	0.00791103350631917	-3.85536691363163E-4	0.0189717408898107	0.0233502398117088	0.0183814585545478	0.0163433359572432	0.0209636678024436	0.0132918711901122
779.639	0.00600710524446155	0.013438516510251	0.0112538118643592	0.00213190671582467	0.00578435440856919	0.00518255032511061	0.006297477639606	0.00539922375239307	-9.16418934251669E-4	0.00353652124009079	0.00244384189133295	-0.00594225531731647	0.00434129032839154	8.86940648660705E-4	0.00468781207608199	0.00443115371443737	-6.71206410034104E-4	0.0074792694458184	-0.00412234971824282	0.004406264938322	0.00385192874112372	-0.00109714488614464	-9.14238334969265E-4	0.00249832379481639	0.00351683287821534	-0.00150501791079772	-0.00352784078548954	0.00583656820528797	0.00255742158114863	9.24300210517426E-4	-0.00102869890922152	-0.00275910207729237	0.00475969220574673	0.00786595352169347	0.00245271154485088	0.00319897130219119	0.00100868202456978	0.00229321257003961	-2.09806988076821E-4	-0.00209769425051374	-0.00186735739854294	0.0054644946847281	0.00174258338617597	0.0055812151488477	0.00482456986423912	0.00417355492475667	-5.85273596252439E-4	0.00173553056406142	0.00511095162101113	9.29454668928666E-4	0.00227107660849885	7.98699308587967E-4	7.77608179684785E-4	0.00336266699105431	-4.89577463858901E-4	-6.36563230732727E-4	5.4559151776677E-4	0.00399119877317046	-0.00166187138007812	9.66616092194916E-4	0.00204788631758022	0.00115105673483935	0.00183921327145076	2.11234424683228E-4	4.79258989908758E-4	-0.00281644223259717	-1.33442623329596E-4	8.44475582302459E-4	9.55934362486192E-4	3.7493405454066E-4	1.83800108667685E-4	0.00132307100230833	0.00123757601094946	0.00236867944464216	6.82569752460263E-4	0.00122250432570416	1.61045605156156E-6	8.02470634862253E-4	0.00177948852477793	-3.57571592497936E-4	0.00141168365755109	0.00286170751985742	-1.42747494199648E-4	4.70563676177955E-4	0.00216140141263603	0.00255773713058517	0.00148619712050958	0.0020483761794722	4.21656393957419E-5	2.44280017804961E-4	0.00107397603736446	0.00112742108325366	0.00243371915786598	7.46793863613441E-4	0.00157200858140486	0.00261813005693367	0.00154299950508072	0.00178232709830712	8.72155898827362E-4	0.00180467650102826	4.18189213376968E-4	0.00306257901809726	0.00141261497540133	0.00125100342040976	0.00106077665383685	0.00266897586331731	0.00106193108626246	4.63201882537862E-4	0.00147706229688178	8.06809739325644E-4	6.07656772815156E-4	0.00123340950072604	0.00151438634166607	0.00141353361057269	0.00152485774422169	0.001476575418248	0.00135715068117166	0.00111133155517109	0.00148914215852871	0.00136041829745564	0.0015115859241418	0.00116704781157669	9.61594482921596E-4	0.00110169876633573	8.50980253319374E-4	0.00233904262557907	0.00181042928987529	0.00207640250014715	0.00104248771521572	0.00194602169176291	0.00153486094436719	0.00131250534769299	0.00182909939548711	0.00307195060128177	0.00233633481089409	0.00195773107745975	0.00251994003288804	0.00236153768841306	0.00141292274531932	0.00238407960513833	0.00236882889296015	0.00165873923483919	0.00200166397582163	0.00265187381218843	0.00265724704706192	0.00261979777953536	0.0027040312336282	0.00290042503505379	0.00359062511630766	0.00340267755025376	0.00354221806906496	0	0	0	0	0	0	0	0	0	0	0.0032592835120488	0.00398154718134843	0.00396412419457886	0.00346586094874421	0.00388973029757993	0.00290694313612606	0.00400218331526133	0.00405162373672604	0.00343902212115552	0.00573655601166845	0.00432889575643356	0.00493253939564589	0.00367717938051835	0.00469122443576339	0.00472093056906613	0.00495475164511973	0.0059863091207279	0.00645375402085961	0.00534824207397174	0.00613590581227836	0.00657302319251059	0.00561120218764716	0.00624243132131983	0.00676463215195258	0.00821450192179505	0.00760605408027871	0.00670246729789791	0.00709206722197769	0.00734660650969672	0.0082428548574488	0.00894722651386561	0.00866790887739675	0.00894548462920638	0.0103646202276159	0.00709895429134839	0.00996452187548255	0.00959633400824016	0.00927750977881367	0.00807317423593435	0.00876811414135475	0.00848800515659277	0.00916331708110734	0.0083947871868904	0.0126455705897117	0.00967085684961446	0.01125348896151	0.00968621703288841	0.0115082378246754	0.00987006784496245	0.0117975702279355	0.00863402872863919	0.0103914674089022	0.0112257387627225	0.0100049540160142	0.0120907124744522	0.0116477860218284	0.0127913666104489	0.0070510248013405	0.0135208129107215	0.0169364879575246	0.0143931292502398	0.0155398672343363	0.00883079227396321	0.0109639882422877	0.0184276791614551	0.0114908487443879	0.0120566690955138	0.0269430377276007	0.0271971652310281	0.0211137049169845	0.02221723523357	0.0150877765853289	0.0267635833993661	0.0657951640927991	0.0721348488186606
784.404	0.00492840237905546	0.01221433794944	0.0021257121015996	-0.00144295854368083	-0.00239576467139534	1.17034807264244E-6	0.00271119492304206	-0.00207751487457007	0.00243438132507591	1.86616221616292E-4	0.00133604633193129	-0.00226564479751673	0.00514545826548494	-3.58761354946964E-4	0.00493170849532786	1.7975105565176E-4	0.00357796971524903	0.00472850275458337	-0.00485505581778564	0.00182114330685078	0.00391344976145065	0.00127801424665277	-0.00201712697145979	0.00327210294921281	0.00213937811107017	4.14047262475376E-4	-0.00220484749279234	0.00178575741379778	0.00396720616734168	-0.00255077936272958	-0.00353652175525035	0.00191396392781492	0.00644593882216959	-7.26163872764743E-4	4.7517673670335E-4	0.00115986733942644	-0.00113413660374415	0.00110743235135952	0.00108528832816835	2.13214193503435E-4	0.00136744981006258	-0.00429387561155456	-0.00259448770396169	0.00175156740848971	5.11969010542016E-4	0.00463842784943363	0.00169484710680247	2.95289905709912E-4	-4.8098607998955E-4	-0.00367691865883694	5.5462354700716E-4	0.00153027041512444	-0.00236562011432044	0.00315656882862977	0.00199555886915507	5.69469575820574E-4	0.00174357277481863	-6.21474733491064E-4	4.594664923597E-4	0.00430123918843144	-0.00141064069484296	-0.00109527495314427	0.00244150023498127	-0.00465309875438348	0.00193938669407654	8.16372787175838E-4	-0.00113693508001541	9.21745228107757E-4	9.70508590097985E-4	-9.515016536061E-4	9.3316993457515E-4	-0.00103561279737019	0.00155572773484145	0.00216825014158235	8.03758222393197E-4	-0.00101450399544685	1.11365900047041E-4	7.03935928360435E-4	2.64534411626492E-4	-0.00125217148630456	5.64423668947807E-4	-1.61076671791057E-6	5.88190600885823E-4	-8.61481554821636E-4	6.99788287023996E-4	-1.83027768700272E-4	2.23363808535221E-4	0.00168883701061897	0.00135362633771297	2.47563908090162E-4	7.26626240819002E-4	0.00216945482028097	-3.46822862071626E-4	-3.02528253699959E-4	-7.35425074627746E-5	0.00134722519830222	0.00128132265545754	-5.56092891872649E-4	6.78991226234314E-4	0.00159907140222563	9.74525943373064E-4	-3.73313048157728E-4	2.0577863231161E-4	9.66120814858116E-4	0.00155908098798529	0.001717282782248	9.99543322792778E-4	5.94081094308847E-4	7.61368815738945E-4	0.00115079918231726	9.24693034756421E-4	8.85183880004489E-4	7.89440298244701E-4	6.90421670807429E-4	4.56255647699288E-4	0.00118450177302072	5.3698254534611E-4	9.48030731990336E-4	8.69094252325838E-4	0.00108736440881803	3.33496268200086E-4	0.00132478405839506	-6.39832400273635E-5	0.00136956235174904	8.62900441855307E-4	0.00107303210745845	7.5217627043193E-4	9.79702880397246E-4	0.00202621232473601	0.0020057258838767	8.52824344979918E-4	0.00133277565105242	9.99632102388324E-4	0.00171410709618367	0.00275780365161629	9.81442315842021E-4	0.00236829994631312	0.00223256052840164	8.15407021788715E-4	0.00270858638688905	0.00102402269382392	0.00212046661958724	0.00215199648823773	0.00325624316310634	0.00183010306462798	0.00341460038077404	0.00338391026720248	0.00280966971006316	0.00280197022650124	0	0	0	0	0	0	0	0	0	0	0.00336665715508901	0.00280910957533419	0.00284867099476564	0.00295354568659526	0.00276875655672572	0.00354766788876571	0.00377983091463603	0.00303501634037706	0.00369911555741951	0.00249062767815108	0.00421792114973345	0.00465424810885771	0.00467349942300148	0.00308856637550186	0.00395653471782336	0.00434286122676779	0.0061184263665977	0.00443440888099436	0.00478815313561801	0.00510356655102369	0.00498984329906829	0.00658753416730356	0.00679487395527192	0.00721342781804556	0.00684475679209513	0.00673813335038986	0.0064992579283532	0.0066200311644581	0.0060965306208169	0.00767240231352472	0.00790698413941053	0.00676417206283274	0.00639360854361174	0.00649137907919553	0.00713660365217572	0.00662937668763295	0.00771567729391435	0.00772887565044851	0.00689617170071438	0.00722558841204041	0.00697231058041074	0.00841539699182513	0.00730817948171387	0.00883254955252201	0.00716560500096168	0.00843208669960755	0.00589172234814994	0.00828724312717887	0.00910378864794395	0.00753363360042933	0.0106191471455103	0.0101529160811931	0.00842803786494261	0.0118015079211863	0.0132954931516532	0.00955449922835209	0.0115347276824001	0.010487489116532	0.00979988938409738	0.00866554579317707	0.00861547802814822	0.0138490695341238	0.0117537339478001	0.0103421272834344	0.0126652190614242	0.0128761801435059	0.0140286883244691	0.00916745264800337	0.0178832887046261	0.0202512411141455	0.0172091015046583	0.0132198110037912	0.0398697167605169	0.0257357109478823	0.00514969131350893	0.0198611969091365	-0.0652255023609429
789.169	-0.00292185132640508	-0.00631083566407091	0.0120701258014176	0.00339921906687661	-0.0026330090042873	0.00511341428471819	0.00156375657172898	-7.68305754948164E-4	-0.00698344543684705	0.011277123910924	0.0080930629652976	0.00228595677869814	-0.00742242726107631	5.47017868078152E-4	0.00303095718503104	-0.0057634020966383	0.00103524508354624	3.43274813246998E-4	0.00473611137305726	0.0013445515154925	0.00181482452711111	0.00757167575749879	-0.00234726733771481	0.00240723962140634	0.00201973917631281	7.00054635928843E-4	-2.76326194047638E-4	-1.40595850177825E-6	8.26080958465099E-4	0.00257458626392026	0.00343784873169479	0.00399273200030692	0.00500696830975566	0.00134708208145387	5.98584188569369E-4	9.36674765175396E-4	2.30963448434611E-4	-0.00123140136604905	0.002519413085933	0.00495245275136987	0.00170757115439789	-8.40743676339933E-4	0.00419689491435724	0.00291537333937306	7.21686466006423E-4	0.00315727772372365	-6.01841791210761E-4	-5.91526115002464E-4	0.00213737533432532	-0.00485334033886954	-4.63308857703603E-4	0.00163732639622116	8.80521932420065E-5	8.61006246638588E-4	0.0010907741131484	-2.41275163111115E-4	0.0040101776317285	0.00259797413172852	0.00162719438460128	0.00213343799033243	0.00532228785201251	-3.17474347979869E-7	-2.15279875947042E-4	0.00220765750968472	0.00244772674761841	0.00206428855699411	6.08198181538918E-4	0.00199529874002547	1.94596612500747E-4	5.76565693022948E-4	1.25658529369216E-4	-7.99204122211431E-4	-6.03585461523194E-5	4.73489722987548E-4	-4.62646519449094E-4	-5.51397586405794E-5	-5.30099913757072E-5	0.00207769531096314	8.06308808291682E-4	0.00205406050836914	0.00201704586603527	0.00141750209608647	8.90612780732434E-4	0.00116069334592999	8.01486416762196E-4	7.82426813885765E-4	4.93569950972208E-4	4.38872074958484E-4	8.52218806832491E-5	8.76412296569142E-4	6.11633498704242E-4	0.00111478486115975	7.02459953852619E-4	0.00110581631424108	0.00191101946718174	0.00150770909675024	0.00248016545637774	0.0012999766561969	0.00181947926798211	9.75181353113109E-4	0.00213160218967747	0.00103669252069391	0.00171498656477659	7.81201469886055E-4	3.54334150303315E-4	1.63857721142425E-4	9.30177343757647E-4	0.00204931753973166	0.00111812168728545	5.13954106619442E-4	0.00193323351365431	9.81431731609151E-4	5.71918810568193E-4	9.72251617995311E-4	0.00100367894077833	0.00101448341949765	1.91058528401517E-4	0.00133619143376449	0.00105531321426684	0.0016040173358397	6.35801047782039E-4	0.00200582450672155	0.00122509306375512	7.6058752158294E-4	7.99166636913743E-4	1.81434911929141E-4	0.00140627977521724	0.00107978220550638	0.00262591237868319	0.00133043004701325	0.00151428829108003	0.00207672071134741	0.00147147135620134	0.00130516650836429	0.00119720120360776	0.00214435539897017	9.62676290523333E-4	0.00269915930496483	0.00113577864361057	0.00157153882969149	0.00114603826434906	0.00175952274484262	0.00312258481378148	0.0014855427139592	0.00188056078398341	0.00202425652955367	0.00290909268092168	0.00140191032152724	0	0	0	0	0	0	0	0	0	0	0.00324275952139257	0.00280817350101226	0.00190069521553259	0.00255691491953579	0.00292405743081992	0.00291051029644445	0.00444033908280134	0.0032188627976362	0.00232768634087602	0.00328226470971377	0.00429494651435577	0.00479454204887385	0.00385543189093053	0.00426913143706294	0.0045508570814866	0.00405090192216646	0.0042718713697273	0.00355889042197955	0.0048218868660575	0.00480559413421546	0.00535776400112251	0.00483070447775967	0.00547722032164986	0.0050539244489598	0.00603307014705163	0.00700736513410606	0.00555448461521185	0.00625670564706692	0.00678815287775515	0.0087316192136679	0.00675593698091913	0.00753136664099157	0.00926043444631298	0.00901467061878369	0.00619207828632141	0.00663251808571657	0.00665196943120499	0.0077472171878079	0.00815510857191313	0.00786101621789005	0.00757217173821617	0.00918032634778934	0.00884181519451751	0.00798932139358736	0.00928755901677321	0.00959252913340252	0.00565943233801353	0.00438648144218569	0.00640299249463179	0.00610546080070826	0.00625614962004085	0.00679822769159456	0.00744889233811746	0.00697841836901319	0.00695379960821047	0.00978167067774464	0.00751553735439625	0.0080136308629361	0.0104762060268329	0.0103713121938894	0.0140729925981988	0.0152200507756697	0.0160439450730718	0.0149115516353422	0.0123910499959693	0.00944499889538016	0.00639182434600247	0.0201271535270646	0.0176693179408131	0.0126750587156309	0.00502743440434133	0.018587688287441	0.0290011257076556	0.0243639225102836	0.0507301724223759	-0.0192677189280654	0.0236983519549872	0.0439040503689534
793.936	0.00542799533572783	-0.0041195368562452	0.011589707351243	0.00748968859266808	-0.00203277493959709	3.49427737558564E-6	0.00664307773566631	0.0103980914766372	0.0033020588193026	0.0104136559998522	9.9642950829807E-4	0.00490179414595997	0.00114787747157805	0.00429499764362117	9.19866394726413E-4	0.012583935197427	8.88542496647428E-4	0.00736753539990074	0.00642999032859059	0.00567104441258418	0.00237091767052488	0.00315446058716062	0.00112757370521372	0.00758113950690922	0.00993455814353444	0.00432187441670542	0.00229060975569263	0.00558230105263661	0.0032654697697248	0.00334727538411579	-9.54260475685226E-4	0.00476789115463731	0.00605045044316529	-8.74428015473839E-4	0.00651913444792497	0.00759198925874327	0.00483301145997441	-0.00183737645607561	0.00270343786975424	0.00476174212153398	0.00602523208779856	0.00630135256387914	0.00172713924469781	0.00427787132341287	0.00137966279109977	0.00104962145468464	-0.00381887052873092	0.00233985926420489	1.00499246654077E-4	-1.92922264690844E-4	0.00277724197540638	0.00177819218705008	2.7473042133802E-4	0.00185949667729345	0.00207456256927287	0.00353917803518593	0.00395823286400189	0.00267374431077841	0.0016712960470635	0.0028204901506049	0.00223825621025793	0.00113790424700472	0.00268659083969743	8.81066597535306E-4	9.36957911489718E-4	0.00290012489340036	0.00319861544258907	7.53041164782858E-4	0.0040287794338344	8.58784771594832E-4	0.00368215462633815	0.00202963531790904	0.00354071145887328	-4.25786174625133E-4	4.81307417968355E-4	9.97576775611055E-4	0.00195147747097829	0.00208281090187886	9.93569575342896E-4	0.00184216235763268	0.00202229914780095	6.76641625575355E-4	0.00183326127633277	1.0108829911681E-4	0.00290683127932805	0.00260554019296318	0.00249023247035291	0.00198128349103191	0.00162639425829838	0.00188684795714502	0.00151115386769567	0.00163817503258297	0.00116269323040933	9.42157229496677E-4	9.63810221671086E-4	2.27912777695024E-4	0.0021074790240053	3.62631464151242E-4	0.00169693012429747	0.00183343721546323	7.09589070040762E-4	0.00161563963630273	9.42924038258356E-4	9.17960903021553E-4	0.00123124141608138	0.00214643602442904	0.00103923418421794	0.00218493188676695	0.00194080831462002	9.6589900808812E-4	0.00226276499608077	0.00181608967596017	5.67358492902712E-4	3.39699550031634E-4	3.55370165477502E-4	7.47456042677955E-4	0.00134063824184065	0.00164042954620855	0.00105149274924639	0.0018640995519527	6.54833022609154E-4	0.00210566085019207	7.67146055144615E-4	7.34935860741798E-4	0.00136958717379139	0.00140589440591909	0.00112923787685806	0.00117165883700209	0.00279524142147077	1.87191323918882E-4	0.00210720902984444	0.00231648254005455	0.00237348483337232	0.00110966324590256	0.00163260620601779	0.0019510233756429	0.00149919069088527	0.0014022055543851	0.00145967730826417	0.00212465243447061	0.00178086533851308	0.00184104973094718	0.00248698939928654	0.00139893546448089	0.00226779029332954	0.00361498614866563	0.00323502889129511	0	0	0	0	0	0	0	0	0	0	0.00351713211597657	0.00321202698312189	0.00349708095454856	0.0028575321951393	0.0040341214064808	0.00461512808054755	0.00287623057704307	0.00383225594172561	0.00301775240418402	0.00245224044589322	0.00509283858961553	0.00424322444305067	0.00591764872739429	0.00338650027844819	0.00494006883402745	0.00395869873195356	0.00468740907749001	0.00445237336326805	0.00462686954044686	0.0041629037528767	0.00616322372837591	0.00599195260019464	0.00606541958927584	0.00736650557760197	0.00614316609136844	0.00639839155634257	0.00773354769950911	0.00584870843178064	0.00706239240568096	0.00723283647280466	0.00703049027106675	0.00740181388492266	0.00832714580884728	0.00849306493743446	0.00765088230522547	0.00827132526877513	0.00821142987447956	0.00847655987186201	0.00876158099577304	0.00811728724855336	0.00979528660788046	0.00892789579179091	0.00719212156631282	0.00808335804142656	0.00779862719346717	0.00993328180984322	0.0107107410901036	0.00605468161906093	0.00550050368181034	0.0127142514677325	0.00986836930994027	0.0115510658489327	0.00885430253498309	0.00527465982461007	0.00953971173426151	0.0108628816702257	0.01154151094766	0.0120110018697211	0.0151663458127126	0.0100808110402395	0.0205993190917187	0.0116071474728154	0.0121612538439148	0.0104464257212736	0.0183050048594902	0.0152907925941214	0.0169972230061084	0.0192651028466532	0.0224941514441737	0.0161551863635877	0.01792198089848	0.0125501055930432	0.0203657993479716	0.00805113934329716	0.0059910364873098	0.0343616186286239	0.0548935086420501	0.00937290431047654	0.0308950602514764
798.703	0.00299647884960313	0.0046871921277931	0.00438291905709419	-0.00297835192536145	0.0042707844015393	0.00522351452790095	-0.00480121463516033	0.00604749867141314	-1.97150047563853E-4	0.0038988841738248	9.7910814634104E-4	0.00505994528917031	-9.53647500791401E-4	0.00649399379945998	-0.00583001615483308	0.00678864100056839	-0.00193476655937245	3.48716119393391E-4	0.00639455325947128	0.00324781959792051	-3.54958858209357E-7	0.0047759935075381	0	0.00568225277940537	-0.00294628297789849	0.00529918243043733	-0.00142665817065905	0.00170517240554891	0.00380651707967135	-0.00346047647940195	9.46484709330917E-4	0.00302310354001056	0.00153598274105868	-2.47833096002083E-4	-0.00256651716466905	0.00419027566301078	0.00363259191475141	2.28325834741856E-4	0.00145514879680173	-5.54029233644435E-4	-9.94280127016357E-7	0.00637313205264429	0.00246478349696779	0.00180506447626731	0.00157692541998516	7.29471369341634E-4	3.08777415481147E-4	-0.0029327391707746	1.99232015063583E-4	0.00291873762937357	-0.00142754407707769	-1.84998483986005E-4	-3.62350225915284E-4	-0.0014088030095991	-5.17922352000769E-4	0.00234346477542336	-0.00180439735922735	0.00185185632366891	8.11732205213006E-5	0.0024916852979127	0.00206959171694987	-4.52110003341901E-4	-5.18696276552475E-4	1.43788262597945E-4	0.00328898600369402	0.00189651750481956	0.00145160216654697	0.00156326254277703	0.00173566923307154	8.51618140794199E-4	3.20907466236204E-4	6.14580681928214E-5	-2.46942756181158E-4	-3.63067690456666E-4	0.00142466285339826	1.14938629231768E-4	0.00142449892927789	-3.89164899665841E-4	0.00284896533637629	-0.00188434892596216	-4.74710627981688E-4	0.0019628398610795	0.00394521997417267	4.44441125286904E-4	5.80175413489246E-4	8.93042515731984E-4	0.00183312231003843	-1.43191651732802E-7	4.3759786939403E-4	-6.82378440271857E-4	-1.36248375098027E-6	9.37350716169253E-4	8.7698017320157E-4	0.00167905097721133	0.00160922192820739	8.64478951224796E-4	1.8359470082393E-4	0.00204490308853642	7.02832917200659E-4	6.53052971176363E-4	9.36799808484674E-4	0.00128439478415594	0.00102759724845972	0.00116890207100418	0.0010833329489725	8.03842759904234E-4	5.42795128333274E-4	7.92047545277165E-4	9.52609041120522E-4	0.00100444631934121	3.40405457191717E-4	0.00115916806662084	9.81038377257975E-4	0.0010874902977711	5.55118238310476E-4	9.28238554445194E-4	7.7858389641895E-4	5.74717530577781E-4	0.00117701432362067	9.4318797737637E-4	6.12058455420067E-4	0.00128337063388223	3.36086275729771E-4	0.00153149727547009	8.90870596230255E-4	0.00158050046722285	1.45182545511613E-4	8.26435675261424E-4	0.00165457908175541	8.03607950104163E-4	0.00182109757413349	8.9726856922069E-4	0.00120919641189262	0.00110223300916535	0.00150858407143764	0.00154567180731033	9.55373878530651E-4	0.00102358055002149	0.0016525177538218	6.5443578871179E-4	0.00151203262639363	0.00266680124906003	0.00287866470450363	0.00203525140340569	0.00159188679825706	0.00250875425279229	0	0	0	0	0	0	0	0	0	0	0.00183865439780502	0.00265317247448707	0.00239480417123128	0.00172283058462446	0.00295902471623649	0.00261421179331614	0.00263377608810248	0.0020631230351369	0.00290053031742601	0.00329062923722901	0.0042351543420385	0.0028930967177157	0.00479501066755589	0.00299897526781782	0.0042864204784899	0.00393404353836152	0.00407834929987399	0.00448665210790235	0.00439672055501407	0.0055884455399007	0.00504615888202955	0.00633317612636504	0.00535657398321917	0.00481727904791653	0.00532267196800878	0.00501036908587915	0.00425092716372746	0.00670575420833554	0.00614831849430223	0.00684616818073423	0.00669089994940667	0.00662219016993751	0.00731991322984918	0.00704530931506797	0.00642996978000015	0.00466474398079621	0.00653609113057269	0.00862210868327987	0.00851052487610527	0.00774468468486408	0.00802372521460299	0.00799118439870138	0.0075050704516768	0.00700322891969008	0.00763250815409087	0.007231423960583	0.00771471402807015	0.00633372602656603	0.00922641856350311	0.00595873915422451	0.00868447591979762	0.00974037279011704	0.00828392943112724	0.00664081006068328	0.00827100972285232	0.00722275901270932	0.0100586406223791	0.00745109402749154	0.0116254999139341	0.00721008333059399	0.00909866023463419	0.0114566053923667	0.0110185080828021	0.0148644271132711	0.00692153085477138	0.0114750069137866	0.0113956711906146	0.0128736647025966	0.0141945113255213	5.09643244243219E-4	0.00774150847168827	0.0152241813607486	0.00220379697562166	0.0239598173059938	0.0324646716343723	0.021119276360108	0.018975399468966	0.0318125059646857	0.037276785435292	-0.0318950541306246
803.471	0.00426605943320618	0.00880145559234933	0.00946252270636419	0.00670119538292559	0.00336697466148377	0.0043872534083518	0.00345146148889439	-1.46130773636222E-4	0.00159097533925406	0.00513015611417215	-0.00192458536166529	-0.00277497869305289	0.00868190529288829	0.00375374505463098	0.00818902919173682	0.00589102046092666	0.00132112086532981	0.00352645874626089	0.00401482048212863	0.00127834954027835	0.00404026237211317	0.00185182948329038	-0.0085245512900489	0.00345797001506219	0.00552728185036835	-0.00107582380597856	-7.47238646030697E-4	0.00245286157461283	0.002011055450094	0.00779518972745939	5.06214948105814E-4	0.00246517379017128	6.71460612140533E-4	-0.00262515435895139	-4.58348369737022E-4	5.38486060088172E-4	0.00131404088442251	0.00163031826655087	7.53231813379951E-4	0.00305520377562102	0.00105987876219386	2.39873575463851E-4	-0.00321517252496868	2.37813164331377E-4	3.17945541863862E-4	-0.00117291978868351	0.00161756472006811	0.00128587822010059	8.93743937007588E-4	0	0.00114056051606824	0.00222794064256718	-6.93716842103439E-5	3.94723213682201E-4	0.00289558814156866	6.27348343701936E-4	-8.00930271880302E-4	5.99944477437514E-4	0.00237476733571085	8.1703382259831E-4	0.00206811440407919	5.08742322301647E-4	0.00450147028475743	0.00163781460445755	-1.06234573733636E-4	-7.90787163872085E-4	0.00274726348441724	0.0021933354876118	-2.03701716699409E-4	0.00255539925477987	2.88230413833617E-4	0.00245485111448764	5.55517427656835E-4	0.00104338887822769	0.0020024466590206	0.00179106022219735	0.00329620249774529	3.36097493097042E-4	-2.92283592761951E-7	1.21711130918325E-4	9.88612305666844E-4	-1.17796745878756E-4	0.00174464581647958	0.00151833337221733	4.32833500561725E-4	0.00151587146180141	0.00110015570310049	0.00204634174220614	2.61421159561517E-4	5.43563957102542E-4	0.00221876878260627	2.14570577173474E-4	8.36671710249127E-4	1.74474462119975E-4	3.15003379618806E-4	0.00109916284136909	0.00135065781379613	-6.19156795839269E-4	4.4728334883134E-4	9.78850519836559E-4	5.77843252160946E-4	9.8730224771633E-4	0.00188106733035593	4.27060446214632E-4	7.9139322229024E-4	0.00120378591634556	-3.45617184782467E-4	9.7754804223286E-4	8.21827197268147E-4	5.99766393926896E-4	3.57084599176138E-4	0.00135420228536512	0.00103368966726176	4.92413336960394E-4	0.00109806391168778	7.5434217689358E-4	4.82974721165219E-4	9.31298973262396E-4	8.09448730973614E-4	1.07544666061371E-4	7.16711137619002E-4	9.63420349541362E-4	0.00105523816798323	5.47956678939266E-4	0.00113213748882845	0.00122573055239209	0.00148698233420026	0.00206835638173701	0.00203763365808487	9.50469662057221E-4	0.00100193489806437	2.92049995424296E-4	0.00112846138247793	-2.82761610695056E-4	8.54032492529165E-4	4.00417309447583E-4	0.00139022716114248	0.00106599464335211	0.00119623186333027	0.0014507196607756	0.00100680888968694	0.0017539081944812	0.00166633539803034	0.00118789535572609	0.00211262541393529	0	0	0	0	0	0	0	0	0	0	9.86845611834271E-4	0.00147517213193466	0.00205998124386953	0.00188862321337128	0.00231202133178247	0.00157007207728184	0.00256246324514403	0.0025530371092984	0.00247582608264165	0.00257109958214846	0.00290530210044474	0.00317690620119832	0.00336346589178424	0.00312048213123544	0.00337457891751879	0.00291378137635967	0.0043302185660252	0.00435249038427434	0.0024381534366528	0.00331993482719739	0.00447633256660012	0.00404945838362682	0.00348586412284957	0.00489417343570115	0.00443197542933147	0.00385424072910686	0.00488620371015527	0.00481880525491619	0.00451539052864665	0.00562010042856118	0.00495447014465633	0.00464561979838205	0.005956062811358	0.00543508422731205	0.00537236406492884	0.00580075322166005	0.00540418895724235	0.00499608972188328	0.00555802001211376	0.0059358561927275	0.00777890578580195	0.00524565595081165	0.00640853642442599	0.00442669872007319	0.00612883848138139	0.0061402418449369	0.00667393728414777	0.00607067821242914	0.00697791172803694	0.00604592135454135	0.00516158770090345	0.00685505866764732	0.00782210091851883	0.00697796521070897	0.00677511641928966	0.00540607592680443	0.00469914638694722	0.00789262429035481	0.00926666136352463	0.00887731789635469	0.0092615186422761	0.00881305698100636	0.0092351492856769	0.0119596088244585	0.0101100989194055	0.00925263292264866	0.008608780534215	0.00610901979602425	0.00980545107365391	0.00912777162058594	0.0146729680619902	0.0219416291152887	0.00656077654781061	0.0151303011616395	0.0148756058885572	0.0176447873557342	0.0260011904850222	0.0294197849716141	0.026711304338439	0.0377539129608396	0.05760216780045
808.24	-0.00651188069962754	-0.00660438250447235	0.00164381475447661	-0.00242024672268749	-0.00455297690881118	-0.00125084581081553	-0.00465235290066987	-0.00321483318501424	2.88402996295124E-4	0.00336655422641911	-0.00251308568958168	0	-0.00455705655939976	-0.00333959940526545	-0.0038209848494571	-0.00133539441879984	0.00224269991621187	-0.00261398120723646	-0.00907387913687627	-1.27551209193134E-4	-0.0026538076567023	-0.00160946785782821	-0.00348347219680128	4.66373211557765E-7	0.00287545627728882	6.41286130558212E-4	0.00213214379116602	-6.44476469232555E-4	0.00116402010740569	-0.00654619606044088	0.0022341984895182	1.94875749842451E-4	-0.00115277453989379	-0.00337041202418453	6.43112363576104E-4	7.20128928492306E-4	0.00105332938903634	8.48175539347149E-5	-0.00402711374609883	-9.90693460798132E-4	-4.8719431171741E-4	-0.00462087763878446	4.84543330745519E-4	-0.00143444081005051	-0.00181864503103371	-0.00195319322447799	-0.00177232036957529	-0.00106434790806259	0.00126621302289114	-0.00160433347001374	-2.85369675241941E-4	-0.00187990333941503	-0.00481657188737853	-9.24205411262624E-4	0.00161022889695936	-5.65266472014927E-4	5.06522260317309E-7	2.45236624275542E-4	-0.0016025802446558	-0.00408902236969041	-5.73972964500321E-4	-6.22178077038619E-4	7.22842751695628E-4	-0.00109257559678006	-6.43968131582616E-4	0.00105561828459147	-0.00254125036384745	-0.00244898194654833	0.0021019641684648	4.91474048758546E-4	4.84458551924781E-5	0.00104040885532392	-3.70830818619159E-4	-0.00227021104215282	-0.00195882901180783	-0.00170384854076453	-1.33664543289974E-6	-2.95639997796138E-4	-9.45622892639465E-4	-0.00129203558942922	-9.88906371462748E-4	-1.17501634615553E-4	-9.09867009417916E-4	8.51459068599445E-4	6.50173542149181E-4	-4.55703371288312E-7	3.43300907481323E-4	-7.37599217492992E-4	4.25634774583971E-4	-0.0013105858161891	3.43532274238455E-4	-0.0016181487338348	-3.28941369002028E-4	-2.04376758822298E-4	-8.90270861867475E-4	-0.00104290146364013	-2.71641085324853E-5	7.8061876793061E-4	-2.89045732147333E-4	1.03927069030692E-4	-4.27894625157564E-4	9.64447699887995E-5	1.58809741178899E-4	3.84767340126232E-4	-2.00054060120287E-5	5.61595676592651E-4	8.16903205397544E-5	1.34202070438166E-4	1.7860774811243E-4	6.857012642575E-4	8.4826600885141E-5	8.19281559340483E-4	-1.56717974099942E-4	7.0481789407041E-5	0.00102228456240906	-6.94308017477516E-5	2.25033390761262E-5	5.70867645470794E-4	7.34159775928641E-4	3.34549167309844E-4	5.79044084494351E-5	1.87111770029079E-4	2.86006451951412E-4	5.8334220003192E-4	2.9737850460448E-4	9.49130854561096E-4	-4.11768073041252E-5	-2.26226847646375E-5	0.0015692089705715	2.31911728878813E-4	0.00150264430154143	1.79516922904624E-4	-9.28700158112806E-4	-5.86604875265103E-4	-4.05523637894351E-4	8.49138538477838E-5	3.79481971971981E-4	3.20090869174186E-4	3.7009526806568E-4	4.24285336729185E-4	0.00113477996648633	7.87315059292856E-4	1.41533341422147E-4	0	0	0	0	0	0	0	0	0	0	4.62389303513004E-4	0.00113893717831123	0.00129999553643209	-2.84527123370776E-4	0.00152265958417922	0.00112866889935478	0.00267533288103925	7.62819669227994E-4	0.00176063802436215	0.00139909572374273	6.63476884553711E-4	0.00178141398036605	0.00183541600346006	0.00293809412275665	0.0021702064661584	0.00171246528871917	0.00255273852544149	0.00265486472885383	0.00230504558083089	0.0032537378415701	0.00327970013023922	0.00362374890364221	0.00338454223441739	0.00290559396444915	0.00315277464522756	0.00334523532408005	0.00372762082294344	0.00309366246214901	0.00366485339405762	0.00225442868499339	0.0036322377188267	0.00430976143262406	0.00446227715002225	0.00493955220763607	0.00304742105133235	0.00515361793866876	0.00424585984621518	0.00396549862693972	0.00455819579479377	0.00558195158465897	0.00452188219785712	0.00535830246056968	0.00420197053441529	0.00507805707103602	0.00461703083652869	0.00442680135154047	0.00335696198602727	0.00523616215757582	0.00585420969740539	0.00263130234009245	0.00420583676343686	0.00504011455903211	0.00271912023325484	0.00330661172235745	0.00298476779109458	0.00556074356999156	0.00579173895828006	2.46554484719106E-4	0.004958046023412	0.00602548949525231	0.00559133754447828	0.00817930280730521	0.0103268739183959	0.00475250500182859	0.00310893036192064	0.0075849361781059	0.00166870984974866	0.003727731147118	0.00774883284977593	2.77072378845766E-4	0.00769613981568526	0.00659087571853025	1.91716256445265E-4	-0.00881897378014771	0.00899321986013128	0.00137594519068769	0.00464979620244751	7.06564630807168E-4	0.010968985155989	0.00379604805933654	-0.0312352354786657	0.00209658823214941	-0.0230398122814271
813.01	-0.00223893727281158	-0.00439598145899177	0.00617164356687847	0.00186289454231232	0.00657283295060765	0.00579897514754504	9.01378601713162E-4	0.0061456977970584	5.804155495208E-4	0.00439837515382352	0.00413939352475291	5.8910930367074E-4	0.0049792806240926	0.00640269530590047	0.00668638065250385	0.00174393686865064	-0.0011864399877836	0.00705899975281451	-0.00116577038119444	-1.25132344343726E-4	0.00416540002155134	0.00741546640259204	0.00540328128207779	0.00161447333528822	0.00287550053703092	-0.00257980706950562	-2.09166824715423E-4	0.0021345662202983	0.00529372731533135	4.17777437284341E-4	0.00385707078328763	0.00355468126332124	0.00422409786547145	0.00533812472016607	-0.00284021785356428	0.00170764490763619	0.00263791549111303	0.00446093452680142	-2.49225900393738E-4	3.32089547183934E-4	2.47025040825161E-4	0.00502681141591745	-7.60410088759355E-5	0.00590478669611968	0.00252677262731254	0.00445560274901894	-6.95844145650871E-4	0.00508394598756305	0.00312704153320745	0.00321281859268659	0.00178415862874495	0.00250806344938361	0.00413832370565593	0.00283963326354421	0.00206051279077259	0.00263949688170953	0.00344428500820876	0.00247455902303027	5.34279936127517E-4	9.34126341936401E-4	0.00390900533422437	9.04537543335285E-4	0.00227771262663532	0.00142117151002828	8.5893448966429E-4	5.80188464429829E-4	0.00300791981743226	0.0023466009865388	0.00105245611392605	4.42903096903605E-4	0.00168690963280094	5.65971569693993E-4	4.63570957620062E-4	0.00177060868976207	0.00316422365609798	1.74029835416252E-4	0.00175571795977676	0.0016773451959492	0.00267255080657062	6.47042098961299E-4	0.00210180106034902	-1.53829532250304E-4	4.18650267980557E-4	0.00174148493896832	0.00195128492459677	7.33368204520922E-5	0.00127186625947989	0.00147711193378492	0.00235824383134358	0.00166286156855523	-4.67955552875298E-4	8.24986904149302E-4	0.00143462489409868	5.87193261536971E-5	0.00163781433784564	0.00138180295443645	4.68837482852353E-4	9.96484320674654E-4	0.00171204593690091	0.00167655977596278	0.001232123332615	4.09937848936421E-4	0.00160888491957166	4.06320300584034E-4	-3.11740177950001E-4	0.00137154203427103	4.88825764910046E-4	8.24256506614192E-4	6.25313017057964E-4	5.4820819220354E-4	0.00132856688078178	9.02810727544095E-4	4.70032054414608E-4	0.00119575339235368	8.07682104551381E-4	0.00103360900198028	4.15839921611136E-4	3.1486742399968E-4	0.00111967183472238	0.00104252696111582	0.00100311913850441	8.24906229536746E-4	0.00177596511506228	9.1923576934034E-4	0.00202301141885701	0.00136433521583551	7.76405753624595E-4	0.00154039957723243	0.00147545647394458	8.11719218025473E-4	0.0013662220944743	6.50699754625024E-4	3.1000560588219E-4	0.00102218066136297	0.00119567344229596	5.91208904565387E-4	8.85574357017835E-4	0.00132378608603503	0.00169703317342023	0.00167382970640793	0.00141347694121986	0.00121475221651687	0	0	0	0	0	0	0	0	0	0	0.00136383153526359	0.00133688824406808	0.0030277381330808	0.00142038307399916	0.00245016182180329	0.00105424434044973	0.00133665394712967	0.00253922056113778	0.00226446506613986	0.0010699437972589	0.00284211813554586	0.0021442943340492	0.00248417673150498	0.00194424598085569	0.00256762936602743	0.00190990289640118	0.00292606530947341	0.00283393312148303	0.00330232641610723	0.0037699156204327	0.00448184316821352	0.00349532274799604	0.00410046928829466	0.00307887722366137	0.00404944395445158	0.0040407916815643	0.00399654506393973	0.00411364166303384	0.00348600569281217	0.00500371199828259	0.00460322001185051	0.00591397717966545	0.00463771039452695	0.00531775823053028	0.00528654247905659	0.00392544277043925	0.00673020880765111	0.00540135019877992	0.00574136458847707	0.00458762653621208	0.00647608925714461	0.0057462670459155	0.00692993749091783	0.00607307800047578	0.00564944565372952	0.00678708334247434	0.00495789774078445	0.00598356115235087	0.0040310938053169	0.005503199176096	0.00615130752652165	0.00626304470295691	0.00736161819859905	0.00686664155155074	0.00685549419850195	0.00396244010814787	0.00795907732580264	0.00729749699395276	0.00737174001311103	0.00731005350210108	0.00650855186928356	0.00934299897567439	0.013006870735178	0.00901575158988868	0.00794895716848704	0.00841191098708866	0.0102086648714813	0.00917249437618181	0.0119615322005231	0.0109460539212117	0.0122154528281057	0.0125246043111329	0.0071008949986043	0.0146764608571148	0.00602403178552962	0.0114200728471152	0.0126567785326688	0.022933060872892	0.013416779529203	0.00893683096183982	0.0313179814585666	0.0335258670636072	0.0720089388541375	0.0283592964619154
817.78	-0.0145914383586622	0.00505954453492694	-0.00369966312170757	0.00298086003871554	0.00825979801143112	0.00407581542736467	-3.00045633905874E-4	-4.40288117922958E-4	-8.70180811042354E-4	0.00146646042125699	-0.00561773245793396	-0.00350685324254302	-0.00185159386595628	-0.00417791736006097	-2.73567113460774E-4	0.00187885767262771	-0.00185236686867778	0.00130848532713819	-9.08901251224571E-4	-0.00205264771989353	-0.00252702455520558	0.00123684644744374	-0.0027625900700689	-0.00357462330797499	-0.00210194397444749	-0.00494610568370318	-0.00522794518636046	-0.00234894593674023	0.00307285146174903	0.00114714137310727	2.90611336074642E-6	-0.00256500629284261	-2.87236093075027E-4	0.00534050984597092	-0.00275122410821624	-0.00125913607680351	0.00509439025619934	0.0016288003653004	-6.69511998623316E-4	7.94701551031436E-5	0.00204299912077617	-0.00234847313653607	-0.00192976467817127	-7.78639093991709E-5	3.14261827651045E-4	-7.82788131040916E-5	0.00107953826653268	-5.31845272065156E-4	-0.00238261490255927	-0.00328389762986034	-0.00164134960509314	-2.09302403620199E-4	-2.03451973442048E-4	-0.00158644476393519	1.93242771677599E-4	-8.77695419073599E-4	-3.09572612360595E-4	5.43082562961684E-4	-6.53437662938732E-4	0.00151753906537479	5.69114226383645E-5	-0.00130105940496933	-0.00222235365851728	0.00240354362646826	-0.00123491482795127	-0.00126536704216081	0.00243798074346801	5.11338782854663E-4	3.50714697372284E-4	-3.44191556817158E-4	-1.44619432073895E-4	4.71263098408523E-4	-9.25889094650234E-5	-7.26372695274589E-4	-0.00164824053669838	2.05381389896376E-7	-7.703275125266E-4	5.44117149049712E-4	1.23262507424611E-4	1.23695826687103E-4	0.00122891063047515	4.65077642418042E-4	5.68651370146823E-4	-4.31744806740574E-7	8.31112426728779E-4	4.22774614456562E-4	3.44031116607562E-4	2.01289771849019E-4	3.93082436317582E-4	3.51306810181977E-4	-3.74885003148758E-4	2.13596588377831E-4	-8.96117086538691E-4	-5.83917669486689E-4	1.1496775243244E-4	-2.52380877478137E-4	4.40901693465668E-4	5.11301894944028E-4	7.10785650696149E-4	3.3537041295091E-4	-4.02522796760261E-4	1.686969488999E-4	-4.52998027933364E-4	3.85022348734881E-4	-4.12208805967507E-5	-3.93837062951694E-4	6.14089190308871E-5	-2.68347605611573E-4	-3.39453785818181E-4	-3.07985800641413E-4	1.53843899889778E-4	1.67179880516098E-4	-2.34806653514091E-4	-2.24984666907723E-4	-3.7918930166747E-5	2.67341085826079E-4	-6.70843873775738E-5	1.51711630181353E-4	-1.2368821113569E-4	6.42150864618089E-4	2.14137358816936E-4	1.61065472996748E-5	1.01029858781052E-4	4.41929630617796E-4	2.41723742068861E-4	9.94676828762876E-5	-1.28827569772939E-4	-5.51001042747068E-4	-7.26047349086056E-4	5.10166776202849E-4	7.2885056289491E-4	-3.1385525726823E-4	5.08895845023878E-4	8.70016818586821E-4	-6.61387666456666E-4	4.21963541406089E-4	6.11003577475979E-4	2.56147338646457E-4	4.43126078227075E-5	0.00102664030865708	3.00210481163274E-4	0	0	0	0	0	0	0	0	0	0	4.42662440160821E-4	4.39570995372223E-4	4.62773899627697E-4	0.00109104414291139	0.0015647576974591	9.27957995207027E-4	0.0012878976398969	5.53018458536438E-4	9.2981752270027E-4	0.0027132610126184	7.3552470437494E-4	0.00266435805162891	0.00119432539531637	0.001736468586649	0.00159473409375649	0.0021544601390707	0.00227895550661302	0.00292582039007687	0.00281240498480533	0.00228821906773855	0.00208951865127962	0.00260717755198099	0.00163964578237044	0.00262572869750092	0.0027513360494227	0.00228934178809252	0.00375211986909451	0.00291918049507154	0.00340943913276769	0.0030239281576803	0.00479195564101423	0.00347658126609233	0.0040495172482583	0.00413282282844916	0.00326924877021835	0.00381817052429612	0.00312935522705794	0.00360499936116319	0.00450581309341184	0.00423181403091714	0.00401330002589763	0.0037624028929358	0.00417632499373586	0.00539041268064703	0.0041026676885031	0.00534662952421095	0.00378996281693845	0.0032584059259384	0.00321072518795472	0.0054242421572572	0.00300538470988041	0.00493786204219121	0.00332275893492343	0.00495273575602268	0.00553005622559261	0.00374430902985602	0.00313911485980589	0.00278076168940134	0.00254953011478331	0.00337906269444704	0.00352580045719988	0.00554035212858482	0.00684196386663996	0.0068558491301355	0.00909772141532227	0.00388804807712783	0.00219449319730826	0.00505670489981186	0.00510698167613531	0.0077835266576571	0.00405868916484856	0.00461782651485364	0.00814889401322595	0.00354936738727043	0.00381086305939452	0.00580844535316487	0.00145944999314442	-2.72239725419637E-4	0.00898746792536466	-0.0109413582170812	-0.00609484071171159	-0.00284731090469963	0.0124924003520633	0.0223716434339198	-0.0327868564353076
822.552	0.00179375916247438	-8.78175895783258E-4	-1.51815749032771E-6	-0.00297812520005834	-0.00454935275186047	-9.4078653166681E-4	-0.00435002379624792	0.00248265234988462	0.00275203248335663	-0.00351519267220485	-0.0026600553521116	-0.00511483249565987	-0.00583848980259193	0.00542839293172974	-0.00491145848911899	-9.33701201930347E-4	0.0019848544105085	-0.00522897277348739	0.00272298027740406	0.00179430498862953	-0.0016424237221415	0.00469869251132259	-0.00240044024766164	3.46804116204337E-4	0.00530695620022825	-0.00193714069638746	-8.56734980380372E-4	-0.00127934916113963	-0.00529330922429603	0.00114327930552797	-1.98957054251909E-4	-5.93310998149817E-4	4.80847547178031E-4	0.00262255325490984	-4.59413947594265E-4	-9.88249195334471E-4	-0.00298839769081724	-0.00128858890495394	0.00176241090657084	4.9532646137419E-4	-8.12951819456166E-5	-0.00307901293674617	-0.00144664724528852	8.19341083978666E-5	-0.00236705984387397	0.00226521630205204	-0.00192663161353635	4.53563283497672E-4	0.00178836726822301	-0.00167775628359588	-7.13809972612829E-4	5.58282109177324E-4	6.11546479647914E-4	0.00125661177096963	-5.15221301391807E-4	-0.00201014044050131	1.85092711238356E-4	-9.05040111730892E-4	-0.00130666988744846	6.08824691229147E-5	-0.00103415453731648	3.95693941949621E-4	0.0012235479694363	4.36612486604815E-4	-4.28972505492369E-4	0.00100244016381663	-7.27128481866892E-4	9.18582675767857E-4	-0.00135227047493713	4.91566674238793E-4	-4.81429055882015E-4	-4.24072911292488E-4	-0.00111147805940025	-6.80799797211734E-4	-0.00102445098403776	0.00161604745233771	-0.00128353338534113	5.86569428169252E-4	3.71024614536527E-4	-9.30083293838196E-4	5.55093450142288E-4	-9.31683432872893E-4	1.51922388867848E-4	-7.32203396900684E-5	5.79019383839179E-4	0.00204742062999849	9.62583725184413E-4	-3.37358230408061E-5	6.5490838770869E-4	-2.23823646658132E-4	-3.74295822558698E-4	-8.85577505384037E-4	0.0010460121187399	5.85543472428988E-5	-8.90327170459581E-4	0.00118418997862382	-2.72587491782394E-5	7.00304552697749E-4	0.00105331714093474	-4.89516741100425E-4	7.05191025866807E-4	0.00108402001557342	5.21087195334788E-4	3.6335991348949E-4	-1.04643224729516E-4	1.45559193950978E-4	1.02156338261736E-4	-3.44977708956687E-4	-3.75174797199679E-4	-5.0958423882351E-5	5.79649360676056E-4	-4.51122449384327E-4	1.72214486260426E-4	6.75195200948335E-4	3.15508298415243E-4	9.7534025136193E-4	1.90986015446054E-4	7.02774608474776E-5	3.61794655712146E-4	1.74905083176537E-4	5.30658347610396E-4	3.12141253621803E-4	8.38332589906781E-4	-3.53104962029017E-5	-1.29777388741598E-4	-1.57194652723837E-4	1.29293498414298E-4	2.06996243551666E-4	6.79223783341463E-4	0.00111273211459431	2.05132985435797E-4	0.00116620593445523	5.7530699738719E-4	0.00156661087456148	6.19350847291345E-4	2.74787198151079E-4	7.58280530302348E-4	0.00119465771527655	3.26395510289969E-4	4.68744425326998E-4	0	0	0	0	0	0	0	0	0	0	6.28037915173607E-4	0.00108030264417096	8.77106846341515E-4	0.0012390339955179	0.0020586245447566	8.19049716007815E-4	0.00111849432753317	0.00220078340892493	0.00138206552835153	7.49305240154929E-4	0.00204049502759435	0.00187159341624801	0.00179886362583856	0.00221017835585054	0.00312118294835738	0.00266494316802921	0.00198061016470051	0.00305973918805917	0.00208090372795208	0.00181723887335384	0.00263361507506073	0.00290809532648607	0.00191783526232856	0.0031932260920255	0.00251695292787595	0.00375544633001088	0.00323531495579768	0.00242002523829648	0.00348012316293112	0.00288646078776327	0.00318588191222458	0.00404053564016661	0.00426752600890954	0.00400040112412535	0.00347887221278322	0.00373596359938637	0.00424544994301139	0.00447394431989227	0.00459028497824861	0.00433219576521029	0.00526765961663828	0.00594738341520899	0.00400898136414153	0.0028577815037527	0.00420340675571922	0.00518685686294363	0.00548040317412941	0.00471997354479336	0.005700967243012	0.00580041490724154	0.00316485764620988	0.00538604722694691	0.00509962766731472	0.00344884057039546	0.00438236480114524	0.0035947336638246	0.00525101290552849	0.00473423601365331	0.00523341264700616	0.00422810233687676	0.00430113730321214	0.00711548830333068	0.00651147487981948	0.00757720491388979	0.00350697591074163	0.00778626795484005	0.00734378058457343	0.00630878950227117	0.00369434683647819	0.00364887275110122	5.67298935773077E-4	0.00578072704350879	0.00570015192593379	0.00256718238187404	0.0084510882073645	0.011436170343052	0.00559296185622903	0.0119033516719554	0.00770401999153718	0.0198345329827818	0.0176478626563032	0.00121716401413992	0.00142362465724524	0.0142093486784816	-0.00489528121652306	0.0150636218811764
