Sample - Blank	700	698	696	694	692	690	688	686	684	682	680	678	676	674	672	670	668	666	664	662	660	658	656	654	652	650	648	646	644	642	640	638	636	634	632	630	628	626	624	622	620	618	616	614	612	610	608	606	604	602	600	598	596	594	592	590	588	586	584	582	580	578	576	574	572	570	568	566	564	562	560	558	556	554	552	550	548	546	544	542	540	538	536	534	532	530	528	526	524	522	520	518	516	514	512	510	508	506	504	502	500	498	496	494	492	490	488	486	484	482	480	478	476	474	472	470	468	466	464	462	460	458	456	454	452	450	448	446	444	442	440	438	436	434	432	430	428	426	424	422	420	418	416	414	412	410	408	406	404	402	400	398	396	394	392	390	388	386	384	382	380	378	376	374	372	370	368	366	364	362	360	358	356	354	352	350	348	346	344	342	340	338	336	334	332	330	328	326	324	322	320	318	316	314	312	310	308	306	304	302	300	298	296	294	292	290	288	286	284	282	280	278	276	274	272	270	268	266	264	262	260	258	256	254	252	250	248	246	244	242	240	238	236	234	232	230
nm																																																																																																																																																																																																																																												
Normalized by 10307.053																																																																																																																																																																																																																																												
245.154	0	0	0	0	0	0	0	0	0	0	0	0	0	0	0	0	0	0	0	0	0	0	0	0	0	0	0	0	0	0	0	0	0	0	0	0	0	0	0	0	0	0	0	0	0	0	0	0	0	0	0	0	0	0	0	0	0	0	0	0	0	0	0	0	0	0	0	0	0	0	0	0	0	0	0	0	0	0	0	0	0	0	0	0	0	0	0	0	0	0	0	0	0	0	0	0	0	0	0	0	0	0	0	0	0	0	0	0	0	0	0	0	0	0	0	0	0	0	0	0	0	0	0	0	0	0	0	0	0	0	0	0	0	0	0	0	0	0	0	0	0	0	0	0	0	0	0	0	0	0	0	0	0	0	0	0	0	0	0	0	0	0	0	0	0	0	0	0	0	0	0	0	0	0	0	0	0	0	0	0	0	0	0	0	0	0	0	0	0	0	0	0	0	0	0	0	0	0	0	0	0	0	0	0	0	0	0	0	0	0	0	0	0	0	0	0	0	0	0	0	0	0	0	0	0	0	0	0	0	0	0	0	0	0.00690001247013709	-0.0760609373060156	-0.516870222710518
249.632	0	0	0	0	0	0	0	0	0	0	0	0	0	0	0	0	0	0	0	0	0	0	0	0	0	0	0	0	0	0	0	0	0	0	0	0	0	0	0	0	0	0	0	0	0	0	0	0	0	0	0	0	0	0	0	0	0	0	0	0	0	0	0	0	0	0	0	0	0	0	0	0	0	0	0	0	0	0	0	0	0	0	0	0	0	0	0	0	0	0	0	0	0	0	0	0	0	0	0	0	0	0	0	0	0	0	0	0	0	0	0	0	0	0	0	0	0	0	0	0	0	0	0	0	0	0	0	0	0	0	0	0	0	0	0	0	0	0	0	0	0	0	0	0	0	0	0	0	0	0	0	0	0	0	0	0	0	0	0	0	0	0	0	0	0	0	0	0	0	0	0	0	0	0	0	0	0	0	0	0	0	0	0	0	0	0	0	0	0	0	0	0	0	0	0	0	0	0	0	0	0	0	0	0	0	0	0	0	0	0	0	0	0	0	0	0	0	0	0	0	0	0	0	0	0	0	0	0	0	0	0	0.00540080723980928	-0.033229178678138	-0.265602224712925	-0.697724284712834	-1.24591771177882
254.115	0	0	0	0	0	0	0	0	0	0	0	0	0	0	0	0	0	0	0	0	0	0	0	0	0	0	0	0	0	0	0	0	0	0	0	0	0	0	0	0	0	0	0	0	0	0	0	0	0	0	0	0	0	0	0	0	0	0	0	0	0	0	0	0	0	0	0	0	0	0	0	0	0	0	0	0	0	0	0	0	0	0	0	0	0	0	0	0	0	0	0	0	0	0	0	0	0	0	0	0	0	0	0	0	0	0	0	0	0	0	0	0	0	0	0	0	0	0	0	0	0	0	0	0	0	0	0	0	0	0	0	0	0	0	0	0	0	0	0	0	0	0	0	0	0	0	0	0	0	0	0	0	0	0	0	0	0	0	0	0	0	0	0	0	0	0	0	0	0	0	0	0	0	0	0	0	0	0	0	0	0	0	0	0	0	0	0	0	0	0	0	0	0	0	0	0	0	0	0	0	0	0	0	0	0	0	0	0	0	0	0	0	0	0	0	0	0	0	0	0	0	0	0	0	0	0	0	0	0.0636849114095274	-0.00184837620147761	-0.0311098067812513	-0.148486046665047	-0.387174299691845	-0.624142128131208	-0.704553384029789	-0.650004081809678
258.601	0	0	0	0	0	0	0	0	0	0	0	0	0	0	0	0	0	0	0	0	0	0	0	0	0	0	0	0	0	0	0	0	0	0	0	0	0	0	0	0	0	0	0	0	0	0	0	0	0	0	0	0	0	0	0	0	0	0	0	0	0	0	0	0	0	0	0	0	0	0	0	0	0	0	0	0	0	0	0	0	0	0	0	0	0	0	0	0	0	0	0	0	0	0	0	0	0	0	0	0	0	0	0	0	0	0	0	0	0	0	0	0	0	0	0	0	0	0	0	0	0	0	0	0	0	0	0	0	0	0	0	0	0	0	0	0	0	0	0	0	0	0	0	0	0	0	0	0	0	0	0	0	0	0	0	0	0	0	0	0	0	0	0	0	0	0	0	0	0	0	0	0	0	0	0	0	0	0	0	0	0	0	0	0	0	0	0	0	0	0	0	0	0	0	0	0	0	0	0	0	0	0	0	0	0	0	0	0	0	0	0	0	0	0	0	0	0	0	0	0	0	0	0	0	0	0	0.0560911063020546	0.00480333357275721	-0.00299271079455488	-0.0728449083837591	-0.248704969101222	-0.383511884193332	-0.471019040348158	-0.383646237706348	-0.265167919408533	-0.0875615149055012
263.091	0	0	0	0	0	0	0	0	0	0	0	0	0	0	0	0	0	0	0	0	0	0	0	0	0	0	0	0	0	0	0	0	0	0	0	0	0	0	0	0	0	0	0	0	0	0	0	0	0	0	0	0	0	0	0	0	0	0	0	0	0	0	0	0	0	0	0	0	0	0	0	0	0	0	0	0	0	0	0	0	0	0	0	0	0	0	0	0	0	0	0	0	0	0	0	0	0	0	0	0	0	0	0	0	0	0	0	0	0	0	0	0	0	0	0	0	0	0	0	0	0	0	0	0	0	0	0	0	0	0	0	0	0	0	0	0	0	0	0	0	0	0	0	0	0	0	0	0	0	0	0	0	0	0	0	0	0	0	0	0	0	0	0	0	0	0	0	0	0	0	0	0	0	0	0	0	0	0	0	0	0	0	0	0	0	0	0	0	0	0	0	0	0	0	0	0	0	0	0	0	0	0	0	0	0	0	0	0	0	0	0	0	0	0	0	0	0	0	0	0	0	0	0	0	0.0318884610175152	0.0119217846480507	6.83986344968724E-4	-0.0401023838394082	-0.14222616187157	-0.253709351784699	-0.366373623350404	-0.284959867486783	-0.137739954677603	-0.0475758592533114	-0.0229749126780704	-0.0334555845626973
267.584	0	0	0	0	0	0	0	0	0	0	0	0	0	0	0	0	0	0	0	0	0	0	0	0	0	0	0	0	0	0	0	0	0	0	0	0	0	0	0	0	0	0	0	0	0	0	0	0	0	0	0	0	0	0	0	0	0	0	0	0	0	0	0	0	0	0	0	0	0	0	0	0	0	0	0	0	0	0	0	0	0	0	0	0	0	0	0	0	0	0	0	0	0	0	0	0	0	0	0	0	0	0	0	0	0	0	0	0	0	0	0	0	0	0	0	0	0	0	0	0	0	0	0	0	0	0	0	0	0	0	0	0	0	0	0	0	0	0	0	0	0	0	0	0	0	0	0	0	0	0	0	0	0	0	0	0	0	0	0	0	0	0	0	0	0	0	0	0	0	0	0	0	0	0	0	0	0	0	0	0	0	0	0	0	0	0	0	0	0	0	0	0	0	0	0	0	0	0	0	0	0	0	0	0	0	0	0	0	0	0	0	0	0	0	0	0	0	0	0	0	0	0	0.0270520421829221	0.015552132842884	0.0100826582521616	-0.0138839262559535	-0.0608623120297794	-0.180352113356481	-0.250700140037806	-0.211693977272875	-0.117015892080836	-0.0380926948078464	-0.00735627840609331	0.00451026478090874	0.00968646903890112	0.00530837738778632
272.082	0	0	0	0	0	0	0	0	0	0	0	0	0	0	0	0	0	0	0	0	0	0	0	0	0	0	0	0	0	0	0	0	0	0	0	0	0	0	0	0	0	0	0	0	0	0	0	0	0	0	0	0	0	0	0	0	0	0	0	0	0	0	0	0	0	0	0	0	0	0	0	0	0	0	0	0	0	0	0	0	0	0	0	0	0	0	0	0	0	0	0	0	0	0	0	0	0	0	0	0	0	0	0	0	0	0	0	0	0	0	0	0	0	0	0	0	0	0	0	0	0	0	0	0	0	0	0	0	0	0	0	0	0	0	0	0	0	0	0	0	0	0	0	0	0	0	0	0	0	0	0	0	0	0	0	0	0	0	0	0	0	0	0	0	0	0	0	0	0	0	0	0	0	0	0	0	0	0	0	0	0	0	0	0	0	0	0	0	0	0	0	0	0	0	0	0	0	0	0	0	0	0	0	0	0	0	0	0	0	0	0	0	0	0	0	0	0	0	0	0.0859495124922687	0.0163857770837045	0.00983564364794038	0.00275251807447036	-0.0111783809716516	-0.0652150878832655	-0.161929423314599	-0.206421185596101	-0.210906181605494	-0.118665879773137	-0.0413735500111548	-0.0099330766070647	-0.00668016855029663	-0.0158033614933865	-0.00708636830176206	-0.0475589899636079	-0.0847052559624445
276.583	0	0	0	0	0	0	0	0	0	0	0	0	0	0	0	0	0	0	0	0	0	0	0	0	0	0	0	0	0	0	0	0	0	0	0	0	0	0	0	0	0	0	0	0	0	0	0	0	0	0	0	0	0	0	0	0	0	0	0	0	0	0	0	0	0	0	0	0	0	0	0	0	0	0	0	0	0	0	0	0	0	0	0	0	0	0	0	0	0	0	0	0	0	0	0	0	0	0	0	0	0	0	0	0	0	0	0	0	0	0	0	0	0	0	0	0	0	0	0	0	0	0	0	0	0	0	0	0	0	0	0	0	0	0	0	0	0	0	0	0	0	0	0	0	0	0	0	0	0	0	0	0	0	0	0	0	0	0	0	0	0	0	0	0	0	0	0	0	0	0	0	0	0	0	0	0	0	0	0	0	0	0	0	0	0	0	0	0	0	0	0	0	0	0	0	0	0	0	0	0	0	0	0	0	0	0	0	0	0	0	0	0	0	0	0	0	0	0.0474916009310715	0.0225594890239319	0.0101025828853975	0.00831338625894825	0.00157472697873062	-0.0454831155544595	-0.122123674141115	-0.128643911997483	-0.143237469146921	-0.0971064101089233	-0.00595187422155079	-0.00205681131936311	0.0169534598725967	0.00876417552988346	0.0163832382060933	0.0283828615718659	0.0109742948877049	0.0277379341279958	0.0302809145902984
281.087	0	0	0	0	0	0	0	0	0	0	0	0	0	0	0	0	0	0	0	0	0	0	0	0	0	0	0	0	0	0	0	0	0	0	0	0	0	0	0	0	0	0	0	0	0	0	0	0	0	0	0	0	0	0	0	0	0	0	0	0	0	0	0	0	0	0	0	0	0	0	0	0	0	0	0	0	0	0	0	0	0	0	0	0	0	0	0	0	0	0	0	0	0	0	0	0	0	0	0	0	0	0	0	0	0	0	0	0	0	0	0	0	0	0	0	0	0	0	0	0	0	0	0	0	0	0	0	0	0	0	0	0	0	0	0	0	0	0	0	0	0	0	0	0	0	0	0	0	0	0	0	0	0	0	0	0	0	0	0	0	0	0	0	0	0	0	0	0	0	0	0	0	0	0	0	0	0	0	0	0	0	0	0	0	0	0	0	0	0	0	0	0	0	0	0	0	0	0	0	0	0	0	0	0	0	0	0	0	0	0	0	0	0	0	0	0.0327534157194588	0.0177714728667337	0.0161163768876459	0.0166351823183342	0.00173632577755654	-0.0392658086300745	-0.0719091978091432	-0.12605419750321	-0.129200453178067	-0.0689701655212617	-0.0329779693912077	-0.00943065129229206	0.0111825178641306	2.89078807640699E-4	0.0208733839947527	0.0145765064557579	-0.00174881140694236	0.00308574562391867	-0.0126165411306889	-5.08638672138954E-5	-0.0425573338768362
285.595	0	0	0	0	0	0	0	0	0	0	0	0	0	0	0	0	0	0	0	0	0	0	0	0	0	0	0	0	0	0	0	0	0	0	0	0	0	0	0	0	0	0	0	0	0	0	0	0	0	0	0	0	0	0	0	0	0	0	0	0	0	0	0	0	0	0	0	0	0	0	0	0	0	0	0	0	0	0	0	0	0	0	0	0	0	0	0	0	0	0	0	0	0	0	0	0	0	0	0	0	0	0	0	0	0	0	0	0	0	0	0	0	0	0	0	0	0	0	0	0	0	0	0	0	0	0	0	0	0	0	0	0	0	0	0	0	0	0	0	0	0	0	0	0	0	0	0	0	0	0	0	0	0	0	0	0	0	0	0	0	0	0	0	0	0	0	0	0	0	0	0	0	0	0	0	0	0	0	0	0	0	0	0	0	0	0	0	0	0	0	0	0	0	0	0	0	0	0	0	0	0	0	0	0	0	0	0	0	0	0	0	0	0	0.0270605459008118	0.0272542486327957	0.0214691244067624	0.0190690708910777	0.00464034812663043	-0.0250868521096055	-0.0699502548000009	-0.105199949741648	-0.0938286986578263	-0.0608471333857099	-0.0272289020496769	-0.00804749786716265	0.00349742487117029	0.00986087691361866	0.0136174282202616	0.00505850671571284	0.00380766298916857	0.0269496271896039	0.0224426669191788	0.0100369150386177	-0.00305914166395642	0.0202604196887443	-4.67374272940878E-5
290.107	0	0	0	0	0	0	0	0	0	0	0	0	0	0	0	0	0	0	0	0	0	0	0	0	0	0	0	0	0	0	0	0	0	0	0	0	0	0	0	0	0	0	0	0	0	0	0	0	0	0	0	0	0	0	0	0	0	0	0	0	0	0	0	0	0	0	0	0	0	0	0	0	0	0	0	0	0	0	0	0	0	0	0	0	0	0	0	0	0	0	0	0	0	0	0	0	0	0	0	0	0	0	0	0	0	0	0	0	0	0	0	0	0	0	0	0	0	0	0	0	0	0	0	0	0	0	0	0	0	0	0	0	0	0	0	0	0	0	0	0	0	0	0	0	0	0	0	0	0	0	0	0	0	0	0	0	0	0	0	0	0	0	0	0	0	0	0	0	0	0	0	0	0	0	0	0	0	0	0	0	0	0	0	0	0	0	0	0	0	0	0	0	0	0	0	0	0	0	0	0	0	0	0	0	0	0	0	0	0	0	0.0619433265454904	0.0384012791852749	0.0373574933021425	0.0356862253649363	0.033035940344539	0.0207970882829748	-0.00322630116950061	-0.0482322464121765	-0.0781477309542735	-0.0804219920861655	-0.0534877851513841	-0.0119528796040847	0.0153708162881176	0.02133883141934	0.0140703002013037	0.019677721978096	0.0209379312873303	0.0187827294274159	0.0251947166786489	0.0241016413419523	0.051308368402462	0.0417170073592255	0.0776812181215197	0.0594394134355863	0.0646002241941867	0.102960850512363
294.623	0	0	0	0	0	0	0	0	0	0	0	0	0	0	0	0	0	0	0	0	0	0	0	0	0	0	0	0	0	0	0	0	0	0	0	0	0	0	0	0	0	0	0	0	0	0	0	0	0	0	0	0	0	0	0	0	0	0	0	0	0	0	0	0	0	0	0	0	0	0	0	0	0	0	0	0	0	0	0	0	0	0	0	0	0	0	0	0	0	0	0	0	0	0	0	0	0	0	0	0	0	0	0	0	0	0	0	0	0	0	0	0	0	0	0	0	0	0	0	0	0	0	0	0	0	0	0	0	0	0	0	0	0	0	0	0	0	0	0	0	0	0	0	0	0	0	0	0	0	0	0	0	0	0	0	0	0	0	0	0	0	0	0	0	0	0	0	0	0	0	0	0	0	0	0	0	0	0	0	0	0	0	0	0	0	0	0	0	0	0	0	0	0	0	0	0	0	0	0	0	0	0	0	0	0	0	0	0	0.0487761679753284	0.0446808643924775	0.04081890514816	0.0435209983977009	0.0390855969944034	0.0284551127647978	0.014724793853513	-0.0188347550352887	-0.0503678943174083	-0.0576697255533077	-0.0411161826408833	-0.0059656946323883	0.0194710403864644	0.0240937140657261	0.0223046796279412	0.021992418977232	0.0276282757887352	0.0277660204291866	0.0296778996490622	0.0361739611511547	0.0301819927260836	0.0295118337262409	0.0489789840170071	0.0569580468293791	0.0719196034427791	0.0899373763349813	0.109584115397142	0.0870811557362106
299.142	0	0	0	0	0	0	0	0	0	0	0	0	0	0	0	0	0	0	0	0	0	0	0	0	0	0	0	0	0	0	0	0	0	0	0	0	0	0	0	0	0	0	0	0	0	0	0	0	0	0	0	0	0	0	0	0	0	0	0	0	0	0	0	0	0	0	0	0	0	0	0	0	0	0	0	0	0	0	0	0	0	0	0	0	0	0	0	0	0	0	0	0	0	0	0	0	0	0	0	0	0	0	0	0	0	0	0	0	0	0	0	0	0	0	0	0	0	0	0	0	0	0	0	0	0	0	0	0	0	0	0	0	0	0	0	0	0	0	0	0	0	0	0	0	0	0	0	0	0	0	0	0	0	0	0	0	0	0	0	0	0	0	0	0	0	0	0	0	0	0	0	0	0	0	0	0	0	0	0	0	0	0	0	0	0	0	0	0	0	0	0	0	0	0	0	0	0	0	0	0	0	0	0	0	0	0	0.0404757870594587	0.0441420572554176	0.0474779367481538	0.0482765795108795	0.0561118678652473	0.0501732220005239	0.0322268167663789	0.0120019922551286	-0.0287111378237692	-0.0337166796386025	-0.0182564766018472	0.0164800235906245	0.0283373688204326	0.0322408191738857	0.0350090680365996	0.0367101341817827	0.0328706800890177	0.0304225736360247	0.02687249449446	0.0374938089825076	0.0388149245063977	0.0325462043589798	0.0468442084890374	0.0375257457642618	0.0381545276922795	0.0625177419170728	0.073189586176252	0.0985076748696622	0.089268303091779	0.147835348647217
303.665	0	0	0	0	0	0	0	0	0	0	0	0	0	0	0	0	0	0	0	0	0	0	0	0	0	0	0	0	0	0	0	0	0	0	0	0	0	0	0	0	0	0	0	0	0	0	0	0	0	0	0	0	0	0	0	0	0	0	0	0	0	0	0	0	0	0	0	0	0	0	0	0	0	0	0	0	0	0	0	0	0	0	0	0	0	0	0	0	0	0	0	0	0	0	0	0	0	0	0	0	0	0	0	0	0	0	0	0	0	0	0	0	0	0	0	0	0	0	0	0	0	0	0	0	0	0	0	0	0	0	0	0	0	0	0	0	0	0	0	0	0	0	0	0	0	0	0	0	0	0	0	0	0	0	0	0	0	0	0	0	0	0	0	0	0	0	0	0	0	0	0	0	0	0	0	0	0	0	0	0	0	0	0	0	0	0	0	0	0	0	0	0	0	0	0	0	0	0	0	0	0	0	0	0	0.0369425111094562	0.0421506580076158	0.0447162226004851	0.0515211791761001	0.0514288921648158	0.0529331176771971	0.0368319839266169	0.0172594058356864	-0.00310072048932269	-0.00815441144502831	-0.00458459237522919	0.014562811462353	0.0341146220117217	0.0379768046141113	0.0386082213019491	0.0373743317539953	0.0300156382305189	0.0354248261266597	0.0250945314789339	0.0298049456807472	0.0234566222186469	0.0257050374137419	0.0267614798719563	0.0262566582981032	0.0364535953353361	0.0333910526165884	0.0520678394555508	0.059743720055481	0.0494482772793662	0.0792804631317875	0.0909573995584473	0.0901160544841498
308.191	0	0	0	0	0	0	0	0	0	0	0	0	0	0	0	0	0	0	0	0	0	0	0	0	0	0	0	0	0	0	0	0	0	0	0	0	0	0	0	0	0	0	0	0	0	0	0	0	0	0	0	0	0	0	0	0	0	0	0	0	0	0	0	0	0	0	0	0	0	0	0	0	0	0	0	0	0	0	0	0	0	0	0	0	0	0	0	0	0	0	0	0	0	0	0	0	0	0	0	0	0	0	0	0	0	0	0	0	0	0	0	0	0	0	0	0	0	0	0	0	0	0	0	0	0	0	0	0	0	0	0	0	0	0	0	0	0	0	0	0	0	0	0	0	0	0	0	0	0	0	0	0	0	0	0	0	0	0	0	0	0	0	0	0	0	0	0	0	0	0	0	0	0	0	0	0	0	0	0	0	0	0	0	0	0	0	0	0	0	0	0	0	0	0	0	0	0	0	0	0	0	0.0387634995068184	0.0312631930790344	0.0370162831704737	0.0417753076160224	0.0494523090943194	0.0545031602001203	0.0554879109217459	0.0529087096500789	0.0354167429832279	0.0206144706421761	0.0124970581328738	0.0175166242897935	0.0352733880973554	0.0523306233737874	0.0554378993840168	0.0571441544147685	0.0567250775705055	0.0533376359263401	0.049413578056388	0.0462805841835347	0.0410274146794149	0.0428979305534844	0.0395489952447177	0.0364547250451566	0.0383310632416222	0.0393528260927064	0.0534145945140696	0.0373911671732564	0.037438055621597	0.0702600352851537	0.0768709688635059	0.0930722637458692	0.108824420423838	0.113553636858704	0.16620325757556
312.721	0	0	0	0	0	0	0	0	0	0	0	0	0	0	0	0	0	0	0	0	0	0	0	0	0	0	0	0	0	0	0	0	0	0	0	0	0	0	0	0	0	0	0	0	0	0	0	0	0	0	0	0	0	0	0	0	0	0	0	0	0	0	0	0	0	0	0	0	0	0	0	0	0	0	0	0	0	0	0	0	0	0	0	0	0	0	0	0	0	0	0	0	0	0	0	0	0	0	0	0	0	0	0	0	0	0	0	0	0	0	0	0	0	0	0	0	0	0	0	0	0	0	0	0	0	0	0	0	0	0	0	0	0	0	0	0	0	0	0	0	0	0	0	0	0	0	0	0	0	0	0	0	0	0	0	0	0	0	0	0	0	0	0	0	0	0	0	0	0	0	0	0	0	0	0	0	0	0	0	0	0	0	0	0	0	0	0	0	0	0	0	0	0	0	0	0	0	0	0	0.0287494286548643	0.0287695783615514	0.0332093161542993	0.0370352594469736	0.0435686980588464	0.0485547762660285	0.0562471059007566	0.0507373669709599	0.0425261750649478	0.025338183101682	0.0195666580387054	0.034679562945393	0.0461548899067748	0.0689807619952931	0.0749733809829098	0.0766639573660221	0.0696064979057053	0.0669759279098379	0.063504840375177	0.0570806714432352	0.0521327953705061	0.0506524947977077	0.051507798969924	0.047394148155477	0.0404889164810668	0.0484505295058903	0.0461631913302909	0.0452997793061359	0.0483761112746848	0.0570401223087731	0.0545484919618127	0.0652844234300073	0.073907349775071	0.0976485847765623	0.133116598404267	0.153368587277677	0.136406777738048
317.254	0	0	0	0	0	0	0	0	0	0	0	0	0	0	0	0	0	0	0	0	0	0	0	0	0	0	0	0	0	0	0	0	0	0	0	0	0	0	0	0	0	0	0	0	0	0	0	0	0	0	0	0	0	0	0	0	0	0	0	0	0	0	0	0	0	0	0	0	0	0	0	0	0	0	0	0	0	0	0	0	0	0	0	0	0	0	0	0	0	0	0	0	0	0	0	0	0	0	0	0	0	0	0	0	0	0	0	0	0	0	0	0	0	0	0	0	0	0	0	0	0	0	0	0	0	0	0	0	0	0	0	0	0	0	0	0	0	0	0	0	0	0	0	0	0	0	0	0	0	0	0	0	0	0	0	0	0	0	0	0	0	0	0	0	0	0	0	0	0	0	0	0	0	0	0	0	0	0	0	0	0	0	0	0	0	0	0	0	0	0	0	0	0	0	0	0	0	0.0273199888423643	0.0286720373938004	0.0321164030694397	0.0337939208472319	0.0402339784813479	0.0425084516420125	0.0542197418335704	0.053311296173549	0.0459359102590944	0.0373698212561035	0.0293943008424215	0.0424208602272988	0.0594307607060598	0.0746009654684694	0.0827952141893608	0.0860177937813398	0.0830419959925243	0.0785134622100241	0.0751509733827063	0.0700009412347081	0.0711011841231272	0.0640523600140366	0.0615767595393054	0.0563447957099725	0.0570879344668558	0.0559936055862114	0.0567162475558704	0.0510580860885185	0.0538577354617377	0.040150885047707	0.0602611933082957	0.0517677696125237	0.0682343441736093	0.0733408253317926	0.0957921349205696	0.0992257834940527	0.131025309344365	0.1505695663229	0.214346830888459
321.791	0	0	0	0	0	0	0	0	0	0	0	0	0	0	0	0	0	0	0	0	0	0	0	0	0	0	0	0	0	0	0	0	0	0	0	0	0	0	0	0	0	0	0	0	0	0	0	0	0	0	0	0	0	0	0	0	0	0	0	0	0	0	0	0	0	0	0	0	0	0	0	0	0	0	0	0	0	0	0	0	0	0	0	0	0	0	0	0	0	0	0	0	0	0	0	0	0	0	0	0	0	0	0	0	0	0	0	0	0	0	0	0	0	0	0	0	0	0	0	0	0	0	0	0	0	0	0	0	0	0	0	0	0	0	0	0	0	0	0	0	0	0	0	0	0	0	0	0	0	0	0	0	0	0	0	0	0	0	0	0	0	0	0	0	0	0	0	0	0	0	0	0	0	0	0	0	0	0	0	0	0	0	0	0	0	0	0	0	0	0	0	0	0	0	0	0.0281699966949977	0.0299415723529817	0.0309847855941254	0.0347356833794183	0.0419141059543196	0.045456755520387	0.0509821838392761	0.0520330333544751	0.0500448617143587	0.0395081686744348	0.0392862919153785	0.0500704514578153	0.0724546262532674	0.0874939184336052	0.0969123813325235	0.0999755758095329	0.0990118915644996	0.102376101974198	0.0930352345308978	0.0944194503456502	0.0902423043260416	0.084922733091155	0.0776507949474414	0.0723939231826718	0.075757150978514	0.077327889262999	0.0751726453830278	0.0747803116551511	0.0701122349976376	0.0682210498352954	0.0710923911777587	0.0699404798785091	0.06658771845595	0.07150046107433	0.0909922380476171	0.101465775780812	0.120856030828349	0.141384829159756	0.172693257700217	0.212309152393729	0.238259078994497
326.331	0	0	0	0	0	0	0	0	0	0	0	0	0	0	0	0	0	0	0	0	0	0	0	0	0	0	0	0	0	0	0	0	0	0	0	0	0	0	0	0	0	0	0	0	0	0	0	0	0	0	0	0	0	0	0	0	0	0	0	0	0	0	0	0	0	0	0	0	0	0	0	0	0	0	0	0	0	0	0	0	0	0	0	0	0	0	0	0	0	0	0	0	0	0	0	0	0	0	0	0	0	0	0	0	0	0	0	0	0	0	0	0	0	0	0	0	0	0	0	0	0	0	0	0	0	0	0	0	0	0	0	0	0	0	0	0	0	0	0	0	0	0	0	0	0	0	0	0	0	0	0	0	0	0	0	0	0	0	0	0	0	0	0	0	0	0	0	0	0	0	0	0	0	0	0	0	0	0	0	0	0	0	0	0	0	0	0	0	0	0	0	0	0.0352501928504027	0.0293635640277956	0.0296941893144638	0.032568121615717	0.0361772123680737	0.0407729654087865	0.0455638680814448	0.0486745668481877	0.050155487189291	0.0511075662391002	0.0449534759896895	0.0464598085932594	0.0557653949748524	0.0713823007458531	0.0897700325306688	0.102120647788449	0.106502530040429	0.110892138220905	0.11059079337429	0.107834793373152	0.104420407604937	0.10245430887783	0.100538248274181	0.101033688806583	0.0933079597407598	0.0847130115844758	0.0880974467252096	0.0840750552336659	0.0823851817891706	0.0807479468422382	0.0724599076539368	0.0754508382708302	0.0689047002750012	0.0753836989362701	0.0648543495212045	0.0713375884027142	0.0779190621700593	0.0780670668450177	0.100973380672727	0.103619333209971	0.15163649157381	0.178585555367005	0.241970785193701	0.28896856681112
330.875	0	0	0	0	0	0	0	0	0	0	0	0	0	0	0	0	0	0	0	0	0	0	0	0	0	0	0	0	0	0	0	0	0	0	0	0	0	0	0	0	0	0	0	0	0	0	0	0	0	0	0	0	0	0	0	0	0	0	0	0	0	0	0	0	0	0	0	0	0	0	0	0	0	0	0	0	0	0	0	0	0	0	0	0	0	0	0	0	0	0	0	0	0	0	0	0	0	0	0	0	0	0	0	0	0	0	0	0	0	0	0	0	0	0	0	0	0	0	0	0	0	0	0	0	0	0	0	0	0	0	0	0	0	0	0	0	0	0	0	0	0	0	0	0	0	0	0	0	0	0	0	0	0	0	0	0	0	0	0	0	0	0	0	0	0	0	0	0	0	0	0	0	0	0	0	0	0	0	0	0	0	0	0	0	0	0	0	0	0	0	0.0357772877182818	0.0317302350874609	0.0331844886082521	0.0350951045164175	0.0383425874021953	0.0447935285430996	0.0472476744720516	0.0485390959719752	0.054675526153401	0.0496292191389229	0.0502622085352383	0.0447416426727076	0.0536620205437504	0.0714464507044808	0.0886367463315813	0.103625228357119	0.111413657081194	0.114969893578589	0.117094169409068	0.11875427841968	0.119055894404842	0.115872993338012	0.117292683931266	0.111192967887899	0.102990179289624	0.10365342672677	0.0987588029846725	0.0941554781009674	0.0928981736514478	0.0904000983201405	0.0841268154926347	0.0775864562533976	0.0881988698276243	0.0799276066346032	0.0835413750749725	0.0822126104887987	0.079805631255308	0.0963505256494681	0.0909003459465459	0.109100977149631	0.109821602942059	0.142866680389816	0.185433898963977	0.211991860192845	0.262690831055621	0.302787222208757
335.422	0	0	0	0	0	0	0	0	0	0	0	0	0	0	0	0	0	0	0	0	0	0	0	0	0	0	0	0	0	0	0	0	0	0	0	0	0	0	0	0	0	0	0	0	0	0	0	0	0	0	0	0	0	0	0	0	0	0	0	0	0	0	0	0	0	0	0	0	0	0	0	0	0	0	0	0	0	0	0	0	0	0	0	0	0	0	0	0	0	0	0	0	0	0	0	0	0	0	0	0	0	0	0	0	0	0	0	0	0	0	0	0	0	0	0	0	0	0	0	0	0	0	0	0	0	0	0	0	0	0	0	0	0	0	0	0	0	0	0	0	0	0	0	0	0	0	0	0	0	0	0	0	0	0	0	0	0	0	0	0	0	0	0	0	0	0	0	0	0	0	0	0	0	0	0	0	0	0	0	0	0	0	0	0	0	0	0	0	0.0334762059381983	0.0347833607628155	0.0366326905305972	0.0408538398060385	0.0409915493517889	0.0460581572640147	0.0501189295124619	0.0536341069868063	0.0560155807912747	0.0561134894550624	0.0483673670396132	0.0523788468898623	0.0546321332171196	0.0730495569045579	0.0897513773976654	0.0992778768285991	0.112347035231088	0.116805882570315	0.121986164682692	0.126120134614014	0.126313295338428	0.127736836335968	0.125182936542588	0.123543814884124	0.123693313804907	0.11886467670136	0.115811891701515	0.110777032751474	0.109620811284072	0.105043305356941	0.0996870217560571	0.103605410018031	0.0894838781819506	0.094639644550744	0.0952338929745261	0.0981761635482452	0.0910505975707718	0.0941844708730628	0.104243732028393	0.0998908155455241	0.111427455810164	0.125034416858078	0.159559188120127	0.154462815098886	0.218536288892881	0.217871603147037	0.296494475236559	0.285118437762282
339.972	0	0	0	0	0	0	0	0	0	0	0	0	0	0	0	0	0	0	0	0	0	0	0	0	0	0	0	0	0	0	0	0	0	0	0	0	0	0	0	0	0	0	0	0	0	0	0	0	0	0	0	0	0	0	0	0	0	0	0	0	0	0	0	0	0	0	0	0	0	0	0	0	0	0	0	0	0	0	0	0	0	0	0	0	0	0	0	0	0	0	0	0	0	0	0	0	0	0	0	0	0	0	0	0	0	0	0	0	0	0	0	0	0	0	0	0	0	0	0	0	0	0	0	0	0	0	0	0	0	0	0	0	0	0	0	0	0	0	0	0	0	0	0	0	0	0	0	0	0	0	0	0	0	0	0	0	0	0	0	0	0	0	0	0	0	0	0	0	0	0	0	0	0	0	0	0	0	0	0	0	0	0	0	0	0	0	0.0347645398473978	0.0368916419259498	0.0404403914783509	0.0438506381155146	0.0450745663428695	0.050146576220753	0.052238152416957	0.0547045992332446	0.0592435387464295	0.0593872518889995	0.0571252646946303	0.0548472298351953	0.0608337379776142	0.0756667695426862	0.0814726128497696	0.098182808766535	0.105047405950454	0.114711946851403	0.122820496547599	0.123396975710473	0.123478892823071	0.131974641478775	0.131662099328978	0.136968058322356	0.128621859682534	0.129063833860192	0.129215620416177	0.124283042482207	0.1208009482476	0.117459926661547	0.105609956266802	0.109228737169709	0.110968669194994	0.102008395131515	0.102642851504123	0.102144418052663	0.100911648819907	0.100363770490993	0.102990178610264	0.106980642365135	0.109280701468657	0.120346215476904	0.128608620384168	0.136691901070972	0.168090093451194	0.19337708055537	0.18650588469061	0.21598977156094	0.275486699939775	0.286947367150229
344.526	0	0	0	0	0	0	0	0	0	0	0	0	0	0	0	0	0	0	0	0	0	0	0	0	0	0	0	0	0	0	0	0	0	0	0	0	0	0	0	0	0	0	0	0	0	0	0	0	0	0	0	0	0	0	0	0	0	0	0	0	0	0	0	0	0	0	0	0	0	0	0	0	0	0	0	0	0	0	0	0	0	0	0	0	0	0	0	0	0	0	0	0	0	0	0	0	0	0	0	0	0	0	0	0	0	0	0	0	0	0	0	0	0	0	0	0	0	0	0	0	0	0	0	0	0	0	0	0	0	0	0	0	0	0	0	0	0	0	0	0	0	0	0	0	0	0	0	0	0	0	0	0	0	0	0	0	0	0	0	0	0	0	0	0	0	0	0	0	0	0	0	0	0	0	0	0	0	0	0	0	0	0	0	0.0453257856227052	0.0369722229968508	0.0393257236223687	0.0439289323249353	0.0458875766595817	0.0531909152624379	0.054622458314106	0.0593242867468848	0.0635945628480821	0.0702831944489442	0.0684272672226315	0.0663899992078266	0.0677776350752978	0.0686574973534163	0.0771859226573346	0.0898664365777445	0.0995384209176189	0.106823576219301	0.112722642941067	0.120011323582658	0.12528682180097	0.128434702877521	0.135736536533657	0.136631956792773	0.142495435897946	0.139147002902072	0.141231719866127	0.137713165896117	0.136028096345399	0.131751664680904	0.133566932843721	0.128286917737112	0.127425573180064	0.121703511628434	0.11982594746576	0.116091769838905	0.11411322959625	0.117468334992009	0.116892728954741	0.118999275843361	0.115619179466364	0.121643334153053	0.125230999322387	0.129116727876529	0.130481414742872	0.146456147264284	0.169921781553569	0.182339694814145	0.205825136591388	0.248508049416505	0.2812463386701	0.294369154240637	0.326553360429541
349.084	0	0	0	0	0	0	0	0	0	0	0	0	0	0	0	0	0	0	0	0	0	0	0	0	0	0	0	0	0	0	0	0	0	0	0	0	0	0	0	0	0	0	0	0	0	0	0	0	0	0	0	0	0	0	0	0	0	0	0	0	0	0	0	0	0	0	0	0	0	0	0	0	0	0	0	0	0	0	0	0	0	0	0	0	0	0	0	0	0	0	0	0	0	0	0	0	0	0	0	0	0	0	0	0	0	0	0	0	0	0	0	0	0	0	0	0	0	0	0	0	0	0	0	0	0	0	0	0	0	0	0	0	0	0	0	0	0	0	0	0	0	0	0	0	0	0	0	0	0	0	0	0	0	0	0	0	0	0	0	0	0	0	0	0	0	0	0	0	0	0	0	0	0	0	0	0	0	0	0	0	0	0.0422506204459258	0.0384936118496625	0.0443156674156631	0.0462897040381979	0.0526526006435079	0.0571904971885043	0.0630809172667473	0.0661123425011357	0.070044837823334	0.0770408122386312	0.0755590392631792	0.076967743289537	0.0768814542494876	0.078717214462998	0.0868874283874118	0.093514605327134	0.103957828161046	0.113859594311779	0.116903843717733	0.121671256343311	0.128076721886306	0.131338766993532	0.139838447354463	0.139695877791863	0.1412749547434	0.146045354349657	0.148866108645962	0.1443187266169	0.141253542733788	0.14202103592877	0.135804795757976	0.140234908664877	0.139649232401111	0.133602104549422	0.130493811731613	0.12725860868738	0.130568194239989	0.121584154532963	0.122733672479122	0.125622480671447	0.116474298050767	0.128081089479595	0.124235767121848	0.127682392838317	0.139368743865636	0.147356662391436	0.158507719209128	0.160593857652814	0.174078552813376	0.214903329397601	0.206625629131276	0.254428537657948	0.244220598953684	0.26370939901583	0.266116399369135
353.644	0	0	0	0	0	0	0	0	0	0	0	0	0	0	0	0	0	0	0	0	0	0	0	0	0	0	0	0	0	0	0	0	0	0	0	0	0	0	0	0	0	0	0	0	0	0	0	0	0	0	0	0	0	0	0	0	0	0	0	0	0	0	0	0	0	0	0	0	0	0	0	0	0	0	0	0	0	0	0	0	0	0	0	0	0	0	0	0	0	0	0	0	0	0	0	0	0	0	0	0	0	0	0	0	0	0	0	0	0	0	0	0	0	0	0	0	0	0	0	0	0	0	0	0	0	0	0	0	0	0	0	0	0	0	0	0	0	0	0	0	0	0	0	0	0	0	0	0	0	0	0	0	0	0	0	0	0	0	0	0	0	0	0	0	0	0	0	0	0	0	0	0	0	0	0	0	0	0	0	0.04371885888418	0.0450106732071425	0.0490082668041811	0.053746620318169	0.0599556657107639	0.0640776997567117	0.07134767693422	0.0754574867140989	0.0811658285521964	0.0861239867709474	0.0904873597148086	0.0915414221166648	0.0911053471951999	0.0906896740656403	0.0930022869423064	0.109138119532783	0.117060722986348	0.127435198095102	0.13010220156994	0.13200326194786	0.137814329074795	0.138931989966457	0.143107083286876	0.146161496447337	0.148405245851106	0.153329503487513	0.156916815348608	0.15741882127598	0.156601777964808	0.157188790361676	0.154022347358209	0.15423349065463	0.152449136457137	0.148229257987131	0.14863895689611	0.14604062822417	0.144298730102904	0.145975153578203	0.142187901803374	0.142105579216311	0.139388755980465	0.143117079632405	0.147612675137381	0.157907299872886	0.152649698043179	0.165021662411244	0.167564906524428	0.181721959159865	0.186451092446331	0.210510264990517	0.221301703933667	0.231604190749492	0.261319671920082	0.282012100934966	0.315779213461222	0.346345842141972	0.328512821751255
358.208	0	0	0	0	0	0	0	0	0	0	0	0	0	0	0	0	0	0	0	0	0	0	0	0	0	0	0	0	0	0	0	0	0	0	0	0	0	0	0	0	0	0	0	0	0	0	0	0	0	0	0	0	0	0	0	0	0	0	0	0	0	0	0	0	0	0	0	0	0	0	0	0	0	0	0	0	0	0	0	0	0	0	0	0	0	0	0	0	0	0	0	0	0	0	0	0	0	0	0	0	0	0	0	0	0	0	0	0	0	0	0	0	0	0	0	0	0	0	0	0	0	0	0	0	0	0	0	0	0	0	0	0	0	0	0	0	0	0	0	0	0	0	0	0	0	0	0	0	0	0	0	0	0	0	0	0	0	0	0	0	0	0	0	0	0	0	0	0	0	0	0	0	0	0	0	0	0.0727110471538185	0.0449187511408914	0.0478746022497161	0.053171555697178	0.0590446390031641	0.0657206036914817	0.0700342767299578	0.0784939356611866	0.0849698290151854	0.0896400423159682	0.0949122012991213	0.10229197487413	0.106210855339199	0.10750997468953	0.105645343723489	0.11271136056498	0.1204264565958	0.128490927218993	0.133000948326504	0.14120223185296	0.14364939023541	0.149226704997232	0.152067923555988	0.156165460450565	0.157041810319645	0.159929081953335	0.163830098954397	0.165543710750791	0.167804505116009	0.166626270112486	0.165101676271385	0.167027790182925	0.165922561489929	0.160878005876462	0.160173751479888	0.161666685767823	0.161008730990327	0.158084308288386	0.15705780915931	0.154976233341673	0.15065753542569	0.15561650411093	0.155909447929381	0.158112299446898	0.158953956798582	0.165178788494306	0.1704820449704	0.17643401565858	0.18508041088659	0.20147243410601	0.210331933566709	0.228044981809975	0.225673499369334	0.247213040595879	0.277517067009395	0.285428784810236	0.317910619408226	0.323206577006279	0.331921103612616	0.334240124778309
362.776	0	0	0	0	0	0	0	0	0	0	0	0	0	0	0	0	0	0	0	0	0	0	0	0	0	0	0	0	0	0	0	0	0	0	0	0	0	0	0	0	0	0	0	0	0	0	0	0	0	0	0	0	0	0	0	0	0	0	0	0	0	0	0	0	0	0	0	0	0	0	0	0	0	0	0	0	0	0	0	0	0	0	0	0	0	0	0	0	0	0	0	0	0	0	0	0	0	0	0	0	0	0	0	0	0	0	0	0	0	0	0	0	0	0	0	0	0	0	0	0	0	0	0	0	0	0	0	0	0	0	0	0	0	0	0	0	0	0	0	0	0	0	0	0	0	0	0	0	0	0	0	0	0	0	0	0	0	0	0	0	0	0	0	0	0	0	0	0	0	0	0	0	0	0	0.0600942359686151	0.0476063641456934	0.0518431577263822	0.0579481727087244	0.065694279741528	0.0711594387116875	0.0793984350223545	0.0855074530774446	0.0935191905596816	0.101595233488864	0.108302232630471	0.115495280861515	0.117972016321463	0.122260172828962	0.120507155355431	0.125861985047949	0.137280004187292	0.146679416891477	0.152424405509224	0.15415047748779	0.163668474931588	0.162873678456987	0.168704507109511	0.169723913838841	0.17519577573629	0.17478445027567	0.176250833577012	0.176425671839242	0.184178979223385	0.181566373407082	0.183847017015875	0.182035821976736	0.182763537210845	0.179118190669114	0.178281735314899	0.180000452099336	0.176748256673265	0.17587343998512	0.171341292770764	0.172928402051918	0.172558002732932	0.176356531497383	0.172594331104599	0.168508409012074	0.175741893702497	0.18903375843481	0.188795479502665	0.190370202028839	0.197945870802178	0.20924515080391	0.224197077752202	0.24476192095366	0.255870335932312	0.247395489127235	0.274871527975826	0.28685214051071	0.328408407232591	0.348274545981025	0.369663573259447	0.410474014282751	0.429791854860479	0.417706917235637
367.346	0	0	0	0	0	0	0	0	0	0	0	0	0	0	0	0	0	0	0	0	0	0	0	0	0	0	0	0	0	0	0	0	0	0	0	0	0	0	0	0	0	0	0	0	0	0	0	0	0	0	0	0	0	0	0	0	0	0	0	0	0	0	0	0	0	0	0	0	0	0	0	0	0	0	0	0	0	0	0	0	0	0	0	0	0	0	0	0	0	0	0	0	0	0	0	0	0	0	0	0	0	0	0	0	0	0	0	0	0	0	0	0	0	0	0	0	0	0	0	0	0	0	0	0	0	0	0	0	0	0	0	0	0	0	0	0	0	0	0	0	0	0	0	0	0	0	0	0	0	0	0	0	0	0	0	0	0	0	0	0	0	0	0	0	0	0	0	0	0	0	0	0	0.0492005166635371	0.0453155098027658	0.051933220791513	0.0576319980305823	0.0644960674092911	0.0725464179785574	0.0794546407935703	0.0891060761648284	0.0986383213410919	0.107051200676924	0.116283504136008	0.12124906013266	0.127564031470756	0.135124136196035	0.138969384725021	0.144634046646739	0.152990909386964	0.160886391853887	0.17184072972582	0.173373578312131	0.178598016842375	0.181973919501829	0.18455323000377	0.189621792681575	0.190083115111113	0.193647028001733	0.19168014788197	0.193777789464479	0.193565990038794	0.195590427407939	0.194611109962484	0.197693758329301	0.194664254305052	0.197771546766418	0.193435892914771	0.195496243729413	0.18982241395734	0.188980232987674	0.18898362175213	0.189922497775468	0.188367163101725	0.18693223769569	0.184015068417754	0.18158574726626	0.190224235964803	0.194024960323198	0.197045816033161	0.197133024602302	0.205217267001981	0.218218587334066	0.227490190618021	0.230664266715849	0.245502036687931	0.262620020127394	0.285130587939185	0.296268364666723	0.296411948393838	0.343392899076189	0.332098665777127	0.351477004236507	0.390258323969448	0.400896171546004	0.41735413921138	0.410318738544166
371.92	0	0	0	0	0	0	0	0	0	0	0	0	0	0	0	0	0	0	0	0	0	0	0	0	0	0	0	0	0	0	0	0	0	0	0	0	0	0	0	0	0	0	0	0	0	0	0	0	0	0	0	0	0	0	0	0	0	0	0	0	0	0	0	0	0	0	0	0	0	0	0	0	0	0	0	0	0	0	0	0	0	0	0	0	0	0	0	0	0	0	0	0	0	0	0	0	0	0	0	0	0	0	0	0	0	0	0	0	0	0	0	0	0	0	0	0	0	0	0	0	0	0	0	0	0	0	0	0	0	0	0	0	0	0	0	0	0	0	0	0	0	0	0	0	0	0	0	0	0	0	0	0	0	0	0	0	0	0	0	0	0	0	0	0	0	0	0	0	0	0	0.0465408170014867	0.047104857766991	0.0534290784467413	0.0592798503888357	0.0672223308039718	0.0774754603633194	0.0855246871518978	0.0967852659515118	0.106340160886171	0.115858807968589	0.124908888423552	0.135101594072881	0.14345522552362	0.145496379436495	0.15354372023837	0.158291597842144	0.170407571347511	0.177174084942483	0.186254482442475	0.193982942801703	0.199084050829129	0.202131883939587	0.205883709267242	0.210950940670017	0.215958551122354	0.218275790481299	0.218859361396575	0.218475699242222	0.222068884037328	0.219488788583767	0.221203261109924	0.218283810286365	0.219763363873145	0.21749143825975	0.214309311920999	0.21511862496837	0.213580407021468	0.211605424442765	0.209610087988994	0.210719196489375	0.20695548672357	0.204120587484754	0.213057106067895	0.213925682502069	0.210867884363369	0.216382158807449	0.215369966470514	0.222244145406395	0.227404857371048	0.22967842458338	0.244942124656133	0.247530387328335	0.273471273516116	0.279852567697808	0.293368755066539	0.310355373454924	0.320919551087142	0.34280357738861	0.355387855647658	0.39426639535685	0.381861152236946	0.410461079015773	0.454433199858994	0.474030071668038	0.433488697314619	0.496436770797114
376.497	0	0	0	0	0	0	0	0	0	0	0	0	0	0	0	0	0	0	0	0	0	0	0	0	0	0	0	0	0	0	0	0	0	0	0	0	0	0	0	0	0	0	0	0	0	0	0	0	0	0	0	0	0	0	0	0	0	0	0	0	0	0	0	0	0	0	0	0	0	0	0	0	0	0	0	0	0	0	0	0	0	0	0	0	0	0	0	0	0	0	0	0	0	0	0	0	0	0	0	0	0	0	0	0	0	0	0	0	0	0	0	0	0	0	0	0	0	0	0	0	0	0	0	0	0	0	0	0	0	0	0	0	0	0	0	0	0	0	0	0	0	0	0	0	0	0	0	0	0	0	0	0	0	0	0	0	0	0	0	0	0	0	0	0	0	0	0	0.0649753951492241	0.0441451794867658	0.0481124233273288	0.0543882644216561	0.0614518752625897	0.0688998146575902	0.0797555758024698	0.0883329253007158	0.0986121601783678	0.108787981180855	0.119864218035617	0.131833001183165	0.143365014156682	0.154307161360917	0.161073968860336	0.168511083912129	0.174629319275849	0.186784689894538	0.195800236968814	0.20590572899203	0.216167939480648	0.220931120293154	0.229028580131615	0.231580451556013	0.239429105024007	0.2420252724133	0.242262324002764	0.246375192443656	0.249904809030799	0.250919340456356	0.249246009884561	0.251088450178586	0.250074566738023	0.243180323489063	0.2440369328788	0.241651623501536	0.242601568814022	0.241805975412906	0.240414731333917	0.236763266415328	0.236674912504414	0.231561906302232	0.231247141131294	0.230153810351971	0.229125224745166	0.231156263506811	0.231606047785022	0.232087460985963	0.240482014352567	0.241334758577925	0.253416811551026	0.262876917633847	0.26320021203808	0.273960473527144	0.297019259256895	0.308189882113931	0.317563428265151	0.340569193491882	0.350895988644434	0.370723967276488	0.400052671583257	0.418017068594739	0.429692147113128	0.433290788458466	0.463604802012399	0.508018798015167	0.496123741568104	0.49479548982102	0.476240327809775
381.077	0	0	0	0	0	0	0	0	0	0	0	0	0	0	0	0	0	0	0	0	0	0	0	0	0	0	0	0	0	0	0	0	0	0	0	0	0	0	0	0	0	0	0	0	0	0	0	0	0	0	0	0	0	0	0	0	0	0	0	0	0	0	0	0	0	0	0	0	0	0	0	0	0	0	0	0	0	0	0	0	0	0	0	0	0	0	0	0	0	0	0	0	0	0	0	0	0	0	0	0	0	0	0	0	0	0	0	0	0	0	0	0	0	0	0	0	0	0	0	0	0	0	0	0	0	0	0	0	0	0	0	0	0	0	0	0	0	0	0	0	0	0	0	0	0	0	0	0	0	0	0	0	0	0	0	0	0	0	0	0	0	0	0	0	0	0.051979912458488	0.0438256781461781	0.0497285941792269	0.054834307365098	0.0638538886467001	0.0719360717369022	0.0798920384974134	0.0917538432137374	0.101168807900511	0.110449494063583	0.124288169592958	0.136459120413941	0.149303901116802	0.15919885789344	0.172542038691903	0.180667569238209	0.189532683678543	0.196278193255426	0.212389693616722	0.223790443623781	0.23088576390019	0.240421429075496	0.246837122571465	0.254750109551349	0.258353369340693	0.264063012759496	0.271975765145871	0.274075131849519	0.275456040587024	0.280580843488264	0.279243679313279	0.278525668162318	0.280182658012507	0.27627825677816	0.274172331594573	0.27427702462424	0.273431236252931	0.269474921108335	0.265293652038976	0.266961265318132	0.263164678454768	0.259902186691726	0.259771320175523	0.255320005759886	0.257715223049945	0.255990944803582	0.256340747922701	0.257127671589473	0.257665236465745	0.264112362241203	0.268139268051456	0.272910391744278	0.278537311549258	0.298447102080627	0.306178718562493	0.314740707269656	0.335241054730078	0.353393703657981	0.365550557458103	0.398588495496826	0.414735243959619	0.438118005903569	0.457355311857648	0.464903690383285	0.489062806492477	0.508463832092644	0.522981035393444	0.554207473691481	0.572382564449678	0.570372886054587	0.623657458367991
385.661	0	0	0	0	0	0	0	0	0	0	0	0	0	0	0	0	0	0	0	0	0	0	0	0	0	0	0	0	0	0	0	0	0	0	0	0	0	0	0	0	0	0	0	0	0	0	0	0	0	0	0	0	0	0	0	0	0	0	0	0	0	0	0	0	0	0	0	0	0	0	0	0	0	0	0	0	0	0	0	0	0	0	0	0	0	0	0	0	0	0	0	0	0	0	0	0	0	0	0	0	0	0	0	0	0	0	0	0	0	0	0	0	0	0	0	0	0	0	0	0	0	0	0	0	0	0	0	0	0	0	0	0	0	0	0	0	0	0	0	0	0	0	0	0	0	0	0	0	0	0	0	0	0	0	0	0	0	0	0	0	0	0	0	0.0439937348257424	0.0435392226695712	0.0500832185202884	0.0571121527987033	0.0631290991272828	0.072737894500359	0.0810000374194982	0.0907957939339309	0.101123143300253	0.11460229271396	0.125379242851708	0.135905632890326	0.1508069307375	0.165775357851116	0.176059559339125	0.188278359617474	0.19756504976004	0.20616398503334	0.221289717196095	0.237188286479034	0.245603550526364	0.256012347036813	0.266692174882086	0.274663874932755	0.278962128072732	0.285050339373569	0.294149973884302	0.295952522816568	0.299390349391026	0.304318704010789	0.308037824157636	0.309356773200147	0.310819567340727	0.310049640466018	0.30697679430906	0.305726097286219	0.306429137199156	0.299846238223805	0.29671413679358	0.296148242236507	0.296442794649258	0.290079688108203	0.287066041357786	0.284704921885089	0.279114145392371	0.279854231095019	0.281044814856465	0.277929035414696	0.276404583980719	0.283542019609517	0.285805486221959	0.289853248092448	0.289258075024317	0.301553956053306	0.318580869012743	0.325965586037055	0.341437525829677	0.353440141321841	0.371781012047739	0.392329607388944	0.414015325083934	0.43641646723364	0.468080651276363	0.483306130613734	0.513576503806302	0.528700011980641	0.541262986254377	0.577177260256143	0.595032132787096	0.601688960561142	0.589775884164382	0.651282500622345	0.67592119292027
390.248	0	0	0	0	0	0	0	0	0	0	0	0	0	0	0	0	0	0	0	0	0	0	0	0	0	0	0	0	0	0	0	0	0	0	0	0	0	0	0	0	0	0	0	0	0	0	0	0	0	0	0	0	0	0	0	0	0	0	0	0	0	0	0	0	0	0	0	0	0	0	0	0	0	0	0	0	0	0	0	0	0	0	0	0	0	0	0	0	0	0	0	0	0	0	0	0	0	0	0	0	0	0	0	0	0	0	0	0	0	0	0	0	0	0	0	0	0	0	0	0	0	0	0	0	0	0	0	0	0	0	0	0	0	0	0	0	0	0	0	0	0	0	0	0	0	0	0	0	0	0	0	0	0	0	0	0	0	0	0	0	0.0605776918570728	0.0425566925824131	0.0452126292666867	0.049617578275098	0.0558694902765273	0.0650885369955319	0.0709354721070092	0.0830829367239568	0.0911160717357756	0.102497092760434	0.111961134038674	0.124941744604308	0.135732722397267	0.147197143019547	0.161403114367275	0.173745001324873	0.184094017158554	0.197757645722339	0.210594020464127	0.222636877559436	0.2369460551405	0.250016438315796	0.262187253220906	0.272978096505424	0.282125767532119	0.288756161938286	0.297798093064517	0.304766405973192	0.312590242941257	0.316323184687789	0.320591442768187	0.324463317155337	0.328046552761924	0.329266772901989	0.330828260284899	0.332051869835305	0.333092446293051	0.332348189628319	0.325206763434475	0.322864081742093	0.319414734190022	0.316412959171159	0.31155772415015	0.306830950139067	0.303047526596296	0.301440177387992	0.300643733053336	0.300307816863582	0.299485225311841	0.295299604695822	0.295087464159649	0.299054955754815	0.296423335495389	0.30936189045495	0.311627445689529	0.321651699378984	0.330441712812797	0.339275064357085	0.348090515554526	0.369140317834087	0.388279819549582	0.406522948533221	0.426253032781646	0.447526247101907	0.481065653955484	0.488315647212542	0.52398243388526	0.550570244978283	0.576682231162402	0.582377873205564	0.609244623182367	0.663168098426936	0.659235465294759	0.659262166592222	0.708097190746637	0.715924530395337
394.837	0	0	0	0	0	0	0	0	0	0	0	0	0	0	0	0	0	0	0	0	0	0	0	0	0	0	0	0	0	0	0	0	0	0	0	0	0	0	0	0	0	0	0	0	0	0	0	0	0	0	0	0	0	0	0	0	0	0	0	0	0	0	0	0	0	0	0	0	0	0	0	0	0	0	0	0	0	0	0	0	0	0	0	0	0	0	0	0	0	0	0	0	0	0	0	0	0	0	0	0	0	0	0	0	0	0	0	0	0	0	0	0	0	0	0	0	0	0	0	0	0	0	0	0	0	0	0	0	0	0	0	0	0	0	0	0	0	0	0	0	0	0	0	0	0	0	0	0	0	0	0	0	0	0	0	0	0	0	0.0474741247777732	0.04243547325878	0.0465196277190149	0.0517433760897211	0.0583572346190952	0.0656621382223024	0.0742839571968103	0.083315972856037	0.0919734975388969	0.103127911925336	0.112988723199047	0.124807015426076	0.136906455802604	0.150356603377316	0.161943499076515	0.173803423274739	0.189007759884011	0.201220843348723	0.210576506959765	0.225170568813337	0.239111061498412	0.252543210361684	0.266894063492954	0.279987272931027	0.2899371402817	0.299194973652625	0.309789731407197	0.315170486023882	0.324955732686282	0.331793516847036	0.33884579241491	0.341818305722857	0.346654057529271	0.348659630887293	0.351696976814636	0.355189038225753	0.357196169024873	0.356681290352201	0.3529981851889	0.351705599552535	0.351136910766384	0.342936578559449	0.33749648014442	0.334213783105315	0.335303227963612	0.327974373929068	0.323508278685034	0.32312615682926	0.31878669206254	0.323748303007632	0.315166383618727	0.315475140040447	0.317984037041371	0.321196390063255	0.329810309831328	0.327203813183393	0.336289276026319	0.34593840863588	0.357185605063339	0.368746101431687	0.385733466502013	0.407843598964308	0.421863920404842	0.444787682557961	0.472107342794663	0.490170566449863	0.519951828199883	0.54756627276462	0.570681940923727	0.583781789766774	0.616973854021848	0.645727339090978	0.673964640734927	0.690181500635119	0.71987605443942	0.73562804357274	0.741178061006388	0.751640276145679
399.43	0	0	0	0	0	0	0	0	0	0	0	0	0	0	0	0	0	0	0	0	0	0	0	0	0	0	0	0	0	0	0	0	0	0	0	0	0	0	0	0	0	0	0	0	0	0	0	0	0	0	0	0	0	0	0	0	0	0	0	0	0	0	0	0	0	0	0	0	0	0	0	0	0	0	0	0	0	0	0	0	0	0	0	0	0	0	0	0	0	0	0	0	0	0	0	0	0	0	0	0	0	0	0	0	0	0	0	0	0	0	0	0	0	0	0	0	0	0	0	0	0	0	0	0	0	0	0	0	0	0	0	0	0	0	0	0	0	0	0	0	0	0	0	0	0	0	0	0	0	0	0	0	0	0	0	0	0.0389014937003641	0.0408337033716944	0.0441044006652823	0.0497641290319727	0.0573250446924108	0.0639025093855818	0.0699459189733537	0.0798079489904645	0.0878321832517183	0.0971302160089618	0.108776011653168	0.119357294221916	0.130581582171957	0.142793657554136	0.155111971255169	0.166814622111719	0.17925866335974	0.192249730329466	0.202369813057634	0.2159144496165	0.227417958377686	0.244525403814858	0.257632925475571	0.270451632357577	0.281023769406699	0.293197118294554	0.303479176998949	0.313119647095503	0.320004682679338	0.328499167293225	0.338809306595969	0.340773094251536	0.348603430126493	0.353182743976042	0.355937262554923	0.360798109022697	0.363243986122621	0.363234099963762	0.365208899260274	0.360299109012867	0.359058782702094	0.355420003617526	0.352009934141106	0.348053437731271	0.343098443919121	0.34045413496304	0.336421646206957	0.331336416325201	0.328676207492961	0.327130281211873	0.322929846125328	0.323387157970775	0.320953239951636	0.322967580914468	0.320348244664268	0.325194082369983	0.329950901508139	0.337692386638916	0.34746462977388	0.350351892733148	0.370214596435978	0.380709525615982	0.398263478866415	0.416927972484008	0.441835107017756	0.453402573930191	0.482971064838555	0.507039374798993	0.527375319986965	0.557020653423477	0.569034102407069	0.609802316748936	0.624420172224035	0.639081378012704	0.669793467704826	0.685836741170478	0.699335472868675	0.709869510167449	0.715680085505605	0.756583225710924
404.026	0	0	0	0	0	0	0	0	0	0	0	0	0	0	0	0	0	0	0	0	0	0	0	0	0	0	0	0	0	0	0	0	0	0	0	0	0	0	0	0	0	0	0	0	0	0	0	0	0	0	0	0	0	0	0	0	0	0	0	0	0	0	0	0	0	0	0	0	0	0	0	0	0	0	0	0	0	0	0	0	0	0	0	0	0	0	0	0	0	0	0	0	0	0	0	0	0	0	0	0	0	0	0	0	0	0	0	0	0	0	0	0	0	0	0	0	0	0	0	0	0	0	0	0	0	0	0	0	0	0	0	0	0	0	0	0	0	0	0	0	0	0	0	0	0	0	0	0	0	0	0	0	0	0.0509695101831926	0.0369563513068178	0.0412500027998474	0.0466468337509527	0.0513053251485024	0.0581789895003833	0.0662788726233287	0.0722539958982672	0.0814316112592492	0.0924261722568368	0.0994367312564431	0.110036256393125	0.119996953241512	0.131983065296191	0.144522925454426	0.157015472253988	0.169735341602739	0.183465473402251	0.192510392369916	0.205306635471688	0.218988065676589	0.232408462599202	0.246290660149851	0.261481934317113	0.276811347878547	0.288509909779798	0.298337951881581	0.314258931933868	0.325258782406387	0.332956789921611	0.342847947947246	0.35149351032484	0.360453358021083	0.365278309536637	0.371406041998865	0.378659129299489	0.381194231335974	0.385540491698829	0.384556778182246	0.391915909664023	0.387642360710791	0.391055801044873	0.389636005391855	0.383242337764231	0.380213621584899	0.377685869672457	0.374512194578361	0.366527659391897	0.363779333871965	0.358890989788388	0.352345543914301	0.350652202761114	0.346836649666089	0.344444175295553	0.344876707087585	0.342585431774138	0.345094099259996	0.346901834656548	0.347745512973658	0.356418164364699	0.365624795777501	0.375445427154052	0.391580180289009	0.403445261199603	0.416818857945732	0.431920813107253	0.447004393462044	0.476684060822404	0.497130519171995	0.523084269936612	0.543932738708998	0.578590539606745	0.59914691736775	0.623557234901397	0.652822293347499	0.678874713420392	0.705404968362712	0.7247649152112	0.764049594848245	0.773048679323247	0.775901421020474	0.811890771714099	0.847942514554823
408.626	0	0	0	0	0	0	0	0	0	0	0	0	0	0	0	0	0	0	0	0	0	0	0	0	0	0	0	0	0	0	0	0	0	0	0	0	0	0	0	0	0	0	0	0	0	0	0	0	0	0	0	0	0	0	0	0	0	0	0	0	0	0	0	0	0	0	0	0	0	0	0	0	0	0	0	0	0	0	0	0	0	0	0	0	0	0	0	0	0	0	0	0	0	0	0	0	0	0	0	0	0	0	0	0	0	0	0	0	0	0	0	0	0	0	0	0	0	0	0	0	0	0	0	0	0	0	0	0	0	0	0	0	0	0	0	0	0	0	0	0	0	0	0	0	0	0	0	0	0	0	0	0.0391555593557683	0.0375604306190679	0.0413386479778372	0.0473633503381969	0.0536097502203239	0.0588829295561168	0.0657265961343046	0.0738985214890491	0.082561911587905	0.0905611489925604	0.100805295841197	0.111559720901841	0.121210954727116	0.133087497391114	0.145553454429912	0.156863785449548	0.169498860404755	0.183079390777562	0.194989876201732	0.205953957145478	0.218858834870283	0.23130876458916	0.246587477646556	0.260900081517016	0.275023575979472	0.289939119788276	0.302573466165342	0.31548483119619	0.328755710503804	0.338815388971734	0.3493354362768	0.36041607236464	0.367380642078154	0.376923138174707	0.381736244526524	0.385741767157982	0.393604158856194	0.40066847649347	0.403631190603545	0.407812759223959	0.409209379924428	0.411442177156652	0.411697229586391	0.409413080467441	0.409254079639507	0.404678577993038	0.398961166658538	0.398166039106988	0.391971799422683	0.38729498859833	0.381888080480055	0.375370008939858	0.373389634530648	0.371393506430347	0.365307831997825	0.369152237464067	0.364082657901644	0.363988001047104	0.363195334334425	0.364337304222073	0.371198496357949	0.382363523890953	0.396560250885076	0.407176873011094	0.415251133246696	0.427725462781473	0.442259688809579	0.469861514282153	0.490538259415555	0.516511384675941	0.543645628525537	0.555541700265819	0.586852496416125	0.618929398257641	0.656888658065943	0.678607317578498	0.711169731814665	0.719059794348378	0.757321767357135	0.781015076739127	0.790698666763211	0.800420090342413	0.853354982809949	0.864260831718551	0.851312188654452
413.228	0	0	0	0	0	0	0	0	0	0	0	0	0	0	0	0	0	0	0	0	0	0	0	0	0	0	0	0	0	0	0	0	0	0	0	0	0	0	0	0	0	0	0	0	0	0	0	0	0	0	0	0	0	0	0	0	0	0	0	0	0	0	0	0	0	0	0	0	0	0	0	0	0	0	0	0	0	0	0	0	0	0	0	0	0	0	0	0	0	0	0	0	0	0	0	0	0	0	0	0	0	0	0	0	0	0	0	0	0	0	0	0	0	0	0	0	0	0	0	0	0	0	0	0	0	0	0	0	0	0	0	0	0	0	0	0	0	0	0	0	0	0	0	0	0	0	0	0	0	0.0358228129789417	0.0379443196021502	0.0423548681548094	0.0474902123321723	0.052602062989012	0.0606321301427939	0.0658360197092411	0.075021068984977	0.0827816514477081	0.0908828901079322	0.101280950224472	0.108751572662856	0.119893966027778	0.132830291475174	0.143774572858194	0.155782761288568	0.169019321867486	0.180313402901983	0.191626059847842	0.204848218971088	0.219545447720954	0.231378326195334	0.242990416653961	0.256640958432401	0.270701967213578	0.286159285505635	0.2999601275198	0.311803548020624	0.326553278224614	0.335964607295125	0.348778590926169	0.36176459239032	0.369116163936802	0.378604184536427	0.387829724405565	0.395775532324741	0.402681989338744	0.409995861555739	0.414388100771925	0.414840968115572	0.421724531783792	0.423628819301709	0.42489064152004	0.424435920494652	0.421331555074668	0.425649356918097	0.421757634925067	0.413530568116671	0.410347497861379	0.406878947094072	0.402138530411035	0.395462328784487	0.389406956789652	0.387182647774999	0.382875345458632	0.380075984620618	0.378195646843895	0.377969078832887	0.37544923219248	0.378039639128475	0.379505572594812	0.389483912117612	0.392000628755127	0.401415359034889	0.413259287425755	0.424780180748713	0.439163962386746	0.458800448864211	0.475847039140758	0.491917617950704	0.519881186792767	0.549554311055847	0.57658760492917	0.597996690839779	0.615594942818107	0.651907677871264	0.671827933823932	0.707132734004919	0.752729919188299	0.764255096076443	0.784020270272359	0.817109211045228	0.825717910362778	0.872829537751462	0.889878089876609	0.92923858244539	0.958805754239808
417.833	0	0	0	0	0	0	0	0	0	0	0	0	0	0	0	0	0	0	0	0	0	0	0	0	0	0	0	0	0	0	0	0	0	0	0	0	0	0	0	0	0	0	0	0	0	0	0	0	0	0	0	0	0	0	0	0	0	0	0	0	0	0	0	0	0	0	0	0	0	0	0	0	0	0	0	0	0	0	0	0	0	0	0	0	0	0	0	0	0	0	0	0	0	0	0	0	0	0	0	0	0	0	0	0	0	0	0	0	0	0	0	0	0	0	0	0	0	0	0	0	0	0	0	0	0	0	0	0	0	0	0	0	0	0	0	0	0	0	0	0	0	0	0	0	0	0	0	0.0329691367520079	0.0366062416578306	0.041560314756151	0.0461733440363184	0.053004729704683	0.0589932020529258	0.0648914708286168	0.0735410332440163	0.0820718624135574	0.0888299750304283	0.0997647413111007	0.106677419928502	0.119338005352588	0.131078615425919	0.14089762229481	0.154961234353161	0.163729973589195	0.176046187042675	0.191497307260429	0.199509512238112	0.213740985504741	0.224903640923402	0.238647292156789	0.253330776473365	0.266918695096856	0.280490723419241	0.295136355587577	0.305028080633234	0.319246181030824	0.331113713138865	0.344145281682057	0.35586391020185	0.366738144252794	0.375670738352661	0.38487500885243	0.394562981754333	0.402401927718048	0.410155235907079	0.41829017751261	0.42213250130148	0.4236512773752	0.430390727662002	0.43130682357529	0.434550829214375	0.434261542483769	0.435064985833887	0.431825651517782	0.432927730157114	0.430408832425626	0.422699270066204	0.417315755466015	0.41586805592751	0.40859098739327	0.401189410815747	0.399364937219983	0.395338270874355	0.389920697086986	0.387451513613886	0.38770264259991	0.384619718816776	0.39132365285228	0.389677059541957	0.394476424822499	0.396299324015757	0.405770713363905	0.420580217577199	0.43054608544544	0.440277539181016	0.458977906450743	0.477177254087263	0.499291260211199	0.520424233806566	0.540631457417902	0.57345443996523	0.596559223713615	0.620229178991894	0.652304583967329	0.672392045289117	0.70123999249295	0.733237309137091	0.761889609607856	0.794608435530417	0.809818498327885	0.836132032294203	0.867214964302775	0.874469188949249	0.884983991222844	0.925554506401906	0.97192667940278
422.442	0	0	0	0	0	0	0	0	0	0	0	0	0	0	0	0	0	0	0	0	0	0	0	0	0	0	0	0	0	0	0	0	0	0	0	0	0	0	0	0	0	0	0	0	0	0	0	0	0	0	0	0	0	0	0	0	0	0	0	0	0	0	0	0	0	0	0	0	0	0	0	0	0	0	0	0	0	0	0	0	0	0	0	0	0	0	0	0	0	0	0	0	0	0	0	0	0	0	0	0	0	0	0	0	0	0	0	0	0	0	0	0	0	0	0	0	0	0	0	0	0	0	0	0	0	0	0	0	0	0	0	0	0	0	0	0	0	0	0	0	0	0	0	0	0.0335806621879203	0.0315791377269408	0.0352194193098784	0.0401185481682806	0.0453384760987038	0.0510097402099839	0.0574736040314301	0.0632662483095833	0.0724441344369256	0.0801152280099468	0.0890111548817542	0.0968531920882545	0.107855310784403	0.117907769413116	0.127286342435224	0.137970372509424	0.147354986495634	0.159550095227877	0.171891978296181	0.184938757418289	0.197525640882099	0.208187499931002	0.221751828121718	0.232921418755625	0.247827308092986	0.26231656304719	0.275773738213536	0.286173624113157	0.299946572042131	0.310159335934356	0.322668064034369	0.336424298989287	0.348085859380542	0.360278541428857	0.371692858601668	0.380539331544503	0.391476284696703	0.400690402943984	0.407012228962429	0.41555836684066	0.418673912615094	0.425400891881017	0.430076477040161	0.436054883379708	0.437333460797563	0.435787551559224	0.438775968703198	0.442498089895223	0.441091348531254	0.438524039060205	0.434327679459408	0.432460249895578	0.429474286036818	0.423048167284303	0.41586125936496	0.412138305192823	0.408501037716934	0.40312410786345	0.40213888646052	0.39586505631381	0.396994227582181	0.39673137561755	0.393519983537391	0.397537464915964	0.401329375832394	0.402011447940782	0.413359161475476	0.418770910181184	0.436259410998821	0.444330746773546	0.457375455261708	0.477985000516802	0.494724806757921	0.519219661790776	0.54195795188834	0.571903759596171	0.595550089921888	0.616640371032806	0.637687721415067	0.672682170515344	0.699979594729124	0.720103284836424	0.7527111475812	0.770216702310838	0.804774606976005	0.821102361583859	0.840930979865468	0.896899932681824	0.920996425447872	0.957217929838905	0.92011159366225	0.966507138108015
427.053	0	0	0	0	0	0	0	0	0	0	0	0	0	0	0	0	0	0	0	0	0	0	0	0	0	0	0	0	0	0	0	0	0	0	0	0	0	0	0	0	0	0	0	0	0	0	0	0	0	0	0	0	0	0	0	0	0	0	0	0	0	0	0	0	0	0	0	0	0	0	0	0	0	0	0	0	0	0	0	0	0	0	0	0	0	0	0	0	0	0	0	0	0	0	0	0	0	0	0	0	0	0	0	0	0	0	0	0	0	0	0	0	0	0	0	0	0	0	0	0	0	0	0	0	0	0	0	0	0	0	0	0	0	0	0	0	0	0	0	0	0	0	0.0287256265173623	0.030516443627483	0.0353209604458484	0.0386600966789946	0.0455978404407994	0.0494787204062316	0.0554375914093437	0.0634425065287385	0.0699999054956243	0.0768321597623852	0.0857732398697392	0.094026688419711	0.103740953229017	0.112444380132157	0.123619940469616	0.135221918672674	0.145479251366512	0.156152295238658	0.165941498203699	0.178326395508463	0.190564313790937	0.204982539108738	0.215125145519448	0.229372241717778	0.241227199964858	0.253704341126704	0.26582104058184	0.278242323158533	0.288609311551333	0.302642904822216	0.314701263972561	0.327376684702937	0.337197739938185	0.350574840754836	0.362594343023863	0.374476022240113	0.381718045870878	0.391243921425066	0.403087737895012	0.411902545052794	0.416986127171106	0.425903808751208	0.42937331757284	0.435463868679551	0.43964258558485	0.439907533007147	0.442460545503282	0.445150833323282	0.441930691275245	0.440788498474217	0.444368332860719	0.443665575596098	0.437730694299323	0.435055095764074	0.428006916258283	0.426562765008596	0.415919850345189	0.414559912623311	0.408719068408745	0.409341532801286	0.405033869795097	0.399851502803362	0.397511467815086	0.399175954404802	0.403700901802317	0.404019402553815	0.406570259421695	0.417275546223144	0.425722438113093	0.433541409633375	0.443600733607888	0.463974585374701	0.480652512311856	0.494734590242028	0.512615818736197	0.537673830033916	0.556944810793323	0.580464517851643	0.606321882569381	0.62821066321986	0.656440453276836	0.67953182724215	0.712200266896966	0.739613745489052	0.76855918972699	0.789062311055117	0.810552472538926	0.822653068776093	0.865267596034012	0.895231013605241	0.911560135600614	0.935111928031421	0.955355219850173	0.987024601825063
431.667	0	0	0	0	0	0	0	0	0	0	0	0	0	0	0	0	0	0	0	0	0	0	0	0	0	0	0	0	0	0	0	0	0	0	0	0	0	0	0	0	0	0	0	0	0	0	0	0	0	0	0	0	0	0	0	0	0	0	0	0	0	0	0	0	0	0	0	0	0	0	0	0	0	0	0	0	0	0	0	0	0	0	0	0	0	0	0	0	0	0	0	0	0	0	0	0	0	0	0	0	0	0	0	0	0	0	0	0	0	0	0	0	0	0	0	0	0	0	0	0	0	0	0	0	0	0	0	0	0	0	0	0	0	0	0	0	0	0	0	0	0.028406882236627	0.0308635429927425	0.0355792435594312	0.039146212421199	0.0434695979188422	0.0491298822487764	0.0555513005416983	0.0625122722921324	0.0695720059128206	0.0755452421706918	0.0850226189316663	0.0928850193373411	0.10060910392888	0.110885898260664	0.119677848641003	0.129584623895407	0.141031815173572	0.152060559028022	0.160858540336045	0.173859785785476	0.185667376284015	0.194918574546078	0.209013879393311	0.221589753867221	0.234470793194649	0.24823473392285	0.257732918691116	0.271958493074169	0.285623489634168	0.29493951834259	0.305671789152246	0.31896830678694	0.330764948885684	0.34001360021894	0.351915345433409	0.363018794564883	0.374682461224693	0.383630841826482	0.395970442647185	0.403509132412761	0.409905725327927	0.420693407724755	0.427449519035445	0.430210071077885	0.433750886585609	0.439352494266408	0.443470977680066	0.444033929979407	0.443367377974407	0.446446463336065	0.447093556972292	0.444880615408677	0.44479830005757	0.440526375150216	0.440702216613234	0.432900789338715	0.43239848481845	0.425846345457732	0.422542528788982	0.420513475723986	0.411531840455765	0.409734745487773	0.408540812622513	0.403814459634326	0.40447245416062	0.410253535265084	0.408148050745165	0.412217518466001	0.419669326195844	0.42826674456837	0.434917231732067	0.4441981149896	0.464416801034159	0.476654176044033	0.501283515907086	0.512563589055852	0.531071893119823	0.557189036183702	0.577612716420637	0.600073919875829	0.619154365452788	0.653883532777072	0.686196410338257	0.712021542379426	0.726603249933853	0.749552679287385	0.786034366606266	0.805085701120257	0.817879282391397	0.852916372171735	0.878768701073173	0.897082955673782	0.948905059600744	0.952108689941991	0.979668782627626	1.00369039006669
436.285	0	0	0	0	0	0	0	0	0	0	0	0	0	0	0	0	0	0	0	0	0	0	0	0	0	0	0	0	0	0	0	0	0	0	0	0	0	0	0	0	0	0	0	0	0	0	0	0	0	0	0	0	0	0	0	0	0	0	0	0	0	0	0	0	0	0	0	0	0	0	0	0	0	0	0	0	0	0	0	0	0	0	0	0	0	0	0	0	0	0	0	0	0	0	0	0	0	0	0	0	0	0	0	0	0	0	0	0	0	0	0	0	0	0	0	0	0	0	0	0	0	0	0	0	0	0	0	0	0	0	0	0	0	0	0	0	0	0.0292634114652879	0.0280570423038347	0.0312711465386944	0.0347338990520594	0.0397317393341943	0.0440641058180181	0.0497969485125487	0.0560065070370964	0.0615471877367476	0.0693734245182097	0.0762784206672232	0.0839203744428902	0.0924827717619133	0.0993125136233305	0.108514328285503	0.118833653966986	0.127247514925753	0.138027206931878	0.147966062707612	0.159786578395667	0.169982198617244	0.181908916700649	0.193603638160563	0.202485632376285	0.215891258385922	0.227886806118084	0.242507994236941	0.252219557675707	0.26564600780885	0.27656641245035	0.290246834630957	0.301749533970565	0.312215110273875	0.324682129691068	0.336120657505675	0.344730473106572	0.354424401461254	0.366145522702422	0.377571775285352	0.388153456538393	0.397573972700898	0.40525841650975	0.414583842997322	0.419873806576742	0.426732043512782	0.434897122663488	0.438613760382269	0.442043508385514	0.444836882834641	0.448152158402626	0.448996767803382	0.449584476706957	0.450973580270648	0.448849724089159	0.452066262658294	0.445873896912805	0.444654530496464	0.440587961201474	0.434924851042128	0.434564824707296	0.427240058000835	0.423323040442194	0.41773544499374	0.417784501686426	0.414040209572197	0.412258078218469	0.412604918926903	0.412426945959144	0.417649191912669	0.420941222569913	0.426334784666851	0.431151159312428	0.440723765127316	0.448198399909634	0.45975351609775	0.473361053745196	0.494204775463579	0.519636268885576	0.541891072771116	0.557231404464898	0.578264789837388	0.597952160379589	0.627377672401142	0.659210547753481	0.67488627381465	0.702373423079086	0.722536657936035	0.754015729258554	0.783125593643521	0.806230724841186	0.842948137664591	0.842284421480773	0.8655088998401	0.914918428705487	0.936184899347179	0.958834062304717	0.969133289786345	1.00545389525739	1.02461042319654
440.905	0	0	0	0	0	0	0	0	0	0	0	0	0	0	0	0	0	0	0	0	0	0	0	0	0	0	0	0	0	0	0	0	0	0	0	0	0	0	0	0	0	0	0	0	0	0	0	0	0	0	0	0	0	0	0	0	0	0	0	0	0	0	0	0	0	0	0	0	0	0	0	0	0	0	0	0	0	0	0	0	0	0	0	0	0	0	0	0	0	0	0	0	0	0	0	0	0	0	0	0	0	0	0	0	0	0	0	0	0	0	0	0	0	0	0	0	0	0	0	0	0	0	0	0	0	0	0	0	0	0	0	0	0	0	0	0.0263765792298381	0.0270803087560705	0.0310354706069682	0.0356964382226263	0.0390366593707345	0.0435924231744393	0.0496839870480509	0.0557836930482914	0.0594974690830502	0.0669035371577276	0.0738099113202015	0.081725857673247	0.0876681106796173	0.0967550335253936	0.106159084283671	0.114121282460005	0.124883208010348	0.132185812618365	0.142762934580347	0.153051597894561	0.164661111026651	0.17571968392621	0.18503991618362	0.197958648255998	0.209223525555577	0.219746122433175	0.232236216179232	0.243997109899471	0.259196011278357	0.266811176651154	0.281617216470915	0.290507976239896	0.302585312082803	0.312344763775336	0.324240024635091	0.334974492976611	0.346328830387319	0.353903062728018	0.362174142945849	0.37743888052826	0.387199406432983	0.394482172425422	0.405882208338708	0.411736822550217	0.419483646022042	0.428437418742018	0.433582725504098	0.43910991692929	0.440441712882254	0.447857781548689	0.449315775550787	0.445585338112967	0.448486394343753	0.449502338066949	0.449854701708246	0.446555658618296	0.442409721125606	0.443905415296918	0.439835737102046	0.439934067247297	0.433867000654625	0.431375893987452	0.426487396028533	0.422671679624476	0.417611531376417	0.417456817566148	0.41376107613146	0.413206913273881	0.417057459627321	0.415909135196165	0.418416066586699	0.424125634352438	0.427084922220233	0.440136778581315	0.447834580904389	0.453583735437333	0.47662929574591	0.493604138264851	0.504424762829171	0.528189160900196	0.548577837100129	0.569639781207594	0.588999395002209	0.613619791754041	0.640537364694319	0.661878709054466	0.690823969428414	0.704501857522047	0.731103682662348	0.762688728917554	0.784922720258527	0.802419550695495	0.815674810944491	0.843350662150524	0.886143007794383	0.900402797417645	0.935848181295714	0.956730272523762	1.01684731619085	0.986926849464766	0
445.528	0	0	0	0	0	0	0	0	0	0	0	0	0	0	0	0	0	0	0	0	0	0	0	0	0	0	0	0	0	0	0	0	0	0	0	0	0	0	0	0	0	0	0	0	0	0	0	0	0	0	0	0	0	0	0	0	0	0	0	0	0	0	0	0	0	0	0	0	0	0	0	0	0	0	0	0	0	0	0	0	0	0	0	0	0	0	0	0	0	0	0	0	0	0	0	0	0	0	0	0	0	0	0	0	0	0	0	0	0	0	0	0	0	0	0	0	0	0	0	0	0	0	0	0	0	0	0	0	0	0	0	0	0	0.0257957491484258	0.0268156730494451	0.0302991040854741	0.0343903719814574	0.0389965152459911	0.043060704676111	0.0487971215182957	0.0538767571399822	0.0597718561130325	0.0652452167527133	0.0720295789258926	0.0787660198419361	0.0852863066609221	0.0935573587491268	0.101323958304549	0.109896164481759	0.118834508981612	0.126804849248262	0.137799895770192	0.148717042199841	0.156788696986857	0.169173644240754	0.178035441797915	0.185539525225759	0.198962778255904	0.210676942302009	0.220910320439203	0.232445994373168	0.244009360902525	0.25667678579843	0.267877064896108	0.279475617574043	0.290819713363026	0.302050884066688	0.312327708385186	0.321795351629469	0.333135256355665	0.343241519353677	0.351181768760565	0.359635929433276	0.369769839361467	0.376624271708131	0.386569919144587	0.397011607741366	0.40528631558211	0.410846894960837	0.419892156287677	0.424581750622691	0.43157098884936	0.434912972848016	0.437845842340575	0.439724670330271	0.442904122020337	0.444883708810124	0.444195853418803	0.442544227758015	0.441282413303663	0.439806468343992	0.439460133057512	0.436723191397329	0.432477636682966	0.431809652114366	0.427142891782509	0.424635686734344	0.41911200595024	0.416515103627976	0.41207032215865	0.410873174821274	0.412337082541295	0.409847836328992	0.411640033332885	0.413761338140364	0.418251790580992	0.42449626764714	0.430161091664871	0.440528897014375	0.4472376176686	0.459060820922816	0.481759585102843	0.496064428340524	0.518246268897716	0.536193377766794	0.554435595229599	0.578116906894431	0.599354543956541	0.618717289897349	0.647766215419432	0.678962563177145	0.693854228540764	0.716145185803826	0.738000162372874	0.762249518534058	0.782673753745608	0.80192997323733	0.834737267613146	0.858669198598253	0.867345467986925	0.889888484428166	0.914798706080757	0.926973263195448	0.929984255655959	0	0
450.154	0	0	0	0	0	0	0	0	0	0	0	0	0	0	0	0	0	0	0	0	0	0	0	0	0	0	0	0	0	0	0	0	0	0	0	0	0	0	0	0	0	0	0	0	0	0	0	0	0	0	0	0	0	0	0	0	0	0	0	0	0	0	0	0	0	0	0	0	0	0	0	0	0	0	0	0	0	0	0	0	0	0	0	0	0	0	0	0	0	0	0	0	0	0	0	0	0	0	0	0	0	0	0	0	0	0	0	0	0	0	0	0	0	0	0	0	0	0	0	0	0	0	0	0	0	0	0	0	0	0	0.0299458016261949	0.0254003412854276	0.0278763407866145	0.0302212373390425	0.0347055331090531	0.0375579207532755	0.0423876236168202	0.0479805675400881	0.0523691251187741	0.0581483274294304	0.0628020192991727	0.0697874228303947	0.0770448962045908	0.0840057179825933	0.0895364135012556	0.0968544384174106	0.106177273148654	0.114562691528364	0.12111420169299	0.132304628937804	0.139442278356911	0.14914446256047	0.158159370272233	0.167624766053558	0.179298900907657	0.189651276137145	0.197857742125707	0.210776678327754	0.221132809117349	0.233161743748691	0.245758537558045	0.25542565524257	0.2655350999073	0.277584129127021	0.286032729263841	0.298040513687662	0.306948373529475	0.319332600819848	0.327398622669282	0.336644497813541	0.346097005757817	0.353242396305812	0.3616089587426	0.369135122070588	0.380574804638503	0.389101741863358	0.397290467083325	0.40052399450073	0.409618505867546	0.413438093400418	0.422493130151487	0.426513582944673	0.427036054894435	0.431217171771338	0.434538837167751	0.433783854046925	0.435303752793883	0.433296149373507	0.432178102475571	0.430475580811796	0.430564539301479	0.429516003883245	0.425767637245104	0.423606729810411	0.421518563459926	0.417388538956523	0.414578644969039	0.41153228973065	0.40912611264527	0.408069692093835	0.406296315825431	0.405956555196089	0.405797302803494	0.407073459410973	0.409610565078613	0.417406482655632	0.425942255727132	0.433530732632299	0.442215606556962	0.455072521737495	0.472972099757271	0.480972890156866	0.503019682075349	0.514646698160167	0.536191127206282	0.551748639465264	0.577655912695028	0.599404388702225	0.629351516053575	0.651904760262065	0.666962913704562	0.693511096273913	0.717394520513629	0.736135709622132	0.763677906991159	0.788320806677784	0.810663389221268	0.823972373502941	0.854061590304139	0.87499360701156	0.891097338120068	0.923605823149878	0.949610825241076	0	0	0
454.783	0	0	0	0	0	0	0	0	0	0	0	0	0	0	0	0	0	0	0	0	0	0	0	0	0	0	0	0	0	0	0	0	0	0	0	0	0	0	0	0	0	0	0	0	0	0	0	0	0	0	0	0	0	0	0	0	0	0	0	0	0	0	0	0	0	0	0	0	0	0	0	0	0	0	0	0	0	0	0	0	0	0	0	0	0	0	0	0	0	0	0	0	0	0	0	0	0	0	0	0	0	0	0	0	0	0	0	0	0	0	0	0	0	0	0	0	0	0	0	0	0	0	0	0	0	0	0	0	0.0235181939887771	0.0234030841893479	0.0271246189319379	0.0296431368313184	0.0326521887907675	0.0374554884418405	0.0407367464412344	0.0457476390120713	0.050203780450548	0.0548097351645749	0.0601552319216655	0.0660042671317097	0.0717243964082961	0.078725384716845	0.0849928246946718	0.0936242003789517	0.0997733336111473	0.107127832873341	0.115005552296636	0.123739686520118	0.134069636507741	0.14026322214722	0.151373959571697	0.160282959603989	0.167826726301055	0.176872688491386	0.188970106389056	0.197696790274357	0.209019536616929	0.218841426412227	0.229352158619435	0.239872053637756	0.250812727895524	0.260275255612835	0.27329933602407	0.281215359544294	0.292362952117314	0.301494034223754	0.311258245659365	0.320410944221709	0.329979837016484	0.33776891082747	0.344082864530856	0.352316174655396	0.360007169687241	0.369259535890825	0.375576632502688	0.385454298868272	0.391691160154291	0.396524663924995	0.402212307391437	0.410181019553063	0.414226891757873	0.416817645633172	0.421564689764509	0.419743517854802	0.422725978408976	0.423121900415825	0.42327292153263	0.423581412733387	0.421465978067644	0.418272224278069	0.416682083941848	0.416622888581178	0.415171936187749	0.415709940858702	0.40922703930447	0.404990900890451	0.4044986046742	0.400326250792734	0.40320532282225	0.401393633064531	0.395433263939281	0.400804326481693	0.400333226368702	0.403842301269469	0.403401277404493	0.413460762733405	0.422623306018075	0.432565952955125	0.442722441855706	0.453233862211218	0.467319396205082	0.481677050536328	0.496731807811432	0.516146472024799	0.535185229585938	0.559856251315907	0.577143243904999	0.603986626697457	0.61952151719869	0.642125554613485	0.661700441572312	0.693562914682766	0.695449303261785	0.72402489726147	0.751009071396954	0.775494196606273	0.786632572375949	0.805313523413172	0.852335377931601	0.873809030477467	0.870645414715394	0.889962166086835	0	0	0	0
459.414	0	0	0	0	0	0	0	0	0	0	0	0	0	0	0	0	0	0	0	0	0	0	0	0	0	0	0	0	0	0	0	0	0	0	0	0	0	0	0	0	0	0	0	0	0	0	0	0	0	0	0	0	0	0	0	0	0	0	0	0	0	0	0	0	0	0	0	0	0	0	0	0	0	0	0	0	0	0	0	0	0	0	0	0	0	0	0	0	0	0	0	0	0	0	0	0	0	0	0	0	0	0	0	0	0	0	0	0	0	0	0	0	0	0	0	0	0	0	0	0	0	0	0	0	0	0	0.020761617769591	0.0225658627063299	0.0259371665314018	0.0291844422984737	0.0318754063069071	0.0365734168106429	0.0400562552121136	0.0443779088613088	0.0491208475938375	0.0542093357922974	0.059025429280052	0.0629576602768232	0.0696002376196471	0.0749186471984361	0.0819960916224014	0.0878121590755203	0.0963347656202323	0.103139418465417	0.110556314376578	0.11789847200317	0.126024704236575	0.133230986926779	0.142428632036029	0.150535503313032	0.159737335854038	0.169608741441693	0.177610545623867	0.187160705195015	0.196621159009531	0.207466979189871	0.21701031196032	0.229657954512502	0.237968067163555	0.248137072805468	0.25673706107408	0.263985361506962	0.278093337328568	0.287892339281632	0.297398981092641	0.306117652038761	0.312722093159242	0.323555971718456	0.329574600329747	0.337484552491716	0.344632660314126	0.351301791433998	0.35870620901566	0.36500449542229	0.371136137353476	0.380607109049598	0.385330638876219	0.390345275166604	0.398125152635116	0.399902807969779	0.405624488458702	0.40847187194919	0.409181158420519	0.412574791101986	0.411380249967332	0.41238363781656	0.412671735128734	0.412988020024475	0.409275489432027	0.409700278332597	0.40613676931735	0.403951949257478	0.40194279174755	0.401420136874637	0.396243323836897	0.397974045510914	0.397619347696268	0.392325133759288	0.390071463636395	0.38889286748975	0.391473160372752	0.394651802512088	0.39653644673491	0.39977599521234	0.406559697570419	0.411566840178812	0.417217228258671	0.431193370109788	0.440611872432678	0.457091519417883	0.468149339735029	0.483784997185184	0.49707238204961	0.520817033763823	0.540661088673681	0.561995185531229	0.577533913043417	0.59728416484704	0.62577195286339	0.638106834717818	0.662441117005452	0.683109172148057	0.704056685732954	0.716267101293127	0.749569217153285	0.768986309851529	0.791926309957568	0.798408106754936	0.825340893910326	0.845215421804218	0.846308085921157	0	0	0	0	0
464.049	0	0	0	0	0	0	0	0	0	0	0	0	0	0	0	0	0	0	0	0	0	0	0	0	0	0	0	0	0	0	0	0	0	0	0	0	0	0	0	0	0	0	0	0	0	0	0	0	0	0	0	0	0	0	0	0	0	0	0	0	0	0	0	0	0	0	0	0	0	0	0	0	0	0	0	0	0	0	0	0	0	0	0	0	0	0	0	0	0	0	0	0	0	0	0	0	0	0	0	0	0	0	0	0	0	0	0	0	0	0	0	0	0	0	0	0	0	0	0	0	0	0	0	0.0294428645538534	0.019337489937734	0.0217858893282656	0.0248868773490737	0.0274308383554813	0.0306944528168475	0.035410793906221	0.0395272286211222	0.0429929854051789	0.047023896962494	0.0516427245288972	0.0557440209175744	0.0613544069739913	0.0664182632656182	0.0716613343839844	0.0778399026283557	0.0839827370096214	0.089359196417311	0.0969272821225268	0.102719450792639	0.111181962841465	0.119598488371502	0.12641410420972	0.134872495941264	0.142101074194986	0.149875238694782	0.157587877047135	0.1665033300066	0.176632213875125	0.185684916957173	0.195054464135685	0.202749198013957	0.212567020387382	0.222582573629163	0.233038450554886	0.241070532016488	0.249465316523061	0.260574096417525	0.268525366343478	0.277811771216494	0.28773549315248	0.296378185855587	0.302952179206531	0.311647013741391	0.319937742028959	0.325470142367145	0.332977737807485	0.340352865204446	0.345553034840223	0.351915974141859	0.360075285591046	0.363766063913561	0.371106640899239	0.374491438455325	0.380008040346409	0.386318829185629	0.392156314239589	0.391998327143212	0.397030818371759	0.397886971228477	0.399265057969591	0.399556666289435	0.399529457311912	0.398993531813508	0.397947048468894	0.39504472655014	0.393845676296135	0.392264876758583	0.391910737808533	0.388816371082948	0.386690041785716	0.386048622381336	0.385022814866293	0.383240793110887	0.382925355330038	0.380801905846583	0.381149591845577	0.382822546728368	0.383561129213783	0.388025814492116	0.394288137264118	0.399182834389993	0.403819733587658	0.416207530159221	0.426631997813163	0.43951892431422	0.451394610310578	0.465152707683201	0.481713223171476	0.501649306833178	0.513727149185209	0.537039624907123	0.554386870185415	0.573793503110516	0.593438827731001	0.614666482988487	0.63440078694899	0.656852309442106	0.666051635488753	0.682984529867369	0.705558730761729	0.728634524083756	0.755613780654842	0.783835589687414	0.786484406003674	0.806207011192253	0	0	0	0	0	0	0
468.686	0	0	0	0	0	0	0	0	0	0	0	0	0	0	0	0	0	0	0	0	0	0	0	0	0	0	0	0	0	0	0	0	0	0	0	0	0	0	0	0	0	0	0	0	0	0	0	0	0	0	0	0	0	0	0	0	0	0	0	0	0	0	0	0	0	0	0	0	0	0	0	0	0	0	0	0	0	0	0	0	0	0	0	0	0	0	0	0	0	0	0	0	0	0	0	0	0	0	0	0	0	0	0	0	0	0	0	0	0	0	0	0	0	0	0	0	0	0	0	0	0	0.0221504140955028	0.0179061945983276	0.0194660468458537	0.0225426096242605	0.0248121987889189	0.0281415699910751	0.0320814367552	0.0369056544276821	0.0400625515754227	0.0439032074285191	0.0485250327581973	0.0534561598653127	0.0575420020925878	0.0618724605077007	0.0656859339170068	0.072191560029503	0.0779565045949161	0.0834188128793934	0.0884981324195048	0.0973415241947332	0.102866704861998	0.109214609458149	0.117795414554838	0.123854490267371	0.131928134248	0.139762423790115	0.147824938265379	0.154157310221536	0.163188211107923	0.172885605978825	0.179665885411197	0.188345331692302	0.197802664871041	0.207292063536352	0.215296050385111	0.224470551296732	0.233898117534695	0.241687474097431	0.250116510873629	0.259987884753185	0.267352695543293	0.278328392889557	0.286529006525435	0.294251943426176	0.298997192014939	0.307710253207782	0.314724122663136	0.320249512082738	0.327034806919815	0.332281951609609	0.337425548066947	0.341663635679998	0.345859990338007	0.353440617304675	0.357192676924632	0.364650580918114	0.368764913062486	0.371779196485624	0.377156226146946	0.376456850307041	0.381210638543937	0.38083386873598	0.383459187358397	0.382728831627593	0.383776249495321	0.381294704218381	0.382720254530181	0.378387409368317	0.376967485186467	0.375200137279744	0.375472894881456	0.372293480642175	0.371632559007416	0.369333469639593	0.368524955909605	0.367882430954908	0.369411828997325	0.368366209886622	0.369103884142544	0.37167428339344	0.372660738317505	0.378082678840702	0.384182085041066	0.390912878040052	0.39542244282774	0.406007809301057	0.42017285979068	0.429231121523572	0.440426061440187	0.45839236254181	0.470424223549338	0.48995538180626	0.510362505539886	0.527670300994498	0.538977312919002	0.558005585554354	0.574590541536719	0.597631864229698	0.618688471956926	0.629932184359019	0.644429797051783	0.669241784975928	0.685581094028223	0.710253416977141	0.742432009767891	0.746297485983537	0.76327565454205	0	0	0	0	0	0	0	0
473.326	0	0	0	0	0	0	0	0	0	0	0	0	0	0	0	0	0	0	0	0	0	0	0	0	0	0	0	0	0	0	0	0	0	0	0	0	0	0	0	0	0	0	0	0	0	0	0	0	0	0	0	0	0	0	0	0	0	0	0	0	0	0	0	0	0	0	0	0	0	0	0	0	0	0	0	0	0	0	0	0	0	0	0	0	0	0	0	0	0	0	0	0	0	0	0	0	0	0	0	0	0	0	0	0	0	0	0	0	0	0	0	0	0	0	0	0	0	0	0	0.0179107836360511	0.0173572572368943	0.0188738213144179	0.0216705038433316	0.0237213244106215	0.0270469079100121	0.0299599514404979	0.0331947603506362	0.0376010189014212	0.0413258421868282	0.0455149479290527	0.0493620283516934	0.0542948655629934	0.0589164736154518	0.0638425386682936	0.0697452282976935	0.0726715824068282	0.0776697706068685	0.083958101322042	0.0897392599180313	0.0954694894381293	0.102717384748748	0.108789153885743	0.115410949426819	0.123399608644629	0.130178718178876	0.136832695693088	0.146388007580935	0.152586703690561	0.160691640491007	0.168930752878363	0.176803499374829	0.184822055611315	0.192857067661088	0.202038715163989	0.209466737960322	0.218899338421613	0.22569501474457	0.235717434156179	0.244667734700577	0.251286777509867	0.258039306819033	0.265622633442637	0.274250554897787	0.281806946185562	0.289953640473864	0.295629467594497	0.302046268917026	0.309878213108258	0.315121813772108	0.318969548695559	0.323286200581471	0.329018759718913	0.333925391530862	0.341496665301716	0.341964384091154	0.34811524948331	0.351823944056589	0.35728821861942	0.360877032420498	0.363819363218424	0.364081428135768	0.367202648866452	0.367847574523243	0.368597608940869	0.370494767711781	0.368710659135638	0.365901732092366	0.365555951884372	0.367780225484816	0.363362329386319	0.361849849158393	0.362162604974655	0.360142043554044	0.35823309056633	0.356560239036114	0.357591030818408	0.359819060353521	0.356337331290009	0.356470738066745	0.357680471390439	0.366906239808359	0.364993269100641	0.368373890244731	0.373846046982709	0.38171047986295	0.389671076193243	0.405922367074538	0.414085987728595	0.426968317689135	0.435613795402745	0.448823088325007	0.471931665601704	0.485544250684884	0.494146189599698	0.522640991669166	0.533894698068359	0.554393414596271	0.56466166375559	0.584088009955908	0.605768413811053	0.615805334490323	0.636218512691289	0.658065496930148	0.674614299797581	0.692072415254059	0.718320743908725	0.724084764260639	0	0	0	0	0	0	0	0	0
477.969	0	0	0	0	0	0	0	0	0	0	0	0	0	0	0	0	0	0	0	0	0	0	0	0	0	0	0	0	0	0	0	0	0	0	0	0	0	0	0	0	0	0	0	0	0	0	0	0	0	0	0	0	0	0	0	0	0	0	0	0	0	0	0	0	0	0	0	0	0	0	0	0	0	0	0	0	0	0	0	0	0	0	0	0	0	0	0	0	0	0	0	0	0	0	0	0	0	0	0	0	0	0	0	0	0	0	0	0	0	0	0	0	0	0	0	0	0	0.0155143895434654	0.0166806729679174	0.0184739837193261	0.0205072332665316	0.0228312176485198	0.0245991450306209	0.0274496154397166	0.030472057128155	0.0338292231194908	0.0374834033820738	0.0423570160654562	0.0461143640378634	0.0512897479656005	0.0551248168821336	0.0599305090620034	0.0656416230262272	0.0692337783464521	0.0741596913145354	0.0791562142612932	0.08331848282138	0.0890057484857196	0.096174339896296	0.100805839817641	0.10725235818139	0.113020157473277	0.120173295852567	0.126600014776717	0.133798525815284	0.139950552124132	0.146815134930837	0.155995894387311	0.161886905148395	0.171072792086399	0.178127015902859	0.184883267234307	0.194064384848153	0.199838281489577	0.21127934399084	0.219804993538242	0.224959950639607	0.233432200436729	0.238713796926593	0.248713387031161	0.255217618358909	0.264757320151292	0.267754716959163	0.274726394563344	0.284671528126785	0.291104638410029	0.293589027199426	0.299313727326317	0.306333331670382	0.312466490237978	0.316113383185433	0.318606527259293	0.324673147280496	0.323222985234916	0.331134843121488	0.336256269732229	0.33779441943581	0.343007419129071	0.344488216143103	0.347579557684472	0.348771924342964	0.3511419283427	0.352764667415647	0.3525103390876	0.351855328165905	0.352144719978012	0.350238682569855	0.350010383321871	0.346933847126846	0.347764903997209	0.347033077883643	0.346061050481632	0.346810431290645	0.34218558044306	0.342713148078189	0.3427611894088	0.342978241091945	0.344714729024174	0.343375914608391	0.345523023041232	0.351130463018144	0.356543689111325	0.357495761335044	0.367678355115649	0.371323293652036	0.380326062808735	0.393369827642826	0.406104314917904	0.413609717616031	0.431233429208837	0.439889248119233	0.457469623827024	0.469407888570746	0.49526343802538	0.512390861703286	0.52532178982022	0.534662935694608	0.557431644928421	0.57362259908148	0.586254782742601	0.600872248458339	0.62268995298615	0.639442745861617	0.660597253712471	0.669590750747568	0.682457410741232	0	0	0	0	0	0	0	0	0	0
482.615	0	0	0	0	0	0	0	0	0	0	0	0	0	0	0	0	0	0	0	0	0	0	0	0	0	0	0	0	0	0	0	0	0	0	0	0	0	0	0	0	0	0	0	0	0	0	0	0	0	0	0	0	0	0	0	0	0	0	0	0	0	0	0	0	0	0	0	0	0	0	0	0	0	0	0	0	0	0	0	0	0	0	0	0	0	0	0	0	0	0	0	0	0	0	0	0	0	0	0	0	0	0	0	0	0	0	0	0	0	0	0	0	0	0	0.0188204873654969	0.0151509856945424	0.0171321206093918	0.0178061638443949	0.019920873793071	0.0218513818344644	0.0246144956758886	0.0267957209370745	0.0293554142004826	0.0328313797760789	0.036343369287788	0.039688601799416	0.0431347217615852	0.0481050705333476	0.0530990688823416	0.0562356459827929	0.0595845932110352	0.0654615524840569	0.0700096769111975	0.0745107200190361	0.0790584604876879	0.0836142376769652	0.089313578705247	0.0953815334934793	0.100586788994631	0.105522065386827	0.113009977766889	0.11871736906863	0.125326730203567	0.130677193923989	0.137628003750625	0.14456535218162	0.153410784828107	0.159977657638816	0.16670770171714	0.174014446740236	0.182089315495606	0.188417546975558	0.196079058015004	0.203439393548142	0.210549618966074	0.217517799123311	0.223661492892898	0.233279516902803	0.237975133337584	0.246670951815486	0.252472773732282	0.259401232387512	0.264483212925581	0.272195584956468	0.276433765180541	0.283412491659968	0.287804902819497	0.292986312216483	0.297366189446412	0.300728091055778	0.305796509860135	0.307237809238622	0.312576210237077	0.316044207895955	0.320197117146984	0.323181104417285	0.328278171043814	0.329484816332622	0.331603505448939	0.334002408789502	0.336799135478841	0.338777752953921	0.337758083150679	0.336577450151071	0.336891409971609	0.338299981507304	0.338301783905212	0.334152300705436	0.335740015038936	0.335410726952728	0.336392769996979	0.33091560259652	0.334118584156156	0.331063345231315	0.331114934935069	0.333369981252368	0.330443961887824	0.334696754579382	0.336253038498135	0.336816642845577	0.342206512127266	0.347139460144488	0.35306827770391	0.358173167293489	0.366668942367719	0.378201517130579	0.387802598025258	0.394702680662643	0.412330085755902	0.422670251808988	0.437987944395811	0.450085282541655	0.465865526395703	0.486857383027459	0.502649227144383	0.512008161649914	0.528382411406005	0.544436312465125	0.555282418429373	0.578714442918373	0.591909542114619	0.615053257984521	0.630162919554244	0.643513744492284	0.65681945195538	0	0	0	0	0	0	0	0	0	0	0.76914683014937
487.263	0	0	0	0	0	0	0	0	0	0	0	0	0	0	0	0	0	0	0	0	0	0	0	0	0	0	0	0	0	0	0	0	0	0	0	0	0	0	0	0	0	0	0	0	0	0	0	0	0	0	0	0	0	0	0	0	0	0	0	0	0	0	0	0	0	0	0	0	0	0	0	0	0	0	0	0	0	0	0	0	0	0	0	0	0	0	0	0	0	0	0	0	0	0	0	0	0	0	0	0	0	0	0	0	0	0	0	0	0	0	0	0	0.0161610425568752	0.0154537627305937	0.0164895290507794	0.0179650783735089	0.0199560498313213	0.0211716658572514	0.0234413563971113	0.0264089843530376	0.0284252248608789	0.0305788807046605	0.0337433423136677	0.03625981938567	0.0404378479213972	0.0441045622781722	0.0479911115032699	0.0520287058688341	0.0569227158830032	0.0617268016289616	0.0657935704821651	0.0704257229946163	0.0747893491387261	0.0781468732405254	0.0838247532817537	0.0874299612110782	0.0930463156441475	0.0984665392735346	0.104655645847493	0.109451418089477	0.114447254051854	0.121662457742814	0.129924189973982	0.134197536003568	0.142529854610634	0.1489763190393	0.154594991358052	0.160966210527418	0.169013691848376	0.176183286286522	0.18047628534102	0.189834418967005	0.19426110795631	0.203134084461152	0.209623352015108	0.215378655702452	0.221810517383093	0.228969830616976	0.233886747012268	0.240985216482587	0.248456285572819	0.254374223185885	0.259477346270955	0.269046396146891	0.271190623869632	0.276800120655357	0.27905486106855	0.286298098067396	0.290307008422511	0.29220360672971	0.295778643304808	0.298963291459112	0.303038850675393	0.304532814408811	0.309122400578461	0.311702825420317	0.313130554731182	0.316029280882024	0.320690336569619	0.320359977463983	0.322849521179459	0.324262328834599	0.32452745545448	0.326271543759949	0.32355996635023	0.321404091948762	0.321421393245018	0.321713765774313	0.322047200503871	0.318947212868946	0.319380381656605	0.321562790349246	0.319761961761312	0.320089319487369	0.319989701679897	0.31938851268176	0.322868131136742	0.322542166861813	0.323790997289535	0.326179143072998	0.334048433476851	0.33554729517369	0.341535844352306	0.349497828449329	0.357304514501076	0.368191630110536	0.377595164479471	0.390327370800727	0.403103068295566	0.415384758877827	0.426647531419684	0.446395774540632	0.455209377436432	0.474113585736231	0.493463415846632	0.508336061367001	0.51767340528305	0.537960040317039	0.551613096333471	0.561895768778769	0.573237974423515	0.600159245669486	0.615234252414812	0.632182915260665	0	0	0	0	0	0	0	0	0	0	0.724550698937331	0.710828797217643
491.914	0	0	0	0	0	0	0	0	0	0	0	0	0	0	0	0	0	0	0	0	0	0	0	0	0	0	0	0	0	0	0	0	0	0	0	0	0	0	0	0	0	0	0	0	0	0	0	0	0	0	0	0	0	0	0	0	0	0	0	0	0	0	0	0	0	0	0	0	0	0	0	0	0	0	0	0	0	0	0	0	0	0	0	0	0	0	0	0	0	0	0	0	0	0	0	0	0	0	0	0	0	0	0	0	0	0	0	0	0	0	0.0148964973348943	0.0149408127696543	0.0157706736846435	0.0180755313846439	0.0200287113937826	0.0210731676551924	0.0231132320916674	0.0246776016302048	0.0269171891579842	0.0296236821275287	0.0320082116939214	0.0342824209084658	0.0375793289214237	0.0408328754156367	0.0442996154302988	0.0478411952369276	0.0510042907109351	0.0569995868760402	0.0603307407614597	0.0640282636893969	0.0705559406596288	0.0736635795800373	0.0791406403790768	0.0828207437954573	0.0875912781838448	0.0918175653607342	0.0974579389280282	0.101747484373415	0.107220044919241	0.112248013598049	0.118367644349417	0.125673192082341	0.130820538460763	0.135927621182152	0.143265969917537	0.148815386981569	0.156927654863893	0.163314664704904	0.16919564558793	0.176693587790373	0.181671477175251	0.188029857273507	0.192848280223408	0.200456169664123	0.207602831966159	0.21297620563183	0.21938531713343	0.225898859030672	0.231384330096594	0.236006020468887	0.242424064602055	0.247880670171413	0.25367923980722	0.259867307973622	0.263639586369078	0.26783917032335	0.27159874190688	0.276230396967448	0.281890248499672	0.28357112508658	0.284453619796772	0.28812124566419	0.291666016097149	0.292656768069887	0.297524120419936	0.299654590105571	0.301658486305756	0.303416418909436	0.307902462194384	0.307592113153205	0.307492540002203	0.309817428177234	0.307948961470378	0.309357050410187	0.308005406096921	0.309603961668924	0.309995079743013	0.308940317251388	0.308322727448483	0.308590006120804	0.308317810371478	0.307860903557013	0.305610546570539	0.305095203067348	0.304795497111443	0.30843408553491	0.308987551394114	0.309501434444975	0.314553338609506	0.32069737315187	0.322840218094747	0.328878149218385	0.331814039922904	0.338306398798696	0.349801867333492	0.35896125192544	0.370218183283816	0.379092122346517	0.393163508481377	0.404625433706982	0.419856162648688	0.433772173183253	0.448266644989838	0.460489439882104	0.47758477796567	0.488288775588259	0.503890133929151	0.518074398254099	0.536135362195867	0.55517072446446	0.567027199644898	0.586650244394838	0.580954819973139	0	0	0	0	0	0	0	0	0	0	0.698283823686554	0.696086203229297	0.644963988967793
496.567	0	0	0	0	0	0	0	0	0	0	0	0	0	0	0	0	0	0	0	0	0	0	0	0	0	0	0	0	0	0	0	0	0	0	0	0	0	0	0	0	0	0	0	0	0	0	0	0	0	0	0	0	0	0	0	0	0	0	0	0	0	0	0	0	0	0	0	0	0	0	0	0	0	0	0	0	0	0	0	0	0	0	0	0	0	0	0	0	0	0	0	0	0	0	0	0	0	0	0	0	0	0	0	0	0	0	0	0.016098706883525	0.0132334988011163	0.0145809939384533	0.0160218271330152	0.0171375106971916	0.0187473994216457	0.0204380831301782	0.0221601427434188	0.0236556409674756	0.0257923510128981	0.0273354053963952	0.0300859941181167	0.0324329620187045	0.0345404282741714	0.0381817260926969	0.0411427218753251	0.0441345653999387	0.0466208290298941	0.0512800106692167	0.0538917434335237	0.0594099930073624	0.0625705150280943	0.0671410037338523	0.0722212744728179	0.0766120881142628	0.0810611864682367	0.0849581628352683	0.0888364806221714	0.0946904828364398	0.0981448133783277	0.102372203212464	0.107913258024032	0.113751007098638	0.117601966534549	0.124989186503712	0.131969987221149	0.137603101928629	0.142405373061049	0.148081692949598	0.15547270621846	0.160599124954907	0.165786280789421	0.172255152253435	0.178429648282796	0.184548633876796	0.189819674487661	0.1949576178873	0.201591204840904	0.207390306630767	0.213297895842534	0.219058365745383	0.223114580501614	0.228422806943962	0.233952811435639	0.239574909791087	0.244414662909267	0.250331152326358	0.254615721774075	0.25731152860029	0.262096170938262	0.264714521139886	0.269104846911067	0.268109473663484	0.272294356414834	0.274675756621397	0.275940307779495	0.279159165232823	0.280397539979325	0.28515031582212	0.28376631462375	0.288524571684723	0.288463305840616	0.289904780540821	0.291742324874714	0.290417943292398	0.291509853570901	0.291164703300866	0.291949207263995	0.291740355412807	0.292713935813497	0.293155761244343	0.290158799781665	0.291384073211683	0.289824488597172	0.292013969205533	0.290001512958397	0.294468391802441	0.295195901141221	0.293217493743193	0.297053248226611	0.298348409047792	0.303090012465096	0.305265822766736	0.308576075758835	0.31694814523445	0.320321637940836	0.326464270954564	0.334140211645431	0.344828725961319	0.356057500454294	0.367108897513279	0.379820149679561	0.392829245049003	0.404518535972832	0.415975070142893	0.435152254540204	0.444273991042205	0.462020261173503	0.472245293101797	0.48622846562886	0.50224161222258	0.508988420016357	0.528356566708832	0.538288578531807	0	0	0	0	0	0	0	0	0	0	0.648563961707796	0.645267199393091	0.657511541161221	0.59360253732784	0.496843070445245
501.224	0	0	0	0	0	0	0	0	0	0	0	0	0	0	0	0	0	0	0	0	0	0	0	0	0	0	0	0	0	0	0	0	0	0	0	0	0	0	0	0	0	0	0	0	0	0	0	0	0	0	0	0	0	0	0	0	0	0	0	0	0	0	0	0	0	0	0	0	0	0	0	0	0	0	0	0	0	0	0	0	0	0	0	0	0	0	0	0	0	0	0	0	0	0	0	0	0	0	0	0	0	0	0	0	0	0.0134406352165581	0.0126937705018689	0.0141135865793284	0.0143135595619391	0.01622421690345	0.0175617447201446	0.0202656730221694	0.0217710777840461	0.0234990561185591	0.0253107527121716	0.0267739267120333	0.0287475112388518	0.0302020197488854	0.032819006998049	0.0350221471969585	0.0381636936439142	0.0409164206733263	0.0429282283525112	0.0468277517740316	0.0493080625191917	0.0526628256783095	0.0570859390948797	0.0612008558245516	0.0657356700864442	0.0705381267626588	0.0741640963833503	0.0767812064092743	0.0824326106240226	0.0865021978125293	0.0912643893470964	0.0943480878896227	0.0978858746436355	0.102003652330803	0.107873923397873	0.112863563094843	0.118635499718683	0.126020803293693	0.130401039948931	0.134880878076828	0.140862041295487	0.147451411747557	0.151748945365678	0.157174260935345	0.163219765839623	0.168700972927906	0.173038711158004	0.17913297451679	0.183843546844348	0.187558352301918	0.195285538069232	0.201521786584998	0.205917135063977	0.2121236495802	0.216314803882323	0.221626790258681	0.223212465725716	0.230956212706606	0.235268727424021	0.240775978149067	0.242232900755386	0.245861294876368	0.250265302975812	0.252204295134175	0.254997668997512	0.258194509635918	0.258862398069855	0.261417246719342	0.26316501453466	0.26404196427468	0.267045104975314	0.271719584511731	0.27204339346385	0.271785754158534	0.275028837772664	0.274483191952426	0.277108128693118	0.278624132703758	0.277638884415182	0.277973570288138	0.276821962691803	0.275555929520055	0.27798893991133	0.276311525964074	0.276531043221633	0.275038893348927	0.276974192537866	0.276929957351289	0.280828470204545	0.278783458949588	0.279286117650366	0.283353299478187	0.285029565516158	0.286155442277618	0.288649976907166	0.293495750110587	0.298666404297237	0.304390099826232	0.309632437140943	0.319643414481667	0.326450138524782	0.337232863563181	0.346196393862538	0.354819593475933	0.366884892396817	0.380263614426162	0.390990457524815	0.401792341000953	0.418412430013147	0.431974062213812	0.446682161833728	0.458074755984379	0.473478711454559	0.482758137764269	0.494017703059784	0.503820144157109	0	0	0	0	0	0	0	0	0	0	0.606239235855262	0.5974522737827	0.603641945271639	0.577729255907015	0.521207733212146	0.494755941902506
505.882	0	0	0	0	0	0	0	0	0	0	0	0	0	0	0	0	0	0	0	0	0	0	0	0	0	0	0	0	0	0	0	0	0	0	0	0	0	0	0	0	0	0	0	0	0	0	0	0	0	0	0	0	0	0	0	0	0	0	0	0	0	0	0	0	0	0	0	0	0	0	0	0	0	0	0	0	0	0	0	0	0	0	0	0	0	0	0	0	0	0	0	0	0	0	0	0	0	0	0	0	0	0	0	0.0116594810771996	0.0122335845955283	0.0131493110819013	0.0147732049335037	0.0157621473884814	0.0169976218730622	0.0184407330512876	0.020163288862631	0.0223426393188515	0.0234387219692442	0.026003316398263	0.0272252222387547	0.0293167453302733	0.0310290800826715	0.0327799755575485	0.035487734757693	0.0378615409654074	0.039835129314531	0.0423189117715867	0.0462406809381452	0.0490611487787053	0.0516510699892975	0.0556128255758527	0.0587682993318843	0.0625099667836596	0.065324117534844	0.0713204228226309	0.0746085950841203	0.0803442519486604	0.0832565942654625	0.0876047056439292	0.0910448893004834	0.0952836929048953	0.0983614630475074	0.105129780737667	0.106437124635381	0.113379702136121	0.118306420682765	0.122756075963634	0.129502506460535	0.133886520533928	0.138790526916582	0.144063124195128	0.146465592339052	0.155135142244354	0.159462202555764	0.164176283886309	0.169338968531584	0.171121595616161	0.179550581055101	0.185379442919555	0.186946640761325	0.19443321367179	0.198948691445107	0.203411035488023	0.207428491925793	0.211442770643705	0.216185401829609	0.220022105640429	0.224801358097827	0.227171305087335	0.231378855964914	0.234274815889494	0.237269188524381	0.239577535892269	0.24199447024917	0.245564828474299	0.244823779970064	0.246309139354776	0.249184406302541	0.250628620455318	0.252663155732364	0.254851549689585	0.255215964947542	0.256992942544351	0.257699923091156	0.259548666877934	0.261205309760268	0.259729156581987	0.260666894987834	0.259768514616981	0.259017132456741	0.259222225611006	0.261801429050331	0.260796779676107	0.262431517384209	0.261420071927149	0.260841298794955	0.262446981323107	0.264539830073733	0.264172941493536	0.2681370509807	0.267096728658398	0.269739613696691	0.273235969918347	0.276891172571739	0.280329808894691	0.284535088988876	0.291856038414312	0.297498005053827	0.303594930008501	0.311794048713958	0.320154813957822	0.328735088126471	0.34469666739186	0.346714444431344	0.363123112769624	0.375753860133807	0.384719615024243	0.400156547868578	0.411220596984753	0.432391880184893	0.439513882591372	0.449622084666231	0.462972574315531	0.474664642960421	0	0	0	0	0	0	0	0	0	0	0.576549329125849	0.567079944095767	0.584995041011163	0.563854105202462	0.499726167945322	0.502500128451514	0.488208396362323
510.544	0	0	0	0	0	0	0	0	0	0	0	0	0	0	0	0	0	0	0	0	0	0	0	0	0	0	0	0	0	0	0	0	0	0	0	0	0	0	0	0	0	0	0	0	0	0	0	0	0	0	0	0	0	0	0	0	0	0	0	0	0	0	0	0	0	0	0	0	0	0	0	0	0	0	0	0	0	0	0	0	0	0	0	0	0	0	0	0	0	0	0	0	0	0	0	0	0	0	0	0	0.0117369076811572	0.0109762654698388	0.0124330084572184	0.0130536763165083	0.0135744628699006	0.0151391727373973	0.0161782030781444	0.0181343227263659	0.0197501902944091	0.0209320012576215	0.0218936859464202	0.0238353706850909	0.0259839554457291	0.0273622040490777	0.0295652787164366	0.0316182785097455	0.033332338077498	0.0356223864531935	0.0376404777045643	0.0397507672660055	0.0427643823642792	0.0447029695555649	0.0475536975388287	0.0512221612881404	0.0528901697338713	0.0565175486409722	0.0592251258727052	0.0634171370623936	0.0670620323073911	0.0711581578660555	0.0758593850722823	0.0791684451730077	0.0820346180398674	0.0876468701023743	0.0895314661245835	0.0942415903189005	0.0979412381550245	0.10134212146964	0.105980924339268	0.111762769276683	0.114917153321315	0.119541917310462	0.123910118437294	0.129921779484534	0.134951168866005	0.138771737550137	0.144142981149718	0.148890638425953	0.151623234060783	0.158331797499455	0.162324818143893	0.167773650621718	0.170226322517059	0.174021422292775	0.180020508459377	0.183588762133445	0.190618044953621	0.191587146258492	0.197652952957182	0.199928862916998	0.204616468779311	0.209115146149383	0.213366405687433	0.21750285420037	0.21721657210913	0.222167508633693	0.224884237095358	0.225430754116293	0.228081959058714	0.229613079152276	0.233509925037454	0.231966461680438	0.234238608831594	0.233526907932434	0.235048185478554	0.236926075638345	0.242305970335196	0.242574893559274	0.242287944517061	0.244788217682158	0.244057801100772	0.245224113317606	0.245810907045457	0.243273920946089	0.243541687903624	0.245449773982406	0.245960315588822	0.243686285695681	0.245243520007042	0.244445529212955	0.248508406559332	0.250024713031156	0.250511196523275	0.251603934863045	0.253391051388954	0.25404045548493	0.255577671779703	0.258387075618948	0.260935069496367	0.266196613811826	0.270991136564547	0.274845589160602	0.283484714997549	0.28872429227653	0.300786699237241	0.306515725536633	0.315360868143418	0.325013622047733	0.338114527906792	0.341945939592458	0.354400160698537	0.365658529358624	0.383682276456476	0.394233841804295	0.40864389627825	0.420980019135042	0.427218497730933	0.436762984060038	0	0	0	0	0	0	0	0	0	0	0.532004588762823	0.527144251151922	0.516590403433761	0.526931471205649	0.501200486945095	0.463707730418345	0.487775394189957	0.513719884097064
515.208	0	0	0	0	0	0	0	0	0	0	0	0	0	0	0	0	0	0	0	0	0	0	0	0	0	0	0	0	0	0	0	0	0	0	0	0	0	0	0	0	0	0	0	0	0	0	0	0	0	0	0	0	0	0	0	0	0	0	0	0	0	0	0	0	0	0	0	0	0	0	0	0	0	0	0	0	0	0	0	0	0	0	0	0	0	0	0	0	0	0	0	0	0	0	0	0	0	0	0.010436075675501	0.0104450452161702	0.0128781861116437	0.0119267848572306	0.0140701608236849	0.0144589669789415	0.0153152942467862	0.0170706755269534	0.0184032655403708	0.0201525541995322	0.0215156367075413	0.0230015887258444	0.0244668420120064	0.0265787476517009	0.0275181247157454	0.0294079601856164	0.0320649952262472	0.033767218237394	0.0355563224673071	0.0371253131333517	0.0394834604917159	0.0414223823519434	0.0434887611585546	0.046489257636542	0.0491598165929674	0.0525565836756438	0.0546580813536839	0.0579619845373336	0.0599545370650552	0.0644701120270342	0.0679905128662828	0.0730941164467327	0.0763949417886094	0.0778984374696546	0.0826167668028378	0.0853678895910991	0.0897136726905881	0.0929954938140476	0.0961761587646532	0.100766087667894	0.104282825609742	0.109581360417455	0.113882553958782	0.11850990286706	0.121663476996211	0.125402934209444	0.130934872828987	0.134299841501804	0.138559916024241	0.142282163692635	0.148530177877045	0.150812369165573	0.156488155272518	0.158859777764625	0.164450861812803	0.169062451678006	0.171582628988328	0.176955982504204	0.18139573578793	0.184505649207063	0.188601663074396	0.190983150328967	0.194021366788174	0.199066404687517	0.20111409971829	0.204869501205408	0.206113085101232	0.208993370862063	0.212561728231173	0.213038925547652	0.215510305892682	0.21509429710986	0.21838012554017	0.219180142614516	0.21924979075863	0.220452905812499	0.22097872644998	0.22404498098474	0.224923693355711	0.225019969945591	0.227530711521108	0.227308290939054	0.227304472141478	0.228586836641156	0.228773590184853	0.230295137515774	0.230552647341264	0.230157861693848	0.230389684981486	0.229947530841303	0.231520073975759	0.229944036826361	0.233059201214854	0.234303013142959	0.233882167197217	0.236309702542601	0.23786190177438	0.239432635901841	0.243017195827349	0.245938354824021	0.249257113414096	0.252964148629859	0.258124437663223	0.262823589287345	0.271432209306736	0.276869017794976	0.283690709220912	0.293385959243364	0.301251465825343	0.308356781587019	0.321312531172931	0.332589299775051	0.344176747722328	0.350916823926874	0.365682810026304	0.374015032184956	0.392454539131408	0.401773541268049	0.406771996590888	0	0	0	0	0	0	0	0	0	0	0.48991906577976	0.501395233717623	0.508542239181338	0.516437587884876	0.489336185792428	0.466579418008454	0.462953247470173	0.498745059881128	0.513247119181347
519.874	0	0	0	0	0	0	0	0	0	0	0	0	0	0	0	0	0	0	0	0	0	0	0	0	0	0	0	0	0	0	0	0	0	0	0	0	0	0	0	0	0	0	0	0	0	0	0	0	0	0	0	0	0	0	0	0	0	0	0	0	0	0	0	0	0	0	0	0	0	0	0	0	0	0	0	0	0	0	0	0	0	0	0	0	0	0	0	0	0	0	0	0	0	0	0	0	0.00985444252804195	0.0094320840975116	0.0108484297152403	0.0117959269917573	0.0138644402356564	0.0141747541246861	0.014963228524344	0.016265922367817	0.0167937323358303	0.0188552297112378	0.0202412482043684	0.0216525500888753	0.02321159627065	0.0244020386419925	0.0254770449304626	0.027526004664736	0.029573032817942	0.0311033833708259	0.033226279960253	0.0346778336865887	0.0363352427550696	0.038460939694927	0.0405129352157764	0.0422470054413037	0.0438023491055664	0.0469465190166531	0.0492993929249419	0.0509900871051869	0.0551727628511066	0.0575394328119646	0.0605300114581948	0.0638254375245079	0.0685377742639959	0.070825920792629	0.0742183993140088	0.0783648853045316	0.0815156458294685	0.0846707615023764	0.0879833884519518	0.0897117571449494	0.0937080544388732	0.0979125707973244	0.0997741797654969	0.10545154766161	0.10840154223021	0.113321676977883	0.117764323686323	0.120428034040689	0.124732851237504	0.128999957960392	0.133684403628609	0.138235312359627	0.142151925457238	0.145820807747845	0.14808127799299	0.154616217954071	0.156386321243499	0.159769761625495	0.163690982387688	0.167276845087394	0.172384270248117	0.175810820846013	0.178166454711783	0.181276942657363	0.184153774702723	0.187467821561583	0.189867240229336	0.191749108945748	0.196932831833581	0.19651076767308	0.19865660884074	0.200482601628709	0.200232204371904	0.201776474461955	0.20371159684003	0.204408644265497	0.205949087069592	0.206424512070579	0.207436734269686	0.209032944795954	0.211557939884692	0.211438626594808	0.212666598389568	0.213368248261672	0.213131611168068	0.21429886210454	0.214861419507714	0.214534231645778	0.214536494830231	0.213099837328993	0.217140795817155	0.215314815880884	0.216472113179133	0.21778752408272	0.218006306665328	0.218137580685675	0.220581640416572	0.221243484475839	0.224934302804519	0.224872668505465	0.228150754469882	0.235409848667174	0.235024639261634	0.240807959652548	0.241289363219591	0.248451228337597	0.253941630864478	0.262593200301425	0.267805932354529	0.277481648053628	0.290196171858218	0.29713835852497	0.303584514205974	0.31377619778671	0.325183544811231	0.335622091748355	0.350259458405162	0.362625395121731	0.365579459503078	0.377390559576102	0	0	0	0	0	0	0	0	0	0	0.457650327643847	0.473025102259358	0.471527038280071	0.458803022860241	0.451361509648601	0.455964162716879	0.449274415390148	0.471549899833097	0.473839578302133	0.493946283419589
524.543	0	0	0	0	0	0	0	0	0	0	0	0	0	0	0	0	0	0	0	0	0	0	0	0	0	0	0	0	0	0	0	0	0	0	0	0	0	0	0	0	0	0	0	0	0	0	0	0	0	0	0	0	0	0	0	0	0	0	0	0	0	0	0	0	0	0	0	0	0	0	0	0	0	0	0	0	0	0	0	0	0	0	0	0	0	0	0	0	0	0	0	0	0	0.00768155561825404	0.00843751011870212	0.0090611089864721	0.0109738829394832	0.0111873647864946	0.011176006544506	0.0127234219955895	0.0138032213606326	0.0155299994630241	0.0157762575243327	0.0169329772110209	0.0184180524259946	0.0201981324660734	0.0218158927342839	0.0225948819325421	0.0252759755865506	0.0252789917133923	0.0262950319373762	0.0284444704710715	0.030375531007462	0.0319701851062557	0.0331067027722861	0.0347860160616908	0.0363389767177196	0.0379503912972588	0.0400947587157914	0.0418960187244206	0.0450400761165522	0.0470056696177979	0.0491294880846892	0.0522489123708362	0.0537166446563828	0.0571043636895581	0.0598443964913352	0.0629711791774419	0.0654609771438251	0.0695091911669685	0.0743637221723044	0.0757082338189602	0.0797702533914735	0.082275036094136	0.0854586645224393	0.086740669651533	0.0901249996615842	0.0939120403406674	0.0981261713752045	0.101026051584421	0.104346797351476	0.108539865807308	0.113624030757581	0.115953424224387	0.119003819800987	0.122103290708	0.12737458829234	0.130957581164477	0.132581458619737	0.136812066938077	0.140827087332747	0.144883988485	0.147927875175717	0.149336178880155	0.15228725247414	0.157399441273403	0.160113508031789	0.163827135932517	0.165657610531669	0.168235715394259	0.17272134618418	0.175142997433903	0.177286592178242	0.180252896049325	0.181472213767869	0.182562318826446	0.186219099672876	0.186316147273933	0.187919823782248	0.190141416889258	0.189269414467254	0.190244048330382	0.192102412809694	0.19168647418701	0.193858786792471	0.193841246459805	0.195205644234665	0.197077282438921	0.196014856347692	0.196911539065414	0.197275795729392	0.199579177061149	0.1987554552187	0.198902761836132	0.199819786785597	0.201624408896268	0.199723435762165	0.201324994887016	0.200128044669243	0.203691852957984	0.203618488562199	0.205360072925469	0.20516717107702	0.208579140110728	0.209036259837462	0.213380465945944	0.216785583108384	0.218149337452701	0.222947631940896	0.225648655693409	0.231127890951435	0.23433377507475	0.241489761599334	0.245342587848339	0.250413034191091	0.261160252609747	0.26980896010667	0.275329677677928	0.288492761246619	0.294893786557931	0.309188937133716	0.31850050591846	0.326368457213918	0.338266396997012	0	0	0	0	0	0	0	0	0	0	0.417573607623985	0.419937952907408	0.423869878111909	0.429667073271033	0.429344380832203	0.427689419643543	0.434436473956717	0.431962683182648	0.423976555990354	0.458163720523208	0.481980110746312	0.457808364684038
529.215	0	0	0	0	0	0	0	0	0	0	0	0	0	0	0	0	0	0	0	0	0	0	0	0	0	0	0	0	0	0	0	0	0	0	0	0	0	0	0	0	0	0	0	0	0	0	0	0	0	0	0	0	0	0	0	0	0	0	0	0	0	0	0	0	0	0	0	0	0	0	0	0	0	0	0	0	0	0	0	0	0	0	0	0	0	0	0	0	0	0	0	0.00841433212482534	0.00777885007988808	0.00874442565575986	0.00915807387327511	0.00926412662867175	0.011011491320284	0.0118861547393447	0.0125072748735333	0.0132937470799539	0.0148789807180509	0.0160048661861233	0.0172325764247492	0.01836678656088	0.0196675922842829	0.0207434729395595	0.0220297415042055	0.023181145019179	0.0253678420425038	0.0262329023043951	0.0274482916595765	0.0298917721445803	0.0309268090007961	0.0329403589110118	0.0344209702179981	0.0355938141333351	0.0373487404573711	0.0382946194596332	0.04056069542408	0.0429618526796384	0.0447771405982389	0.0466263078771434	0.0489075909581727	0.0517001283257919	0.054570440280496	0.0556433978664398	0.0599835700277623	0.0617788237725748	0.0647615008264749	0.0670909526720982	0.0702728817913207	0.074013483159757	0.0774316663403767	0.0797656813878785	0.0823814859987047	0.0860123656827996	0.0876161029544178	0.0916876416841887	0.0936290731865076	0.0972724587058643	0.101028611152383	0.103410732022101	0.109071189495103	0.111812208138942	0.114954512842281	0.11690048106804	0.120051576350059	0.125157314665041	0.126104378650637	0.131527218672246	0.13613348259757	0.137943879557209	0.140337638836949	0.143351084188638	0.147739976389167	0.149183141546053	0.150556326509541	0.154784573977637	0.159664141225148	0.161019889590031	0.163191021038545	0.165580782517339	0.16742552787823	0.168824780864699	0.17186890900402	0.172648133856223	0.174618948877644	0.176713655193959	0.177247430733741	0.178011349582849	0.177555340146153	0.17871300244736	0.179585659460575	0.179840511564212	0.179469316545823	0.182836770603731	0.181905782203986	0.182884204629359	0.183892952578363	0.184056020147254	0.184048858880219	0.186224414484865	0.185749095612448	0.187494214902662	0.189277215527327	0.187464144461873	0.188311193658719	0.18849556220106	0.19051096231709	0.190309022029075	0.192821479341443	0.192340337942953	0.193172012094172	0.197202763031889	0.199255729675612	0.201192559390008	0.204271761422382	0.206163126353875	0.20879029354174	0.214366765351173	0.218123754614071	0.222766383456323	0.22989192885617	0.233275603309886	0.238088413884842	0.249899464221218	0.253369310880103	0.265373189730375	0.271360452124115	0.286465997828785	0.295264259653369	0.304760928789056	0.310480497039707	0	0	0	0	0	0	0	0	0	0	0.38179782230856	0.396931064139698	0.399528305017075	0.394054980543653	0.400438309499114	0.385911410659331	0.378873896407685	0.380017630718166	0.407248877031063	0.421555456810904	0.417585711992064	0.40801725352716	0.450753595558296
533.888	0	0	0	0	0	0	0	0	0	0	0	0	0	0	0	0	0	0	0	0	0	0	0	0	0	0	0	0	0	0	0	0	0	0	0	0	0	0	0	0	0	0	0	0	0	0	0	0	0	0	0	0	0	0	0	0	0	0	0	0	0	0	0	0	0	0	0	0	0	0	0	0	0	0	0	0	0	0	0	0	0	0	0	0	0	0	0	0	0	0.00770938672673711	0.007705736093457	0.008670903620693	0.00948479714991221	0.0105394430635071	0.011365269745166	0.0113370115056543	0.012000562462085	0.013183420381595	0.0147501617114468	0.0151002334808536	0.0162321312664636	0.0174723767431272	0.0187474247242427	0.0198801677369783	0.021168063706119	0.0219131985374385	0.0229425507620245	0.0250914625515571	0.0265398941822683	0.0267400312133997	0.0289502228801876	0.0306923349419273	0.0319038275913723	0.0337096739681763	0.0349478199735866	0.0368775665110243	0.0383616492896765	0.03934244689734	0.0408065884708482	0.0430977591978325	0.0444093011578988	0.047088348618726	0.0495340057750206	0.0520661608654005	0.0536763597890572	0.0564129309204899	0.0590089760835515	0.0617380691070523	0.0636904495643098	0.0674308704178789	0.070770518026104	0.0725469440505249	0.0760415553071828	0.0783769308728063	0.0812865366412111	0.0831768338362567	0.085466224409576	0.088008709038832	0.0910096798028283	0.094831715973411	0.0981494124927087	0.101275923723405	0.104627326672864	0.107445296915345	0.10996581963394	0.113059883455043	0.117125228546762	0.120430684007768	0.123203209207315	0.126447959141145	0.12855990409263	0.131191097772843	0.134189494804111	0.135736426856069	0.140053306544983	0.142369064444984	0.143792456623265	0.148881652842683	0.14882520926	0.152812705858948	0.154524630092147	0.157187158420779	0.160253992593041	0.160979904067722	0.161793561738406	0.163790997012415	0.166031284632543	0.166576225629786	0.167542953635798	0.169090850839275	0.168030279483234	0.168062119813893	0.168615674841363	0.167934747043352	0.17196766738382	0.171048833019669	0.170856816024017	0.172596474134735	0.172884503305952	0.173183792105328	0.174160363865668	0.176603517081938	0.1760485288008	0.176948422706565	0.175630001008434	0.178386874311788	0.178091860060315	0.178107495259388	0.178817319128542	0.179954575908488	0.180932325693736	0.182866336979722	0.182819282133712	0.18754914803152	0.189489206539985	0.191492103649776	0.19409857833992	0.197766172799123	0.201265129746163	0.204841408307667	0.209453295439236	0.213487332798576	0.219497257090846	0.224744460967001	0.230573366199596	0.239127324692643	0.244899713477276	0.251982719950651	0.264075452326778	0.27320533112765	0.280186170113525	0.290958308778161	0	0	0	0	0	0	0	0	0	0	0.358580121356653	0.366647521106596	0.376475664083396	0.368379597338319	0.378211097349351	0.373403513173717	0.364836443258673	0.383077794567026	0.397505481077449	0.400902701380233	0.422916574819631	0.425692835666738	0.411592038913396	0.422537823120926
538.565	0	0	0	0	0	0	0	0	0	0	0	0	0	0	0	0	0	0	0	0	0	0	0	0	0	0	0	0	0	0	0	0	0	0	0	0	0	0	0	0	0	0	0	0	0	0	0	0	0	0	0	0	0	0	0	0	0	0	0	0	0	0	0	0	0	0	0	0	0	0	0	0	0	0	0	0	0	0	0	0	0	0	0	0	0	0	0.00493694503013204	0.00558775963745566	0.00712996453928093	0.00691241848227344	0.00799852455769673	0.00871629841150905	0.00879173982069162	0.0103587160411751	0.0103637780397686	0.011434261530336	0.0121557509507718	0.0127100540530393	0.0158008344983188	0.0157345530975961	0.0166891716589771	0.0170463388866477	0.018951805576188	0.0199696615985223	0.0207197337960644	0.0221534509208802	0.0223791123040692	0.0247583307789927	0.0258506829284261	0.0275586804877457	0.0297418979800488	0.0301573697387675	0.0312199905704938	0.0328475881648887	0.0346901189808049	0.0365802354977322	0.0372890236396846	0.0385727870895929	0.0407143787001841	0.0421538579992631	0.0435456371394186	0.045687235873779	0.0489811515642337	0.0497048772087158	0.0516732164352503	0.0548217527624088	0.05614808101821	0.0593866575911542	0.0622935271547012	0.0651406137081278	0.0675346360323402	0.0693786957663442	0.0723613465438377	0.0752281639466891	0.077117237409154	0.0798833605290446	0.0820304677336969	0.0846102357461265	0.0867062948854866	0.0898433685784474	0.0929441725622979	0.0962453328812559	0.0997719912470192	0.101814613671472	0.104189968891818	0.107032896833473	0.108857345504516	0.11431366828247	0.11580362249469	0.116966239064733	0.120882520238912	0.123567638289865	0.125505365291309	0.129042971059335	0.130498058659924	0.133288554476006	0.135705621978657	0.137739901531872	0.139809845281913	0.142505698861318	0.143937371702907	0.146868974926918	0.149220451364772	0.15057789395061	0.151859091176566	0.152026054406157	0.15372102316998	0.155324625207089	0.155618196938272	0.155857052083689	0.156582371021047	0.157557532085989	0.16013844708812	0.157411382021102	0.158012757715808	0.160425977558196	0.162060019223386	0.161361139696115	0.161881765629662	0.162398141370147	0.163914904566532	0.16313620214312	0.163303585603905	0.163348103276692	0.164547145304111	0.165876752924275	0.166596756245589	0.168304312282109	0.16749209592749	0.168165822518863	0.17093095939556	0.171272073673131	0.171606231283139	0.173955696781827	0.178013487253438	0.17918257482375	0.180963565217899	0.184130501994818	0.189822791673734	0.192731906963432	0.195422363408086	0.201614991937602	0.203955888628096	0.211234498268066	0.216911360165498	0.225828685274708	0.231218472429251	0.242642924893995	0.253064602503472	0.260572149191491	0.265529627787576	0	0	0	0	0	0	0	0	0	0	0.326113565964685	0.334167345678372	0.335289236321723	0.347898326503401	0.342585684307797	0.340016569041017	0.338681579174447	0.343138098167153	0.362480719540075	0.367360303387899	0.364162591411356	0.362959800489515	0.371875573833312	0.378658189762474	0.385568093222754
543.243	0	0	0	0	0	0	0	0	0	0	0	0	0	0	0	0	0	0	0	0	0	0	0	0	0	0	0	0	0	0	0	0	0	0	0	0	0	0	0	0	0	0	0	0	0	0	0	0	0	0	0	0	0	0	0	0	0	0	0	0	0	0	0	0	0	0	0	0	0	0	0	0	0	0	0	0	0	0	0	0	0	0	0	0	0.00584361884226176	0.00562594955356184	0.00527310933521087	0.00595050027568813	0.00753285595124487	0.00798071519294933	0.00857228151435219	0.00906201234762964	0.00997015732906256	0.0113406484277322	0.0122911847815664	0.0126528568867959	0.0135315252823691	0.0141408280640184	0.0156543909998153	0.0164398434021784	0.0180159030129789	0.018875676946153	0.0207340002395862	0.0211297881045441	0.0220264894973848	0.0222335798164391	0.0243843534836995	0.0256452963749048	0.0264900113734591	0.0281098658399381	0.029072912172059	0.0311683590219517	0.0323520549602133	0.0335477570839115	0.0349357353900139	0.0361758046323993	0.037325751736912	0.039254783370338	0.039937345946914	0.0431911792761282	0.0440648584065199	0.0455859290659633	0.0471241136077091	0.0504081072757483	0.0513626180609807	0.0533100591258237	0.0558910151240588	0.0587374906437425	0.060751078381092	0.0628504450064234	0.0656330463420647	0.0684260057547359	0.0710312009166948	0.0732874522368937	0.0743048524179196	0.0776844808471736	0.0808564068052675	0.0807168961707017	0.0842681586838727	0.086325408856059	0.0903305340203913	0.0917782371088462	0.0957764067935682	0.0979014463747048	0.101744732886494	0.103292595799493	0.105445389366127	0.107606523300612	0.111890519843549	0.114111867521837	0.114697410456619	0.117773594262265	0.119848613954821	0.123523735273372	0.124388501029948	0.126273278379468	0.128043407302418	0.131531716113352	0.132594735900558	0.134376080568898	0.136832756052598	0.139541806321399	0.140851216439572	0.141424211274773	0.142973373452223	0.143848473001605	0.146232151892611	0.147439573896094	0.14540426776409	0.148274581688462	0.147827298989436	0.14732665953436	0.149311140555532	0.148499820384914	0.148549065782001	0.151358349764273	0.151905001684269	0.152458261258998	0.151156954179456	0.153816633253335	0.153533101719768	0.153145932520906	0.154190614223915	0.154669644547112	0.156186795247099	0.157120348613292	0.158646198685651	0.157727113660377	0.158945248525975	0.161321238333473	0.161210603100645	0.161912855981772	0.163564236971252	0.166489737795468	0.169382190579854	0.171302569172766	0.172779850984486	0.176034934389606	0.181664184211455	0.182868256744657	0.186820005850013	0.193349073071465	0.199017573050507	0.200769170586692	0.209588049806952	0.215655314843134	0.223950004175084	0.23364609479147	0.240241760014213	0.244446919156224	0	0	0	0	0	0	0	0	0	0	0.308368488918377	0.312506583217029	0.316595656294899	0.321569287058443	0.32941348917078	0.317932520528985	0.323685769824165	0.326761641757547	0.343785721549482	0.346474069041434	0.364140642987602	0.355836340884764	0.358876381280983	0.35487894525687	0.374952677478041	0.377492866430745
547.924	0	0	0	0	0	0	0	0	0	0	0	0	0	0	0	0	0	0	0	0	0	0	0	0	0	0	0	0	0	0	0	0	0	0	0	0	0	0	0	0	0	0	0	0	0	0	0	0	0	0	0	0	0	0	0	0	0	0	0	0	0	0	0	0	0	0	0	0	0	0	0	0	0	0	0	0	0	0	0	0	0	0	0.00406715385248731	0.00587807428223409	0.00608020073113571	0.0061224996808908	0.00684147988115787	0.00780915007307717	0.00762694192848335	0.00812059942665489	0.00798431612656249	0.0106726689633873	0.0101992630019673	0.0116354507343091	0.0118978097874357	0.012522379410296	0.0139033547211426	0.0153604776548822	0.0160461134585053	0.0172203457895086	0.0170800506443955	0.0185687110954219	0.0196091977825596	0.0207099078601152	0.0214549839118344	0.023262111572375	0.0242496527266117	0.0250370265321817	0.0269813667841569	0.0277167598567048	0.0288182057281972	0.0298342546140221	0.0325737673536824	0.0328974802078344	0.0342361898448825	0.0357272293820636	0.0367987868986148	0.0378555602421429	0.0397370323092101	0.0415818876194887	0.0428403825661949	0.0434904122643201	0.0462259879040231	0.0484090424613642	0.0495883845358928	0.0524859388018805	0.0547311507208006	0.0561535687049923	0.0589433523484132	0.059937033558313	0.0613561827999428	0.0653828701088704	0.0679305158466945	0.0694549684405136	0.0711591819680963	0.0739299605035741	0.0755648004207376	0.0775887737791134	0.0800638196558906	0.0821961787886287	0.0849818561253193	0.0884424626049908	0.0898001119436553	0.0918420039736981	0.0945705385296887	0.0962758338143578	0.0994101623445418	0.100889553265028	0.10437590282693	0.105521229927949	0.109924253727433	0.110832823339456	0.112728069646181	0.115731641288818	0.116449652771052	0.119167539106466	0.121608476085548	0.122452646145164	0.125124203512335	0.126525410708906	0.128335464438058	0.129667718809222	0.131113605223164	0.133892304453086	0.133120510301864	0.135467444254274	0.135592516541945	0.137703885707351	0.136848358548951	0.13732410376692	0.139036326289365	0.137952155059921	0.138339816934846	0.139277365931001	0.141849152629493	0.140123154124963	0.142089737564436	0.141960437160797	0.142344056633114	0.14146061372117	0.142421956534282	0.14501913982937	0.143854215400907	0.144334113720253	0.147561241487323	0.145820747655828	0.145961593566212	0.148576903079645	0.14839704533136	0.149492393880015	0.151387160979246	0.153101405869808	0.154292190824065	0.156620566483491	0.157174367234185	0.160847590433716	0.164342069533916	0.164925995132027	0.167755060554152	0.171541194956513	0.177700588658695	0.179433780265293	0.187583251778096	0.192320797608926	0.197223774170386	0.206274814330018	0.212103214678215	0.220083059778472	0.226495792474992	0	0	0	0	0	0	0	0	0	0	0.287187262644065	0.288240658400205	0.293047558435809	0.296213411311137	0.292563471558927	0.297739221858802	0.295851424288046	0.300224111551748	0.310869693188835	0.315438532030858	0.310191395276208	0.328070265124115	0.338445463300144	0.332888543621699	0.340239996439077	0.338997549921297	0.32973309400928
552.608	0	0	0	0	0	0	0	0	0	0	0	0	0	0	0	0	0	0	0	0	0	0	0	0	0	0	0	0	0	0	0	0	0	0	0	0	0	0	0	0	0	0	0	0	0	0	0	0	0	0	0	0	0	0	0	0	0	0	0	0	0	0	0	0	0	0	0	0	0	0	0	0	0	0	0	0	0	0	0	0.00438727264036451	0.00222475106032581	0.00405108800387824	0.00464388225325835	0.00558326720576703	0.00519565027565925	0.00665003592665043	0.00548511298836495	0.00725733781695581	0.00799344281579651	0.00713529431911686	0.0086625433334287	0.00956043904702415	0.0104930780887156	0.0115497206216265	0.0121937918838086	0.0128573242694146	0.0141467398371024	0.0152002406019794	0.0160592240249756	0.0164585132414779	0.017416955175399	0.0191225915335052	0.019314764841137	0.0207566443671596	0.0213644990103784	0.0223952644188791	0.0240280705784886	0.025717787333965	0.0256527311383346	0.0265364941324075	0.0283004834968702	0.0289552670154475	0.0313163958132654	0.0320916166307293	0.0338221333681106	0.0346232004171175	0.0360856048922253	0.0371594920746278	0.0383494614201609	0.0400216258576676	0.0410407924860399	0.042377546879159	0.043937945769382	0.0463738967490776	0.0481400929374408	0.0495477580118091	0.0515991633068839	0.0533907532154682	0.0554437364413883	0.058999356895809	0.0605602669498588	0.0630405390135186	0.0648481138794864	0.0657045760783098	0.0677785916930336	0.0701966734213615	0.0707829265769979	0.0725789567767151	0.0753812255895963	0.0773031127481443	0.0804011738666301	0.0825705234678307	0.0841146431727438	0.0869009747937407	0.0885657298843423	0.0918255915793874	0.0936674793886488	0.0953986798909568	0.0988473641107085	0.0996456819085548	0.101720515517732	0.103138558672503	0.105142596180013	0.107567586438348	0.108869557674076	0.111188919433504	0.113256732090769	0.11450552067703	0.115387734346415	0.117680339395459	0.119676878036505	0.119981901306079	0.123027014074607	0.124134538308761	0.125215341621513	0.124785280205509	0.12765925341011	0.125829319335598	0.127656540216864	0.127901540321819	0.128381477034779	0.128893281935814	0.129891220291881	0.129989238411081	0.129254341478456	0.130184964150587	0.131690626492252	0.13126033495758	0.13216949059747	0.133177130125027	0.133744339977823	0.133896607981441	0.135471466617808	0.136051444038514	0.136069719360453	0.136736686566475	0.137254556846519	0.138012656392373	0.140006850370244	0.140514045418322	0.142619821107399	0.140400312537026	0.145271487178777	0.147706855058214	0.146983892576499	0.15071837529409	0.152999812442094	0.156054238480044	0.159019344484084	0.160902271097149	0.167254573977623	0.169275765751317	0.175828487962903	0.183670745069116	0.187805377299566	0.194832080310124	0.200061783351315	0	0	0	0	0	0	0	0	0	0	0.256876758542257	0.257827432029268	0.26049119136804	0.262534784595992	0.272912112366553	0.272094298019624	0.272290919231148	0.273126396588078	0.272696366498768	0.286995430901164	0.294760482857247	0.298765698187211	0.296283867590649	0.295845216788945	0.302094440220245	0.304575837942037	0.320919365027071	0.298946861011918	0.295702275646826
557.294	0	0	0	0	0	0	0	0	0	0	0	0	0	0	0	0	0	0	0	0	0	0	0	0	0	0	0	0	0	0	0	0	0	0	0	0	0	0	0	0	0	0	0	0	0	0	0	0	0	0	0	0	0	0	0	0	0	0	0	0	0	0	0	0	0	0	0	0	0	0	0	0	0	0	0	0	0	0.00352494491047621	0.00431184799286818	0.00375883137952761	0.0047652352741676	0.00517092105627423	0.00484684977586466	0.00588814574838063	0.00727256274120419	0.00692115546439617	0.00712884538405936	0.00777521795195182	0.00900288072435857	0.00898292907800599	0.00958598466202748	0.0103826089052057	0.0104934695047283	0.012306654189472	0.0122622824022418	0.0137496591579156	0.0146812186009575	0.0152048819312516	0.0164702269143513	0.0162731974332075	0.0184108409057339	0.0185305469809947	0.0194547424862638	0.0210619441767546	0.0214206169041162	0.0231040130877388	0.0241099025878148	0.0251971802915668	0.0261642416264507	0.0266423760391095	0.0272088895748681	0.0284679448031892	0.0305175504435545	0.0310576206857021	0.0327904988990946	0.0334269796911136	0.0346417101002742	0.0359917243548072	0.036621572933461	0.0383255083076081	0.0398518959287227	0.0419480162882396	0.0426236736912748	0.0448758573651212	0.0453945613565572	0.0476157730861084	0.0501878934131959	0.0509235270694394	0.0538611519319443	0.0563268696066951	0.0579750462982488	0.0590676585090597	0.0613987925991513	0.0634345441406753	0.0643810421552178	0.0661564177590141	0.0680594928474762	0.0691023448287816	0.0715860172626168	0.0740442936546319	0.0755958225451543	0.0776985470951449	0.0803609129042656	0.0813842870119204	0.0843837348631425	0.0865311199201736	0.0878399063826535	0.0894426151129214	0.091633993643536	0.0931866333934619	0.0954393553042613	0.0961343449390956	0.0982495410069213	0.100364370973554	0.10106450214597	0.105180567586327	0.105576255517232	0.106891887482366	0.108965184767216	0.111849358150015	0.111856842286946	0.112925802681467	0.11478502387376	0.115661494117189	0.117405368227266	0.116935097072092	0.118132204831119	0.117583201411793	0.119144472670565	0.119481143718863	0.120076281659368	0.118475726500333	0.119687754660372	0.119395129922577	0.121008707031052	0.122627473646417	0.122067838929066	0.122443049088202	0.121564570975443	0.124122446704336	0.12338347362652	0.124228932172386	0.12478182766094	0.125199080565343	0.126678589382143	0.127348701150923	0.12839641857694	0.129048179845536	0.12882150805562	0.131555048548084	0.13266641638107	0.135106740166991	0.133804178683979	0.138578596005778	0.14045043125323	0.141127128012769	0.143877356539696	0.145302920615593	0.149422357055468	0.154461359984016	0.156655484263491	0.162271139959267	0.167632151127609	0.169401257028744	0.176556160751515	0.183364447722327	0	0	0	0	0	0	0	0	0	0	0.238309879880529	0.239640430633123	0.244626520642951	0.242830184881806	0.249733327717662	0.251285672170564	0.25242082898768	0.247235680730025	0.249596892448438	0.262600838472725	0.269845652515278	0.28068047505395	0.264581339167688	0.284629700912033	0.292683034104629	0.299939859351707	0.295477543963867	0.305070101358647	0.287722881576762	0.296219317465012
561.982	0	0	0	0	0	0	0	0	0	0	0	0	0	0	0	0	0	0	0	0	0	0	0	0	0	0	0	0	0	0	0	0	0	0	0	0	0	0	0	0	0	0	0	0	0	0	0	0	0	0	0	0	0	0	0	0	0	0	0	0	0	0	0	0	0	0	0	0	0	0	0	0	0	0	0	0.0024128581896272	0.00269478762908275	0.0016733199386428	0.00301838584618375	0.00415046169240466	0.00446370442252181	0.0046087864371928	0.00509069543586825	0.00556462154428805	0.00676510504758548	0.00610524878393303	0.00755992683772593	0.00735780674626953	0.00803253747917083	0.00881906595396847	0.00925645032855765	0.00932060078092166	0.01075050911409	0.0112224593598173	0.0127042751714325	0.0137812062134009	0.0137196520653281	0.0141393465623362	0.0156407177951902	0.0163626256197788	0.0166530475003433	0.0184844821665424	0.0194090675110486	0.0199176439569035	0.0207905690080016	0.0220528649004678	0.0232593453175976	0.0237971336433055	0.0249901080377092	0.0260644402300308	0.0274835622717483	0.0279899787226295	0.0292632119084657	0.0299442078567738	0.0312692163600517	0.0326268254307642	0.0334040647521834	0.0342450404549795	0.0355235371727767	0.0363957845482205	0.0382013020746679	0.0385907490550225	0.0413246307515955	0.0418976144685926	0.0434892348710489	0.0450854350515549	0.0464689815716528	0.0494301608741632	0.0513052343634622	0.0520893335155069	0.053222964701397	0.0566114759045081	0.0577624267184552	0.0589829459776129	0.0610388997636015	0.0620680387474861	0.0638089211194654	0.0654250448754188	0.067904795950119	0.06927864501253	0.0706667534370147	0.0730059182511806	0.0738175348158669	0.0767942227188968	0.0789568722094492	0.0801291061723665	0.0821227790678625	0.0828148342440126	0.085635036664819	0.0862731815365768	0.0888837295725443	0.089679102471974	0.0914189601872436	0.0941511918671881	0.0939077747639683	0.0956218063732844	0.0970625428849997	0.0987733345671822	0.100854262634442	0.100862124443391	0.103448438039158	0.104261788008578	0.105888656306578	0.106629845163668	0.107727822860612	0.108091249723524	0.108792936147216	0.109176239927432	0.108477109331892	0.109780482045072	0.109601192067081	0.110488914879941	0.110235638797651	0.111430056098057	0.111051946518428	0.112241213248238	0.113067441482824	0.112267150638004	0.114972635177555	0.114914488137791	0.114376193680988	0.114340849017741	0.116002092542482	0.116279201829629	0.117218737482965	0.118438691849287	0.119315062668908	0.12018841353134	0.119980404594584	0.121627208744866	0.121502525731042	0.124858388438168	0.124743025869537	0.127637393637355	0.130857601697841	0.130489772844177	0.133550282677103	0.135710310678215	0.140326847388841	0.141670211824292	0.146243777781157	0.152559852096239	0.160113177090258	0.16246362073067	0.167170475098302	0	0	0	0	0	0	0	0	0	0	0.21283763924907	0.217039308754731	0.220102431056322	0.224453603798143	0.227092564269935	0.230168033721843	0.226237747263245	0.230886230108743	0.229814970675886	0.243544074151019	0.25010077958437	0.254235603027269	0.254458971132155	0.266137484799149	0.259591231716155	0.25987913638747	0.270287294309774	0.260245685005453	0.243862345220306	0.276099194655936	0.247084944546976
566.672	0	0	0	0	0	0	0	0	0	0	0	0	0	0	0	0	0	0	0	0	0	0	0	0	0	0	0	0	0	0	0	0	0	0	0	0	0	0	0	0	0	0	0	0	0	0	0	0	0	0	0	0	0	0	0	0	0	0	0	0	0	0	0	0	0	0	0	0	0	0	0	0	0.00166891870464878	0.00227456935040081	0.00232538167026427	0.00224977438874969	0.00401750062521191	0.00420247008982528	0.00435019589737491	0.00527001534766002	0.00478354700316961	0.00432211316505891	0.00510971018077493	0.0063455706880067	0.00575613035090211	0.00784913749609927	0.00692509157279321	0.00862954863193425	0.00808145813074866	0.00957396903793265	0.0101321941751209	0.0114270958952137	0.0119421580226442	0.0118800865770234	0.0128586803090714	0.0128719037017393	0.0137260843397488	0.0141902871681434	0.0151127052069869	0.0168001940530361	0.0167490259088283	0.0179714712471944	0.0183221388246732	0.0192683566017163	0.0211531471068686	0.0214607355959251	0.0218470001049253	0.02334880967245	0.0243576093117184	0.0254897016559334	0.02633934618477	0.0272867202750362	0.0277376467837475	0.0287760872924417	0.0306535541720431	0.0313320831701088	0.0318446304203053	0.0326258609984531	0.0341806647355248	0.0352984258701427	0.036605783918182	0.037874103383827	0.0393825358441063	0.0402910468766206	0.0421001982146177	0.0432315947180252	0.0455791943255632	0.0468618851119363	0.0485642457498127	0.0499784834452944	0.0517270914510405	0.052844231841011	0.0553859230588161	0.0554099246570983	0.0573053484016478	0.0588007707720866	0.0606174030370154	0.0617820190464695	0.064613944951427	0.0639717949469109	0.0671480957306994	0.0683148658187109	0.0699802071772705	0.0719365042631747	0.0741865355985522	0.0752950757867552	0.0755239652377015	0.0788136228483536	0.0789338485107681	0.0813822389026973	0.0825550636147123	0.0834686723674805	0.085615251804473	0.0864276020419431	0.0887412095532833	0.0899263015796111	0.0922879885372497	0.0927247178059653	0.092882546919769	0.0946530776080141	0.0945052161452414	0.0972630448701521	0.0973475270730204	0.0989570806464416	0.0999170501057888	0.1008113925156	0.10178143886234	0.102710511965654	0.102074680510665	0.101694724359147	0.102066173183496	0.102709144255854	0.103072504485274	0.101986790690784	0.103376538268122	0.105454475806938	0.104955738035328	0.105040518451582	0.107324740607748	0.104705322643288	0.105927007252102	0.106884223053661	0.109455417906675	0.107216702996881	0.108776205249138	0.110655097089589	0.109849204074276	0.111945596985458	0.111182102670534	0.113370762647744	0.114371585972427	0.116525453325389	0.117669334184941	0.120546734787774	0.121662769876146	0.123765753638257	0.125539436354982	0.128239823361455	0.130409575698236	0.135898624599387	0.13853706438157	0.145317804758425	0.149630627871211	0.153733834773795	0	0	0	0	0	0	0	0	0	0	0.195475734979137	0.203498314462936	0.199905142261888	0.206724584435864	0.212943792685088	0.209350352488912	0.212606836176222	0.212437603292721	0.209457129324569	0.224631749629778	0.230556765405317	0.234988385748358	0.23705549469542	0.243246114357181	0.23297366323541	0.244600236121734	0.242851234149327	0.231666140140699	0.250754099813878	0.244805255499275	0.251741225228625	0.247203402313065
571.364	0	0	0	0	0	0	0	0	0	0	0	0	0	0	0	0	0	0	0	0	0	0	0	0	0	0	0	0	0	0	0	0	0	0	0	0	0	0	0	0	0	0	0	0	0	0	0	0	0	0	0	0	0	0	0	0	0	0	0	0	0	0	0	0	0	0	0	0	0	0	0.00452369658538787	0.00302278096151258	0.0041195702588399	0.00335740398861775	0.00433729737993183	0.00481364001009614	0.0054487095207525	0.00497869968369971	0.00631316418836254	0.00433545701353333	0.00552560957992413	0.00548602300360528	0.00558145196180111	0.00679051149445868	0.00641761827098328	0.00843663588012812	0.00920124091401477	0.00900736004118462	0.00954124024706117	0.010353111998773	0.0107225313264162	0.0111484444207841	0.0114843568087941	0.0129092965949041	0.0132456222430617	0.0143948048595653	0.01436308118299	0.0157744159185735	0.0155498270314684	0.016346035802442	0.016827632537723	0.0180960150499908	0.01967318191112	0.0192988592052762	0.0208759179944125	0.0219394909185821	0.0221059323644635	0.0232862760013552	0.0234830895398612	0.023999997079534	0.025157451927967	0.026267472731021	0.0275907693446857	0.0284069584560242	0.0289818839342185	0.0299295372812736	0.0311786486282218	0.0316402107924404	0.0328676767853249	0.0334886666150498	0.0350314094108316	0.03590093414666	0.037408701670721	0.0389114734417791	0.0401764869538718	0.0411980562689499	0.042859917696429	0.0433138526697988	0.0462356094662491	0.0482836965820547	0.0491436871090337	0.0508761866161436	0.0508817073661435	0.0534242605302736	0.0535330366931216	0.0554843034159047	0.0572423386457732	0.0583683775602756	0.0595741976601149	0.0614411065390666	0.0630364999336371	0.0638941641540185	0.0641364162504639	0.0680962951266733	0.0698826405235414	0.0709935658729604	0.0727062165677199	0.0729113400521508	0.0757271315130311	0.0773505839142229	0.0792157133706003	0.0783939896863714	0.0801299795494232	0.081917888264933	0.0827685734268073	0.0844379522249485	0.0845060535760606	0.0857722954765837	0.0878679398886509	0.0880373540759544	0.0897457128181739	0.0906305600121647	0.0905218184699233	0.0912113457135465	0.0926634372750795	0.0945694086494505	0.0938893140875015	0.0958335051954821	0.0952929992236515	0.0960817735262593	0.0956530884582026	0.0946481070469916	0.0972604917144827	0.0962750893000948	0.0968396745728223	0.0970196230570502	0.0993212935638635	0.0978975619676398	0.0972322285089329	0.0976644674223868	0.098814752599434	0.100923645148017	0.0998476345663355	0.100956179824568	0.101901027895955	0.103628472856845	0.103498647160144	0.105796600151024	0.106126182866242	0.106359767405845	0.107153184140131	0.108043325826692	0.111892319624633	0.112603681266902	0.115355601429966	0.115912350698426	0.11915048329482	0.122418814454272	0.125632478679072	0.130914902910383	0.133822932140871	0.135962828410983	0.140262851759252	0	0	0	0	0	0	0	0	0	0	0.179818660592147	0.184673038900552	0.185204372986807	0.188524653918005	0.194394761607991	0.192127418724985	0.194519933663661	0.193488984639052	0.198157474039976	0.204928221834952	0.215772481852889	0.218488424843297	0.220664580867328	0.221538874311029	0.221990351341036	0.230426054274527	0.233384266564581	0.244025716575725	0.242980949358697	0.23365664002053	0.231707271164587	0.236789236358758	0.249167975554087
576.059	0	0	0	0	0	0	0	0	0	0	0	0	0	0	0	0	0	0	0	0	0	0	0	0	0	0	0	0	0	0	0	0	0	0	0	0	0	0	0	0	0	0	0	0	0	0	0	0	0	0	0	0	0	0	0	0	0	0	0	0	0	0	0	0	0	0	0	0.00473071712728905	0.00298970251581863	3.18820957961212E-4	0.0012132085138639	0.00179998900432175	0.00223175553440104	0.00140337956810781	0.00208058628968745	0.00329564660624539	0.00393822768307093	0.00349613305402079	0.00463786899191344	0.0050194489808593	0.00438861588320636	0.00515446021981181	0.00506851458526785	0.00742112067548893	0.00612258980627035	0.00708393881323981	0.00860814916883155	0.00878987303355159	0.00886663283172697	0.00874214169614553	0.010432470422506	0.0104557405662703	0.0105550437121564	0.0119536984765355	0.0124376463514451	0.0133133858746844	0.013150323448931	0.0139322174861996	0.0145047428880814	0.0160007628550856	0.0153456217532162	0.0166286905280336	0.0182562121631535	0.0186143127300209	0.0193786927121073	0.0202949533946566	0.0204263963981531	0.0219217606019327	0.0222165179684941	0.0242302786308811	0.0235921245372075	0.0255993993807662	0.0257545207792993	0.0259075723327342	0.0277434724956926	0.0285898295372199	0.0291012247854073	0.0296532807338338	0.0308496028093557	0.031955433329636	0.0326072296602268	0.0345987938548958	0.0341275477073869	0.0361253651243484	0.0374718848708965	0.0383564464822036	0.0393697960636921	0.0420744971534902	0.0421215064529076	0.0441759911143096	0.0452714743546614	0.0468689409849466	0.0485209705674789	0.0500315641050653	0.0509955260367912	0.0515439420148375	0.0527641530762369	0.0539465381194118	0.0543810168066222	0.0568537735077344	0.0583116828690509	0.0596892905130694	0.0610903475779269	0.0634293494100639	0.0637468315544718	0.066527499413685	0.0671929407845394	0.0682154279891474	0.0699882244725214	0.071060156261893	0.0700382892180499	0.0720809920107012	0.0733468197839766	0.0749424092403443	0.075157846768081	0.0774919816206293	0.0792628715550711	0.0802705380423259	0.081629876839539	0.0803838224981913	0.0826579624899347	0.082939392513074	0.0840304473405366	0.0840201048651391	0.0842215332609266	0.0865325449464894	0.0874476206639065	0.0867807999936906	0.0870026508703353	0.0864921220813176	0.0877309941263569	0.0894773203987821	0.0886106127323681	0.0885633647660258	0.0888651901017446	0.0895681736438643	0.0884866613721265	0.0894465952276705	0.0904591777857536	0.0907515328207017	0.0910631745514771	0.0909415015813297	0.0928396926450254	0.093612576121256	0.094632716201682	0.0941215861403484	0.0944699564883666	0.0957752778255346	0.0963584110867023	0.0990095456811822	0.100105484574104	0.102128990057542	0.102948355353082	0.103258175851035	0.105067424963105	0.106530226273232	0.111487169051221	0.114164067940838	0.117504222155791	0.121017940392895	0.122924809592713	0	0	0	0	0	0	0	0	0	0	0.158451043228809	0.160484524787832	0.168647233956975	0.166258733386904	0.168435233091691	0.175312292737561	0.174746854513554	0.1780803340841	0.178038256399418	0.174761620138471	0.183279151987248	0.194708625604856	0.198381756384071	0.189333898520177	0.193504382664824	0.205571487137235	0.202964386130669	0.209758357350767	0.208201082844835	0.205179318895083	0.214206948018514	0.213762685533792	0.201679144466669	0.196488954885468	0.211357476521091
580.756	0	0	0	0	0	0	0	0	0	0	0	0	0	0	0	0	0	0	0	0	0	0	0	0	0	0	0	0	0	0	0	0	0	0	0	0	0	0	0	0	0	0	0	0	0	0	0	0	0	0	0	0	0	0	0	0	0	0	0	0	0	0	0	0	0	0.00322115362836254	0.00203858967740508	0.00230107590097512	0.0012393783736156	0.00275256089241584	0.00248835780285382	0.00264447683528344	0.00279755464238803	0.00346539401084604	0.00288135916104827	0.00450853404092836	0.00423315659850015	0.00408621209839571	0.00624538712604204	0.0043153494208551	0.0031718468650687	0.00560891321138324	0.00611963356562808	0.00688865982844212	0.00703358284208373	0.00719182396952713	0.00830856421993447	0.00911139375357609	0.00920769831570487	0.00951703608298675	0.0101454554975666	0.00991213969491389	0.0106344393928819	0.0113701944239612	0.0126449259390886	0.0129360925464717	0.0130234455474772	0.014446173146252	0.0142718201645979	0.0145577444630327	0.0157978664883607	0.0167347123491207	0.0169060793480423	0.0179463125096116	0.0181226907480469	0.019355366917021	0.0204717457999867	0.020852980905752	0.0216705038056657	0.0214777185159277	0.022728996923685	0.0239207330910731	0.0239103851453957	0.0256290299582984	0.0259603422357187	0.0275746553483574	0.0276553128575613	0.0282823377405549	0.0288424230018412	0.03090027802448	0.030314679855977	0.0317198283430067	0.0330656098107244	0.0337325979558762	0.0353061024878755	0.0359314000968112	0.0369015659133421	0.0391615498229761	0.0404691604099553	0.0408565127376081	0.043302319451643	0.0435942562695501	0.0457501501183255	0.0452670822778816	0.0479204036013144	0.0487224953120268	0.0494231777657564	0.0506947345214427	0.05203513044839	0.0525054901159016	0.0548353047956082	0.0565327013271407	0.0576572328534116	0.0593810969948467	0.0606050619888096	0.0607703132591352	0.0616349796085635	0.0633247445890739	0.0647510273510104	0.0652689040299687	0.068133564989145	0.0677875698632685	0.0689755950981245	0.070279343764189	0.0698929973130301	0.0723004724473495	0.0735271944131889	0.074582291627536	0.0750767402620158	0.0754450999624219	0.0764073857961874	0.0767731559951786	0.0782055323052577	0.0788944284589523	0.0795783587888998	0.0791962263391921	0.0807519328880034	0.081790926379934	0.0802589222871612	0.0811427944276781	0.0805491014678285	0.0811547206696427	0.0827913513414886	0.0832275587832012	0.0837863470577952	0.083301439841795	0.0850277442101166	0.0837731120958729	0.0840669347437429	0.0847602653940082	0.084493970555664	0.0860888487221573	0.0873216593170102	0.0868215654789042	0.0865285700824422	0.0876979762282047	0.0892996235928534	0.0906436446296923	0.0905479970761534	0.0916048371004275	0.0932438745753962	0.0930570155868618	0.0955717329314786	0.0969834265344476	0.098884269310955	0.102447657830876	0.104713524356417	0.108212476386573	0.111623153211986	0.113816782904148	0	0	0	0	0	0	0	0	0	0	0.143962696072457	0.148866722208101	0.153277530421411	0.157377357310225	0.157116077679052	0.164888651090687	0.168556762117254	0.163337233154368	0.162371325496518	0.166572034200027	0.170736562288478	0.177776019340119	0.182042558901282	0.18599614757978	0.182470856427825	0.184326960203699	0.188367028573189	0.182664497336261	0.195830710321071	0.196302929281766	0.194435161940457	0.196727251518126	0.196048860688117	0.197196775186045	0.185197005977562	0.188696722852308
585.455	0	0	0	0	0	0	0	0	0	0	0	0	0	0	0	0	0	0	0	0	0	0	0	0	0	0	0	0	0	0	0	0	0	0	0	0	0	0	0	0	0	0	0	0	0	0	0	0	0	0	0	0	0	0	0	0	0	0	0	0	0	0	0	0.00407157138277287	0.00133446472593387	0.00320028007124286	0.00333820933844566	0.00488596330966167	0.00274803175079803	0.00345013836459358	0.00415681834573438	0.00466049286830687	0.00538632869452441	0.00524306587814885	0.00429630792927932	0.00581063642599041	0.0056645767835367	0.00668095239572225	0.00621982331221683	0.00631624893422057	0.00701285279223491	0.00736857933544345	0.00712377562588221	0.00838767781004713	0.00667689035083601	0.00836439644632163	0.00888182885284507	0.0100684205366105	0.00992857059099615	0.0106903932122122	0.0115022270237107	0.0121077767917216	0.0120247250108648	0.0119249004850377	0.0118759436703602	0.0139958295866155	0.0138002332896912	0.0136614526130943	0.0153893052594321	0.0155424570518215	0.0154452365168432	0.0170561828165387	0.0171649439059486	0.0179362512988152	0.0182697815566949	0.0194325962480947	0.020570473724068	0.0208436572809691	0.0204000071843258	0.021684218337971	0.0225560701642045	0.022614754655103	0.0239305281315511	0.0238323502305624	0.0251748191982408	0.0263048301379973	0.0262110731013319	0.0268403862797776	0.0282926905031391	0.0284572943440843	0.0298541012165837	0.0302517287346072	0.0319155258825387	0.0323047039593891	0.033658121750437	0.0343241049933492	0.0356400101144317	0.038185646802577	0.039376475165936	0.0388345484898194	0.0405337954420151	0.0422184888595383	0.0425854968470823	0.0442648084633224	0.0450266514339499	0.0453067078295047	0.0457825601116565	0.0481470391634936	0.0483781613275945	0.0491730337524768	0.0516784935420742	0.0526471395992267	0.0529735916784913	0.0549507710555901	0.0558976658647487	0.0569261705092516	0.05861949629849	0.0591228067964397	0.0607555938375233	0.0611447640654505	0.0638446286954909	0.0630919060218195	0.0637857492113768	0.0646804934039502	0.0662006475767991	0.0666625010764206	0.0689316525210784	0.0692039393979909	0.0691344078449876	0.0705164174287707	0.0719695438914535	0.0717893484666362	0.0721211547931864	0.0732914593129396	0.074190235859067	0.0741905516391616	0.0753988976567452	0.0751281209449777	0.0752121104400551	0.0757819537762955	0.0763254887828054	0.0742162618845553	0.0744145524355389	0.0757108651523974	0.0774618387111853	0.0766509457655707	0.0779350539170708	0.0766210365014715	0.0792188988499953	0.0792599795835236	0.079338760855362	0.0803009855907697	0.0798584699204955	0.0797863584748755	0.0813823906040918	0.0825659984925598	0.0831261539465758	0.0842144565197009	0.084891331583147	0.0865427800576772	0.087117410118914	0.0891326173919892	0.0887438729469495	0.0909751625265907	0.0947298627936202	0.0983249186217473	0.100221974899022	0.10381758411682	0.104192905421409	0	0	0	0	0	0	0	0	0	0	0.132578672672344	0.138186739720861	0.138529281463447	0.144165246616922	0.143269720871403	0.147181845582593	0.148316702492988	0.149531323548291	0.148461741744851	0.156167153409684	0.159063205426955	0.160309215679135	0.16698459506303	0.167750219433728	0.171718649782159	0.173768982632389	0.175074877923791	0.175818016170314	0.180570617499281	0.185748910063624	0.19097079636555	0.184851020500541	0.187493172132302	0.196792671348735	0.197859539118215	0.218402484660033	0.22513434167547
590.156	0	0	0	0	0	0	0	0	0	0	0	0	0	0	0	0	0	0	0	0	0	0	0	0	0	0	0	0	0	0	0	0	0	0	0	0	0	0	0	0	0	0	0	0	0	0	0	0	0	0	0	0	0	0	0	0	0	0	0	0	0.00385423884345459	-2.91243985256565E-4	-2.44177540312081E-4	0.0018504689377626	0.00170104379694609	5.44523822101925E-4	0.00187363937650251	0.00101565927998998	0.00147834678326575	4.71037487288283E-4	0.00134972491006581	0.00267910868532795	0.00184434153632645	0.00300987404387632	0.00367376630871011	0.00289581157651792	0.00350150706562414	0.00293599100222246	0.00433051863435204	0.00247003333994554	0.00543238648696214	0.0046844760261348	0.00477703280880269	0.00591731258437532	0.00627657943560389	0.00674362084065845	0.00761088061732264	0.00755455453919422	0.00971660773770235	0.00776229304474461	0.00908529911152687	0.00957288500007655	0.0105348365401137	0.00956236497894677	0.0106784861888145	0.00962449723736556	0.0118801250214142	0.0120641911545023	0.0129313078270573	0.013746413454893	0.0146222751943951	0.0149384978814709	0.0157479135434992	0.0157015288938565	0.017631064163741	0.0172162268175048	0.0181693141072236	0.018517055811894	0.0190261440999899	0.0194962591857358	0.0195503880168635	0.0214880131406779	0.0214937319214738	0.022436215502531	0.0228654697897533	0.0240518220709147	0.0242847875825082	0.0244715063131236	0.0258411503139305	0.0266529710079603	0.0270095328546346	0.0283618932992176	0.0292927480357155	0.0291718965806773	0.0307099055804897	0.031782480890809	0.0328719487260015	0.0334966719195467	0.0349796348859228	0.0362063332105199	0.0370810955382158	0.0369629762650321	0.0383671178511082	0.0394470189178642	0.0398719772704773	0.0400878383683206	0.0427350840947944	0.04219491183736	0.044682577603958	0.0447739965798293	0.0465819461672006	0.0480676166491266	0.0494277995320235	0.0494626283267821	0.0514503311477187	0.0515898535348162	0.0519103874322954	0.0544562485427967	0.0553837366363789	0.0550463253639779	0.0551186594557751	0.056996168185781	0.0581506585109152	0.0597167829056661	0.0591299077964449	0.0604440213531697	0.0615563888206228	0.0616283120854141	0.0629274213152527	0.0639028307715918	0.0650738300663419	0.0656423053594814	0.0652864041967244	0.0666116784498471	0.0677857972255262	0.0669038726015659	0.0665971278156049	0.0674481277776321	0.0684916979207504	0.0683528009797267	0.0694105163361716	0.0691544804519839	0.0686961962642458	0.069487141606144	0.0695631301890606	0.0697613628644431	0.0701816523717137	0.0703653706821516	0.072079224220896	0.0710828263036418	0.0716389132335279	0.0723421606054607	0.0728363486283248	0.0732422525555543	0.0744072161950951	0.0741409437815749	0.0750571910352083	0.0752567296874605	0.0775692725326669	0.0784830647722401	0.0795335023015053	0.0812284110735462	0.0829798569421741	0.0828338773691322	0.0851289217602011	0.0896838957116084	0.0899272248525411	0.0928625274916131	0	0	0	0	0	0	0	0	0	0	0.11689356227727	0.12053355788288	0.125261735439031	0.128451286040916	0.132364729501281	0.131188584341863	0.132131398836301	0.134607827237392	0.135903231240021	0.135485917954568	0.137219007476415	0.140544310885543	0.143238330676889	0.14375453920794	0.143838975703493	0.148566599256632	0.158202226329126	0.157637235634027	0.1545567650572	0.156576861066731	0.172385956574122	0.155168648583624	0.172473217843915	0.156219344225133	0.172211754443248	0.156148230697106	0.168484062312945	0.178161540569655
594.86	0	0	0	0	0	0	0	0	0	0	0	0	0	0	0	0	0	0	0	0	0	0	0	0	0	0	0	0	0	0	0	0	0	0	0	0	0	0	0	0	0	0	0	0	0	0	0	0	0	0	0	0	0	0	0	0	0	0	0.00474898695856786	0.00441554854160445	0.00229948344231273	0.00234653319297507	0.00308749307626291	0.00194164911934405	0.00365893335702272	0.00226646120791925	0.00303640640468644	0.00393010404668861	0.00341527813454293	0.00345958496213267	0.00503274008346564	0.00430347871591543	0.00679566650057557	0.00433753853507017	0.00389169869024294	0.00469083930744518	0.00535905886381085	0.0052800392191408	0.00660709081242085	0.00592162318649037	0.00648940198470164	0.00671987029593268	0.0067688687550687	0.00605952349302536	0.00697940387894109	0.00818869273618686	0.00902555967533624	0.00903545542761816	0.00853329680733398	0.00934231172611326	0.00975892951798412	0.0100317201819655	0.0104816327124286	0.0110222066742127	0.0110980467179606	0.0120544148781279	0.0124747885466447	0.0128668699412701	0.0137819854468253	0.013898711311548	0.0148145481383346	0.0143962724165803	0.0151795782005947	0.01505974357537	0.0156925063740798	0.0160197414443577	0.0168376721010155	0.0180982371408428	0.0192371576707757	0.0188801727061494	0.019417487544693	0.0198745976198031	0.0209397450351757	0.0219871949980877	0.0223647415352064	0.0227409389086531	0.0236116943494778	0.0236140061706529	0.0244351506334746	0.0249697838791735	0.0255571241495795	0.0266319385685871	0.0274332190464898	0.0288718859570626	0.0283224639820806	0.0297028054252422	0.0302122735223288	0.0310951548244524	0.0332641808871416	0.0341079246146186	0.0350433573325878	0.0362369798710213	0.0367951679065132	0.0370105862739742	0.0386538140462017	0.0391542689504457	0.0399187428117558	0.0413066444332236	0.0424211404658291	0.0424489554090697	0.0443400264055659	0.0466738072805117	0.0465304139539114	0.0461949804505833	0.0479386850798002	0.0481214153543662	0.0478165989699146	0.050061190104255	0.0515619809173859	0.0518231072829963	0.0533314611561588	0.0530728049652315	0.0535203693242718	0.0557946853122109	0.0563155619859613	0.0563692333439428	0.0573810640153288	0.0594339486536898	0.058518282851682	0.0594662350562731	0.0605677146676024	0.0615159637626107	0.0613855941420775	0.0605936969850411	0.0623771797501386	0.0622961935442618	0.0616408294546308	0.063310828268802	0.0644603437259259	0.064138212125702	0.0641061067106202	0.0636237587659524	0.0648699352529903	0.063996035160519	0.0649849147731333	0.0650755196037388	0.063800538680455	0.0655814578759843	0.0653132845806634	0.0657856754601691	0.0666169950300046	0.0675717333727263	0.0682435237843276	0.0694113857737221	0.0696448388213314	0.0687381176383691	0.0697209306142908	0.0711839169303888	0.0718941054468727	0.0725924332971611	0.0736876551074429	0.0754070918358268	0.0782439615891297	0.0809746671657464	0.0819252176449744	0.0844870045717781	0.0860109540550056	0	0	0	0	0	0	0	0	0	0	0.107334168246566	0.110624495277136	0.114531706014248	0.11475293857876	0.11873357929196	0.121741511875297	0.126065544701328	0.125493576127874	0.124768722620521	0.122773136173837	0.132027645822832	0.130700032369543	0.135387997823434	0.138255813164993	0.139498630481324	0.144427238482311	0.154580495173629	0.147519549204821	0.152877621784764	0.15555299851604	0.160403325496216	0.154463710610781	0.165444488912621	0.163378359374288	0.163951688056161	0.173508048595212	0.170043356140131	0.201451989802315	0.193757449363487
599.565	0	0	0	0	0	0	0	0	0	0	0	0	0	0	0	0	0	0	0	0	0	0	0	0	0	0	0	0	0	0	0	0	0	0	0	0	0	0	0	0	0	0	0	0	0	0	0	0	0	0	0	0	0	0	0	0	0.00123992243677352	-8.087477747891E-4	4.50896443071471E-5	-2.16973138928211E-4	-3.43033891692006E-4	0.00202652474301208	0.0014937599262905	9.37290991296346E-4	7.61866142828342E-4	0.00212583619749824	0.00100794601876781	0.00102893193423338	0.00145885742383502	4.04076161245716E-4	0.00125962120950294	0.00141041062647481	0.0021794034848773	0.00298159862541513	0.00299097928919449	0.00254274448747216	0.00440906832882071	0.00203539260098202	0.00438694051412791	0.00439948387789314	0.00508859894021706	0.00474525483926774	0.00568808922596827	0.00450316698534794	0.00584659656320489	0.00593793048112491	0.0065573376927887	0.00777813970808986	0.00749863516729693	0.0077923175832435	0.00929694546916837	0.00896927593375863	0.0092017231828255	0.00975257522322084	0.00993946853615667	0.0106955922204898	0.0111515009141259	0.0102749028150707	0.0112166430445628	0.011736438721597	0.0121161861314112	0.0124944290971088	0.0140956287714096	0.0136612886301936	0.0138843091748465	0.0150109452834278	0.016145561719287	0.0166237065837825	0.0160963287350966	0.0171971234539435	0.017965596803468	0.0183684164463431	0.0188599654792413	0.0202362919132955	0.020268051963609	0.0206215725643034	0.020937653333864	0.0215546473136336	0.0222931287503698	0.022569490570054	0.0238498389134122	0.0239515172497461	0.0249561843332451	0.0255175554321949	0.0259628883690988	0.026951390902683	0.0279648447946594	0.0291192689025249	0.0292916439976473	0.0313450419691911	0.0316094459784821	0.0333403523058474	0.0330234636037722	0.0336629579116908	0.0344969876754712	0.0353105990406339	0.0370697990385029	0.0373031498971097	0.0377753553045647	0.0391531730886892	0.0402666320784211	0.0399031004537936	0.0412156501904899	0.0424942063508708	0.0422840566378442	0.0436118942789115	0.0434793860501048	0.0454791661114348	0.0466712173179418	0.0466801855861349	0.047071062388594	0.047658147369807	0.048831911883772	0.0501549766376298	0.0498457479506876	0.0513417350370813	0.0514903438131832	0.0527898792651893	0.0538306718642794	0.0530958711255355	0.0544844905117001	0.0539011017852172	0.056295310688508	0.0550313556020818	0.0567507982741593	0.0556886171092051	0.0569564367544075	0.0574693340493493	0.0577380598949584	0.0580020978247626	0.0573817769877293	0.0578658819440603	0.0582957150108343	0.05797569521474	0.0585759658113647	0.0582085028934389	0.0597072478008019	0.0597245334077009	0.0602482501658743	0.0606390821256902	0.0599850050270645	0.0613046087039497	0.0607683521897978	0.0618463171849975	0.0623330219780151	0.0640162922498778	0.064164609249761	0.0643418096867325	0.0651360881694815	0.0661601350958791	0.0673090061683969	0.070910301540257	0.0722049416939751	0.0758478356014505	0.0764481488396093	0.0772076279766326	0	0	0	0	0	0	0	0	0	0	0.0946239498023025	0.095636714316427	0.0992122458025363	0.100882791457168	0.105418918291179	0.108044071970196	0.109469491132216	0.11071070906065	0.111108320655343	0.112205695043849	0.114559889736516	0.121830082106713	0.122811455731941	0.126062959480138	0.12499523354956	0.126746640584893	0.125081067933187	0.124601337166071	0.127087006134022	0.134434299127777	0.13723549793039	0.138879609419936	0.130225661886472	0.132312146246211	0.134021859244603	0.138961757471563	0.133699730947919	0.114376006739634	0.143448078076535	0.126700973945536
604.273	0	0	0	0	0	0	0	0	0	0	0	0	0	0	0	0	0	0	0	0	0	0	0	0	0	0	0	0	0	0	0	0	0	0	0	0	0	0	0	0	0	0	0	0	0	0	0	0	0	0	0	0	0	0.00149492770352427	0.00373787342526334	0.00255840838074168	0.00194771126634584	0.00177452434290516	0.00357983461385355	0.00277560522395365	0.00182016252730588	0.00272924980008077	0.00242947690019617	0.00230523419635131	0.00307559938435198	0.00369808263910827	0.00285450641467758	0.00369198806356565	0.0044191910961915	0.00203881324634678	0.00359644892879466	0.00309791342564439	0.0033537101677821	0.00362795412821345	0.00386030595236579	0.0030295352429623	0.00364788250474402	0.00572073933063734	0.00409064390858088	0.00557031578576733	0.00633577059601378	0.00572905398279067	0.00634626727416957	0.00627869041872445	0.00718534373412259	0.00722004589591901	0.00646900339608045	0.00770594976197968	0.00796966561179751	0.00830525151671149	0.00894423884565002	0.0100956423810571	0.0098583174839924	0.0102709412267865	0.0104088549737749	0.0107410262918724	0.0118458041672398	0.0105216059164915	0.0115499664173548	0.0124200861919543	0.0123151297883143	0.0120778280542666	0.012790525339309	0.0134317538647029	0.0145107021775124	0.0152733937237923	0.0146853680719711	0.0163467968084304	0.0161134605993609	0.0169469019192525	0.0171105773772488	0.0172600832885981	0.0187581128670721	0.0188133100277427	0.0192786209793705	0.0199932779924897	0.0200948980411265	0.0205899850355665	0.0214980612964456	0.0220340704500355	0.0221515087115136	0.0228031561005525	0.0232042265926622	0.0246844601515081	0.0248009508124924	0.0252581416826125	0.0259768936640397	0.0274602570896013	0.0272975901654866	0.0286135462966165	0.0299779845475182	0.0306292461366649	0.0319299242188181	0.0322557117828183	0.0323605975549668	0.0330411888489121	0.03336284104765	0.0349583036395431	0.0356270338193166	0.0363347265741102	0.0377341380573043	0.0382036892036877	0.0393640449459425	0.0391820587310698	0.0408694474149972	0.0415760850736135	0.0414913182175459	0.0418364408022071	0.0433225798924945	0.0431656059776164	0.0450504930878414	0.0449392616325165	0.0456631801244467	0.0463072001088862	0.0482138909027872	0.0475089349423736	0.047531247728964	0.0484580822387825	0.0498355931999026	0.0501585816780088	0.0498246482673396	0.0513365227313004	0.0522052521642725	0.0522544711616905	0.0514155859060498	0.0526813636933503	0.0531801648440755	0.0528870892541263	0.0543619405416705	0.0531011298260099	0.0521832920053053	0.0545175808225732	0.0542293903639374	0.0537361920876459	0.054192583596529	0.0540525273771535	0.0553664094551123	0.0543467628114918	0.0557827468979844	0.056520769380616	0.0562895622409648	0.0562366461085042	0.0567551149643974	0.0580443315397611	0.058195549618447	0.0595290931047981	0.0593878264142622	0.0601706107379362	0.0616209725979908	0.0640909987289463	0.0642839597378816	0.0663583187239359	0.0691696280404471	0.0718256005303633	0	0	0	0	0	0	0	0	0	0	0.0834979972413039	0.0873536701383963	0.0890274135052033	0.0934622965924645	0.0950823049401808	0.0967539807309898	0.0960978393969271	0.0982576365118075	0.102091688192095	0.103413236175605	0.104870751717821	0.106142938282035	0.109090317320966	0.114106382454641	0.112250215276109	0.115369389304064	0.116442308447628	0.119401469131388	0.12119524523442	0.122336928375626	0.12974043536207	0.127020959314095	0.131230337778562	0.133352476906839	0.134787007428039	0.135722324530549	0.131985944861295	0.14251668047385	0.150961911134868	0.140318017005239	0.133119689641087	0.159252778892324
608.982	0	0	0	0	0	0	0	0	0	0	0	0	0	0	0	0	0	0	0	0	0	0	0	0	0	0	0	0	0	0	0	0	0	0	0	0	0	0	0	0	0	0	0	0	0	0	0	0	0	0	0	0.0055160705956848	0.00227334902756075	0.00261561035024434	0.00308764242235146	0.00253724071703043	0.00107881107518035	0.0014252944180498	0.00171751630849546	7.57475559049274E-4	0.00201291721770565	0.0021962858777724	0.00126952199964439	0.0025355085658292	0.00277853003156492	0.00345279988318108	0.00300178309276576	0.0056698428346516	0.00324267451906882	0.00198393378545151	0.00407152149179111	0.00424251299948894	0.00490322928699554	0.00483772201316598	0.00528681509921765	0.00372362700861398	0.0038456932085098	0.00494688328657347	0.00369236161937897	0.00676090163414498	0.00434642581979181	0.00625613671974955	0.0065230359562765	0.00735320672517442	0.00722706223156748	0.006270800172983	0.00867414412760407	0.00709135057857888	0.00652693606805105	0.00760734317489328	0.008460122428261	0.00877650758860857	0.0088624271806809	0.00881189779596022	0.010421936360373	0.010715872976539	0.0104922631618054	0.0115030159025664	0.0108806465261725	0.0109703615840636	0.0122028386150022	0.0120110170567958	0.0132244882953242	0.0135615159987173	0.0134466643255645	0.0140315253491614	0.0136350354037287	0.015543949289577	0.0149930203733102	0.0159381462323519	0.0161625260927127	0.0171342062843859	0.0169293783494359	0.0170818874886003	0.0175271701475466	0.0182456147496914	0.019401059898787	0.01936405953969	0.0196623043495011	0.0204174304819672	0.0207963910560057	0.020733042310734	0.0220398957570396	0.0227709739421038	0.0234450973699841	0.0244627042659534	0.0249973054239108	0.0257166252597743	0.0269371375978591	0.0277093065891769	0.027255378883509	0.0286776592839816	0.0283924754368501	0.0293134833795497	0.0312135068676705	0.0311685849577156	0.0302948559865546	0.0319773173877678	0.0330827295049526	0.0335032922764814	0.0345919662796829	0.0347091810474559	0.0354753222437565	0.0365487576083582	0.0369522733201808	0.0384898781530685	0.0386503029309244	0.038588371117432	0.0404330096874893	0.0402138065787774	0.0411560125120356	0.0417645204162704	0.0418292714700274	0.0419837679796938	0.0423597441701299	0.044022222750399	0.0438565918417854	0.0446617216003844	0.0454664573894833	0.0461360598135702	0.0470026674649898	0.0471888488673153	0.0473615197643814	0.048035752517984	0.0483450027605799	0.0484746486009807	0.0492274224471267	0.0495354634484791	0.0487906011780618	0.0499752149115186	0.0497740330618001	0.0487928731368695	0.049299024770286	0.0494736444962288	0.0493750841310707	0.0504343814568932	0.0514976135079195	0.0510795137642515	0.051932904955561	0.0520775298101329	0.0523092490874581	0.0531106488257747	0.0521021221966956	0.0532254656073386	0.0543714152908042	0.0539789953691601	0.055356549773383	0.055526339213184	0.0582272591674666	0.06016349545377	0.0613328529658484	0.0636205250372128	0.0657045757487341	0	0	0	0	0	0	0	0	0	0	0.0734295502469857	0.0767992146789361	0.0806451189157284	0.0833323537126423	0.0840944828747508	0.0858190427174094	0.0896817803789526	0.0935561964584486	0.0918937928004012	0.093368840448594	0.0974806598615761	0.0973415907812409	0.100795566358135	0.104837641726989	0.105808136550608	0.106792103734458	0.108237167522419	0.110726221105387	0.110013091299768	0.11404432356377	0.11136324804844	0.11013908715176	0.118671670159371	0.118656916435654	0.116481416042975	0.11996697592419	0.113497435611493	0.127175457670425	0.118672825452036	0.129800249518197	0.148814641156959	0.143483525105671	0.132990354820297
613.694	0	0	0	0	0	0	0	0	0	0	0	0	0	0	0	0	0	0	0	0	0	0	0	0	0	0	0	0	0	0	0	0	0	0	0	0	0	0	0	0	0	0	0	0	0	0	0	0	0	6.739844822532E-4	8.80034905982497E-4	9.12790171350823E-4	0.00198546297300446	-0.00147395612148879	-9.89789098292121E-4	0.00169477661304016	0.00146930130079058	0.00116262355795932	0.00297011458263668	0.00332896277860135	0.00132783596350224	0.00208997320423487	0.00136914644433918	-8.40116905945463E-4	0.00177770996721425	0.00300451549815225	0.00215869576622773	0.00157195346196054	0.00316351399559624	2.66008927312929E-4	0.0027083322255163	0.00272729415317525	0.00346043959978164	0.00349450195576534	0.00318768842155484	0.00403416737435274	0.00299929831768282	0.00371377315652425	0.00272132299319972	0.00348190492780147	0.00503603971994883	0.00444639205757791	0.00510761355605064	0.0062108709291494	0.00469598488716177	0.0063135298076846	0.0075818813982215	0.00562280436140506	0.00733037777702879	0.00661045221348027	0.00759358850134473	0.00657357986129135	0.00758252910598279	0.00884243362080807	0.00830766784322688	0.00886340727955836	0.00908351215002149	0.00949958124963631	0.0103527667601636	0.00986091270148705	0.0113126995748825	0.0122745729349863	0.0117004825977761	0.0116762528799796	0.0128119422339838	0.0122409601350534	0.0132550202825169	0.0138772430693025	0.0130879689194247	0.0142199407156523	0.014327749183499	0.0150006105333786	0.015591097707771	0.0161598227852202	0.0165010179288678	0.017129519000372	0.0173486357362025	0.0174595761927187	0.0179410046530876	0.0188481656450879	0.0190701298231995	0.0196989174234567	0.0205357420060442	0.021257350303439	0.0208951818693219	0.0211656764458521	0.0222940077685824	0.0231605906170698	0.0233677672837785	0.024636434588837	0.0252681286579272	0.0254866432828677	0.0264682037489515	0.0272023502290709	0.0276127024503579	0.0277812430117945	0.0282564230475952	0.0287347306770058	0.0297149640369268	0.0301130517586228	0.0306945423302797	0.0320683668477564	0.0330121044750499	0.0336341942671599	0.0335195029790512	0.0350429440889488	0.0342761103329376	0.034524550447994	0.0371002824636161	0.0368638244752287	0.0360292286413551	0.0377553057086449	0.0376404255014023	0.0381484386613694	0.0394432672796308	0.0388889472369421	0.0405667896608765	0.0411357841821436	0.0412982135189151	0.0417311670383055	0.0417059167183666	0.0416783293253691	0.0421449399098588	0.0435102401162443	0.0440717190130649	0.0434821636728936	0.0436353891017936	0.043966939516934	0.0440477223120911	0.0445291986851296	0.0439804392615468	0.0455125854386818	0.0447784571286418	0.0453893826248127	0.0465246427255484	0.0456992066739132	0.0459979368738868	0.0465500553513289	0.0470868776021679	0.0472007950352893	0.0475489453361364	0.0477653156158785	0.0482080866619599	0.0488470485674343	0.0495508083304768	0.050079962030394	0.0504291193757166	0.0532135781914522	0.053629212735234	0.0556705602008707	0.056703079185931	0.0593113574757278	0	0	0	0	0	0	0	0	0	0	0.0667246237575264	0.0681377611028028	0.0729048635994873	0.0735976739265462	0.0753677911901996	0.0774788565004668	0.0787803987320914	0.0799353990150619	0.0794210950423555	0.0808229728082273	0.0826221912371696	0.0875343003741794	0.0880428248392561	0.0947421841663631	0.0939846968459866	0.0910550949880422	0.095844904229365	0.100564020744057	0.0977986988918097	0.0955324826279263	0.0959621783631238	0.0977289616520042	0.101520496304807	0.09907389871335	0.106953727353164	0.0997863248334451	0.104800963990575	0.10169642548191	0.107203620295354	0.113776510999983	0.112812001495873	0.102135669186445	0.128419293773576	0.139781580017846
618.407	0	0	0	0	0	0	0	0	0	0	0	0	0	0	0	0	0	0	0	0	0	0	0	0	0	0	0	0	0	0	0	0	0	0	0	0	0	0	0	0	0	0	0	0	0	0	0.00287950776752468	-3.53693821343998E-4	0.00376794650637595	0.00232855356310484	0.00255550176528292	0.00200629860223686	-0.00121398913758556	-3.08036983938917E-4	-2.99334102693856E-4	4.41488095811205E-4	0.00114940758314824	6.11499986150443E-4	0.00120131532488892	0.00304745242800204	0.0019234201604767	0.00396167012294695	0.00199028162710685	0.00195460342504344	0.00108703707629371	0.00291415626749579	0.00452205615128759	0.00277980980951713	0.00152185421675785	0.00306079208782197	0.00419996466065697	0.00238892091874386	0.00281295093139243	0.00162544990122342	0.00325703148791384	0.00275300479293949	0.00336562796321463	0.00388319379570933	0.00514958764803668	0.00364528878367263	0.00425814608503738	0.00506821056716917	0.00507498901972974	0.00576043519872006	0.00455088783552659	0.00498561747919234	0.00587515390282752	0.00779680045676274	0.00682512289373317	0.00665826235010332	0.00726430809937644	0.00814106890062008	0.00771223721838044	0.00714209391355079	0.00839920391591537	0.00751476299984636	0.00811319819386219	0.00893435336649804	0.00991184979774935	0.00920574670929296	0.0102044759721318	0.011267616404849	0.0105615703676014	0.0115722392688136	0.0111718202448454	0.0119558534412535	0.0117551391434068	0.0128541215245647	0.0135373353446384	0.0135241444106303	0.0135325686788692	0.0144642823391566	0.0144373337253495	0.0152017325465682	0.0147510375438461	0.0153794691578788	0.0159343542777465	0.0158686304844347	0.0164368736912045	0.0170720044782643	0.0170757756642552	0.0182976807858747	0.0192517259461627	0.0189602694152791	0.0194943944555291	0.0197234647867846	0.020896295002448	0.0213068840614967	0.021894815941985	0.0221898660164722	0.0224667967772649	0.0241485218432511	0.0245617739237925	0.0245303280107514	0.0250496649236088	0.0245059272721435	0.0259356289441003	0.0262708747163289	0.0267014638394043	0.0288349494155074	0.0282433971022911	0.0296376714811094	0.0303570295842461	0.0303251882383684	0.0311742065228893	0.03119366551642	0.0320219451745354	0.03247036301851	0.0330137542856794	0.0339854293154863	0.0344066379259087	0.0352995200553594	0.0345702856991573	0.0361309345405326	0.0370683663184373	0.0369378735862258	0.0367145780188194	0.0377722420943687	0.0372746681552011	0.038599017750383	0.0381482244165867	0.0391445809971897	0.0383075025905718	0.0392805022954826	0.0398423876654128	0.0404381004689456	0.0400369319033796	0.0400181015210054	0.040606100016191	0.0412334008501806	0.0421520842543937	0.0417482575607236	0.0415379372483523	0.04189898865013	0.0410433368920548	0.0421553175706495	0.0420878759881358	0.0427085372653308	0.0432401845216785	0.042795279305744	0.0435012978106755	0.0443066536394528	0.0447832484931707	0.044808406411196	0.0447048200025093	0.0458411275414465	0.0472183468193231	0.0502239644035003	0.0527514602726113	0.0528305965707526	0.0527695540314664	0	0	0	0	0	0	0	0	0	0	0.0600138178754039	0.0625197220905578	0.0645644719879405	0.0664679287310591	0.0690036204999522	0.0692752175349953	0.0710060995802	0.0743402161637599	0.0713557154254405	0.0770747815924493	0.0745791972912984	0.0785408474168262	0.0810210565313865	0.0840557068494872	0.085670968232589	0.0828580410333738	0.0866661905780025	0.0896257477038446	0.0913518973312608	0.0926490279019709	0.0923094636687255	0.0931227584697009	0.095496669335423	0.0943366350448928	0.0941148517206755	0.0956078228370152	0.0944506546128147	0.109705725252734	0.0964474621194607	0.104868667400448	0.106229375697155	0.0987719184753654	0.0918326794836316	0.109567439454447	0.132874515960047
623.123	0	0	0	0	0	0	0	0	0	0	0	0	0	0	0	0	0	0	0	0	0	0	0	0	0	0	0	0	0	0	0	0	0	0	0	0	0	0	0	0	0	0	0	0	0.00217253965611799	-3.66602136352164E-4	0.0040559039384051	0.00196478118161213	-5.83550312852895E-4	5.729518884726E-4	-2.23300686508255E-4	0.00235306521672169	0.00373014128973075	0.00223137270657428	0.0026792961059779	0.00123599384887231	0.00255915373129594	0.00203832959822128	0.00265704992544386	0.00229535930808766	0.00284327321028929	0.00395283669129956	0.00292404729586382	0.00403018610195903	0.00311977864963765	0.00430713693039709	0.00509184089815823	0.00444710279291832	0.00436708259294345	0.00270305779539299	0.0034058212194397	0.00311567720673454	0.0044391158807951	0.00427760043313528	0.00569803643812083	0.00552089907421467	0.00510946717379176	0.00507066215951619	0.00535780056583031	0.00570626532156052	0.00622400324736487	0.00605745426802193	0.00574599333704073	0.0067714723556716	0.00620760978156285	0.00738078237564323	0.00689892489763465	0.00660428625740648	0.00786330545509029	0.00736987676671247	0.00644844184043906	0.00680162302482472	0.00860237118933733	0.00801019108731616	0.00811421813238879	0.0090638585303586	0.00816612719729999	0.00990196163619616	0.00977358816312181	0.0088227763352209	0.010256876033557	0.00991530318888568	0.00999999493587394	0.0103364844099625	0.0103253237318161	0.0118523514871506	0.0117497837771465	0.0116046990233478	0.0124283731822054	0.0130286390741529	0.0128140967582917	0.0126167659009987	0.0140292105474183	0.0141821614025105	0.0144397185155609	0.0147180378284777	0.0148640752133948	0.0151539970677436	0.0153656578277348	0.0160944570689414	0.0166346089383365	0.0171232997310571	0.018046439110326	0.0180081599817652	0.018127198847734	0.0187218034801435	0.0190743666100703	0.019805674393363	0.0205690869377993	0.0212642614659452	0.0213312710309858	0.0218389871579938	0.0222379945420485	0.0236272521015335	0.0239554538572906	0.0232431571632961	0.0242243303060696	0.0253896403878672	0.0262953670786663	0.026041340905442	0.02687432697945	0.0270976560367504	0.027421766360416	0.0291038326235278	0.0290096171070829	0.0296276489049548	0.0300630598063695	0.0299603600924752	0.0311067494342329	0.0318032828076754	0.0327793414763794	0.0315334952890431	0.0331348445897398	0.0341689748527265	0.034286725487624	0.034684942816153	0.0353233428220703	0.0345925913138856	0.0348153842090111	0.0353254500179611	0.0353321405108928	0.0354221788440772	0.0372020533823905	0.0380868726386566	0.0370376710296893	0.0381006249009638	0.0379440054028016	0.0389631463463467	0.0386306324767667	0.0381742421152769	0.0385904520580691	0.0377725681526157	0.0388505094456416	0.039460653333447	0.0386358648732685	0.0389281729316989	0.039669309922843	0.0385303958352456	0.0401505947364747	0.0415262949872497	0.0416430699247898	0.0411786362525056	0.04116133043785	0.0423641111669922	0.0432767028842061	0.0447119942133751	0.0453334823054949	0.0473902640902989	0.0485500526280664	0.0507189266389442	0	0	0	0	0	0	0	0	0	0	0.0551736654516078	0.0559911739519454	0.0585078436040978	0.0599805162245453	0.0610124905431756	0.0632205638773372	0.0652720607715387	0.0654849075628933	0.0665250524092588	0.0691607469905066	0.0700041373921946	0.0750502763994102	0.0737413650905326	0.0767446173787751	0.0801741993818161	0.08012384643686	0.0756296830144413	0.0839654295227539	0.0795389787863608	0.0828014853781966	0.0864349997297421	0.0882718312819557	0.0870392844092846	0.0865871088669685	0.091840183457098	0.0922082581329381	0.0890893349363939	0.0941923803790137	0.0997546929749905	0.105413011050913	0.102817250233846	0.125909533892446	0.0992889853552443	0.0935846555793216	0.11698929521399	0.149577495487449
627.84	0	0	0	0	0	0	0	0	0	0	0	0	0	0	0	0	0	0	0	0	0	0	0	0	0	0	0	0	0	0	0	0	0	0	0	0	0	0	0	0	0	0	0.00172913977799222	-6.33250221748397E-4	8.82383909379327E-4	0.00186798068585889	0.00251643874952768	0.00187153823290868	-0.00100688536382609	0.00331196696765957	0.0014782125075783	1.67151020195179E-4	0.00172905601390183	7.36858370451678E-4	0.0028196328013754	0.00110167059370808	8.33358578932798E-4	0.00264264153695248	0.00132401723530698	0.00186129233266283	0.0026085108973381	0.00382753470368684	0.00159363422534152	0.00208670522123349	0.00311960468685994	0.00247739130342895	0.00107476812101488	0.00393994759156547	0.00219488915969794	0.00262205408819246	0.0034530848194631	0.00402286918675182	0.00416777456555403	0.00220501369804718	0.00492668578001099	0.0038942957537052	0.00391906529157995	0.00330525691568859	0.00422158379258453	0.00421047295541255	0.00470293694463462	0.00512345464876948	0.00332063160796384	0.00409610804011548	0.0056616365395856	0.00518484847783039	0.00538211623389169	0.00605572152623578	0.00588858560690073	0.00719204656358149	0.00581799863229222	0.00658046691664072	0.0069632431482587	0.00674858622771325	0.00630739053731346	0.00744149739987045	0.00760137775578656	0.00802737213510678	0.00850574699531632	0.00851486336285615	0.00827988528793946	0.00899991523977059	0.00988684416795563	0.0102935146359534	0.00985555445895736	0.0102178085277401	0.0115569630261625	0.0110501521693231	0.0109404442739591	0.012229187504363	0.0116929159247827	0.0124998652431953	0.0127319433781889	0.0127587875330653	0.0127750934052798	0.013631448988382	0.0136340204015855	0.0138371105939314	0.0141157047855172	0.0146294538171121	0.0149873285406079	0.0157688371319342	0.0157937359035887	0.0159097353148152	0.0173153424170837	0.015916860484712	0.0179141235003099	0.0182352139905721	0.0189365895237514	0.0194241333455808	0.0196008544147659	0.0192052919555596	0.0211070762729997	0.0217275630481127	0.0214409680489132	0.0223616201916347	0.0222705090498389	0.0225269483683942	0.0239002322774392	0.0242264262627259	0.0247018054566942	0.0251787856939256	0.0251434673591598	0.0267051069033224	0.0270306555088172	0.0279643893276501	0.0271944790665669	0.0279489760785192	0.0283915089006082	0.0292730932387347	0.0297207978323119	0.0297353607623558	0.0302628170100412	0.0296550939307861	0.0321392054818994	0.0301672626289709	0.0313233169912633	0.0306706977228345	0.0318996578776458	0.0331287764893591	0.0324232233489341	0.0338392610061014	0.0328463810977045	0.0330322945447102	0.0342915558775879	0.0329244204029355	0.0339735555591481	0.0344915876827329	0.0342288342019124	0.0345766813796849	0.0347037340421336	0.03429087586044	0.0345195510478186	0.0343128199696754	0.0359111834084951	0.0349350308250964	0.0360670117958993	0.0359049917980296	0.0368618010276031	0.0365122218473877	0.0376913960752357	0.0374354621149062	0.038459417426856	0.0382917413794202	0.0399845998084532	0.0419587646984907	0.0432843335480289	0.0440698694321065	0.0456062529830624	0	0	0	0	0	0	0	0	0	0	0.0507825438372317	0.0522346739059458	0.0525967969957823	0.0530387011026261	0.0540352053690738	0.0580381880266495	0.0585718439982899	0.0593657016257166	0.0611477789487088	0.0591383235320471	0.0634605522393965	0.0651519885578464	0.0671739912336088	0.0682666235714676	0.0726192302997956	0.0742879691585252	0.0724157044949986	0.069194039271596	0.0711305859145291	0.0732786631707193	0.0760564323448981	0.0778701064234698	0.0747721528156673	0.0778728865186397	0.0798620627256663	0.0808403915161903	0.0758220799711997	0.0808448468189651	0.090801286124514	0.0823638368886928	0.0899892319570756	0.0821256770628142	0.0758755617890198	0.0770230626953127	0.111244361064313	0.0990365730549841	0.100566349695286
632.559	0	0	0	0	0	0	0	0	0	0	0	0	0	0	0	0	0	0	0	0	0	0	0	0	0	0	0	0	0	0	0	0	0	0	0	0	0	0	0	0.00219272338797046	0.00335194621102408	0.00345724701760783	0.00336415011860361	0.00109171695263282	0.00273410525994794	1.89014607480084E-4	0.00260614704376698	0.00372143418081623	7.78915326555903E-4	0.00499220069700146	0.00361903022097868	0.00229820069489286	0.00349470635923341	0.0014354660666353	0.00450698860466748	0.00217497721945657	0.00306836089806941	0.00296167449090266	0.00339025930862335	0.00315014541631784	0.00166520844957959	0.00282182397412781	0.00321947072020753	0.00259243441942141	0.00293694138450159	0.00373466993860129	0.003171943298663	0.00291437512917314	0.00201622984112038	0.00249204567224029	0.00286907246011309	0.00193840752587647	0.00559223890204273	0.00405404504548147	0.00426263838430787	0.00604434518737085	0.00478786901831276	0.0055647869198316	0.00492794548931821	0.00558726288143935	0.0038601174963847	0.00399324764025907	0.0046678172257668	0.00565857601982516	0.0047060413947796	0.00521234850041921	0.00682108768536035	0.00628285718364141	0.00642639620084713	0.00577916760548662	0.0075132174107004	0.0069460218687932	0.00670210645733397	0.00731579350628893	0.00685971187813656	0.00772562761393462	0.00741809796206025	0.00863326937758987	0.00870270631543586	0.00935218565877747	0.00962152314373953	0.0094260337919686	0.00966624125686834	0.0102157906284329	0.0104303958790757	0.010444798838577	0.0107654472276367	0.0104776182215485	0.0112030049501995	0.0107918675478166	0.0115180184142178	0.0120574475108111	0.0120148500509529	0.0129311612626641	0.0123559395146759	0.0125849611362153	0.013122636528644	0.0132563386226677	0.0134163947566192	0.0140876630931147	0.0141692107127809	0.0144154655960034	0.0154376434454705	0.0153269048253922	0.0161436973917305	0.016244798669486	0.016877139178843	0.0178948060566612	0.0178602959302996	0.0179957469543232	0.0193717745294217	0.019053269627632	0.0190450115468416	0.0197793721767234	0.0204213737911911	0.0209288845311503	0.0209893039354269	0.021144487471439	0.022831990289438	0.0225379687650897	0.0231138908178918	0.0232382586487284	0.0240987934694497	0.0237136826391374	0.025212790497336	0.0257608752781222	0.0262208909269854	0.0267829116093456	0.0267296366615156	0.0269139022748188	0.0271114990012977	0.027460926777362	0.0279791052253852	0.0271835562215805	0.0292141398501186	0.0281102748630349	0.0283944559745537	0.0301604310706931	0.0293415633579857	0.0299362388676976	0.0297837948118128	0.0305780478463078	0.0313228551258316	0.0311308755980469	0.0311898882844696	0.0312757711650311	0.0321189453389908	0.0317337918678535	0.0319206942375437	0.0324151701108265	0.0330835102614127	0.032687884186552	0.0327307037976919	0.0319331512328517	0.0327774976526158	0.0322562501581916	0.033937156209029	0.0347038435965702	0.0327469382422832	0.0336018671707039	0.0345996239343988	0.0359944622123912	0.0351275573897607	0.037380631723091	0.0392769699654113	0.0394111605324083	0.0407047428619433	0	0	0	0	0	0	0	0	0	0	0.0451611357530582	0.044528823395679	0.046522482034758	0.0449793800187968	0.0492238935284355	0.0498767082159408	0.0502484827240078	0.0520089021756544	0.0544141168542716	0.0563712679493132	0.0546800653412885	0.0559584371864155	0.0578663771768115	0.0627161394667422	0.0651828236154894	0.0649308915049552	0.0681547429605749	0.0656955542862386	0.0686420427338885	0.0683201812251523	0.0696136904701723	0.0714128159933107	0.0718279234870614	0.0729796647374404	0.0750984222672692	0.074580967919235	0.0731806377640107	0.0807843862994603	0.0830374721424319	0.0813796937114321	0.0813297132099467	0.0750562263589676	0.0897461198220543	0.0933548000513671	0.0910064839996565	0.0921257703689046	0.093536862079699	0.0857212821831224	0.0873685192706692
637.28	0	0	0	0	0	0	0	0	0	0	0	0	0	0	0	0	0	0	0	0	0	0	0	0	0	0	0	0	0	0	0	0	0	0	0	0	0	-0.00208413806331043	-0.00726795574148982	-0.00294066975442714	-0.00284196348566071	-0.00236065194118046	-0.00377670518226492	-0.00200087620542764	-3.83851831563562E-4	-0.00430020358126948	-0.00137247686287246	-0.00165697529477218	-0.00307384363583293	-0.00259991711341014	-0.00398778359837775	-0.00107138222189443	4.39724676857902E-4	-0.00224607930254048	-5.72541462909195E-4	-0.00152480725883643	-0.00149204463735929	-7.31007185806413E-4	-0.00110413678257726	9.47248297632339E-4	-0.00148848423494873	7.78939447547263E-4	-7.63756552668357E-4	-0.00159099475521967	-8.61410795295989E-5	4.29280482104883E-5	-2.92318411963749E-4	5.38020769177405E-4	1.52863356324606E-6	8.75774695833699E-4	0.00132807163838109	2.30891082426245E-4	0.00153879872389388	0.00165439521017809	5.41405164749892E-4	0.00240452350689068	0.00162939277069154	0.00220729289616085	0.00236290885786164	0.00166763009348726	0.00147870518242274	0.00273087379832221	0.00251742317508419	0.00275730631156871	0.00394565853142816	0.00287751467485893	0.00527763337422106	0.00227845141833531	0.00577661444169969	0.00431488305322708	0.00303523473896638	0.00432124932713793	0.00534102381022517	0.00430702915755332	0.00541422776062674	0.00540197712448915	0.00485615302522521	0.00657403194785553	0.00566743151816363	0.00607163137519176	0.0071997197063726	0.00702959661447291	0.00781981272774457	0.00853289250269071	0.00768131565390426	0.00827555821575265	0.00898714353262919	0.00838845056511627	0.00800838572587815	0.00965244877422134	0.00851913215023339	0.00977986541017859	0.00973523443668752	0.00986135664038854	0.0105231622929037	0.0106732604527276	0.0112967537170974	0.0114742613348708	0.0118401915333888	0.0122955228592425	0.0121834958485127	0.0128083731870958	0.0128245393634632	0.0135468395950373	0.0133309564676533	0.0140097133283259	0.013772971226399	0.0149763704603841	0.013804713604914	0.0155773748850896	0.0154605387784533	0.015674707048952	0.0182318867077077	0.0169669914157435	0.0168571181481254	0.0180966005590077	0.0180393958620394	0.0187948970932949	0.0183560430087536	0.0194356018263424	0.0201818414825491	0.0197598801113298	0.0211054829204495	0.0212611588127382	0.0214416309657061	0.021184902479603	0.0221616531799092	0.0231676461521022	0.0230383271258498	0.0233715209439571	0.0242069609846043	0.0241868490189212	0.0241928384294396	0.0244605237969543	0.0240735573081033	0.0256127672342993	0.0256620251446716	0.0252070591468956	0.0263393531777281	0.0275853251247329	0.0267950242492315	0.0263629534675694	0.0272881798000856	0.0276463702799256	0.0275690284554454	0.0280120136674194	0.0282634743689447	0.0280283091121532	0.0280651109411436	0.0284308976766389	0.0285784310960721	0.0275684597521243	0.0284069480278109	0.0274924727167539	0.0282004155529406	0.0301988427529376	0.0291971361551882	0.0292487073062007	0.0300202326698528	0.0304993616934946	0.0301469473960117	0.0316923788449231	0.0320685042851973	0.0324170923179113	0.0370026743105901	0.0358871480025209	0	0	0	0	0	0	0	0	0	0	0.0368904714262983	0.0389988206532343	0.039511348235134	0.0395638351598047	0.0418424443283295	0.0437302371382654	0.0436944690771453	0.0454579647078061	0.0459761734969645	0.0464929401175389	0.04924618506658	0.0495920471709151	0.0501265725675063	0.0524037771779534	0.0535347901887634	0.0541938352770341	0.0551654665724451	0.0578948411831022	0.0571333521610588	0.057246104719415	0.0538434155605273	0.0555756809672704	0.0600726040883424	0.0588261132559543	0.060388707790746	0.0579694990185336	0.0607512533251118	0.0637854754753592	0.0653414384438936	0.0597382315288505	0.0570084989113305	0.060028902232955	0.045784283897823	0.0468538041346487	0.0567989012902999	0.0559086900332953	0.0558338295815507	0.0489695966460884	0.0578913870775334	0.0351407324835407
642.003	0	0	0	0	0	0	0	0	0	0	0	0	0	0	0	0	0	0	0	0	0	0	0	0	0	0	0	0	0	0	0	0	0	0	0.00389674505361949	0.00110089711867966	0.00222537861300867	0.00154264657536753	0.00143987208847696	0.00229428692674869	0.00126924643138928	0.0022505271607102	0.00598069861728538	0.00351960958589472	7.7422165754567E-4	6.38774452915142E-4	0.00321101078614256	0.00222968659336572	-3.6492562925815E-4	-1.19277495900375E-4	0.00116648960060653	0.0039276510391119	0.00432451780043187	0.0023212236562361	0.00352477852331341	0.00539218421353647	0.00236214860873976	0.00280971945315729	0.00203681170485323	0.00252956785933436	0.0030993733597895	0.00203335400157221	0.00254254691763976	0.00566532994144055	0.00280670519832095	0.00284387456623689	0.00368647547933245	0.00245930715469909	0.0037654057429506	0.0034935175623111	0.00247957673446877	0.00312507432712691	0.00450427850186465	0.00155802314947001	0.00345553578762724	0.00485245811745457	0.00353255840850029	0.0031521397004228	0.00298869905441298	0.0028698418358904	0.0032071558611533	0.00541594608693784	0.0054521287770265	0.0059268976520049	0.00539760811355337	0.00457196496110236	0.00616704561493078	0.00536574943327886	0.00577570025165548	0.00391155305101779	0.00632600894538795	0.00613024419832854	0.00690221959538589	0.00611421605247342	0.00663599738875035	0.00673962601926833	0.00692460983077582	0.00628283724313708	0.00627768789434762	0.00692698774332385	0.00788061635911408	0.00784081330346529	0.00761427150288168	0.00777453178811264	0.00746257524968658	0.00909678345580336	0.00878717904570272	0.00973245364054725	0.00923278905084567	0.0096011957483609	0.00956924466334753	0.00984254688809407	0.0103994455248898	0.0103995502227311	0.010012839255758	0.0110832185812425	0.0112079774760726	0.0109421160136839	0.0118155188015702	0.0118614913201287	0.0120483268486463	0.0130257847667835	0.0129006179501224	0.0126023731001399	0.0134523705563239	0.0134428878737038	0.0134592826122534	0.0150196314271129	0.0150572484072981	0.0157201266596817	0.0153038397348716	0.0164765115696526	0.0175159894392187	0.0167495825055177	0.0170809016903481	0.017318387217861	0.0178616535169533	0.0175077778093414	0.0180813172782082	0.0184876554405444	0.0201914779989835	0.0196306808609701	0.020268429865405	0.0207068127132754	0.0205068086707059	0.0209032376487904	0.0226381700273412	0.0220814984220748	0.0229090290810992	0.0231261721120467	0.0234102668482132	0.0238889648950291	0.0227741933454205	0.0243316664370183	0.0233314069800324	0.0240922265453705	0.0246440549971767	0.024166556738456	0.0253501830765883	0.0251903546240458	0.0255687325330379	0.0252870788010434	0.0263874714222405	0.0253928592974001	0.0261843607459351	0.0261107036656925	0.0260561974714252	0.0269867143700385	0.0267967159818262	0.0270287814828424	0.0270249846157814	0.0262537870933627	0.0276228596258638	0.0275179256635263	0.0271449640601711	0.0277789820359495	0.0283816154111178	0.0280116245324956	0.0294085559424403	0.0288359273370152	0.0292891280949905	0.029825647534144	0.031764010386277	0.0324768640759236	0.0345226098886476	0	0	0	0	0	0	0	0	0	0	0.036698999447842	0.0374970475185668	0.0371454734857036	0.0395335498993248	0.0392834526750981	0.0404452015941219	0.0420064169863838	0.0420863691840064	0.0413380182471486	0.042022034544742	0.0456667470295201	0.0460050274834137	0.0486877671363144	0.050494806766254	0.0500202464572192	0.0522619974973992	0.0531818532519064	0.0541830844380458	0.0534496411499183	0.0590821161491827	0.0577070004974683	0.0575664343026487	0.0568905203707216	0.0578477235628615	0.0636653777354856	0.0605834958887717	0.0615235929036605	0.060447738614629	0.0641286102148114	0.0639272723384153	0.0657240522465402	0.069480202539138	0.0754343692609358	0.0687584097356453	0.0762601103015207	0.0664018936734549	0.058070891561607	0.0860969108582341	0.0911304313422489	0.0754800246747068	0.081450676663894
646.728	0	0	0	0	0	0	0	0	0	0	0	0	0	0	0	0	0	0	0	0	0	0	0	0	0	0	0	0	0	0	0	0	0.00246340117341226	0.00496514197030825	6.81662653272068E-4	0.00468843557612766	8.70888310333729E-4	0.00383769780312372	0.00382177779991697	0.00198263766560795	-2.72678273675912E-4	9.38227905078932E-4	0.00246258239040939	0.00422730889453635	0.00425208179401866	0.00407643487662326	0.00440508302169024	0.0015696327101023	0.00437743686536824	0.00405004719881326	0.00224626184633899	2.30161649930746E-4	0.00370918238084258	0.00268073483521299	0.00266558501585351	0.00275756153365269	5.08768571155478E-4	0.00379865868951855	0.0033900646515954	0.00396544673100944	0.0036653653722748	0.00149876635093833	0.0023003456048545	0.00334608784695167	0.00275483102027447	0.00410543881610767	0.00193151094406495	0.00392893077596504	0.00472903795951776	0.00227924621023153	0.00251275258668841	0.00293253635066	0.00241656378238152	0.00387169526778513	0.00331778687004367	0.00303827931358032	0.00333180479295978	0.00506803782117981	0.00428880145000767	0.00397857699241625	0.00407106322709098	0.00552255364170188	0.00571558345147338	0.00331156924947532	0.00290072956560539	0.00562663662008185	0.00565538327376386	0.0047179475404063	0.00593595362475883	0.00462757617340585	0.00667029336162286	0.00671967492204019	0.00576078217336566	0.00564143780098329	0.00501565151610818	0.0055963122876658	0.00645016563870763	0.00561196136720503	0.00671232886902988	0.00680780103134203	0.00746864045203325	0.00705204243657417	0.00841255212931732	0.00812897913541426	0.00784008259236089	0.00836301721087076	0.00798171234555987	0.00894784199198199	0.00820814006241322	0.00888295225258891	0.00905281596873475	0.00907942096021537	0.00930103943430491	0.00969425440152312	0.0100153897754071	0.00967134607565005	0.0104150463641511	0.0104753952487178	0.010752539059666	0.0107316418610674	0.0107562218448871	0.0110854539352425	0.0121207694311876	0.0130373838252597	0.0121928077944992	0.0121865736416747	0.0128384338943531	0.0138550761425151	0.0138301151769863	0.0148822244968893	0.0154559675899637	0.0147955551717518	0.0153451108720348	0.0150569009432677	0.0157458437011036	0.0163728012082424	0.0173583373678989	0.0165502687720024	0.017754351130613	0.0175079619969617	0.0186490087260184	0.0181788129368517	0.0205080371102455	0.0195129240226793	0.0201534278163709	0.0202466066980364	0.0198930196111262	0.0200970820701631	0.0214134085122874	0.0209234995994034	0.0212119357965807	0.0223756984648559	0.0226446554235315	0.0223514157575192	0.0224963833772531	0.0229400966920998	0.0231255396944034	0.0228244300832312	0.0236565486198071	0.023746694600475	0.0247039366126626	0.0228171481060815	0.0241788425645716	0.0242166479929247	0.0254784463665797	0.0237792569861782	0.024949511132573	0.0250077175270128	0.0252446692811095	0.0248800944156807	0.0248122946827632	0.0242835219673922	0.0248770607124755	0.0247118536657668	0.0255460508963752	0.0269996673260586	0.0256386511306986	0.0257985349415549	0.0268937244561128	0.0273735785448206	0.0284096803283035	0.0296026070563938	0.0307712339376432	0.0305383041000003	0	0	0	0	0	0	0	0	0	0	0.0320997475906726	0.0342647708276519	0.0326207286050136	0.0353301294179311	0.0355891105503495	0.0361486577261174	0.0374206446011584	0.0384960198888153	0.0394128001178917	0.0388736142515467	0.0410731051696903	0.0423740973441709	0.0424602523889508	0.0447688601553391	0.0465527171621822	0.0510812792371456	0.0489072226508456	0.0512240749792209	0.0515741541977029	0.052639522181019	0.0535531549432978	0.0522930921203187	0.0545332108588721	0.0569381529035713	0.0573931761311886	0.0592593431248467	0.0588736503270211	0.0576240459408617	0.0580066175350451	0.0602773704026121	0.060048644322157	0.0676963726115868	0.0652405227453784	0.0616062062852934	0.0683705256156109	0.0635046336238332	0.0719199872980697	0.0792862675686065	0.0868872727290025	0.0913976205036461	0.0833123338015696	0.105500467887667
651.455	0	0	0	0	0	0	0	0	0	0	0	0	0	0	0	0	0	0	0	0	0	0	0	0	0	0	0	0	0	0	0.00128508055645045	-0.00241795922688596	-0.00291907677660796	0.00292918516308425	-4.64606620146532E-4	-6.82485871323157E-4	-5.49445147891774E-7	0.00152136465928807	0.00113346262020744	-0.00153377771987923	-4.81545800712733E-4	0.00212136174278388	-0.0010189615858463	5.37787489088558E-4	6.00650978341251E-8	-0.00164904230502153	-8.45791408792838E-4	-5.76338055258761E-4	0.00220001521417201	-6.16520675423503E-5	-4.21831440225507E-4	-8.23258023647262E-4	9.16894454321679E-4	-8.92420828919945E-4	0.00114160285448284	-0.00190945632860751	-1.03567991726469E-4	-7.13080319342745E-4	0.00200440859115893	5.91362961153147E-4	0.00218400199052316	4.76124409154641E-5	0.00187578639172214	0.00152134677966131	0.00135942679634921	0.00151388075628487	0.00153324881588942	0.00267089809360716	0.00190427177894188	0.00207527550700274	0.002237411439254	0.00358850189627567	0.00164365640085687	0.00325774832568904	0.00326973209520438	0.00298673926393053	0.00253039176626392	0.00272581128682319	0.00201342123421935	0.00265899184495271	0.00368390680329448	0.00337265665193733	0.00358645021938777	0.00478250540834296	0.00310958671179325	0.00401199506951416	0.00422975162557486	0.00410251273923557	0.00386846042947642	0.00307281758658291	0.00466544068324492	0.00375995528871428	0.00519229111606121	0.00589915100296528	0.00453155507144176	0.00530104754152044	0.00525076151998617	0.00528975227807033	0.0057767055953115	0.00711464519298065	0.00729581485320028	0.0070064271518069	0.00714341835821564	0.00693564600392184	0.0062365329271728	0.00652999044736304	0.00643744855945453	0.007103173406672	0.0082931763368961	0.00727929025216178	0.00793730527506446	0.00803017752757035	0.00859774941838319	0.0092071785556374	0.00918888685741752	0.00875428819911097	0.00938743552148317	0.00948217680916064	0.00980807698332876	0.00984791715239408	0.00998837452060163	0.0106068236486721	0.0106908055824922	0.0106075036299001	0.0116165078342616	0.01125812146962	0.0111441564937313	0.0120723093484366	0.0118878154006038	0.0123212881401956	0.0127836541640283	0.0134597039788884	0.0137999346841263	0.013903065198039	0.0147040513601967	0.013782580354453	0.0154444498609525	0.0150957028600332	0.015977250526598	0.0158027254459588	0.0171044805327696	0.0164186115704258	0.0174356071711339	0.0166556039170957	0.0177684700010063	0.0181407647395547	0.0182980343315882	0.0177367128268225	0.0191733412056356	0.0196034323780707	0.0193293954829186	0.0197587639016713	0.0197354476154041	0.0203439207534697	0.0217555765480625	0.0211886679047089	0.0203865994797792	0.0209728301966866	0.0210124150627088	0.0206553085432285	0.0212218614896086	0.0210592029436418	0.0210612303110878	0.0209864281717719	0.0219460672467494	0.021920018165132	0.0229040238210133	0.0223727918910665	0.0221472081548754	0.0216912528020814	0.0227328522432335	0.0225410090251472	0.0230931992697054	0.0220545812804696	0.0233625210620591	0.0231704991724038	0.0234391107055425	0.0244480956173082	0.0245157490076351	0.0257651866479145	0.0271170929237591	0.0284765135597871	0.0296136952917925	0	0	0	0	0	0	0	0	0	0	0.0282626262771333	0.0289968195745057	0.0306297412824878	0.0309957094901756	0.031532979081629	0.0317050180601329	0.0323210074128166	0.034280735060913	0.035045216275484	0.0346902821125137	0.0337258663102556	0.0380002499782972	0.0380608327556676	0.0411165179917689	0.0409650889930432	0.0410263110989117	0.0433400429309697	0.0464673384929458	0.0449151076835339	0.0442609876864991	0.0480378651056261	0.0469134346182292	0.0477233684592068	0.050555076764638	0.0503212520761138	0.0482246159022142	0.0511834211055487	0.0512345177347224	0.049777010509898	0.0495757013895603	0.0540316118148497	0.0508335645893841	0.0538684906193017	0.0559250976910711	0.0610100799604173	0.0561224436062026	0.069343183004106	0.0524938125445654	0.043987079398114	0.0566189451511464	0.0580029728294304	0.0515648655352238	0.0466689257731393
656.183	0	0	0	0	0	0	0	0	0	0	0	0	0	0	0	0	0	0	0	0	0	0	0	0	0	0	0	0.00283313122249028	0.00190540953230189	0.00178288941707914	0.00669356882114768	0.00329778281401558	0.00353709351336087	0.00377377125299045	0.0018849750918826	0.00307805805266443	0.00286038419375662	0.00441003561239847	0.00265961223661598	0.00176861452787578	0.00280007046949271	0.00263904441292836	0.00406344680413027	0.00334865807464144	0.00392530820361962	0.00240973869869064	0.00178217887437227	0.00194858552054028	0.00312421550039551	0.00225037349822893	2.8258783578865E-7	0.00531047587049176	0.00325492416835826	0.0020937233557357	0.00485285620820779	0.00333684019876352	0.00431917297862384	0.00480681092373348	0.0044726272910129	0.0044534206219834	0.00310120624214452	0.00184104456898067	0.00356860851625581	0.00355409724113326	0.00344832635211939	0.0044718442832876	0.0043537893822478	6.99221926821958E-4	0.00205966600390533	0.00437851625640138	0.0044146649272943	0.00408434459955078	0.00349277930531312	0.00256577684718421	0.00434651267281592	0.00299238427458475	0.00395938615482494	0.0039144555522308	0.00563268064408512	0.00466917965784726	0.00516252175444816	0.00382025900204281	0.00461233836113834	0.00469262006842378	0.00541099132458036	0.00301449315439474	0.00429134565405172	0.00510866642156625	0.00476486106162288	0.00541467823620205	0.00505346528827849	0.00514630661175125	0.00595721775650777	0.00573355170313903	0.00560456459045766	0.00658289055443804	0.00605674537886011	0.00619483129403317	0.00588173297312985	0.00664330354799649	0.00649743453926721	0.0071071202473775	0.00639346692925148	0.00694412383836389	0.00666446559726115	0.0074229262249401	0.00710459869785875	0.00741823346065338	0.00709888033716787	0.00854126871585224	0.00778925311560964	0.00783120793465786	0.00866803628725626	0.00793299489286635	0.00829608050712823	0.00840394716551764	0.00898478654589558	0.00848388046219987	0.00922530249300112	0.0097260095852402	0.00942096880243411	0.0102146762458686	0.0103857853389349	0.0103955270002768	0.0116088984008037	0.0114187668898845	0.0120235408793546	0.0103987202404679	0.0114784890629891	0.0112704541560622	0.0138236666415991	0.0127339500228079	0.0136959488643291	0.0137868048370405	0.0142771925728397	0.0145021809210339	0.0145332460469625	0.0146206659648427	0.0152972495730776	0.0149827994591226	0.0168933725635972	0.0167503483576634	0.016485777189068	0.0168946443928946	0.0176425930453626	0.0176212685787555	0.019113122266037	0.0180364521475505	0.0192705268909952	0.019972640543042	0.0188809971220167	0.0191638453259808	0.0182785292091048	0.0192956228925955	0.0196161309106554	0.0203889826253374	0.0196687986439135	0.0203190899295111	0.0208070768783642	0.0213762386949321	0.0204790459953021	0.0198675219134487	0.0211755093937483	0.0217197290440816	0.0203950885717284	0.0211779411566236	0.0220327380935841	0.0220502866129238	0.0219139377582031	0.0223885358479194	0.0209731778345839	0.0211482118033271	0.0211425733827589	0.0218777984418227	0.0219162316541037	0.0215629619886909	0.0227706006068748	0.0230520099220216	0.0242986048514447	0.0257703496078149	0.0263760797253557	0	0	0	0	0	0	0	0	0	0	0.0280502223336312	0.0271866604618661	0.0285895429921303	0.02806265565388	0.0286397243760079	0.0280737516490025	0.031783347792346	0.032667391275463	0.0319888146145836	0.0325588487599403	0.0340082228703854	0.0334907597700226	0.034633033117418	0.0371126708552956	0.0398458879776381	0.0378379050323903	0.0395705614866835	0.0432576686273696	0.0403804173344343	0.042822175126652	0.0429983863784606	0.0475548257053313	0.0497085347812575	0.047848017754793	0.0499113144516546	0.0461045089022794	0.0483057458010695	0.0484353270592382	0.0508788788703869	0.0512196938154851	0.0497768845902293	0.0463417442986748	0.0533041483143087	0.054933235288564	0.0608197878460652	0.05207646827564	0.0521794760210859	0.0679474148683872	0.0558056766360615	0.0675281355898465	0.071603246228411	0.0824629976295459	0.0723986380361199	0.102086970596704	0.121769402778658
660.913	0	0	0	0	0	0	0	0	0	0	0	0	0	0	0	0	0	0	0	0	0	0	0	0	0	0.00280475494447573	0.00250629912989567	6.50955398853479E-4	0.00147361525770231	6.32946434058482E-4	0.00635318430347981	1.71819324602061E-4	0.00433883207772878	0.00333946389453418	0.00103725775871018	0.00289018746075606	0.00191031822996221	0.00305883232552782	0.00445052540906908	6.4609129459525E-4	9.24069588840273E-4	0.0011283159259785	0.00216758518004241	0.00117915637440939	0.00522186103565025	0.00163013148961766	0.00341844631033005	0.0012522938190079	0.00271873188769643	9.51726988243013E-4	0.00130365178962037	0.00205970598123753	0.00241890957804347	0.00327394523036905	0.00173534509852389	0.00311527238733063	0.00261997822115293	1.57825171542004E-4	9.29061101331082E-4	8.1342638569038E-4	0.00219892542479576	0.00191805630134633	0.00285089560988886	0.00265826580017383	0.00242627590640764	0.00142194289956203	0.00279568508966159	0.0025725266799791	0.00352867478977973	0.00256382820272362	0.00129911994223339	0.00279209994440699	0.00278044445946589	0.00288104614643818	0.00282587782249857	0.00379711424522867	0.00379671671333352	0.00390209131874735	0.00189489283318139	0.003161925293629	0.00469131226699131	0.00360820326254555	0.00263824804213324	0.00440899768919633	0.00219713194953265	0.00376460935953241	0.00417771281501414	0.00466147678983819	0.00466623017497054	0.00424724516821853	0.0043426841586717	0.00527719214054784	0.00524277823107056	0.00292268227542158	0.0040425329994909	0.00445499003870067	0.00533533713876121	0.00495602479850815	0.00551380554757473	0.00616179618673021	0.00556906380109323	0.00562532203731595	0.00552644828263681	0.00645547524928465	0.00638511577416852	0.00661585261726486	0.00615147963406729	0.00669926169242815	0.00697403076536257	0.00640994315370547	0.00737505729921973	0.00696328480070497	0.00695196760701724	0.00717438415255381	0.00745764708868681	0.0075338428056898	0.00839962302579824	0.0080154234269254	0.00883574439262831	0.00853858020826943	0.00820836799187351	0.0088998375786093	0.00974362089358501	0.00981570110732601	0.00988170156313818	0.00906789702973722	0.0106338449901593	0.0102169219892881	0.0106753595304839	0.0107773844089782	0.0120166033494297	0.0125183310406885	0.0118322774077004	0.0115435284566617	0.0129385439185869	0.0120735528586051	0.0130552447787959	0.0132525476797924	0.0135873781270529	0.0136634818294941	0.0142756008651742	0.013913746714054	0.0156993662076224	0.0150328989916267	0.0162110155898357	0.0167215825189672	0.0156346245763946	0.0171309973393519	0.0159215382376103	0.0167623223568749	0.0168033042322304	0.0176064068254033	0.0175449509984373	0.0185184921540363	0.0183023345692035	0.0179569578891773	0.0175244635555106	0.0189090333774254	0.018222492339272	0.018471096860237	0.0179461278206989	0.0187659050755821	0.0191221939293062	0.0184657035990901	0.019510497282016	0.0182792356709572	0.0190102460180028	0.0187216630723993	0.0203418983896729	0.0199328133931147	0.0198228381973888	0.0194100388883127	0.0193493910921842	0.0198132132437408	0.0196182279199578	0.021064397795111	0.0213760835233885	0.0218560377358508	0.0240880357703502	0.0248531583051771	0	0	0	0	0	0	0	0	0	0	0.0244898860441841	0.0248250321755837	0.02472479546243	0.025773672285205	0.0260197979529199	0.0268860373660785	0.026946613231722	0.0284700910743539	0.0285698013662834	0.0283672284114006	0.0289404662824499	0.0287680961013345	0.0293082819544236	0.0323668601309666	0.0302207633967413	0.0361764631424258	0.0368385935000116	0.0359250889077397	0.0366408611795244	0.0370593462798377	0.039040366305165	0.0413251932580728	0.0415873185417234	0.0411171300288408	0.0423107393468284	0.0415173583808484	0.0466550155896665	0.0422382408959538	0.0387407819611078	0.0432017137549633	0.0406636077858384	0.0422293483597273	0.0449825539284776	0.044816681667408	0.0473503464002934	0.0474314373675946	0.0485038973723924	0.0585118602519735	0.0517316682995291	0.0524297644855805	0.0504306632972034	0.0579401376705814	0.0583028415721727	0.0607441598296683	0.056985001288931	0.0849458282905221
665.645	0	0	0	0	0	0	0	0	0	0	0	0	0	0	0	0	0	0	0	0	0	0	0	0.00101560096556819	0.00204469816218578	-9.51117833095794E-5	0.00178601315328855	-0.00150195356507248	0.00456904873551136	0.00302329900885617	-0.00268077517731512	-4.34341950023613E-4	0.0027896128815899	0.00156801419578905	9.69684366616926E-4	-4.74683618635725E-4	0.00170180637507387	0.00173758970791477	-6.64255615361377E-4	0.00348995313235161	-1.44404805446236E-4	0.00256932824011683	-4.23845224103065E-4	2.80789642563224E-4	0.00222586398099429	0.00419629635953076	0.00122178466451636	0.00106798317399165	8.53003643665581E-4	-2.5699532544287E-4	0.0025143762244025	0.00288387208513896	0.00143372612316249	-5.81432381370945E-4	0.00306169974964074	0.00143849400197102	0.00140841107920865	0.00122299506185854	0.00229940741853884	0.00138936232581824	0.00247998181617169	5.97665829871813E-4	0.0012234851245933	0.0029326189366961	0.00113430315173458	0.00162532645565175	0.002238360169905	0.00345830456327508	0.00216146707299046	0.0042410524767052	0.00326628965605398	0.00278638371070458	0.00142831460547344	0.00371678438464552	0.00211701952865106	0.00319181436107701	0.00207478122620296	0.00380510111388485	0.00412688787417253	0.00305964158477868	0.00258719250633212	0.00211807482431268	0.00293798430660608	0.00351952697659897	0.00346429471069184	0.00316139747108938	0.0041098369337087	0.00401247882078956	0.00319837851219288	0.00404815600173132	0.00404068915531406	0.00405501101935644	0.00354818177213142	0.00339737779811466	0.0037904879890697	0.00480885980766616	0.00438501516995669	0.00511348790620464	0.00558299239361479	0.00519524008439746	0.00475483816906899	0.00614128561993304	0.00567615206582857	0.00648098115560104	0.00558735473584251	0.00593293710416285	0.00519114778823142	0.00587508856385843	0.00566521031097661	0.00615977673084518	0.0061812984987894	0.00686056361968809	0.0064079136454681	0.0067834259010902	0.007297105665984	0.00678267376041287	0.00722326703817088	0.00756413782635256	0.00720886405326087	0.00817696987537327	0.00784626986771362	0.0083977651312083	0.00801175351122034	0.00824448993834978	0.00933798998319287	0.0091469817584309	0.00800241522104897	0.00941631428927208	0.00955449566547752	0.0107304607666691	0.0104874342493203	0.0103344350849348	0.0111274855955429	0.0118041020426204	0.0116966242128189	0.0120225401050739	0.0118522136345817	0.0130271268344928	0.0124049235751513	0.0125447843005016	0.0130109916763512	0.0131848418677101	0.013656427369327	0.014989699951491	0.0146745808263615	0.0136584191179416	0.0148783584029109	0.0150300695057906	0.0160308788376358	0.0147459407625549	0.0154133282558019	0.0166464273009401	0.0163821186198714	0.015464878096459	0.0156321610601479	0.0163764053834359	0.015876110629684	0.016468574593227	0.0162821994028747	0.0168624364479316	0.0174879882049117	0.0178364736870978	0.0173291262596321	0.0174452113537521	0.0172447217970224	0.0173097763296098	0.0179030778555647	0.0170666018776901	0.0183695276171669	0.0182610346801791	0.0180796603096216	0.016989998507223	0.0183747600176391	0.0180708677583863	0.0180915120368983	0.0192226284479239	0.0210726878186364	0.0222871927143005	0.0220903922572778	0	0	0	0	0	0	0	0	0	0	0.0221023232596347	0.0229022457146785	0.0230163580432217	0.0225020614908203	0.0237619431655041	0.0241837646973074	0.0243875892905196	0.026007885139045	0.025494904238497	0.0236701113445101	0.0246635753662222	0.0260222263296476	0.0262699767037705	0.028456466754793	0.0301327108520091	0.0304892954426507	0.030641176645367	0.0324904574565128	0.0323039155706344	0.034899222468896	0.0329994673654233	0.0356288803742571	0.0368630775672986	0.0356992384507958	0.0394924631019992	0.0373739114526076	0.0367784905059755	0.0382246674004669	0.0416017814226784	0.0418924234836414	0.040006636831742	0.0406964337885357	0.0430794334823145	0.0418431905821249	0.0408715265211663	0.0411636832792757	0.0433098611158156	0.03881699255839	0.0467789362877838	0.0471953908788455	0.052293283735364	0.0541275663255108	0.0497826422933658	0.0687420167795891	0.0392868874575131	0.0367147683334755	0.0156205886702455
670.378	0	0	0	0	0	0	0	0	0	0	0	0	0	0	0	0	0	0	0	0	3.36439927002308E-4	0.00362338300912125	0.00533464132754559	6.14724054441654E-4	0.00481358302384193	0.00391546587693534	0.00123260471510739	0.00312728136224843	0.00178730797958838	0.00295936922457813	0.002884281542247	0.00333227909366604	0.00110842892510687	0.00540859448373965	0.00309525412440253	0.00207487164892298	0.00397968004781181	0.00342961960030045	0.00290608491901822	0.00506049758467848	0.00464210068872614	0.00165491812726271	0.00100143354255616	0.0065181016279526	0.0026667941179396	0.00235937233296743	0.00123141797818581	0.00498284847130182	0.00191891577250187	0.00531569656288854	0.00202903273256774	0.00247475407305843	-2.41271076008057E-4	0.00369622049999832	0.00348826764088073	5.584238138888E-4	4.36821800116067E-4	0.00257181589185523	9.48806896523996E-4	0.003891481019455	0.00158277544961825	6.03121135548978E-4	0.00241798729651488	0.00155186195827434	0.00133468741227356	0.00229534724534949	0.00373125492463832	0.00457538341700869	0.00284820140582992	0.00318739738845018	0.00278183668570814	0.00377386983316613	0.00353978036147829	0.00314504913350969	0.00162197454271988	0.00399590336817361	0.00350021709242489	0.00502859906145479	0.00397996847590072	0.00365993334084246	0.00390891231378279	0.00385657312022853	0.00454616019369677	0.00328712296870059	0.00496962974357791	0.0040963709028946	0.00375000516271967	0.00443476419534049	0.00357522934743807	0.00462255202859466	0.00454735472324391	0.00444293807204754	0.00511733784378001	0.00690680847169392	0.00463930734693848	0.0043261061992522	0.00425281780740833	-0.00401231417445261	0.00586577235069505	0.00654541001689731	0.00530956855129286	0.00529813808858861	0.00566622094629001	0.00439648147520111	0.00535889163127969	0.00646402796545812	0.00621207742857966	0.00582546684049712	0.00587406510773315	0.00618365817384278	0.00683957218106758	0.00678768118880551	0.00618700398470283	0.00641964467789021	0.00702596267674786	0.00679104872971803	0.00683893230977795	0.0074240091020736	0.00709529559131291	0.00731211450361124	0.00772366126149369	0.00858141547490994	0.0077986825844665	0.00787738634674985	0.00815222110521063	0.00901590891774211	0.00881570444772935	0.00951818425630133	0.0089530421150966	0.00924351994287435	0.0104587017405991	0.0106838412378086	0.010422292695861	0.0101160537512987	0.0110054111101489	0.0102070298334919	0.0119562963247263	0.0121031456102438	0.0112817069627674	0.0117471122769735	0.0115916025196679	0.0129437709491939	0.0136937508116001	0.013493908411836	0.0142985722657322	0.013778632923971	0.0156276019215123	0.0147693396870325	0.0150399596670121	0.0144443381409521	0.0141094170606815	0.0156212804664679	0.0158173725358767	0.0150028204363979	0.0157700748531597	0.015842189172867	0.0162258810333213	0.016572600533332	0.0159398541726588	0.0159913257034488	0.0155874574832668	0.0158745965418076	0.0171104329550775	0.0159636439168613	0.0167772112674797	0.0167891571522718	0.0167584252762377	0.0171412855223674	0.0175590484636814	0.0174895769567086	0.0170243541385903	0.0170076912092108	0.0173060019813754	0.0171108705948873	0.0180605659856125	0.0191236926294792	0.0209302024208246	0.0210615160454748	0	0	0	0	0	0	0	0	0	0	0.020332548440953	0.0211352683872654	0.0204650885907336	0.0221345659871232	0.0222428341840487	0.0220512194541533	0.0232762469254116	0.0233131638664879	0.0221884160354603	0.0250585406035462	0.0247426004606836	0.0255482578403883	0.0264481321724338	0.0264002019074849	0.0269101128955123	0.0285712178084384	0.0299194650557239	0.0311522062937305	0.0303692519335255	0.033436154069781	0.0313259514088504	0.032486390366942	0.0356756104352381	0.0343612079004774	0.0364929114671574	0.0362766535960465	0.0391844963162977	0.0362540938335564	0.0384877826146144	0.0362112245107264	0.0358887518857252	0.035864813366951	0.0461116575695346	0.0409150644288265	0.0397562144032912	0.0434416653741348	0.0444360799412535	0.0458252354213066	0.046395618628914	0.0406890903534982	0.0340420571239528	0.0500669482218434	0.0481254101755249	0.0552521957055358	0.0587139591843182	0.0709047509318494	0.0463043051733202	0.0622533334406999
675.113	0	0	0	0	0	0	0	0	0	0	0	0	0	0	0	0	0	0	0.00372013080007382	0.00551931387251349	0.00305649417345611	-3.32470426252364E-4	0.00398347877040491	9.30481287081748E-4	3.97091732521396E-4	-1.94477091525643E-4	0.00239189955086361	0.00497388314991242	0.00294238695708849	0.00344742863466936	0.001727546635874	0.00132737282207763	0.0066264182928833	0.00260226890938075	0.00419061888641194	-0.00144944128235454	8.6587572498938E-4	0.00330744547560799	0.00413538747660072	0.00170200691150144	0.00366016869747888	0.0015243609264623	7.20841259035645E-4	0.0017155700110688	-0.0022665960293229	0.0023814949233538	3.44117017094701E-4	6.79413666027889E-4	0.00246919077922427	0.00268217824673004	0.00390308425617294	0.00324695049796827	0.00358807910292875	4.14222838388742E-4	0.0017305382489856	0.00174592668182171	0.00325135559591225	0.0019458847982464	0.00276570699844462	0.00528837405949593	0.00293654175208696	0.00228119379962825	0.00239063794053162	0.00440431006178995	0.00341463317276638	-5.67041985112093E-4	0.00269558113834489	0.00219527306865765	0.00264875501207963	0.00286374621010505	0.00289336924275229	0.00308945822031451	0.00245056394435755	0.00333649088575659	0.00263468418453296	0.00395416081957212	0.00245853077457564	0.00248249491579588	0.00324245082554349	0.00419812798427783	0.00252313942473973	0.00323137807602369	0.0048931734101032	0.00457756892901973	0.00349443985707977	0.00321888820806286	0.00353847147698328	0.0041449988774201	0.00305055124799818	0.00343442526049004	0.0034134219056193	0.00369076138411789	0.00385304588704709	0.00406145466239744	0.00403886012085329	0.00421427166492654	0.00411924940329306	0.00351868797737292	0.00443370475759593	0.00494278975358444	0.0045928967381435	0.00495854952265575	0.0052516207613738	0.00537401841837842	0.00482982410244534	0.00566827151650916	0.00574043303394476	0.00514179214171413	0.00560827622441452	0.00495232663810663	0.00586607708290041	0.00556346822509515	0.00614588558136033	0.00606326098638597	0.00622099138488409	0.00567972856145106	0.00619825315867439	0.00661644081872677	0.00642476531677041	0.00663822631654242	0.00694762393525662	0.00676978442931071	0.00746492963260344	0.00698382112055799	0.00809279590332386	0.00796552741536394	0.00719964950675921	0.00859769982810595	0.00897177388213036	0.00858152251014007	0.00902596975505856	0.0103606989908902	0.00952919236616134	0.00985879078773507	0.0105332656234161	0.00975397702552792	0.0105789070370129	0.0103274597104771	0.0104329906366351	0.0116351315990282	0.0115244416078491	0.0127416595644014	0.0119136847328289	0.0121255603005135	0.0136093074203324	0.0122034344291253	0.0130420506904128	0.0138299833399383	0.0138253405987567	0.0139346444591165	0.0133220545856945	0.0138372433920313	0.0129478705424208	0.0139088298976868	0.0147067654551076	0.0149387792461336	0.0141107190499078	0.0146207892462603	0.0131793851721032	0.0139994651082996	0.0144939915275022	0.0145545037351042	0.0155895744887173	0.0149898859423704	0.0147436230983206	0.0146914785533097	0.014998293476985	0.0146779690934129	0.0157764600426514	0.0164204734170522	0.0153989429600738	0.0148888618216918	0.0144067248593676	0.0168846526253099	0.0179374595453946	0.0185059874567481	0.0189783193462241	0	0	0	0	0	0	0	0	0	0	0.0184034742138832	0.0187549084624965	0.0181179882850006	0.0195557475772613	0.0216422141094619	0.0202450545513802	0.0211457453544477	0.0209732646998466	0.0213013479303637	0.0207916571427776	0.0214976385852851	0.0232250168311084	0.0210682649649627	0.023146700334338	0.0230761189651732	0.025840433655047	0.0252562132860823	0.025392014394827	0.0286095071418005	0.0283021273539197	0.0270661211908423	0.030991979649998	0.0314661118797397	0.0303599797348182	0.0303412129039544	0.03446830567299	0.0328187346761427	0.0300308447880323	0.0358710151953519	0.0329694538127312	0.031445230005705	0.0367263161136905	0.0361930021301095	0.0336733270278735	0.0376524158844653	0.0376418091943889	0.0401630967293198	0.0373455688292861	0.0435920806862155	0.0430742254805705	0.0406379283077929	0.0415604009083946	0.0464517726969962	0.0404733158252014	0.0427212990029115	0.0515226370273734	0.0541970479342143	0.0560882212473421	0.0663819928700957
679.85	0	0	0	0	0	0	0	0	0	0	0	0	0	0	0	0	-0.00467041537316909	-0.00308197168705462	2.35460275547661E-4	-0.00360308227664335	-2.28858024791085E-4	-0.001456632260379	-0.00119779433638593	2.09231936505889E-4	-0.00200564267637162	7.81445023144522E-4	-0.00357829477777768	-0.00522150627921798	5.7665854072953E-4	0.00141768355116147	9.26291440508885E-5	4.48011521555236E-4	-0.00269620416780942	-0.00526302463897135	-9.96279975822449E-4	-7.33161195956299E-4	-0.0035820398070006	-0.00194410952755554	-0.00151953101818276	-5.98065501079539E-4	7.26376322070785E-7	5.16081260562405E-4	0.00116805694543948	-0.00195058641710799	-6.40915724608655E-4	-0.00205368130896304	0.001189755953436	-0.00151165545442682	-0.00128038137392972	-6.62414116864146E-5	9.71139463030023E-4	0.00176901417729708	-5.53075489671445E-4	2.40073860595218E-4	8.17636710048314E-4	-5.44073003880574E-5	1.68048458852706E-4	4.9293370344809E-4	-2.67937012254769E-4	-0.00116295043900729	0.00135497091135171	5.64510046176038E-4	0.00146186032086876	-0.00286990933700241	0.00394131776523289	0.00100425337607388	-0.00136115624292904	0.00161925991993072	0.00140879146928905	8.91734882956855E-4	0.00113766045981344	0.00278439563108771	0.00168304117537323	2.48984037624636E-4	9.70764672909605E-4	0.00237597661884403	0.00198201604500883	0.00137180597537551	0.00204990798702895	0.00179424788590492	0.00140245615070418	-4.20684992088702E-4	0.0013752658670008	0.00224775787664612	0.00212706844018242	0.002361226090671	0.0010878495939851	0.00255139013458032	0.00201734130040047	0.00251741647069521	0.00285867716161757	0.00337294082107429	0.00281407176718436	0.00341815238419987	0.00267974912736597	0.00234783708734605	0.00329186464776628	0.00297341727580955	0.00345900747663097	0.00450797040266409	0.0031654564701432	0.00359732843112895	0.00340339524310926	0.00379025314265412	0.00365901878446908	0.00454819846156362	0.00427549154073162	0.00424500395046324	0.00397426435434752	0.00486864918720406	0.00506957035486397	0.0040228510460721	0.00427441780317431	0.00476988101406516	0.00540007106721674	0.00487253476520937	0.00581106432713735	0.00577504380358602	0.00523809371496962	0.00563794385140958	0.0059908630217221	0.00502048800614228	0.00571670379331082	0.00642338238178341	0.00564812712564869	0.00526608095849437	0.00628627587362831	0.0064078011420348	0.0072298331709037	0.00737889600948434	0.00836656340893073	0.00753876073766868	0.00847714990799358	0.00853447156584658	0.00907005018335784	0.00820772059092834	0.0089472883633515	0.00849837768846732	0.00919567456550127	0.0104772837292358	0.0095876675990496	0.0101499514065015	0.0110740226647947	0.0109296368103711	0.0102662258826514	0.0114922147439452	0.0106874238065801	0.0110319555931524	0.0109405778332523	0.0126085040953918	0.011641290422239	0.0115142367902172	0.0115373823535777	0.0111158614869179	0.0117756874663138	0.0117303496306099	0.0123441171038583	0.0121735377233051	0.0125618089680561	0.0133007473610881	0.0126211810910671	0.0122545865987433	0.0130111761948469	0.0131324332147413	0.0130738611080507	0.0134048333533946	0.0129002332543346	0.0134599989520065	0.0129775829643664	0.0138087481796172	0.0132481822959378	0.013355196282744	0.0151487777985485	0.016106932485325	0.016331317144943	0.0169337935011972	0	0	0	0	0	0	0	0	0	0	0.0166813149210117	0.0158682942395254	0.0170069889721694	0.0163640692082709	0.0168453974386802	0.0173535839623752	0.0171750121491945	0.0185017337757992	0.0170655840910475	0.0196426434409428	0.0180944920227169	0.0180604340595743	0.019360941661459	0.019586977772485	0.0209295812681344	0.0224347801280761	0.0222502909275303	0.0228938921555106	0.0245523887224378	0.0259476962482041	0.0216397095742156	0.0249547238884999	0.0254996481454484	0.0263898074687717	0.026464804546199	0.0277430734121985	0.0280082556843957	0.027734993065063	0.0277579788321152	0.0283243711869952	0.0274773514938053	0.0264015187096452	0.0308042926574728	0.0328398996507089	0.0324662658001794	0.0321275502031775	0.0311454784128508	0.0261515870569861	0.027955776279681	0.0308446960756663	0.0289790250006238	0.036815623570735	0.0310969331573502	0.0266404614949363	0.0254981618506666	0.0223240896004856	0.0156186187886898	0.0447075800438677	0.00398946042284106	0.0321729285461713
684.588	0	0	0	0	0	0	0	0	0	0	0	0	0	-0.00716222829110981	-0.00439007079382603	-0.00197273095941677	-0.00606926742652884	0.00180246954423957	0.00297900982414276	-0.00259287378846934	-0.00220468485386821	-0.00783650930822807	-0.00463484549975875	-0.00158962588245283	-0.00497869118055905	-0.00543446133391519	-0.0048045337506461	-0.00225599235695772	-0.00233522695174888	-0.00248498820961818	-0.00158492499734128	6.34863723555916E-4	0.00150021684045941	-0.00464717329724766	-0.00219112661011215	-4.95809286730862E-4	-0.00347082555795779	0.00197069559024554	-0.00100202688859711	-9.86344462944591E-4	-0.00135142681289278	-0.00148779368425398	-1.4610847759253E-4	-0.00285856117549856	-9.43546833154235E-4	-0.00193823028019439	-0.00155813328324708	-0.0029250790525621	-0.00266723005918906	-0.00167628866202253	-0.00295088924600725	3.19996337521613E-4	-0.00168303346924339	-3.64058204484039E-4	-5.90923509047245E-4	-0.00202061836501999	6.22714719736841E-4	-2.76531546128345E-4	-0.00179907764161689	-3.75051798489452E-4	-2.11172840353063E-4	7.27436617156393E-4	0.00214355331830895	-4.51288477923687E-4	3.94537065592345E-4	9.71559734099942E-5	-0.00128610138689841	5.16068808137934E-4	-4.57617218500592E-4	0.00108449213641052	0.0011531531692035	0.00100061988754997	0.00157735190066446	-7.07134141290183E-4	3.70123405789566E-4	6.42677761157656E-4	3.5531104847595E-4	0.00181161168294471	0.00109507743920746	-4.81405874462018E-4	5.83282047691588E-4	0.00320510513795173	0.00208980411639039	0.00289041188954757	0.00102803400889595	1.61539509188235E-4	1.56973613850267E-4	0.00172399048919755	9.92284692863373E-4	0.00252270828320142	0.00149161770490223	0.00204558771661669	0.00208432731304502	0.00177245080033371	0.0023468395067532	9.57046093997501E-4	0.0021990959485198	0.00207501693685055	0.00374696189210655	0.00326682317003146	0.00270041785513994	0.00267378572984767	0.00303411810696707	0.00235191931372031	0.00403314188668815	0.00278114868302481	0.00424006563668692	0.0031263386194734	0.00360236974947615	0.00372452896046111	0.00407615857579026	0.00355617690086055	0.0046491066295012	0.00474487936991153	0.0046055091321594	0.0043531025317694	0.00448941063433109	0.00463539618856296	0.00506812755015409	0.00534514854220268	0.00513808736689831	0.00438935517995772	0.00540863551399529	0.00555185898525076	0.00536639667031012	0.00653401810540302	0.00603463089161071	0.00575681111665379	0.00562964825051005	0.00626793703045176	0.0062030353944384	0.00788752143488864	0.00743688649367018	0.00683647903153207	0.00764780883832491	0.00752760586324144	0.0071390172691914	0.00753943892730185	0.00898121263212209	0.00861795328894276	0.00926591898213232	0.00829574967435313	0.00931404548474389	0.00926098207406818	0.00911031348285298	0.00985773207486824	0.00874655676472989	0.0091945203612655	0.00984604679825903	0.0108764883912274	0.0104702019655408	0.0101664231178659	0.0105145764952731	0.010470666956876	0.0114490904491772	0.0107705953752059	0.0100610950483556	0.0118050279841146	0.011495372065129	0.0120956004134008	0.0100334743156733	0.011345457880434	0.0107198986015331	0.0113369735990392	0.0115496080668912	0.0107020972192139	0.0119457845733372	0.0112931314387539	0.0122856629136436	0.0125195232213819	0.0127013309945025	0.0130270152593046	0.0133367580291596	0.0150302046341254	0	0	0	0	0	0	0	0	0	0	0.013685222475795	0.0143335284854389	0.0128253166601842	0.0146933944204523	0.0146659299903407	0.0156973943926601	0.0157891371816756	0.016138641363001	0.015569863197044	0.016539624303926	0.0164856618862436	0.0157032868402518	0.0172769365033363	0.0178700698745498	0.0169438304063743	0.0180115341340214	0.0187011957789921	0.0199977614385009	0.0198193488349681	0.0208985271992556	0.0208291467636389	0.0228207977300576	0.0215828498103962	0.0252916986850405	0.024914342020711	0.0232676779635326	0.0239038215729273	0.0232663324729449	0.0285733548055019	0.0231076256141898	0.0254185297535688	0.022703135895122	0.0242246725381638	0.0236619237995128	0.0250648118522656	0.0266836987540942	0.02747174431121	0.0251074104670151	0.0243105115866431	0.0301358240844769	0.0281807703711916	0.0186898667686871	0.0226529020753839	0.0308060271874497	0.0258547034405006	0.0150319159243707	0.0149966908043789	0.0174372012363516	0.0404873157502523	0.0350573453409929	0.00750364815591459	0.00179349146448026
689.328	0	0	0	0	0	0	0	0	0	0	0	-0.00231204703728435	6.6262924803626E-4	-5.19138665202946E-4	-3.80783829002454E-4	-0.00274647533229287	4.9181745888197E-4	-0.0018261054550851	0.0020523675750046	-8.36597851562252E-4	0.00364449006327534	-0.00103558164785428	-5.59420743902293E-4	-9.66274214157557E-4	7.20486251307203E-4	0.00100076603172685	0.00208739302641482	-0.00148958997542264	-5.9066563990066E-4	-9.67336680495848E-4	-3.77114886030167E-4	-0.00137827335601555	2.69464118397281E-4	0.0036634429576008	0.00102499926957064	-0.00376293710627996	-3.26558174325969E-4	-0.00239614391024605	8.59904550406354E-4	9.2220643062288E-4	9.88799728886333E-4	6.0442183449977E-4	-5.23693680271426E-4	0.00148720268201449	0.00110333774458796	8.00265777061897E-4	5.27822503986583E-7	0.00261072882824708	0.00104169903085783	-6.11487755084645E-4	-8.63404418466566E-4	-0.00116673849533124	0.00132662936958314	-2.94323430125837E-7	-0.00161732733428112	-0.00169543063449832	-6.84660511025482E-4	-7.86069404202844E-4	6.21867137937505E-7	-0.00119461401183865	0.00224707906688318	1.57863254322891E-4	0.00134504961170629	-0.002540667726468	-3.49082961895892E-4	8.3469582379971E-4	0.00101500074468467	-9.39324153122102E-5	6.07414881013577E-4	0.00206025382321506	4.96079700566858E-4	-1.28809497416731E-4	0.0014684923384892	0.00126873985639858	5.39989031658193E-4	5.69335496507384E-4	-3.76046501628501E-5	0.00191242853416504	0.00275470785061527	0.00101498581049517	0.00180867850863916	0.00202101133958665	0.00257629590705358	0.00110260941298023	0.00141138481161994	0.00121220798368464	0.00217223824297461	0.00299443999122248	0.00225416401215796	0.00261504655271864	0.00188916275539394	0.00156150089104827	0.0024174694618867	0.00261225300457245	0.00288527125485975	0.00178205568640046	0.00197202049908656	0.00222750655452907	0.00203337639573035	0.00254289838591305	0.00247876717130471	0.00331352126895519	0.00307401680345207	0.00379337789941357	0.0027502503789448	0.00380207452070848	0.00310366584797876	0.00418219679108206	0.00341721942285838	0.00385323310384475	0.00414567839678056	0.00425560259398186	0.00395385876179317	0.00429768753392989	0.00402126466325853	0.00420562889324085	0.00480937708093273	0.00430759492920765	0.00459117397370203	0.00506798578443134	0.00572407040093956	0.00516872362068675	0.00524706128726341	0.00552605495896574	0.00538499623225804	0.00472675937435868	0.00601225019903652	0.00649403392587491	0.00705320044569584	0.00607042679849874	0.00594614974198112	0.00663871725488003	0.006611072882664	0.00638153807721555	0.00673803427540101	0.00680525118921091	0.00756538894010621	0.00678770182516164	0.00782843028546658	0.00767644489615705	0.00782103813642475	0.00832203628956015	0.00756686742065522	0.00897867267595035	0.00975968718315189	0.00916339409181203	0.00852554540433649	0.00868474209932684	0.0103389749994573	0.00975847163749139	0.00977255571904084	0.00984553011314977	0.00941447614248091	0.0107877554088449	0.0096741561069575	0.0106015609902876	0.0100179802940137	0.0103168274555142	0.00986097785048298	0.010076485690593	0.0104141779539825	0.0108988200657023	0.0112301008872866	0.00960946355129114	0.01091061934669	0.0106214755745832	0.0104172377523682	0.00990153137586347	0.0108492394138608	0.011188628565103	0.012669871215008	0.0133575405124668	0.0134530594738982	0	0	0	0	0	0	0	0	0	0	0.0133096220481131	0.0135188730167039	0.0131913399943617	0.0142915744751494	0.013805740658321	0.0142400287900708	0.0134963613441316	0.0151295852950614	0.0147442856528467	0.0151541761129058	0.0149468328036394	0.0147369335113468	0.014830270087478	0.0164584053487176	0.0180111649388288	0.0169417987120769	0.0176826351195163	0.019429059124476	0.0184807456799492	0.0187885902778273	0.0211740457564432	0.0209038731939434	0.019470280541209	0.0221322772013582	0.0231888695335142	0.0236052071309197	0.021995719287703	0.0242741474918238	0.0229222215884626	0.0219796568594434	0.0250784413034232	0.0251181236200527	0.0221861480661693	0.0218074004965766	0.0237252528870567	0.0224959087191392	0.0246804554601964	0.0270175246198791	0.0265491551002129	0.026714311423262	0.0258992886953758	0.0218380395589214	0.0263376464494838	0.0324805816330633	0.0250575961156409	0.0359248950894506	0.0270778965636463	0.0290956956531012	0.0240554875324933	0.0383405411315643	0.0174961942974221	0.0547833689105739	0.0220162849841135
694.069	0	0	0	0	0	0	0	0	0.00218453980485785	0.00165583152316945	0.0059905151409484	0.00481847914273723	0.00107318745965774	0.00904993964032309	0.00488782198453026	0.00631475956490804	9.95550782560698E-4	0.00591447157223426	-9.78029070548253E-4	-2.41900856688541E-4	0.00297481829924398	0.00244590834808609	-4.52271529303953E-4	-0.00304303490669578	0.00197986209172107	-0.00253420339697167	-5.04354479587629E-4	0.00311531114501696	5.9846297232957E-4	0.00421426546813235	3.81806696358473E-4	0.00120886792837265	0.00162769343418292	0.00370606487864075	-4.32519636151191E-4	-6.76978852199711E-4	0.00107597950657493	0.00404225198383077	7.90002111859567E-4	-0.00264551876519588	3.83576586438478E-4	0.00198349681128756	7.60212384915607E-5	0.00150018750200182	0.00208481087006809	0.00169239728031823	-5.10771210160443E-4	0.004214322227874	0.00147306899664715	0.00137543056352364	-8.74500964072883E-4	0.00242823694340815	3.19848121773645E-4	0.00460557936795132	-6.11793385587435E-5	0.00260379235861699	6.95380131605642E-4	0.00363916979194171	0.00229190745849248	-5.60446569115931E-5	0.00124557611270177	0.00207825425415008	0.00240753114426424	0.00118298355378512	0.00202237007648775	6.46127527705417E-4	9.29938169137105E-4	0.00432616827330461	0.00188946843326426	0.00338165824530076	0.00213516661354076	0.00267110913747601	8.30407638032704E-4	0.00141188185492277	0.00129988494299408	0.00423799064737091	0.00213680974499695	0.00197580790482988	0.00224591474023634	0.00213022284131993	0.00190294386517239	0.00259265920109766	0.0020717641411482	0.00223130743164938	0.00166651316596321	0.00311831558010214	0.0020049896567936	0.00104191783920108	0.00243581786675703	0.0022264338101597	0.00188248132766975	0.0019254305475276	0.00331893333472478	0.00286469039353603	0.00248782429768547	0.00376675349676312	0.00355242401305854	0.00397744519722025	0.00262775001199074	0.00313170903209737	0.00267474077479731	0.00315003683933485	0.00211006774027911	0.0036184646455161	0.00290113765889288	0.00324290172583648	0.00321824279088331	0.00311702598181502	0.00337544592813693	0.00359405473377584	0.00438853209400483	0.00416616072648378	0.00384089825224947	0.00356996523158995	0.00408275999353036	0.00410408975889305	0.00457234678293599	0.0045451133574055	0.00433083498999772	0.00364669965288977	0.00495858105725941	0.00480688244948177	0.00507368695374226	0.00512668035592004	0.00555535919995932	0.0056569969906737	0.00563892016722447	0.00568659052861138	0.00760175830259231	0.00601371469200312	0.00554766874182741	0.0069728867999899	0.00725266527563161	0.00701069578093609	0.00627847642240367	0.00718488232519479	0.00724196976680271	0.00765134471541037	0.00724995311011863	0.00751854826048791	0.00725302603390423	0.00899249149950938	0.0088917644587088	0.00808853189042602	0.00943604795755187	0.00798763720991816	0.0094068612520354	0.00886477635388901	0.00916533844823319	0.00908257875979618	0.00909306228298674	0.00938987151664476	0.00866286835086281	0.00964894361420135	0.00990575156351302	0.00931375137547918	0.00942901956449782	0.00947969270147945	0.0101543732349721	0.0104323522997967	0.0108766555382395	0.0104494575336062	0.0106414868265438	0.00956157066987254	0.0105303380367614	0.0113019175687311	0.0106662684058488	0.0108531311784261	0.0110626048003005	0.0123146502580621	0.0127039107272855	0.0132598048340686	0	0	0	0	0	0	0	0	0	0	0.0118688720873065	0.0117166918290321	0.0124208433876197	0.0128716248771477	0.0133268662034349	0.0137198415482557	0.0136565801783352	0.0134734350508918	0.0142166268214083	0.014643574600241	0.0150822247820905	0.0157113178005027	0.0169073325612403	0.0154666384597695	0.0160347653274827	0.0170519066380702	0.0167569570064048	0.0187747283847296	0.0169513276217821	0.0187067457561277	0.0196154133882395	0.0211999957275506	0.0187366733990362	0.0220454399778681	0.0217301687836028	0.0199161052871805	0.0201288126968253	0.02396843594188	0.021068887652267	0.0235005336798489	0.0222478924637313	0.02268390389977	0.0225687827845142	0.0228345167222287	0.0234204813254394	0.022257837179077	0.0237504600760032	0.0249820152481462	0.0221871792919823	0.0215887393208181	0.0217066120714536	0.0325588611060352	0.0287457648231422	0.0338014247304245	0.0275612386890753	0.0355976233689081	0.0229801342365363	0.0259823672141367	0.0343632888183715	0.0361561759081471	0.0455862803460686	0.0331866666844068	0.0105048192813392	0.0241904240678805
698.812	0	0	0	0	0	0	-0.00128573214201046	1.41057072076813E-4	0.00262104593008272	0.00167383269095423	0.0021103447353791	-2.77654746898495E-4	2.70840991927201E-4	-0.0025162434008133	0.00207814163338894	0.00587033027850406	0.00150900840234019	0.00199034666427895	0.0053051541803365	0.0032950227885486	0.00360389445611958	0.00658474354462742	-0.00171399570645691	0.00186516051723734	-0.00178826984129212	0.00634406194012299	0.00203349053984131	-0.00141976556700429	0.00100748089071797	-2.96497706522465E-4	0.00202718048998788	1.87761497358379E-4	0.00191783709127201	0.00463463999719018	0.00392537400967204	-0.00188031559731492	-1.66817353666799E-4	-0.00122420192370773	-7.98220769257979E-4	0.00164941361150313	-1.55243168000636E-4	0.00200620839937365	0.00298376402251427	-7.47110151669964E-5	0.003834298597345	4.45951600201018E-4	0.00234723333637738	0.00302899126232449	0.00262118850693078	9.02391577846144E-4	0.00169782511661876	-9.27161271598241E-4	0.00142027430531534	0.00358175248604559	0.00404147501610874	0.00227206274113613	-8.77246165264859E-4	0.00298531985722765	0.00124248187239488	9.92237239903176E-7	0.00185905838737707	0.00113019002572292	0.00248409246279877	3.63719875540772E-4	0.00143047122487238	0.00190685620669025	0.00192633116909977	9.23757905626333E-4	7.65852723573526E-4	0.00322726098669549	0.00206472458523372	0.0017981039711276	0.00246806243495263	8.64218845264458E-4	0.0027103511702313	0.00216007078034056	0.00110003210185103	0.00235231944279975	0.00273682401443103	0.00230316466887057	0.00113188108956366	0.00298628610581876	0.00122615692761	0.00249938492693357	0.00188844279961761	0.00154020646857897	0.00169741965710694	0.00108365091765669	0.00236585578404329	0.00267242096010725	0.00293966281595198	0.00162464927056223	0.00318018955839289	0.00113983702386169	0.00177454644247557	0.0028118308903014	0.00141293196667064	0.00212274726239258	0.00317865636287893	0.0026229347608868	0.00248555089048731	0.00279112382750101	0.00309823154174177	0.0030237364204179	0.00318629861847402	0.00291883376337989	0.00351963006020439	0.00310951527739872	0.00334025091226621	0.00315648674534889	0.00310446826316334	0.00365028598618706	0.00353494622016034	0.00347047002840257	0.0036060212865771	0.00402183783023234	0.00394441849096518	0.00371612015712811	0.00346276321524305	0.00387152573844794	0.00413661277097483	0.0042039756785572	0.00482103939936495	0.00430265012389038	0.00444425025880018	0.00507246825668102	0.00503869647571646	0.00506465159837316	0.00542823495884522	0.00499361827498113	0.00495204552604932	0.00582680469712806	0.005370875292024	0.00670656544884149	0.0067028254113019	0.00659424409339607	0.00709139221829156	0.00643052641988765	0.00703036143057433	0.00691371067914285	0.00685606833911029	0.00695192328063647	0.00846546833481407	0.00791315989310709	0.00893810217369033	0.00873760665168114	0.00723961574948204	0.00748672921967223	0.00875806946559843	0.00831797216490056	0.00756671819056014	0.00734240889625819	0.00902156985958548	0.00822805431435162	0.00755149942781918	0.00944797552430912	0.0096310152533872	0.00985728205714353	0.00918587775144832	0.00886240699168645	0.00880118110535805	0.00977160388796591	0.00942336271108863	0.00925657062401979	0.00988492226735594	0.00941196022978599	0.0105833599063202	0.00970914301865776	0.01045350761232	0.0117593698391439	0.0123167580155622	0	0	0	0	0	0	0	0	0	0	0.0105753640360236	0.0114873885669303	0.012150782735921	0.0114292715102501	0.0128970896830808	0.0116781348380282	0.0123087550251243	0.0123369185801889	0.0125745847761972	0.0138810409768926	0.0130561562171906	0.0142160792922698	0.0136001737659076	0.0134994157961794	0.0160732367945404	0.01401919252679	0.015219436537896	0.0164869992606817	0.0159252506292326	0.0167616260680741	0.0160101482503272	0.0181428930380795	0.0177635005918159	0.0187520798936789	0.0200248581521513	0.0198574604047049	0.0198190272460342	0.0183450546337513	0.0200029488855378	0.0201291532656052	0.0220308564008224	0.0189950264928969	0.0241274309112948	0.022062831238074	0.0220658842039164	0.0219649510248462	0.021795531877373	0.023975689698502	0.0224283549840667	0.0205247461327068	0.0254268012579868	0.0206614761027893	0.0260454795930845	0.0216918604761921	0.0205806466961188	0.0222602478527093	0.0179687996231535	0.0244737458129806	0.024500452389954	0.0287419349866153	0.0257311684687988	0.0214080137812778	0.0586340175315205	0.036109357836711	0.0271974629218453
703.556	0	0	0	0	-0.00292727196148828	-0.00484027868715982	8.68512476816307E-4	-0.00253791572358723	4.20685007720442E-4	-0.00451968117716098	0.00142620437354346	-0.00352132987481573	0.00411836191901253	-0.00590639372544088	-0.00184276982435078	0.00284476860511705	0.00293106448609734	0.00239622492776281	-0.00450135336971518	-7.40235818455023E-4	-4.86864353419815E-4	0.00154956519102504	-2.32357622947067E-4	-0.00311384367737338	-0.00298606113471657	-0.0037301355513954	-3.06250065484812E-4	3.10350237986498E-4	-0.00122417337239154	-0.00380799154185055	-0.00136845109147321	0.00257089487593168	0.00277936818912466	-0.00280025468491656	-0.00353507940717355	-0.0015601526827116	2.56539633500861E-4	-0.00215092017948926	4.05648959196009E-4	-5.56244797860386E-4	-0.00369938195703349	-0.00265608248500221	-3.07846364688876E-4	0.00230820780135349	-4.55582035269748E-4	-0.00165708006087575	-0.00215237165928708	-2.91976929670873E-4	0.00237066097459684	1.40639735738607E-4	4.13211988834437E-4	2.70214211339958E-4	-0.00189702113365822	-0.00178291582988041	-0.00142617014144529	3.0635529360566E-4	-8.29420950898606E-4	-0.00285028656776803	2.86300910121276E-4	-4.49058063493038E-4	-5.46331686772694E-5	-1.08333308705321E-4	-0.00358657908543007	0.00126393131100616	-4.90184372808961E-5	-0.00111729366749194	-5.46321194517036E-4	6.42193961568944E-4	8.73595105758967E-4	2.38666056162388E-4	5.13215000943518E-4	-6.35262828162185E-4	4.5830965677115E-5	0.00140108781108841	-9.85316531738148E-4	-0.00101002640181512	4.14139834163E-4	0.00230526257043241	0.00122879112993241	4.03978191859061E-5	0.00141572958992397	1.17788549752768E-6	0.00321719188760728	2.1465801044195E-4	0.00163601232451431	9.50054865179173E-4	0.00191866379242876	0.00106613636477454	6.62996824118742E-4	0.00227764283108649	3.31935793734143E-4	0.001411617226631	0.00126642554398693	0.00118366092520655	0.00149455108782575	0.00184593867323667	0.00299802611834672	0.00279995913323311	0.00109166413034938	0.0017646330733588	8.97247597986283E-4	0.00199446283161542	0.00218102105585714	0.00244790760556762	0.0033102361414177	0.00193923685047447	0.00243078389172076	0.00182347594586886	0.00268043311847777	0.00283686536248788	0.00273740553953784	0.0034106011982687	0.00246896977197105	0.00322011715982403	0.00358270782405076	0.00330661653456907	0.00315557058691341	0.00358775858688979	0.00352313928576569	0.00353976023196982	0.00373841854445012	0.00344087040575784	0.00346864595269159	0.00362956540823528	0.00405947011249729	0.00327801049166863	0.00365683706152401	0.00416250592678517	0.0043978410190471	0.00452660717361567	0.00429672537187763	0.00500114594693775	0.00448760087652513	0.00516715341145529	0.00576830039547257	0.00522648990911119	0.00585252308301907	0.00588357997299647	0.00495378238978576	0.00585116597448455	0.00569637056353481	0.00530132419331157	0.00617144665203174	0.00602298234130628	0.00600867351558278	0.00795477844500055	0.0069903323984008	0.00615622985012207	0.0064207824061021	0.00653353243711731	0.00690091141371398	0.00697239205034199	0.0070930058804873	0.00662002923903445	0.00816512546939522	0.00764316271982614	0.00780556074839981	0.00772916154671209	0.00735188558713664	0.00748665205799554	0.00855715632582854	0.00824298561549175	0.00834247110647355	0.00767156661830195	0.00739480835865638	0.00839269479316011	0.00898189758266724	0.00934462227668572	0.0116315095629497	0.0110112867864893	0	0	0	0	0	0	0	0	0	0	0.0107755648636033	0.00946922456638572	0.00968499647061839	0.0112908366082342	0.0109396801087301	0.0105373558183224	0.0129028562654725	0.0106539293532698	0.0111701943179678	0.0110202445382131	0.0112063134019518	0.0122599715387166	0.0120716304463469	0.010541393612097	0.0128631669907486	0.0125934160620987	0.0145285483127211	0.0133730120032357	0.0152390134805526	0.014867219269547	0.0154595754051198	0.017373021399297	0.01495046487444	0.0162220402861189	0.0151666747447631	0.0163862386399131	0.0176535770383252	0.0176159285853955	0.0168508981822312	0.0190777038589807	0.0176892309321459	0.0183452884831831	0.0158075104560743	0.0205202447546088	0.0181252184720102	0.0184458522226023	0.0175677169993545	0.0174662380082846	0.0232127425160354	0.0199056937198436	0.0227064275614874	0.0194464749336001	0.0194212588618977	0.0262647428382346	0.0196152854261166	0.024250504284802	0.0141041122701016	0.017304375578362	0.0134384075437783	-0.00526823932870084	0.0194213218319139	0.032313854215354	0.0221591111471171	5.88948956851341E-4	0.0258240230574065	0.0151973407149114
708.302	0	-0.0103964242108221	-0.00425294874242759	0.00934589459164721	0.00232264636633273	-0.00586500515533804	0.00177290111045287	-0.0112308096094989	-0.00527728197157342	-0.00692183195442221	-0.00349149343746551	-0.00488894907319503	-0.00672392098420909	0.00219199363785774	-0.00496987345124383	-0.00699140283939135	6.50811532349801E-4	-0.00746300030845705	1.27798129275694E-4	-0.00265079583530836	0.0017397373670302	-0.00413537102747234	-2.0745651168306E-7	-0.0029505166899297	2.17646989701377E-4	6.373549047754E-4	-0.00104886799918148	-0.00409362512128826	0.00208417649599088	-0.00726372195793004	-0.00489250897776662	-0.00475946471740624	-0.00235990448489576	0.00184616340991826	4.13067458096232E-7	0.0014140374319716	-0.00362894569999214	9.29030573098962E-4	-0.00148576860528548	4.87952681512418E-4	3.2242487680313E-4	-0.00223146579103202	-9.48911248940933E-4	2.36018446929268E-4	-0.00139800299010733	-0.00199933919228711	-0.0021232273279983	-8.94738173642083E-4	0.00249166382987265	-7.1812316465582E-4	-0.00217748178997807	-8.90968496190217E-4	-4.67393743854283E-4	0.00110520374729111	-8.22760801386143E-4	-6.78962498860913E-4	6.11223798786197E-5	-5.93366952660381E-4	-0.00169284111376344	-0.00120682122607206	-2.25791040400444E-4	-6.67046643272496E-4	-4.35628295972691E-4	0.00188059935669713	-0.00142357878746488	4.68001797213356E-4	7.18557692713837E-4	-6.51015652675703E-4	-7.86077990504021E-4	7.749136409301E-4	6.17473847619244E-4	8.8314605806646E-4	-8.6517724052544E-4	2.23578636329341E-4	-5.68488544520134E-4	2.15022280287838E-4	8.51402736792971E-5	-2.04491971099148E-4	8.49575342649072E-4	4.14953987762596E-5	0.00136532366136036	4.96331629953864E-4	1.87242051949905E-4	4.00803025493455E-4	0.00145623986465944	6.88478437209027E-5	6.4099683463423E-4	-2.30938690068328E-4	0.00135233289383949	0.00150759686614104	0.00224215273111487	9.90287508470521E-4	0.00138042496007932	0.00161063795596475	0.00217433522785021	0.00249301414167843	0.00148877254653898	0.00137563460829183	0.00349484460624305	0.00124272737920077	0.00205194538204576	0.00203517267355103	0.00267078650535138	0.00279195446339527	0.00184269310300508	0.00112205030251851	0.00190030093718077	0.00255803250969713	0.00294569301433667	0.00265914173286014	0.00279312522218532	0.00293858598411926	0.00281153420187973	0.00287160251439467	0.00272612898029091	0.00275845044516075	0.00295533128277664	0.00288355354828935	0.00321518027868601	0.00264014451524718	0.00260399330583224	0.00264223073062029	0.00419619106365394	0.00321715995299851	0.00324790112596297	0.00311192708273039	0.00385598250876262	0.00392989678533596	0.003659459192458	0.00461914382050821	0.00427291954327986	0.00534527755824421	0.00342906193193354	0.00540054232471574	0.00513198108498471	0.0052296105898305	0.00528976543221032	0.00585648396701482	0.00496957664317598	0.0057079966055658	0.00591634923959553	0.00554158701091767	0.00652723321882321	0.00664350707647142	0.00513378179780487	0.00607528958413762	0.00614288305683658	0.00566653473886231	0.00552827735840817	0.00631461720508975	0.00645292085647376	0.00646545171141443	0.00690409287438516	0.00585470335827874	0.00712469470756415	0.0078464146585776	0.00687346413706362	0.00834437273042896	0.0070758028218547	0.00783853262435932	0.0068716582815883	0.0074119365063674	0.00727805180956114	0.00797906755457885	0.00750276486565073	0.00783967822689846	0.00982292019094187	0.00964116498442939	0	0	0	0	0	0	0	0	0	0	0.00926796566228548	0.01013287758011	0.00927121670444134	0.00920692163859399	0.00934781875780121	0.00968841586974824	0.0096485171018042	0.0100992327401939	0.0100102929254527	0.0112701044931336	0.0103619052493125	0.0104619058536846	0.0112344537525321	0.0109872459702985	0.0127355562055805	0.0095713973153615	0.0112015835434704	0.0119294420978465	0.0121265831786704	0.0132133088743994	0.01250846835261	0.0135515440276629	0.0119949406199116	0.0148670998424279	0.0138508709353501	0.0160673407860967	0.0144216087319928	0.0158343303195466	0.0144114510352166	0.0177770261720378	0.0159887732357384	0.0171309834337951	0.0162210943601276	0.0175295596693756	0.0142713852951234	0.0150175141047518	0.0144679120082644	0.017882628149372	0.0161097647137499	0.016164048644605	0.0176479493653247	0.0202126029634572	0.0183204432469914	0.0184343659493703	0.0194291491478949	0.0116731602622089	0.0237262586013912	0.0176488754375599	0.0189140226019891	0.012081520198793	0.0195139804849627	0.0166930638549979	0.0263117101430607	0.0357651690431741	0.00893826017106455	0.0202213432494342	-0.00151050522355451	-0.00487099143393697
713.049	0.00984464222642796	-0.00658974784482122	0.0100632124787266	0.00427603501076983	0.00925421910978301	-1.56395258561256E-4	-0.00464485970296372	0.00627921889525033	0.00462856987613884	0.00745781977748457	0.00398352435750467	7.28647839492947E-4	-4.26156783867311E-4	0.00861155442602796	0.00177069710620883	0.00427794808248089	0.00843569689722837	0.00534969495315976	2.5865516826097E-4	0.00153467394143663	0.00604854844555048	0.00111003096052814	0.00635263387161044	-8.05690152370791E-4	6.62659279427449E-4	0.00428753326318033	0.00234254210070064	0.0012768991146107	-0.00137502280602041	0.00611987229009224	0.00516248380287786	4.92383665720377E-4	0.00392732453708865	0.0018688378230657	0.00319974079063922	8.97491644603692E-5	2.62735692234187E-4	-0.00154143051518702	0.00284676238860588	-0.00107137479902178	0.00399273624809552	0.00347642859162263	0.00160381657494412	-0.00135330981885383	0.00260020084221603	0.002182934900872	0.00576562534618551	0.00340383422445597	0.00118809998011204	0.00407803876261271	6.40895401623494E-4	0.00132080251021697	0.00277563317974542	0.00257040466099241	0.00218338980702939	0.00206805331124742	0.00116483837477509	4.20607139915837E-4	0.00130288727439755	2.34023741420215E-4	0.00217914289279665	5.63395701371941E-5	0.00133076571441589	0.00299640985937819	0.00192860496783603	0.00273645524774896	0.00165704951132551	0.00137456090527037	0.00279869540505656	0.00137281296850984	0.002211142022001	0.00343835323900107	0.003142729784056	0.00194696211116791	0.00275297101896911	0.00222203406080637	0.00426906205044915	0.00171403707312193	-4.09137204069338E-5	0.00193355752193372	0.00177851326763447	0.00197195543107106	9.45565573093578E-4	0.00162477822145133	0.00165663775300109	0.00217820282918803	0.00243205870808117	0.00280847621143052	0.00156718684422527	0.00251748213065241	0.00140158711763718	0.0016433421500463	0.0026806165379073	8.75065382611262E-4	0.00272028701900211	0.00300564646945475	0.00263620771151091	0.00356805783002694	0.00309731268167742	0.00203090231669486	0.00275641587704339	0.00302375706646023	0.00311496114067658	0.00336372801662821	0.00213785908087832	0.0030823581750853	0.00308340112995405	0.00261445360810299	0.00295259455602818	0.00290134170148003	0.00227271642712062	0.00233079675255361	0.00239972736810901	0.00303872268801041	0.00319245846378897	0.00303987186154534	0.0031981103013561	0.00333952617799489	0.00314770606647669	0.00339514602273052	0.00339566085973933	0.00382114163124146	0.00422110982323613	0.00359550655768469	0.00395830053526263	0.00327042594203346	0.00399467951571021	0.00391466097963433	0.00429301740175246	0.00429153849465887	0.0052612850058517	0.00441686814240285	0.00435721844876961	0.00428572148130531	0.00509786970528818	0.00553336828646018	0.00471461533045988	0.00502700103575852	0.0053414567426688	0.00596571059438391	0.00636086793983296	0.00619962614467893	0.00652589956517741	0.0042106663618734	0.00678488946563488	0.0054033018033475	0.00702694293161452	0.00652718207698535	0.00664347991798193	0.00709222565193549	0.00716584676527436	0.00606813220448888	0.00642091440001173	0.00675646742289491	0.00691321179520838	0.00736166613089485	0.00647597049803087	0.00679302280952072	0.00708460105487245	0.00774643788624544	0.00763412445113535	0.0073184226867297	0.00650197698834894	0.00765402816345176	0.0087818158765731	0.00987266153203326	0.00940186865884044	0	0	0	0	0	0	0	0	0	0	0.0093017265678984	0.00911122452772302	0.00839508879526401	0.00935666077851913	0.00878236650707782	0.00964448869779254	0.00910034762824042	0.00993280068816796	0.010624305696022	0.0106761405776577	0.0100810842366156	0.0111157017788173	0.0109494478693236	0.0120901606715694	0.0110524072979319	0.0110400147387464	0.0121699712832525	0.0126798626346146	0.0123219109533132	0.0132520611576688	0.0141419433173244	0.0151115035337575	0.0139920538313076	0.015222868456807	0.0138933448729867	0.0148764770789502	0.0154726804155603	0.0144955393360594	0.0156079186445529	0.0170803767728677	0.0159176923283822	0.0167440541188479	0.0166388593293924	0.0199176506334812	0.0175853339464085	0.0188473621934343	0.0188022035248686	0.0214038754514844	0.0186124468152964	0.0171762235543903	0.0185221435191206	0.0171433392761954	0.0180740954523271	0.0224010351189077	0.0180985802329649	0.0181264100348518	0.0286336568275932	0.022420687110926	0.023062492607958	0.0277256200592424	0.0355754491791984	0.0208583022986651	0.0290302116974734	0.01316702430377	0.0350577271231787	0.0535284463424253	0.039824321277535	0.0237972604279504	0.0630659473572202
717.797	0.00135747587847655	0.00266867299783945	0.00415698441316855	0.00526652507964416	-0.0018735830168932	-0.00396117983347452	6.06625321083123E-4	0.00162651424509422	1.45090793213922E-4	0.00133154103490449	0.00283863539138067	0.00280470991338421	5.75168435603539E-4	-0.00463923322268209	5.51568624852928E-4	-0.00311513448475875	6.67744697661606E-4	-0.00290590476121972	6.5498110013328E-4	0.00324100163456216	0.00306135786448514	-0.00973846041555367	-0.00266886669394524	-9.31915351685932E-4	-1.20283373014213E-7	2.17836694953307E-4	0.0021573118136038	2.16774561215313E-4	0.00513456087110095	0.00199504857174426	0.00430555117134865	2.02405729648723E-7	-1.93463897556476E-4	0.00198653079448916	6.48232617105366E-4	5.44073415337347E-4	6.21525874315793E-4	0.00225349542939837	-2.59108757655942E-7	0.0018347679789279	4.94758544314861E-4	4.9077282866413E-4	-0.00138067506078824	7.25348911488634E-4	0.00319046571607202	0.00213128683391502	-4.67984347549197E-4	0.00145534011418251	-0.00135249770172934	-0.00110565850927362	0.00129842000142616	7.7405481392561E-4	6.85439172280186E-4	0.00173521280127694	0.00195022542093765	0.00190450056469178	6.08328322271722E-5	0.00152549890608343	-8.38794996510335E-4	0.0025380531227557	0.00180008052989861	-0.00125602303977684	0.00140508635574096	0.00170987963793985	-0.00151556936325884	0.00170500107108873	3.68367862339404E-4	0.00113399200316219	0.00106186283372284	0.0015886502694355	0.00145894332960302	0.00124022335559659	9.34445626767402E-5	-2.74733536100309E-4	3.15234521466808E-4	9.70532879683183E-4	0.00138429196772076	9.3057101679069E-4	0.00282248547915822	-1.21130565151185E-4	9.20760273462653E-4	0.00133138077326523	0.00172321130932615	3.7495688020464E-5	7.29186590604073E-4	6.39625437474735E-4	6.93328225225478E-4	4.06034486056816E-4	0.00125600919328102	6.76818405222433E-4	0.00214409826984737	0.00178669100625345	0.00159791233172367	0.00310012393620651	0.00214505168363501	0.00173450720149103	0.00150071526103352	0.0022268024229019	0.0019135016237475	0.00132713319166364	0.00291711935872118	0.00252638177277322	0.00162196840748185	0.00234884766812404	0.0026268313436762	0.00236628871955548	0.00213551922506224	0.00278133063939071	0.00223192726538323	0.00260868953925539	0.00255799490666447	0.0016682394242567	0.00242892619808382	0.00263657366150532	0.0025570361917816	0.00272615983592961	0.00284117106399773	0.00270046256593323	0.00298623416011923	0.0026555564401742	0.00249926724982705	0.00286684191429713	0.00300686798193776	0.00264102847080848	0.00264122503444369	0.00271427455621622	0.00387109752963195	0.00440392069021041	0.00469998118792309	0.00460117268658893	0.00346733678023508	0.00501292034463858	0.003631137350395	0.00354974335874652	0.00477345076339441	0.00407370821274499	0.00411479109747173	0.00480944894408145	0.00477225855947973	0.00518582489539926	0.00454440776632081	0.00514687949029131	0.00467131015888468	0.00482241923675532	0.00576924815467514	0.00621070444847427	0.004351550745979	0.00544850563227365	0.00535931756221733	0.00524246286361576	0.00599433328152148	0.00606884149559666	0.00645148554091946	0.00593802076798685	0.00602588180716106	0.00619758141385902	0.00581624082924689	0.00635962676871713	0.0055569560837198	0.00640986134671708	0.00608785404646955	0.00731868780028333	0.00727092529823566	0.00768144978550169	0.00721757996410032	0.0090533553571318	0	0	0	0	0	0	0	0	0	0	0.00726709450657345	0.00715574491968038	0.008036187212404	0.00795407437864539	0.00781594489823115	0.00776673158251501	0.00911820714521561	0.0091141947042092	0.00930237178481	0.0105994565914686	0.00905427899739536	0.00976804908973196	0.00915343600539942	0.00867224461441455	0.00920809867187597	0.00986492140509046	0.0111450136204353	0.0102606458929877	0.0121987091297206	0.0110403404680857	0.0124810517299114	0.0121286458751322	0.013261720719447	0.0132604275431633	0.0116039495386447	0.0147978716997018	0.0126159762920842	0.0126296723700714	0.0156255899021941	0.0133857226073123	0.0130156438710884	0.0122509822621597	0.0158732489721978	0.0158152393241321	0.0141689436144005	0.0152948273458052	0.0115155226750245	0.0159941113069968	0.0151584226400395	0.0151359808387149	0.0177253425987792	0.0174019640003568	0.0162087327520119	0.016455668867329	0.0148243880320432	0.0159097889730071	0.0194118647681309	0.0180431672869102	0.0185549321257692	0.0134476257998708	0.0253240851569188	0.0219411954386553	0.0159711367459877	0.018055732836289	0.0389380867770138	0.044057561328137	0.0445071607208	0.0249059977261882	0.018054224403723	0.0299062507591226
722.547	-0.00760175479317958	-0.00699704682831815	-0.00569624296961061	-0.00591959839913448	-0.0019009491884203	-0.00579056208848971	-0.00646642003654317	-0.00420203101761172	-0.00431225697485748	-9.03256361361112E-4	-0.00363916198775637	-6.69146759703468E-7	-4.37866529092686E-4	-0.00313864345156887	-0.002239987747732	-0.00206596763415505	-0.00270902324396772	-0.0037545305945995	-0.00186184197954641	-0.00184242293412969	-0.00155394719715882	-0.00494277020815986	0.00184717035043816	0.00130069650896257	-0.00147336957045094	-0.00297662988143215	-0.00208172492944957	-0.00339319077244235	-0.00325781325212209	0.00117059582820691	-0.00561859023849823	0.0017206061605865	-0.00413515472049997	-0.00269008129533446	-0.00526523197401378	-0.00248669443286906	-0.00162241721288343	-0.00228729974552852	-0.00266770831671454	-0.0042327781350174	-0.00192791087463532	-6.66588367909419E-4	-0.00107473016226116	-7.36867660072622E-4	-0.00170290101849321	7.19736933979798E-4	-0.00553251009189699	-0.00303172610225529	8.37643522861797E-4	0.00104765337999137	-7.80599629607301E-8	-0.00114317020926224	5.56396585566962E-4	-6.76600196438509E-5	-0.00264070410819457	-0.00225512546494149	-0.00359360146992514	0.00129975214763801	-4.24898419987091E-4	-0.00107777175432664	-0.0015318710785561	-0.00104282397249856	-3.41225787530463E-4	-7.27521126335391E-4	-8.24709771283418E-4	5.40749858468197E-4	-5.27477278813313E-5	-2.61930271761995E-4	-1.54013353504262E-4	7.55241141584063E-4	0.00187584075620995	-0.00135504110857948	-3.31557853896004E-4	-0.00181493951208967	-0.00173380240930384	7.60955123008573E-4	-3.94407970323607E-4	0.00111683762097468	-4.63120200484374E-4	-8.25296229320065E-5	4.06417973350016E-5	-0.00162937669260268	8.16226521464047E-4	-7.58723252808076E-4	7.03067654473549E-4	-7.24443998048043E-5	0.00130223181437408	0.00144289650675153	-1.0062418058999E-4	5.56568739727496E-4	-4.15985044285922E-4	7.50477255047968E-4	7.65115624924842E-4	0.00131876854906966	0.00135335569308726	0.00144317825525184	0.0016364819662057	3.03214329440281E-4	0.00191526446767408	0.00137342765533309	5.41032970074742E-4	0.00182474951114964	0.00120598884118	0.00131249295453007	9.17288064530893E-4	0.00131793878079694	0.00152162620360574	9.40520507322563E-4	0.00151686673398307	0.00213947351100184	0.001394323416056	0.00118018268867493	0.00227375614720957	0.00230238155253905	0.00214360469846741	0.00174597757247776	0.00204528608074445	0.00234776826690675	0.00206360741591565	0.00288513976307931	0.00282965276874223	0.00246468101185083	0.00245280829257564	0.00246370146449463	0.00288890049199512	0.0029155249276702	0.00256016975343704	0.00369260372602508	0.00270932393414782	0.00312959391871617	0.00265745767383986	0.00293385063330889	0.00325632838012234	0.00326929534692335	0.00268481095915738	0.00338142305487504	0.00385382593671275	0.00472925779511976	0.00424441221139171	0.00389689268300515	0.00483121960570034	0.00465172968744934	0.00428678071939246	0.00383226237614332	0.0046900641737575	0.00422907180788522	0.00558043754208404	0.00513041711805019	0.00365380390666862	0.00419427518926908	0.00488318423209835	0.00403220165747134	0.00448963773366683	0.00390275713534973	0.00495761025568235	0.00482247475965869	0.00539598355267028	0.00545515540754406	0.00500905580122258	0.00599886393084919	0.00540442983145727	0.00695359125200748	0.00625215436954769	0.00746031752859388	0.00741591214112519	0	0	0	0	0	0	0	0	0	0	0.00634809576808908	0.00657462376811649	0.00681405728830508	0.00693069876650827	0.00680895122893062	0.00625369929209506	0.00674446789645802	0.00743859028371114	0.00716844468093533	0.00809387956300218	0.00780127902746532	0.00773552350594704	0.00841984364091488	0.00957565867211404	0.00880327910693896	0.00677883139500154	0.00912728604183467	0.009914964223283	0.00924399148438366	0.00740410454678102	0.00981814698255397	0.0106359997451385	0.00957191272615909	0.0120728680410216	0.0104162506225223	0.0121196595455738	0.0122364569177284	0.0120332970570191	0.0116394144213178	0.0114239942043439	0.0117854620913759	0.0118469839923418	0.0127957589468992	0.0123440482469705	0.0122870434912039	0.0127223577878325	0.0126552982403687	0.0118964267968963	0.012120677096492	0.0109570508948056	0.00898995408054981	0.0156685766307272	0.0135691279519823	0.0153905709067595	0.01193133174127	0.0101067859378551	0.0154157594341197	0.018220446633354	0.00885922524931169	0.0205140879870696	0.00758433937917189	0.0164939059151766	0.0108942013169804	0.00686953071900441	0.0142897823893	0.0267055585215314	0.0173889394698778	0.0152298059842283	0.0132433214066623	0.0145090240645895	-0.0131402478433881
727.298	0.00117038055289261	-0.00595228176982696	-0.00171378377654986	-0.00542550959493704	-0.00140377520347089	3.32337135119005E-7	-0.00421719418841883	-0.00227973307007265	4.52590705816101E-4	0.00183200835298816	0.00399966052685264	4.57167358203105E-4	0.00192495730075515	0.00130201797016742	0.00568029620896841	0.00293227694184229	-0.00233516993218774	0.00258436876371958	0.00296820780837782	1.33834172528344E-4	0.00433471487191541	0.0061713815834553	-9.99848419832844E-4	0.00299916571331877	-0.00172588940944213	-8.91940464554285E-4	0.00388775231400347	-0.00221852356733636	-0.00121079186542412	0.00400549009359621	-0.00168711361733436	6.16317419650729E-4	-0.00189618561841665	0.00458272998930457	-7.61457593148282E-4	0.00112090187390281	0.00402179379305581	0.00116035390620363	9.605583690516E-4	0.00103109035210436	0.00170169387567045	0.00387909612799891	0.00351633370168796	0.00207583582644717	-1.61385421030351E-4	-8.92049700820456E-4	8.0151577160227E-4	6.30893807705407E-4	2.33264789667971E-4	3.03543221899171E-4	-0.00170718970965684	-0.00166617512179272	0.00275267023816067	8.93989011009053E-4	0.00127380936958523	5.23557545521103E-4	-7.64915203691858E-4	-8.75842056900164E-4	1.71876260588319E-6	0.00176506256932146	-8.36168649364781E-4	0.00200075971659817	0.00115751456354321	0.00283933636407252	-2.21587960930939E-4	-0.00109626789475433	0.00172727386186794	3.72307952926502E-4	-3.63351409288043E-4	3.58294143669132E-4	1.51537692126927E-4	0.00181783771069433	-2.39442120351634E-4	4.78686789188708E-5	9.25977696422199E-4	0.00240730651653614	0.00169289080624756	7.85712163071712E-4	4.70467036847255E-4	0.00134384705964762	0.00111481793137023	0.00133090847483132	8.28342687866409E-4	8.08456451766872E-4	4.13132930864886E-4	-6.02070785478944E-7	0.00103479743752283	0.00139393206128105	0.00197412639195527	9.29525343691906E-4	8.76999684699314E-4	0.00222051529166444	0.00217325497981746	9.72769873960005E-4	9.55277893967629E-4	6.14907617628825E-4	0.00134488766147056	0.00282439796144522	0.00227153833877279	9.12183493896046E-4	0.00130651494787073	0.00145087536966472	0.00169381377698602	0.00130896976990838	0.00147134141998824	0.0020701319453372	0.00154355287122931	0.0014107773176644	0.00224251995819854	0.00181464965519836	0.00182101906568383	0.00161369420477329	0.00152591605952925	0.00218902057466483	0.00172884728570787	0.00214461751757722	0.00205154150425188	0.0022498103811116	0.00233945735642531	0.00226275214709369	0.00214320409730043	0.00208169005963889	0.00292260124548001	0.00255507137537765	0.002681458872448	0.00404516743706583	0.00262191937426814	0.00346228744261679	0.00377002867452051	0.00293474707136201	0.0033338993165817	0.00346451959575727	0.00245475193490331	0.00358790402566946	0.00407423745928543	0.00351772465851907	0.00476148736009907	0.00325091969780687	0.00405784454108867	0.004045791511377	0.00390435098847556	0.00539294633563685	0.00391145451572659	0.00476531156903444	0.00462940051905865	0.00431672817362686	0.00426668054824636	0.00466185899209913	0.00427455170119416	0.00382952511241179	0.00497967725777459	0.00632576242340098	0.00485719772758172	0.00461032745660574	0.00442859773099783	0.00479246461592114	0.00554754286815013	0.00541293446365108	0.00486695052609768	0.00519626473159009	0.00596830411833615	0.00652469630333981	0.00718953411069891	0.00645121548589823	0	0	0	0	0	0	0	0	0	0	0.00633521523393836	0.00524943535119744	0.00612675829551049	0.00752843786565348	0.00737645796657987	0.00760739375258126	0.00755133330787558	0.00756427086181406	0.00774274030221536	0.00757422635741639	0.00784934609719275	0.00839150713744155	0.00894087593201148	0.00904724623016471	0.00830213955297949	0.00910761961759874	0.00860362482916087	0.00950678542198396	0.00958514929507442	0.0109192457944277	0.00915081674200711	0.00882077098158644	0.0115811532528198	0.0121377930584649	0.0119939924448676	0.0113109717112673	0.0106814291938815	0.0119355634226304	0.0103933899108711	0.0126633215608136	0.0110101597100837	0.0136433763773651	0.0126616974289778	0.0117258390704918	0.0129112616786301	0.0139342079298174	0.0137799510368165	0.0142941234187307	0.0165591398414787	0.0146071436578317	0.0135594546404336	0.0133482482270318	0.0128368452786738	0.0164407563640617	0.0133522074815121	0.0141036118261928	0.0126452446766546	0.0117910980948143	0.0136919018519772	0.0166011652975522	0.0165506601390786	0.0157724633029551	0.0193409364692874	0.0120342726428383	0.0267599670507767	0.0170140013065482	0.017698259937312	0.0314939133533375	0.014941499649873	0.0164925088811416	0.022454364968057	0.0420888391638906
732.051	-0.00970625319405211	0.00743257526529488	-0.00304074240898711	-0.00216533649739179	-0.00142353184866254	8.27796743595366E-4	-0.00142598332412461	-0.00370083470762115	0.00260248583481278	0.00139504526783111	-0.0010915320324652	-6.16573557991591E-4	-4.5056948140792E-4	1.45892967465819E-4	-0.00604785974047524	-0.00141021167663018	8.37389586316865E-4	-0.00110324086012881	0.00191625959847014	0.00230168903673835	-6.65761525391292E-4	-5.21554783046835E-4	8.86480793353067E-4	-0.00328489648445578	0.00384943165613104	-0.00135979992899588	-8.98812712826925E-4	-0.00247427321036858	-1.10271603028148E-4	0.00110170353280708	-0.00149807080791191	-5.20125668138111E-4	0.00223052028637678	-0.00157934542476047	-0.00183680588844465	6.6287336384875E-4	0.00222482409292866	-2.70890680624094E-4	1.2178182028652E-6	0.00243944317247433	-8.58715387343933E-5	-0.0017077807652613	6.80811529483276E-4	0.00126507491683838	7.52615333740346E-4	-0.00205898578430121	0.001221741887652	0.00391896436491176	3.15745441213146E-4	0.00346436144244052	4.52437796341424E-4	-7.33832044373417E-4	-4.2884146723037E-4	0.00188271112097391	-6.77730424422935E-4	0.00391237493268212	0.00142979169238007	0.00152980613678372	8.1658126802931E-4	0.00166553487072682	0.00151637321725081	7.16265615550202E-4	0.00170050711540718	9.79379770038762E-4	6.2385107485216E-4	7.7958219642051E-4	4.93856620223863E-4	0.00140044437216815	9.00201622779388E-4	0.00191893561440986	-0.00157302048792743	5.49018200564227E-4	0.00112469574043635	4.79252709376266E-4	6.58493696944296E-4	0.00138222564564467	4.97973684868658E-4	4.88413752707307E-4	0.00182111096485414	6.39928352173194E-4	5.86669767744199E-4	2.8681998457302E-4	4.00284039476232E-4	0.00152291897292503	9.52126286309783E-4	3.33780468486258E-4	6.14810936676628E-4	0.00134318050093832	5.18085866753753E-4	6.7311370667302E-4	0.00125157468902676	0.00199478133763998	0.00210979580067669	-2.06508143086648E-7	6.08925834913296E-5	7.12775577771948E-4	7.83121936659336E-4	0.00116288522081849	0.00291476418319299	0.00103365504875129	0.00111336016034282	0.00124322463024223	0.00174168467520978	0.00184526311575291	0.00173422464545182	0.001268604322555	0.00220900716448241	0.00171300538255796	0.00172955649714748	0.00142553771042598	0.0012554469435171	0.00160148979130399	0.00195980844384848	0.00213145147706586	0.00166061441332343	0.001808699098906	0.00203352863896327	0.00190196124216911	0.00217663768622085	0.00216771503376892	0.00188788912626853	0.0027005846601322	0.00241840708759508	0.0028891687258981	0.00350102426157865	0.00233532540629586	0.00392854473226832	0.00268829499224259	0.00293670200951397	0.00280562361304989	0.00309372491319559	0.00351375905685628	0.00325758422704293	0.00281530327792786	0.00357114744178996	0.0023496063845196	0.00336747146840254	0.00269181515656793	0.00299588489826237	0.00293142649977157	0.00317251845529581	0.00452680032545433	0.00384405419152407	0.00427398035295964	0.00422585697150816	0.00373783729237143	0.00405528046486447	0.00302366390298075	0.00348522734269097	0.00480118198551819	0.00507701053928808	0.0045870647216686	0.00487523251272841	0.00409143243847206	0.00360345652613333	0.00445767531819231	0.00535283600050478	0.00453405195291607	0.00517774268832012	0.00553186971536037	0.0058423113563986	0.00776010266553245	0	0	0	0	0	0	0	0	0	0	0.00503646315283449	0.00531685026585737	0.00554300772381017	0.0061895982553908	0.00664990215378978	0.00671027565192802	0.00647623080601588	0.00686385080735766	0.00605012728871459	0.00735461193672602	0.0076787004839823	0.00658487561892795	0.00717581709156536	0.00843026316330665	0.00773705621353772	0.00789389271153197	0.00885892518247014	0.00959693764526428	0.00860347991610137	0.00873180128381752	0.00905019289398039	0.00850192587254084	0.0096139984855274	0.0102387991528249	0.00916750273721337	0.009170741619316	0.00967296777519095	0.0112458205304054	0.011652113658309	0.0129534629596564	0.0109181641749821	0.0106744718994791	0.0139696757436312	0.0121257124839703	0.0128420888942121	0.0138567573561012	0.0140506455948362	0.010495707760392	0.00917053242541316	0.0139613641903766	0.012098559598048	0.0155703021829576	0.0106338913878317	0.013454177381648	0.0147928931829414	0.0129278805596711	0.0144379938238998	0.0160127706708644	0.0129411682277465	0.0128404065353184	0.0165256118570788	0.0143678994079657	0.0148840474015528	0.019118626180295	0.0143296909111096	0.0216712245706605	0.0212045921813676	0.020135758843148	0.0300430931516058	0.0187424496694042	0.0111099149356902	0.00620255590766314	0.0219725713805378	0.00621374346961005
736.804	-9.64011942052073E-4	-0.00258472140328568	0.00219649440390536	5.9642704635246E-4	-0.00323950946116714	8.37474210134136E-4	-9.61798107190001E-4	-0.0010937476533757	7.7491229836717E-4	0.00109558264045027	-0.00615524625204167	9.35868442339714E-4	-0.00151943876101838	-0.00252600576484342	-0.00378829689177462	7.15289764991071E-4	7.0563586413373E-4	-0.00153517011269404	-1.38329889478842E-4	0.00109463070242304	0.00107826016492267	-0.00303426033764431	2.56332312866919E-4	0.00123099251064485	0.0020061087720989	-0.00229514314988043	0.00364549970691128	-0.00227647662614062	-0.00158180222308211	-0.00111049861141993	-0.00498109518847583	-0.00358229473208979	-0.00276503632658938	6.99543402176658E-4	-5.87330730547773E-4	-6.71277909694917E-4	-0.00318707222713872	-0.00283879253722973	0.00214870132299054	-0.00590349396637535	6.10009454597285E-4	4.32547532432477E-4	0.00111640881026567	0.00289717788708302	-1.68106488724559E-4	0.00241813136648043	1.65186569493009E-4	5.6657833062939E-4	0.00159031170383825	0.00272604105494287	0.00441880852413421	-7.38402378474201E-5	-0.00123060877659627	2.12276202431585E-4	1.57562620172765E-6	9.41808102435095E-4	0.00164266590839699	-0.00193018460425711	-0.00259558155212913	9.35548991720998E-4	9.20341461685259E-4	0.0022934102215829	0.00118730416544109	0.0015731506498626	2.86357370404564E-4	-5.06041498514536E-4	-5.45053625372415E-5	-5.48900088501467E-5	-2.1246984686249E-4	0.00257020004028055	4.06032356422421E-7	-0.00115766764253125	-1.47697699360451E-4	-4.35388910846225E-4	7.60204626839749E-4	8.38835652891266E-4	7.3076461813925E-4	0.00138699857024984	-8.75750211926244E-5	5.17564871654388E-4	1.27675071879984E-4	0.00177852194042885	-0.00109236452914565	0.00157988296469014	6.54949354790118E-4	0.00120240529688648	4.02817255088963E-4	0.00168073519982959	0.00129229446662935	3.40595634198233E-5	0.00126587698115734	8.1374758272034E-4	3.50408930849553E-4	4.99118312977868E-4	9.19067719815454E-4	0.00105159835140996	0.0015563210716028	0.00223820064867371	8.70699026678026E-4	0.00299737564813335	7.77633545262674E-4	0.00102674185713918	-3.75189629932927E-7	7.96714269260441E-4	0.00108808425399764	6.41723433411999E-4	0.00138862321601604	0.0018363052338506	8.55675526217091E-4	0.0016794908871356	0.00172347823016818	0.00176278119572346	0.00173345222275237	0.00206664464589401	0.00211051964676335	0.00176800337043973	0.00166258872709319	0.00165014240395809	0.00212162639068674	0.00166680576476409	0.00206073227918908	0.00127518325812683	0.00289127281873377	0.00122676281939809	0.00195940323289229	0.00149769183771222	0.00186365047161069	0.00142261637270947	0.00159803883329831	0.00313451429435882	0.00116538291974562	0.00248124904415574	0.00153026050429861	0.00222296228438547	0.00270368968506688	0.00233190302964979	0.00201748479597413	0.0033806182576107	0.00365473622033631	0.00403262569638857	0.00320943034119917	0.00341088800164519	0.00341529791915166	0.00388601513020051	0.00393217697812417	0.00321416668399779	0.00379975988365244	0.00419990990718934	0.0052184875284853	0.00371124741406322	0.00266132545560644	0.00495297458945317	0.00451876172897353	0.00460210789400027	0.00361995823831839	0.00308308267406196	0.00418104239369721	0.00481066948482164	0.00482377388185121	0.00581254188591841	0.00595807575638726	0	0	0	0	0	0	0	0	0	0	0.00534752553395606	-0.0104267016818002	0.00515112681047022	0.00556227280330951	0.00593988115395968	0.00461650715313731	0.0052670296977025	0.00596077556108688	0.0050045224448611	0.00631546630782499	0.00593235131328306	0.00741535505504562	0.00658435857170182	0.00768358563555392	0.00787499615587173	0.00732249870716201	0.00815917363625481	0.00848873971804405	0.00764587619622641	0.00854866639234798	0.00813423174978934	0.00925299293908013	0.00889748114117627	0.00800993131815349	0.00887827707150421	0.00997919428214424	0.00844763644626909	0.00993486774101706	0.0102319123609355	0.00938340579711145	0.00865468389105082	0.0108338791052659	0.0110186019321383	0.0105652019063356	0.01010269163734	0.0119260966648865	0.0104734886925716	0.0100635275522951	0.0117039245018284	0.00914903118643671	0.00991541994117774	0.0152635139357325	0.00933001635199228	0.0108392378963557	0.00995290420062585	0.0109336895025133	0.0133654984580055	0.0160201486133069	0.0135000769342233	0.00900155253070326	0.0147734987832975	0.0151734086147356	0.0101601737982356	0.0071813420071257	0.0169725292094062	0.0100365328000432	0.0194044235346852	0.0157320113067603	0.0249004773796522	0.00555766848569004	0.0215518331343048	0.0449852825787677	0.0269464198083118	-0.00637862122647644	-0.00845367148851091
741.559	0.0121830533147964	0.00262773340375898	0.00133969062039501	-0.00182195149127885	1.82428060939702E-4	1.70289730597118E-4	0.0115689926377554	0.00587534640631917	0.00503538209991102	0.0015928350572461	0.00160690618666856	0.00285471976086013	0.00417089644002949	0.00317154270525224	0.00340745850963615	0.00291326331406781	0.00602343425254454	0.00737882353880514	0.00802148823512057	0.00403732606951973	0.0019184648507998	0.0063039592076949	0.00260628645167235	0.00125164318883122	3.59686310221257E-4	0.00128502348844694	0.00579433654991543	0.00185248461625021	0.00402229423274732	-0.0198452683160104	0.00209334063666366	0.00289230129759454	0.00364646300022446	0.00132269666132597	0.00368057962950008	0.00155886571802312	0.00419444400368893	0.00409711830266441	0.00318609611709788	0.00313587339699627	0.00345928482948786	0.00228703997923972	0.00322937286409401	0.00311641931640847	0.00300206735110092	0.00313744928237675	-0.00108578429058858	0.00238563933269784	0.00282848115737224	0.00506799148421393	0.00302184275715673	0.00725734443526558	0.00139954151556637	0.00258175778918134	0.00167709049072614	0.0034790399335219	0.00407041099740483	0.00189950510859168	0.0025124895211265	0.00209248721604518	0.00380425638160377	0.00190237138968693	0.00295468021334878	0.001066281652279	0.00174749469901181	0.00228910810098158	0.00140816283742833	0.00221429700414311	0.00228344370511175	0.0033595121221396	0.00287494051497954	0.00261298799648936	-0.00125554562797001	0.00251167646245461	0.00198046932667231	0.00312716769820573	0.00427159394952601	0.00136423591987648	0.00263101264204209	0.00122787800450344	0.00245168381665217	0.00361642144743583	0.00238598022546202	0.0036943124792447	0.00117513335947295	8.78288199577988E-4	0.00145218161197086	0.00170886071610642	8.52233953586698E-4	0.00207842249583343	0.0027775821349562	0.00172085500774392	0.00184618870265917	0.00155417120113953	0.00267800210998665	0.00332960647027025	0.0020002477265012	0.0025089367739905	0.00194104930543157	0.00150993887497712	0.00174465165483858	0.00206165193562561	0.00257725245126048	0.00175920198770293	0.00221227612112193	0.00193469694164796	0.00103676290044182	0.00116110131203837	0.0010632336758056	0.00189308159522276	0.00208411987301254	0.00170174653770469	0.00196576984581321	0.00181189169690516	0.00235062701482643	0.0020863030936587	0.00234692914013116	0.0018673143953848	0.00202188509248304	0.00209937857151067	0.00225047115640155	0.00223780125299189	0.00279454681104485	0.00212847072175301	0.00229432050935001	0.00295812031622447	0.00277998872689501	0.00264064583976515	0.00296892134401051	0.00263457698806794	0.0031573046339528	0.0041481774388894	0.00394872029749543	0.00371889789641897	0.00302589284134966	0.0038292653312361	0.00398723356541563	0.00345989744163276	0.00270444550207223	0.00349707079223622	0.00400288373864586	0.00392874878844721	0.00405522819153069	0.00374110219834028	0.00311239346804736	0.00387159330779684	0.00372280843869018	0.00435498723005679	0.00268140949862087	0.0046608896989902	0.00459976438937622	0.00569793487489971	0.00585356622228665	0.00606571795695153	0.00475083278975791	0.00489647421245599	0.0056338308377397	0.00554644060759564	0.00666364377181168	0.00544555360296897	0	0	0	0	0	0	0	0	0	0	0.00607432767565767	0.00536739363849696	0.0042554531123515	0.00549202448182973	0.0061439828982271	0.00608610400802271	0.00653345839440269	0.00630704202449323	0.00714244686229369	0.00645137145761975	0.00738424895734022	0.00673509707372941	0.00725698425569891	0.00790150637063394	0.0072731292908638	0.00820000846442999	0.00892809200538137	0.00943850400278188	0.00869029005815637	0.00894550122963309	0.00828044683820386	0.00904525393055794	0.0097366826905497	0.00847662323396301	0.0101279989930455	0.0105306802924183	0.0102540551539016	0.0104237767610895	0.0103644346827198	0.0100144782617494	0.0115438066001678	0.0112898425179773	0.0110576166852914	0.011738038363682	0.0132055000872322	0.0126682141681389	0.0105258839503532	0.0109761344456957	0.0120807942080486	0.0115924796989267	0.012358919592415	0.0104936832739702	0.0144934626794251	0.0116618589251388	0.0143924081282796	0.0123690026372403	0.0162182225189678	0.011176826844355	0.0183350396413425	0.0164704013675704	0.0152121602857136	0.0185159586122093	0.012284151944018	0.0143005261010297	0.0209995498374025	0.0182607803018645	0.0262983575354874	0.036638026358722	0.0267538554660548	0.0292634128310597	0.0309009581635413	0.0280461078746834	0.0145480008819442	0.0267542702377365	0.0347444209947966	0.107111253571789
746.315	-0.0131847907861854	-0.0109647231446788	-0.00501090012982354	-0.00185209436577067	5.60485824519547E-4	-0.0069459423704821	-0.00847637068483991	-0.00907162460326554	4.79645918992173E-4	0.00145757840185158	3.24879711892098E-4	-0.00711807675997102	-7.87822306515799E-4	-0.00231000079189447	-0.00392888214054144	0.00103331841709679	-0.00292682912039789	0.00246012923682249	-0.0027276719271265	-0.004404175633382	1.39677163645787E-4	-0.00273628961271575	-7.97200692108124E-4	-0.00536149135675032	-0.00403880322142238	-4.79130614253432E-4	-0.00153762554934154	0.00354102751685912	-9.37590038228016E-4	-0.00195908013576754	-8.98948360129209E-4	-0.00458971504446225	-6.39503977412491E-4	-0.00290369392302212	-0.0022342900467825	-7.95072948318665E-4	-9.73140052222995E-4	-0.0010446801252203	-0.00390131428426674	-0.00173679326122611	-4.55872051045323E-4	-3.59662983639618E-4	6.19729415139362E-4	6.14194513719718E-4	-0.0021875675723275	0.00233369250231901	-0.00221808046223819	-0.00486687607304048	-0.00272020374338918	-0.00306927024326844	0.00158010235015499	-8.47896558277749E-4	-7.3377891296727E-8	-7.2601297259658E-5	0.00121160318822242	4.87319905204623E-4	0.00101994954852227	-0.00327191308079348	-6.58475935000187E-5	-1.943573430813E-4	2.53718673066833E-4	-1.8814053400313E-4	-0.00289092025647934	-6.06262284620574E-5	-0.00106927273510719	-6.4190804573705E-4	-0.00143598217333234	-0.00344350062438717	-0.00243966109266324	-0.00261099545791594	-0.00122603657932098	-0.00125494847517956	-6.16206346611482E-4	3.5124617235614E-4	-9.36017154409381E-4	-2.90163691793771E-4	-0.00255861930261954	6.49575733778838E-4	4.99972123175872E-4	1.77873707269569E-4	-0.00197359673772985	1.27951817343226E-4	-8.40329947005754E-5	0.00163802123989867	-7.1911337583887E-4	0.00202645549285851	-5.3180297560175E-4	-1.11195956806659E-4	3.98365726193769E-4	-0.00144897382424284	2.0711244298556E-4	0.00165404885036722	0.00145367222193801	2.58846085471802E-4	6.35188632473518E-5	6.23158123018082E-5	6.09104315502235E-4	1.78543496544322E-4	0.00183411003076354	1.42645784582547E-4	1.11223883587865E-4	6.65476166028191E-4	6.00936577345471E-4	5.66895795501128E-4	5.06478064386202E-4	8.49027340058569E-4	5.17533633780935E-4	9.52753809690312E-4	6.90771681895326E-4	6.24733113942525E-4	0.00154253608804356	4.80074349376778E-4	0.00112420195984359	0.00111837045137648	0.00124086666195748	9.48834463294146E-4	0.00183567753221448	0.00110635811509458	0.00122362072262215	0.00110752310970774	0.0013772300044785	7.55444007996085E-4	0.00205424160284696	0.00113345530927485	0.00155917324975264	0.00192223986583478	0.00228608710815876	0.00180232521892183	0.00165628158560145	0.00122849210150103	0.00196187039263548	0.00242493290362647	0.00165984805821377	0.00276102226995158	0.00146075445205162	0.00192993144369212	0.00209172940691278	0.00270543503226682	0.00268625323339615	0.00167270087965226	0.00226548969028085	0.00235006814573164	0.00222329342164429	0.00274859674593908	0.00336609273712363	0.00280044746129636	0.00168434975925243	0.00395209591090903	0.00259127168675213	0.0020374830338386	0.00281509136850828	0.0032168436485826	0.00182163483125815	0.00258692600063825	0.0038342159290948	0.00486242997493789	0.00428387390211546	0.00326574735225981	0.00464918063944633	0	0	0	0	0	0	0	0	0	0	0.00396006842511724	0.0041384302633582	0.00412954504732373	0.00353861971209457	0.00392366611146442	0.00508010424372786	0.00472801722082093	0.00524477484854029	0.00524368203949912	0.00500409386499839	0.00600932661828319	0.00528979797811521	0.00443428599165515	0.00575435925043195	0.00701558573552291	0.00640204194578622	0.0073752192696924	0.00590629440967972	0.00735507175299475	0.00674763964919678	0.00767691162105934	0.00786588910377325	0.00721620974831754	0.00805272848684934	0.00919268441270646	0.00816670941077329	0.00770848314708947	0.00822770374226021	0.00902252749513817	0.00780404348086569	0.00827484380598159	0.00952608845289496	0.00897565275974882	0.00934763633828827	0.0102884005208614	0.00939064087270617	0.00853133774049985	0.00789448667767289	0.00985819996635364	0.00884360700577578	0.00713210698734825	0.00995174643578761	0.00971788249031301	0.0102291002454034	0.00848500601716034	0.00956373648595698	0.0103229486602149	0.0115262589032611	0.010618030795251	0.00773151967503482	0.0150081153552049	0.0141813130354639	0.00911304618374505	0.00728503632132671	0.0116684545446156	0.0147039134077905	0.0247623985041204	0.0145692566096648	0.014112339741862	0.0115682597628109	0.0114019183144143	0.0103797887559179	0.0223566769493232	-2.78201956938966E-6	0.0142824536035077	-0.0404237152200808	0.0197006760828582
751.073	0.00656411983652526	0.00123759854309397	0.009480843512665	0.00857773202579389	-5.6861344936284E-4	0.00511199068253625	0.00185584176263168	0.00575562741682452	4.86816116175088E-4	5.47300213283541E-7	0.00249364432614684	-0.00114928053161929	0.00159952399065725	0.00422195505936433	0.00306759640350027	0.00135373323089904	0.00846188635893884	2.93964395088974E-4	0.00349704184067445	0.00101004529197963	0.00141898476368339	0.00499984700361048	0.00202406002377586	-1.29587255499709E-4	0.0038515527068434	0.00132862177857747	0.00419888151465228	-0.00287632416162737	0.00107126604171438	0.0072445537813814	0.00239492692420037	0.0035491627646287	-7.53684303812463E-4	0.0024222328965307	0.00618084969051437	0.00211941960968572	0.00157904435243111	-8.67769753647546E-4	0.00311209845015317	0.00371097194974428	0.00220422296539646	0.00291436299064846	8.12688871397284E-4	-8.05922955506417E-4	0.00168721387634259	0.00193096743983162	0.00242467832850403	-0.00136208585569571	0.00225950149339839	0.00295167193092359	0.00120391457926824	-1.5495282238514E-4	9.91623920083917E-4	0.00252469790019657	7.96981518584878E-4	-0.00147906427795215	-6.20260550224375E-4	0.00182986247149894	0.00160027555476396	0.00380731390331517	0.00161461275246199	0.00203329376510118	0.00174832262108524	-0.00122660008687989	0.00223097777082996	0.00124458890936219	0.00320524129304902	0.0021780744916226	0.00258962930319703	5.52465205991724E-4	3.24208545413486E-4	0.0024407053654719	0.00161383975079693	0.00112210907578181	0.00365088010326947	0.00225683116174169	0.00168311401966877	0.00225932461336941	8.77309222850744E-4	0.00145131095200714	0.00222655534368578	0.00187287872731691	0.00178904206667874	5.82135721541505E-4	6.89490586099581E-4	7.90742845514524E-4	0.00161943815430685	0.00256004599200402	0.00231608645067179	0.00114800424253135	0.00171829965770531	9.59478526694235E-4	5.3658357261725E-4	0.00325146001955323	5.48253106445051E-4	0.00158149034691473	0.0014220280080085	9.06212191928303E-5	0.00230575544786073	0.00115805166343783	0.00132702201945198	0.00186451860931676	5.33517451788872E-4	0.0013902698159704	0.00224383579142688	0.00156069169425861	5.93885338435507E-4	0.00152511767021213	0.00164200180363905	0.0016910983865898	0.0018906980187641	0.00170580988352464	0.00273760842773966	0.00238103734266977	0.00124509651013628	0.0019911899669022	0.00135990963071761	0.00255921537422457	0.00203677868475659	0.00184431244149439	0.00173631190702483	0.00198617229156755	0.00204794223182691	0.00200456570305625	0.00289445686494112	0.0019751027506016	0.00137987882471651	0.00270658691234398	0.00254908494582265	0.00259816644075713	0.00329409253023917	0.0026375407728494	0.00272572377908226	0.00182813995335558	0.00275052825787059	0.0030681753618064	0.00302001663841225	0.00269892875151028	0.00430950091718639	0.00264696482253056	0.00325747734323755	0.00354088186235279	0.00317550636210519	0.00338646730356892	0.00333379292277969	0.00272957219965438	0.00397077620356964	0.00597387094246867	0.00511340725109934	0.00402175694243612	0.00238140560139446	0.00282703217125057	0.00266419485402199	0.00424995441869762	0.00394603800591481	0.00456013979832972	0.0046403009775326	0.00488156243663494	0	0	0	0	0	0	0	0	0	0	0.00405133893607652	0.00452543632625505	0.004993287462488	0.00440785598249865	0.0043587047009243	0.00556688700084883	0.00530136591700286	0.00581729945522366	0.00573934308575956	0.00569275760953272	0.00587657984781641	0.00665485960639809	0.00713459456817511	0.00684402875396162	0.00687703957994874	0.00731231705506734	0.00680581371318375	0.00651143228808417	0.00723634338541201	0.0076181680601377	0.00769051068553598	0.00919851076211859	0.00847584133822943	0.00939917577916737	0.00926472825549278	0.00787504423195014	0.010132542193029	0.00815125370002654	0.00961485051934009	0.00938713222198644	0.00932692975894248	0.0110929489733051	0.0102514779053612	0.00984179379533269	0.0115383449993471	0.0101206909759714	0.0101593595697137	0.00982551879777117	0.010898770931826	0.0129474024893629	0.00993562891725795	0.0120667110386409	0.0117866572120813	0.0102220633264277	0.014552326619599	0.0128801316613719	0.0128588893265188	0.0162115301935655	0.0134914436079832	0.0144679735923072	0.0134698874002419	0.0153488674381284	0.013904317628647	0.013139187335688	0.012423811554862	0.0194150114935074	0.0241430108628835	0.0257631489661002	0.0213625718848452	0.0198970198154816	0.0195723598960961	0.0248553973340593	0.0136565575450257	0.0208688683969301	-0.00484794864402159	0.0507831749831568	0.0477126773388754	0.0953813136099243
755.831	-0.0132071855061597	-0.0134536383743463	-0.0087815279706191	-0.00773496199541123	-0.00466704993517363	-0.011396550459422	-0.00883222119746189	-0.00168657215760549	-0.00116878468982483	-0.00118411323297413	-0.00306915762316541	-0.00825671697506992	-0.00591028985293362	-0.00112374035037697	-0.0026760251797945	-0.00710815277147011	-0.00197998371253831	0.00180993128575401	-0.0091229054248255	-0.00473347857359812	-0.00116485030502803	-0.0075549042819791	-0.00470985499280987	-0.00412295577158266	0.00165735756805817	-0.00247926622169815	-2.44431243016667E-4	-0.00159900749134257	-0.00525008748288374	-0.007794961604462	-5.84584172802541E-4	-0.00204905413001199	-0.00675255729694994	-0.00269812236193816	-0.00422870989229443	-0.00155426329396457	-0.00658316131961624	-3.95455393587764E-4	-0.00193426490932607	-8.56445895825533E-4	-0.00357884348571415	0.00112157580927711	-0.00268619965185054	-0.00432331856289328	-0.00100311559392968	0.00225463508440816	-0.00133143722547328	-0.00262208749905569	-0.00514693476395334	-6.73368381536985E-4	-9.86455048255836E-4	-0.00136453828447333	-7.75852469404329E-5	-0.00396064793318172	-6.6688785660433E-4	-0.00311184527774495	2.11316644895913E-4	-0.00319974365481025	-0.0025997953962782	-0.00262568120338112	-0.00231959449122688	-5.20853663246213E-4	-0.00269032385207537	-0.00151054934323518	-0.00123682700213994	-3.03769481206864E-4	-0.00250952824258637	-9.99979165206617E-4	-0.00196211773540347	-3.96291102891431E-4	-3.8910680337197E-4	-0.00103429136909449	0.00128269468797916	-0.00209342388061827	-1.01999116947434E-4	-8.05509013104621E-4	-0.0015281391442301	4.3758240263995E-4	-1.88914371722923E-4	-0.00125519443249433	-4.41928562487023E-5	-0.00227886270637835	-0.00157357022879891	0.00128042833482778	-0.00245553909666716	-0.00113702770262404	-0.00170283970066335	-0.00127521505833269	2.26602989820328E-4	0.00143598764641753	-6.47462802559123E-4	-0.00116064645378845	-6.19636655826971E-4	-7.08003761643293E-4	-3.29930214382979E-5	-0.00123360614680683	-0.00136520384194613	-3.10057398009446E-4	-0.00157738356880748	-7.41551070418521E-4	5.21753418097512E-4	1.71102074803621E-10	1.56134926149433E-4	2.95163598077287E-4	6.71860471784466E-4	-2.387382693337E-5	4.92292193336696E-4	5.72184808597757E-4	0.00110922103369683	0.00112428769898699	8.62622440730964E-4	0.00115426057379346	0.00104410532253238	9.5436471529075E-4	7.83784472401865E-4	8.28465291384654E-4	9.56397551891105E-4	8.18349872896229E-4	0.00113265816812719	0.00127765571310855	9.41304759086236E-4	0.00116344987851307	2.52277995110035E-4	0.00126419142850253	0.00115574795047075	0.0011407155331327	8.21886548457409E-4	1.07066628428835E-4	2.16653486576887E-4	0.00152005311085077	7.875444572393E-4	5.41003571414764E-4	0.00167879557167085	0.00150107508422034	6.14167019414357E-4	0.00150213623975476	0.00174388422652822	0.00259866999604874	4.25290431333946E-4	0.00207625766793001	7.39008823301447E-4	0.00113379400469477	0.00360942427807562	4.45674258941725E-4	0.00168252126596451	0.00207205266736772	0.0014284572682411	0.00132174696749557	0.00218964041442544	0.00256517577501564	0.00244423019278777	0.00152165778048636	0.00134006716623823	0.00172184623912538	0.00271856343135967	0.00446000453001144	0.00416369122137286	0	0	0	0	0	0	0	0	0	0	0.00307216820055155	0.00344045227453431	0.0042988938933714	0.00349879531076965	0.00366294458059472	0.00378520563860537	0.00302893345143948	0.00450120660408378	0.00544747049965534	0.00330862498689956	0.00399616577954765	0.0043957665629503	0.00512278666994741	0.00469763777563501	0.00523382423890705	0.00531434425482845	0.00569207833193378	0.00523911956088413	0.00518132130503032	0.00594166900076467	0.00629268213257144	0.00683909766673014	0.00731071563372076	0.00681843582085255	0.00748472697457793	0.00674678864747374	0.00843891737048763	0.00589143376074285	0.00609916570522988	0.00689699819075176	0.00865957153959447	0.00889174142457154	0.00874555787742576	0.00873288379381171	0.00767515289165273	0.00749950235541663	0.007115147927723	0.00756163209638038	0.00836900136819679	0.00652630408163601	0.00475942904464366	0.00731300703641268	0.00886559366633369	0.00864154328150948	0.00997962540702988	0.00529046157060669	0.0105762735400596	0.00646747687450056	0.0093758160084017	0.00464291930041217	0.0084975158199159	0.0027190268312106	0.00700139482033093	0.0114945566793068	0.00977036016189279	0.00941181036495723	0.0114857756092892	0.0109744713505264	0.0179141158665118	0.013734079199392	0.00462905960192407	-9.27002076669195E-4	0.00279117622487302	-0.00881453349119461	0.00325551442232114	-7.37833960771157E-6	-6.70029380137979E-4	-0.0490080259704101	0.0181937893581306
760.59	0.00105958319781002	-0.00155949680907041	-1.98505588635791E-7	0.00747879067343617	0.00637157595093093	0.0040765804563968	0.00283750138552214	0.00224370259357564	-0.00171175582880558	0.00190499772157489	0.00174533650766658	0.00138104213258324	-0.00336234259130182	-0.00345223715318021	-6.44581336205086E-4	0.0022167359757038	-3.1179036437603E-4	-0.00772116163858874	0.00214379728240079	0.00363626016769451	-0.00492133608851153	2.91980446158314E-4	-0.00127674262159615	0.0014982929776849	6.5340897385709E-4	0.00190362350612252	0.00542191267763417	0.00403199022937685	0.00150002969130827	-0.00196354883267618	0.00251618152289665	-4.65887598106594E-4	0.00158867010921854	0.00497781306313875	-0.00130009093988869	9.54605720222729E-4	7.25269764913597E-4	-0.00131706232974905	-9.88493266336816E-5	0.00341244148565431	5.77875936485298E-4	0.00440191653685293	1.90011351653641E-4	-6.57775897607298E-4	-2.77994395518131E-4	9.15925864918873E-5	0.00427879425062571	-8.9476934932084E-4	9.68242152885226E-4	0.00258542396722632	0.00505829241784228	1.65276318792608E-4	0.00272454759026982	0.00327618414914613	-0.00212849229839289	2.95576386152948E-4	0.00159645537110307	2.85751153302551E-4	9.11454030432956E-4	-6.90405585095653E-4	-0.00312199958597953	-2.00324786873708E-4	7.21703594033092E-4	0.00116053077909561	0.00114093925196584	4.35917040841408E-4	0.00281739288056685	0.00252972721548235	-0.00118277137425636	9.86276934019325E-4	9.09707444341894E-4	0.00217448261757831	0.00114889995289002	5.37147238870797E-5	0.00273317542380664	0.00165014641504334	-0.00257697229604662	8.91159577847991E-4	3.88390594902617E-4	-9.05165902243501E-4	4.69112752695758E-4	0.00137326991120516	-2.6853642864747E-4	-5.24317114216545E-4	2.98347784447095E-4	7.8958295912591E-4	0.00235066337232149	-7.51844329811158E-4	0.00104324576506999	6.40679805153978E-4	0.00147448866815254	2.52090088015709E-4	-0.00109274775138044	1.38081754583509E-4	0.00179605624468082	0.00182840708952824	9.7514845888843E-4	-5.08000031994902E-4	0.0016465030728475	0.00152069408636613	0.00207548320624124	0.00136324739914769	0.0021367458135523	9.5735499053973E-4	0.00135108075672361	9.30361099532347E-4	6.72175032858079E-4	2.70249265313549E-4	8.20531287920426E-4	0.00185820132565516	0.00122432863759917	0.00185207086965592	0.0014753164297389	0.00144181742937776	3.8649437428558E-4	0.00127207884428285	0.00161451546819566	7.9644571505027E-4	0.00136414071995603	0.00152855220668953	0.00158739990602677	0.00150140125669875	0.00215260962917805	0.0017319164026885	0.00258219082117334	0.00156230628215321	0.0017020128500907	9.75583691392398E-4	0.0024302163796389	0.00158397455960685	0.00193285892026714	0.00200657498872018	0.00171903774143699	0.00153745077717671	0.0013577006919741	0.00267883013226631	0.00181030583072319	0.00253553802648904	0.002840655775867	0.00230963511623864	0.00163742584602041	0.00300881388882531	0.00226180403355392	0.003473570078805	0.00286156107795598	0.00212169048877155	0.0025895357182541	0.00289311247839872	0.00331682692917498	0.00268720007753134	0.00226735627379881	0.00311498851141893	0.00222896555502953	0.00423863882524233	0.00366440888039768	0	0	0	0	0	0	0	0	0	0	0.00391169197150466	0.003157310421803	0.00474538361547004	0.00357371106154557	0.00341546535090206	0.00476875490546812	0.00548906260589423	0.00453081627584099	0.00426200771237073	0.00392558643447408	0.00529848913818716	0.00539040352510685	0.0059831532286325	0.00649053764215899	0.00527230320639122	0.00631567425581516	0.00604365382050428	0.00717218771902141	0.00522859963601522	0.00724083890412915	0.00669357682329629	0.00735739916838019	0.00870874356383548	0.00801754315211126	0.00788868275322274	0.00584715106196864	0.0070314622430868	0.00640775729951964	0.00802163963987674	0.00714978101883601	0.00993708424241956	0.00803743047102715	0.0114639410212395	0.0075469512714848	0.00815305939651013	0.00894248866758442	0.0104798536027425	0.00936469802738833	0.00942285973914403	0.0100200775391164	0.0102737946944895	0.0104437943225119	0.0107564383102424	0.00918490920029526	0.0112809403811143	0.00884853446826709	0.00954246917266101	0.0117899305846067	0.00913718883201535	0.0128892096554447	0.00969470354661986	0.0102118921567706	0.0106980142069053	0.0109239981843128	0.0131446899772936	0.00698391469752213	0.013527914511675	0.0155450928530231	0.019020226146416	0.0174351770948409	0.0122291299614356	0.0143102441899872	0.00864359514667229	0.0104438707014314	0.00357586497866466	0.0283011912297806	0.0248044522599306	0.00452302125568923	0.020797777737274	0.0202442805361169	0.0524640717914449
765.351	-0.00214753215559833	-0.00132144979231559	0.00445023037720446	0.00246291576016148	0.00364707093558522	-0.00395751254211727	-9.72457180523911E-8	-0.00158147669938464	0.005226119899511	-0.00263830984415958	-0.00550555482787855	0.00281046880603552	0.00513148157317244	5.01408246222895E-4	-0.00196800963931662	-0.00434912809062593	1.60229410342202E-4	0.00377119097381847	-0.00451866583783069	-0.00200244317098137	6.07176521035372E-4	-0.0041584028331911	-0.00115494467569383	5.54318209232729E-4	-6.6503755788632E-4	0.00129276498698116	0.00564860472242038	0.00281983750625429	0.00407238769550829	-7.46470162007976E-4	-6.08307181516858E-4	0.0013055294513752	-4.60720914988137E-4	3.40218595868959E-4	0.00297482390418918	0.00323751014408671	0.00380122058324404	0.0050519024697597	0.00100882114759761	0.00307515602627403	0.0033390777589129	0.00350551740921445	3.86562252529439E-4	4.79769320116656E-4	5.71500447564423E-4	0.00178554016483731	0.00361420416350385	6.38394981595726E-4	1.81449629162399E-4	0.00149047324171389	-8.45905849169975E-5	7.3377708122819E-8	0.00318009866813415	-5.55551700826716E-4	7.73608134270758E-5	1.52072980554804E-4	0.0014042137120883	0.00195948658228647	0.00164085887315445	5.61256344526962E-4	6.90766069829062E-4	-0.00108670621350727	-2.6619625106514E-4	-0.00157406781862602	0.00161286058932005	-4.43502386058932E-4	0.00174531287009794	0.00374029848530731	0.00228659176063016	0.00188954235649337	0.00295285290305389	0.00266693605422415	-2.22265951313884E-4	0.00256327626694316	1.60865660727607E-4	0.00157397289954352	-3.58425609483067E-4	-5.03136232832756E-4	0.00212337564691423	0.00121342924844214	0.0013339608517778	6.05800437804369E-4	1.82445113324733E-4	0.00168958378926316	-8.67304183133527E-5	-4.27296640062446E-5	0.00111300186851384	7.24605635170958E-4	0.00157246297607972	0.00126554412396099	3.3756862506473E-4	0.00109930505423121	3.9447790989366E-4	9.83336211499266E-4	3.44961219956072E-4	9.47079501149804E-4	3.63181005936054E-4	0.00119522370206079	1.90483937990229E-4	0.00126955169248807	-1.80433013903184E-4	6.64619270105777E-4	0.00125020083953902	9.73967051610908E-4	0.00102492293690671	4.48400272228719E-4	1.95395873674023E-4	9.18360340087589E-4	4.70554767752648E-4	7.60382942354167E-4	0.00122536997093581	0.001122417481102	0.00144499297335602	0.00214180657542318	0.00151320705412541	7.93540125543093E-4	0.00107720714700972	0.00142463866284587	3.1439792470311E-4	0.00105929915085581	0.00209522834619014	0.00102580385761524	0.00108583642564226	0.00174041025894599	0.001448438754883	0.00208898699092302	0.00224891127983055	0.00159964975186392	0.00132091622216938	0.00219484306664603	0.00147590232933759	0.00214889574331888	0.00111305993583209	0.0021114097539917	0.00189280337917999	0.00153988952638416	0.0030779200313724	0.00166037652737292	0.00239596603195633	0.00232349772627888	0.004200607109441	0.00249744079611138	0.0024977261783948	0.00127499762571682	0.00202024486699427	0.00225010039077914	0.00260404117198104	0.00228562948090776	0.00284420218770975	0.0022733901377502	0.00431425114023368	0.00361006409980265	0.00447686517767243	0.00234332635464192	0	0	0	0	0	0	0	0	0	0	0.00369071581992579	0.00280944252694185	0.00336785495328874	0.00296870184287951	0.00391976147631925	0.00386112199900269	0.00431274120082277	0.00371429652313785	0.00473790431194071	0.00572198928023053	0.00484450258259796	0.0045874055432028	0.00446587487217371	0.00376823257237908	0.0054053161354263	0.00633472773016504	0.00524984553202697	0.00645530703171363	0.00735406330900479	0.00578466745540522	0.0062337358679609	0.00714790419976017	0.00581153563929211	0.00626414130292853	0.00779136343836579	0.00751435499252353	0.00955375412613799	0.00658212552816706	0.00965226329477485	0.00767961818472252	0.00988837302427835	0.00883287166995512	0.00829759040388632	0.00723407320279598	0.00893004939904646	0.00765059574459358	0.00861056216426182	0.0093756309486495	0.00852774304363812	0.00968627344836703	0.00947399839288443	0.00709407219064515	0.010854937111464	0.00961390501562124	0.0086411632582488	0.0099838185209124	0.00921950564906888	0.00649887111469659	0.0107799312473023	0.0107611943994725	0.00764920647704161	0.0110139070092423	0.00978561599179393	0.00863933313804859	0.0153124324085719	0.0133739903445337	0.00684364585806402	0.0182085037288157	0.013602159831451	0.0255130049584137	0.0151784923037562	0.00533365562347954	0.0120506131277741	0.0215608777652309	0.02608166023108	0.014562802461617	0.0171077261292805	0.0062975106359003	0.0195632894008374	0.0289187220183263	0.0429675359104906	0.0343553134085806
770.113	-0.00109220390927871	-0.00964632497696302	0.00551130292457707	-0.00476184677194571	-0.00533691201478978	-0.00286375313489256	-0.00164500200455333	0.00107185616186042	-0.00529238148725458	-7.1186448682489E-4	0.00144127258974567	-0.00764909952451136	-0.00225282053477601	-0.00474402739213026	0.00348908833439217	-0.00816078032530652	0.00144891347649813	-0.00334268068951545	-0.0064723932665383	-0.00312212241557335	-0.00691749989215379	3.78960606743895E-8	-0.00628731621586665	0.00617721170204934	-0.00874976652205879	-0.00143907960658677	-0.00441903416860792	-9.09616749185377E-4	-0.00347977208783434	0.00595088916047791	-0.00197576450624006	-0.00372491062797419	-0.00502383384650847	0.0022837288816281	-0.00223119879726364	-0.00306168597979756	-0.00160287866709436	-9.39809220572499E-4	-0.0024502089165804	-0.00251168055416067	-9.77171867333431E-5	0.00207275307094786	-7.80419128574297E-4	6.81500268238363E-4	-0.00124960824562407	3.81030616616177E-4	-0.00262359162623101	-2.76308928789985E-4	-0.0040766970209804	4.44149595186528E-4	-0.00269317245779731	-0.00144070208227329	-0.00322080496753722	3.52785162884769E-7	-0.00203591189447638	-7.58232700271733E-5	2.24835956537086E-4	8.82249546840289E-4	0.00144507424091525	-0.00177703549963346	-1.4001808928346E-4	-0.00254686851902892	4.06315547630936E-4	-6.63734372931765E-5	-0.00143655873613011	7.06406065147844E-4	4.42622622240178E-4	-3.10175064889099E-4	-6.68404555581872E-4	-0.00209303113183768	1.17510113729763E-4	0.00120754102405345	3.38825146168552E-4	-0.00160167447303551	5.95841505340273E-4	-0.00143471744339091	-0.0011974834471387	-4.07069135694494E-4	7.00205669396111E-4	-7.3660695899598E-4	5.30695820798332E-4	-5.66140900943094E-4	-5.5354709774932E-4	-3.1504648375813E-4	-6.58829138705384E-4	-8.14478518933785E-4	-1.25650539354081E-4	4.89387085037008E-4	9.558594408575E-4	1.16472896117701E-4	-5.69501380229541E-4	0.00129934771276618	6.5397617937735E-4	-0.00234869223863964	-9.08002368282259E-4	-7.88134884534654E-4	0.00150711696684633	3.27122796829013E-5	5.12881357314863E-4	-8.77627703389366E-4	-1.8351798056123E-4	-2.92752424013273E-5	-0.00121193576272751	4.41601608939601E-4	0.00134214311950362	1.0094459605408E-4	4.94893744942105E-4	3.71079757285151E-4	0.00171407233145201	4.78859207281929E-4	8.48378351165266E-4	6.49811268607917E-4	8.36642812811223E-4	0.00140092350019288	8.89182178289825E-4	8.03741856216149E-4	0.00120046963127522	0.00114615765529528	0.00148182502474578	0.00147699318123551	9.05971131958609E-4	9.2655133790741E-4	0.0010996263348776	8.82366481896175E-4	0.00139999264632176	0.00117832981551069	0.00136342703883357	9.78502554146341E-4	7.97413714127564E-4	0.00129507009368233	-2.75320786718876E-4	4.35220319189113E-4	8.86065424668644E-4	8.1886162149057E-4	0.00126968269799152	9.97470788695015E-4	3.32701907239023E-4	0.00131974582156306	0.0014778095224707	0.00251617375252724	0.00103906669496192	0.00228508657711215	0.00233143842679563	0.00158506370319809	0.00186621546600147	0.00295710860993361	0.00226097859331403	0.00196638018563254	0.00164686051251538	0.00227198941017503	0.00136587052823731	0.00291408083171727	0.00312224790381525	0	0	0	0	0	0	0	0	0	0	0.00288122056350213	0.00196263159622841	0.00158130685082285	0.00272954194052443	0.00201349924122019	0.0019595343636955	0.00310339263451939	0.00374515738076528	0.00423043459601591	0.00345037838322248	0.00384727853972521	0.00349812129329376	0.00443762626103703	0.00468324968004731	0.00630098684439099	0.00469377661196682	0.00557116739190992	0.00592823850593197	0.00586331292190248	0.0064724293766803	0.00497689354013	0.00537876266114367	0.00739667157999872	0.00646390848905324	0.00558997306495073	0.00678046493996672	0.00598685122999665	0.00545988945904121	0.00869734876563807	0.00667908924131415	0.00702847153048201	0.00909662511399847	0.00851656290200012	0.00514912957309269	0.00749361514613375	0.00925931730305136	0.0077507927953112	0.00926290296835152	0.0076825995127291	0.00791587622351253	0.0086616782813281	0.0083987208386502	0.00762651079508071	0.00630958058845003	0.00955640524121091	0.00706941069286345	0.00866960848126109	0.00824550732888012	0.0122357934235427	0.00780108626634108	0.009767584176125	0.00636522606876553	0.0103822723146636	0.00991455353625406	0.00864740170585211	0.00620307816140132	0.00504994418022571	0.0137317139826412	0.00740812702252771	0.0237149962950215	0.0151524488821943	0.00938713301266269	0.0105787773061192	0.0178021860226687	0.0060360131389325	0.0179421648401898	-0.00111111162185455	0.00803231552188856	-0.00197107696134323	0.022148974671815	0.0214434579193731	0.00630948886102223	-0.0192256244474435
774.875	-0.0106678874534101	0.00109994534635533	-0.00334578430047046	0.00838481246728853	4.21532757993667E-4	0.00843385733398923	0.0022531094524017	-9.15289405352143E-4	0.0123270174295688	0.00164855523937584	0.00277466261334767	0.00639447037306901	8.90042340010622E-4	0.00121849751732655	0.00341365262770916	-6.66120047821609E-4	0.00181684575652274	0.00392399211516016	-0.00226993628927791	0.00304924264063911	-0.00110522636268228	0.00587304124033429	3.00737430072706E-4	-0.00187465271763656	2.76745628016994E-4	-5.38287718192329E-4	0.00306868973455877	0.00173340116143125	-1.32530625846503E-4	5.19214780111592E-4	0.00203145545307432	-8.64815190643138E-4	-0.00155899311899535	0.00351253209065359	6.89002001724059E-4	0.00168472129910915	-7.67514244220427E-4	0.00461334858468616	-0.0010485485369166	0.00392250220808826	0.00265589896842492	0.00527067104829765	0.00191427501549594	-4.35155807948582E-7	-0.00286327699018602	0.0012719619560999	0.00135100062296991	0.00227480816210217	0.0022336230839442	0.0036498093574831	2.22118117877466E-7	8.71542760435059E-5	-0.00152702462458962	0.00206428624397754	-0.00209332748745093	0.00298500328737659	-1.53050117320855E-4	0.00173447155953573	0.00126115208960284	0.00708410613835898	-0.00294630123020196	-4.94856236077969E-4	-9.7306384218142E-4	-0.00136522117074591	0.00181112954456731	5.2718428575921E-4	7.78706251102096E-4	0.00165815415299597	0.00150266832880528	-9.22078276994485E-4	-0.00114394470043234	0.00153450987072487	-2.89524161332958E-4	0.00277995614943831	-2.22543763041788E-4	7.64410058456896E-4	0.00294255654381997	-1.56988207873532E-4	0.00143846019765629	3.46906480518052E-7	-3.94851934422949E-4	0.00169644686843389	9.48008908207035E-4	-1.26831367021463E-7	6.31860150184248E-4	0.00145269973101048	0.0010302672524698	0.00104742063143407	7.77219205778078E-4	0.00131720239349148	1.17178990524582E-4	0.00175415706648036	9.70376405360659E-4	-3.291094913773E-4	-3.56710028461463E-5	5.63182426389807E-4	-2.40769242845499E-4	3.69776343101994E-4	-5.9141725279836E-4	8.05318499309354E-4	0.00119311427942053	0.00153362979771989	8.4840567356278E-4	2.66618477292905E-4	0.00106649610221502	0.00119242184673046	0.00111842793453211	0.00169772672436896	0.0010250132618194	7.91275912735596E-4	9.35086688326046E-4	0.00191928636967468	0.00160120597766105	3.33079388798108E-4	0.00127602151269037	0.00107163262332095	0.00134518727274712	0.00113340333498508	7.14806267169832E-4	0.00156843262149403	0.00173368235399425	0.00102664851729175	0.00221637855041745	0.00106124050215158	0.0016452677002619	0.0012853584472289	0.00180334970601091	0.00134889560876224	0.00184161202045376	0.00107013911366517	0.00181832711453656	8.66458355870515E-4	0.00168214662049786	0.00206119035625734	0.00188976780804664	0.00115548319937162	0.00128636999621859	8.50609756351257E-4	0.00159909758981735	0.00102851468164639	0.00111970126676956	0.00287848038121009	0.0021027679079055	0.00337621109736231	0.00299881555249611	0.00227812825624794	0.00109719393389218	8.46770913876829E-4	0.0026994581534109	0.00322877176405922	0.00134064332773302	0.00409216254812828	0	0	0	0	0	0	0	0	0	0	0.00330302092262088	0.00241147568400185	0.00269695434685347	0.00349207865316257	0.0018062873293191	0.00432606967050438	0.00464261976098843	0.00409854693268889	0.00398058776494695	0.00399892017252684	0.00303826034324323	0.00355136801952075	0.0047732835858904	0.00401841075648766	0.00540844302484948	0.00548470514918243	0.00476591826284383	0.00639587785299496	0.00643107020114507	0.00715303267088256	0.00626423222962275	0.00577760618418016	0.00701472531412574	0.00612936171553753	0.00680388966852148	0.00658634392664897	0.00651411363709658	0.00813948347475588	0.00855825706964675	0.00692395925649995	0.00667107956573221	0.00768257138325797	0.00713627869224376	0.00838522517676198	0.00801404306917716	0.00752815968124317	0.00755684198318676	0.00934800697344257	0.00849856222521353	0.00946993412914091	0.00971688470081763	0.00570869332962457	0.00701944473171205	0.00975068486708568	0.00980918463023568	0.0084947398396144	0.00892522214865197	0.0105308589467562	0.00801994408305038	0.00747867684333718	0.0149291818609095	0.0120035522371665	0.01279444173668	0.00777336947574791	0.0107079040536696	0.00965963424105283	0.0116845104852483	0.0150564586314798	0.00876658705170371	0.0162630486030109	0.00740742419181246	0.0140986318916997	0.00718103033543772	0.0161840315406134	0.00914243952181159	0.016237455887405	0.00636681943280076	0.0117399212693146	0.0121591860098445	-0.00353810658950123	0.00418816828042589	0.0176161197467453	0.0102233733513582	0.0110862664275827
779.639	0.00257730553088744	0.0204548682110581	0.0125729058997972	0.00331794288580423	0.008370504137115	0.00978412406985338	0.0124235285763596	0.00931627349739297	0.00517081591410672	0.0121273841239726	0.00941204287500547	-5.56640588140068E-4	0.00924127109454651	0.00159393367397882	0.00208494692642621	0.00665782550062934	0.00470982710990666	0.0096537705286741	0.00280660852097471	0.00685951870465181	0.0118947220306125	0.00393339907777751	4.58137202651813E-4	0.0013213161520621	0.00619236039543486	0.00383325954449422	-1.34450483234563E-4	0.00176567743643303	0.00808806180660041	0.00489923515822965	-3.8625349368796E-4	0.00188586591229744	0.00488708960949335	0.00691811697118321	0.00186825018822679	0.00514529352557141	0.00234978985981036	0.00305825762376452	0.00117610602381757	8.41841547198399E-4	0.00239443205840968	0.0070152681926402	0.00460991467880773	0.00629529820241618	0.0054310149224653	0.00686306129456654	0.00216082016637282	0.00212270378960905	0.00530539194894677	0.0022292308361957	0.00399817753917884	0.00319279541468364	0.00466413588095054	0.00470905219437002	4.92537041428404E-4	8.199524400079E-5	0.00313020280191302	0.00430033972873559	0.00203970257245342	0.00252878520660877	8.77759469207424E-4	0.00280757149577761	0.00190973180300637	3.7974654491652E-7	0.00348496306433405	-5.36361165779952E-4	0.00369655321804373	0.00188358182887682	0.00274204618761114	0.00300295017137934	0.00343436662845253	0.00270509416180279	0.00206420744064051	0.00150223182704798	0.00170053885694311	0.00266780514997596	7.09248701020194E-4	2.68130006119041E-4	0.00230164387309894	-5.64172097057443E-4	0.00121015705898888	0.00315702846973364	5.79440372077738E-4	0.00409791176161875	0.00110263075733511	0.00250930061425583	0.00301441561738297	0.00136477645793071	0.00133286271474339	0.00260054709208044	0.00202622437251563	0.00128100325875769	0.00208959340453078	3.7093652471508E-5	0.00211851764769109	0.00207820497678422	0.00126088656741349	0.00106083202513455	-1.67206093479872E-4	0.00242681125460436	-1.59053332813159E-4	0.00397948532659302	0.00181388828785457	0.00141210734804022	0.00132390464086023	0.00277071169619855	0.00129379502807281	0.00172744193186479	0.0017695613298723	0.00139330755537333	0.0010169007477644	0.0018687886728204	0.00149079741857042	0.00101829122487073	0.00177969674529873	0.00169539371510158	0.00105552788313279	0.00143505076678189	0.00153399960252889	0.00173189033564107	0.0016369410999203	0.0015198532600205	0.00110787222750819	0.00168711546281739	0.00132265569282614	0.0022115387712112	0.00145185939382106	0.00245342371009303	0.00148817378180989	0.00238391140044891	0.00196682860794631	0.00250404284999512	0.00199302848104646	0.00273293367626458	0.00230306441579574	0.00208542753401241	0.00232507931678428	0.00292178940302625	9.10933770776496E-4	0.00277228164103755	0.00276768647207861	0.00270243849136596	0.00178379325442973	0.00291551234642484	0.00201426776787613	0.00283400103508139	0.00456351457185547	0.00341686951662064	0.00360756380322651	0.00442575812790886	0.00384031461385463	0	0	0	0	0	0	0	0	0	0	0.00343021735711615	0.00330636547298138	0.00287321392452127	0.00424212456217267	0.00454686376100564	0.00329326940022912	0.00336412050615376	0.00475336683358529	0.00534477985424948	0.00443285583852391	0.00607934175131373	0.00518205591149502	0.00445779534022136	0.0045314312408829	0.00483228714647934	0.00486919762699713	0.00656045374714147	0.00719298523033584	0.00693912786919894	0.00651767256337315	0.00680983991441773	0.00688813183933297	0.00637386442671771	0.00673008536468257	0.00747493054666766	0.00836513562119222	0.00849258526447708	0.00804203965974303	0.00882837293656878	0.00971294971029138	0.00890443039722636	0.00821861936223147	0.00915670801590178	0.0100335591602711	0.00882379335801741	0.00962958797626198	0.00938552778659751	0.00937263838514662	0.00956143644831859	0.00813403481806755	0.00890976645259409	0.00963976919921371	0.00937102878211373	0.0118343861498931	0.0102129402125632	0.0116801736747005	0.0108892334236214	0.0127456590984676	0.0125904847357864	0.0110630748143676	0.00939439623694105	0.0118489912719508	0.0119463006139543	0.0113837921745871	0.0148133841054158	0.0115428709785074	0.0167316921396144	0.0130940749981669	0.019448401085095	0.0235580042811451	0.0206561421112194	0.02194892341503	0.0109982343345442	0.0189987287794562	0.0223598498992529	0.022603871992375	0.0147262695733796	0.0180786143165928	0.0242980664455142	0.0185644549573052	0.0401005162199834	0.0304750052533248	0.0283950732675542	0.0644845533713868	0.0301523505846357
784.404	0.00261150372674735	0.0108117075012474	-0.00425579954994112	0.00312916811032319	2.18073211899714E-4	0.00101439262228483	0.00504674962218477	-9.45266156771108E-4	-3.74574912616075E-4	0.00416822083634153	-5.73817138012242E-4	0.0015111997328208	-0.00147207650150841	0.00323771819867204	0.010763374432662	-0.00120945445614681	0.00426836796101215	-3.38148331534166E-4	0.00335315131641659	-7.19676783164179E-7	-6.52992422010888E-4	-4.79308950082163E-4	0.00217350422264491	0.00596292620068331	0.00686103681592469	0.00222311356770338	4.14684960976784E-4	0.00565347308593218	8.21379064481821E-4	-2.67892672296218E-4	-2.61224148663284E-4	5.10542265402445E-4	0.00272897869483798	-1.21027748281623E-4	3.61739959876913E-7	0.0027866904970064	-0.00193046843089069	0.00354914807661762	-1.08195662875945E-4	-5.33708732560128E-4	0.00517309881883264	0.0026198132156515	-0.00145399065925653	0.00443437857377987	0.00235045959968888	0.00716997088191887	-1.9840310914031E-4	-2.93791784820514E-4	3.85177238236967E-4	-0.00179229767491117	-2.76578739140424E-4	0.00288182450207896	8.80318527376343E-5	0.00256130653551368	0.00183058967910315	0.00105686686792221	0.00357493807941176	-5.44982205544094E-4	4.6002661437468E-4	0.00286904533272152	9.65953786940779E-4	0.00314372403056514	-0.00122119504200655	-0.00239872682366593	0.00402277195085646	0.0031353028153317	-0.00281466077687509	0.00316475446980547	0.00233118625704704	-8.25449789137475E-4	8.09426667700888E-4	9.32719479544458E-7	0.00185667384728121	0.00199402945412684	9.77514790864797E-4	2.98879788650032E-7	3.32407503990748E-4	0.00222150772381461	0.00350588173427859	9.91557440301212E-4	-5.63001141200651E-4	0.00130222827496141	0.00137204294815817	4.79008159026019E-5	0.00121297864247418	0.00141061575468847	-4.88283293515949E-4	0.00112613048954778	6.34325709706042E-4	4.54018800960845E-4	8.05691507666105E-5	0.00110379105290146	5.78709519235419E-4	0.00128455688732788	8.16185552402141E-4	0.00200129013748624	0.00142290470154086	8.68778306900927E-4	0.00268603560997396	0.00109889532810788	0.00120109277417612	0.00115019447948016	0.0010815519647415	0.00170981086249591	0.00193537831582651	0.001527433076656	0.00178684117178431	6.17415647940747E-4	0.00124421019186876	0.00114960294350501	7.47005363273599E-4	0.001833086815786	0.00108963770364441	9.25015239845401E-4	2.92709586731428E-4	0.00146722565374234	5.50486418127508E-4	9.3156902707904E-4	7.55197317844178E-4	0.00129287913635434	8.32096299534388E-4	0.00104177562596821	4.33013875651433E-4	0.00180326382851333	0.00143731891888732	0.00140439730837757	0.00100183403376045	0.00109721683231825	6.64986181155421E-4	8.66576566090443E-4	0.00188031596957083	0.00130028300403475	0.00193834624325818	0.00193440361745767	0.00233855496616981	0.00143946826556383	0.0013027011995469	9.614592735858E-4	0.00179309620653603	0.00241298398657741	3.03664101839598E-4	0.0011554962514587	0.00301907410805439	0.00211923329567457	0.00325993795049386	0.00297579229589132	0.0017006972826447	0.00353713295112326	0.00484044351385638	0	0	0	0	0	0	0	0	0	0	0.00317024845030846	0.00183982398545757	0.00302673119648209	0.00244703829970187	0.00283279183904698	0.004533284966921	0.00352599175511866	0.00314919670230917	0.0033053571440394	0.00307936169320861	0.00451394749133401	0.00483298629190543	0.00562239301214002	0.00407746522383166	0.00416812179300506	0.00449088362576417	0.00616238245486187	0.00578752597856769	0.00618008931730923	0.00544243459573884	0.00669880372942688	0.00550097224873636	0.00667652408493804	0.00644512994144187	0.0073167720440599	0.00651361672729721	0.0063693752845211	0.00584433721528565	0.00865925573808642	0.00870362141322224	0.00793656933868015	0.00741653401546438	0.00646465589215478	0.00650426721295514	0.00738330394360253	0.00872217273011494	0.00816841019688794	0.0102484651424421	0.00821951080112657	0.00758687002109969	0.0103108726781292	0.0087852557839596	0.00776230203126778	0.00866138628638199	0.0111112921828344	0.00913937798614951	0.00879754221439833	0.00964903401520269	0.00878072380295442	0.0069554276680176	0.0092786303148053	0.0102267976437127	0.00904613370272927	0.0106375358086028	0.0137048310084675	0.0118544924838991	0.0122621801035585	0.0115064238014316	0.00918134977688199	0.0143958532799496	0.0183112101345091	0.0171300664578568	0.0149612199748575	0.00969839244732743	0.0185470273277975	0.0182309600141385	0.0203149363819896	0.00999275679611865	0.0256360567173854	0.0259799271965832	0.0160582438033945	0.0134679152304686	0.0281958910420353	0.0328091025029323	0.0212495645027354	0.0337059234600646	0.017818443936521
789.169	-0.00908722710675751	-0.00603373571719674	-8.04844973504037E-4	-0.00194458425441213	-0.0103443097439663	-0.00245675715062791	-0.0027436610070121	3.79644502748078E-4	-0.0124879744474295	0.00133832048719997	5.7716376818962E-4	-0.00495986758874892	-0.00799019475749574	-3.6379641566222E-4	-0.00980015311389145	-0.00717527961698267	-0.00224185202312957	-3.41219187882398E-4	0.00169307733210487	-0.00569280605564436	-0.00494497999063302	0.00596952287901317	-0.00313565004633087	-0.00165595465484476	-0.00303107598399463	-0.00210645558108663	-0.0027864726800931	8.35196803294018E-4	-8.30246990737874E-4	-8.16721931015146E-4	0.003973247351694	-6.44397547807641E-4	7.50996845548488E-4	0.00134745816158258	-0.00406977554218166	0.00199333116440485	0.00183590232967894	-0.00313616395194593	-0.00120451153823166	0.00161608829912576	-0.00341195910340999	-0.00370132863316598	9.45672359489439E-4	-0.00145752344767401	-0.00196012682900568	0.00152892932351178	-4.01718210588969E-4	-0.00435380542258532	4.85995726939836E-4	-0.00342925505486499	1.86968355778383E-4	-6.36107796475799E-4	-3.54393483069126E-4	-0.00224242630916823	5.87858525424663E-4	-0.00442757967832981	-0.00128508374833728	-0.00197010957852996	-0.00193636965736958	-4.58080979376871E-4	0.00164992070051244	6.64227960455266E-4	-5.06823333216399E-4	0.0019951776428049	4.88972076578055E-4	-0.00227140758161101	-7.45323459466275E-4	1.99279501918574E-4	0.00143778127785808	-1.28528342956411E-4	-0.00188674931026932	-0.00209484815535039	-4.2329061282584E-4	-5.93455494170821E-5	-0.00168434311053521	-8.54695485865682E-4	-0.00117164363096427	-7.12096795739316E-7	-0.00134082759406464	1.04927105025979E-4	-5.69253929400918E-4	7.58989208392352E-4	0.00103905071231649	-6.76183498201383E-4	-1.41332085609404E-4	8.27041858528244E-4	-7.6150179695677E-4	-5.24860488719689E-4	-0.00136678970763698	-0.00125037938331667	7.74081680697844E-4	1.59241199167016E-4	1.16867645447794E-4	3.43547461472706E-4	9.36310969523912E-4	-6.98147786795458E-4	8.26375967021967E-4	-4.56201733346421E-4	0.00140735387338421	1.00643480704099E-4	6.51123014268462E-5	-1.56957133884365E-4	4.13294054327554E-4	-2.228199782862E-4	-1.35579074568877E-4	1.35330429856365E-4	2.12259878107756E-4	5.48693468247201E-4	-2.55536615170453E-4	8.92956722507456E-5	2.88362499623256E-4	-2.61361800387192E-4	5.70784582140539E-4	2.56389222960024E-4	1.4783944003174E-4	3.32627226009166E-4	1.47348019350467E-5	5.6080409499933E-4	4.37730893527983E-4	2.95730650326248E-4	0.00106428290021865	8.89411071870601E-4	5.45850173190376E-4	5.53590417176526E-4	3.87489585574204E-4	-1.01949901573422E-4	6.74275679370363E-4	0.00161795311337205	5.49336068912119E-4	9.07800050872559E-5	4.74638645603685E-4	0.00166333742224799	0.00106513999235788	9.90831481390592E-4	0.00113905508684436	8.49872617967954E-4	3.83966549284963E-4	8.59794794244644E-4	3.6810759504864E-4	8.12352448629924E-4	5.57410691308243E-4	5.54262804580224E-4	0.00170727586506372	0.00144764340735584	0.00180735446491361	0.00135448699146232	0.00141430421281693	8.16034070545715E-4	0	0	0	0	0	0	0	0	0	0	0.00205630253780862	0.00149787183115904	0.00223527143549532	0.00193171167493665	0.00226993420394911	0.00205960651186638	0.00380956635177482	0.00192163940237277	0.00202636162487446	0.0036742044686994	0.00308157625797764	0.00296426931737583	0.00200786189935756	0.00345068121372374	0.0037283034379348	0.00387448276389789	0.00543064421105327	0.00425073226041471	0.00473775869254433	0.00329171031393285	0.00341305591879663	0.00489037432239151	0.00418853063405972	0.0057133557876877	0.00564472895605985	0.0061258121481537	0.00544351199922726	0.00756527890263851	0.00693113843113776	0.00627611178878898	0.0060765961265494	0.00653028193402221	0.0065389354963906	0.00858732335521148	0.00656817179734615	0.00656938834709956	0.00600929171233316	0.00715433157695311	0.00664141604382654	0.00812358348316006	0.00634674298459441	0.00564961872245189	0.00578602176814012	0.00604109751764282	0.00776321243555789	0.00671075745398856	0.00699245472289588	0.00605924365872618	0.00682738627924759	0.00729122752082783	0.00486853753938919	0.00486983028740924	0.00633761404579988	0.005481249835842	0.00387448677364139	0.00860346581963364	0.00524304799665071	0.0054107781662023	0.00964509006083924	0.00463349217739016	0.0126897711431682	0.0179627249705917	0.0100080283942717	0.0129274176345978	0.00979372837851532	0.00210334861207481	0.00984919436337383	0.0185829009916936	0.00899890228257421	3.08357608456168E-4	0.00419783791740653	-0.00751567372801092	0.0308256358115356	0.0100159289163761	0.0181321097306717	-0.00765883362639254	0.0398665215279517	0.0515484943309208
793.936	-0.00814359691277759	-0.00886680190739764	-0.00193381333618216	-2.48071814577449E-4	2.26059230928047E-4	6.33249822741217E-4	-2.01738184957199E-4	0.00255282453581168	0.00661920230840482	0.00491836329639176	-0.00555944946241178	-0.00274731050243547	-0.00305854956377424	-0.00149486184064223	5.50305805597962E-4	8.94510632704553E-4	-0.00656454648510868	-0.00210719400909874	0.0102743393516539	0.00964608732950635	-8.47897961170148E-4	-3.31878503590243E-4	-0.00161269802859851	-5.43615449493698E-8	0.00683046642644403	0.00317440821451905	-8.60443681017728E-4	-0.00530332403574996	-1.4284428963922E-4	0.00223516233684424	-0.00190840232753314	0.00291647084788209	-6.46476428261378E-4	-0.00389858542568559	0.00258519528141522	6.03494967714599E-4	-2.36520480585347E-4	-0.00195810092260321	-9.01248868997288E-4	3.3203471851606E-4	0.00120486276230681	0.00206521314172779	-0.00118779465028625	0.00256923730374128	-0.00318331734639692	-0.00115380107936046	-0.00610380782139325	0.00162869875870508	-0.00169991439965918	-0.00558552742669675	0.00105420140611045	-0.00112195876980204	-0.00154861078858027	7.97764244480789E-4	-0.00138271041230723	-0.00101446344139605	5.76658296078753E-4	-0.00145875261675117	0.00135431379555722	0.00211744321911895	-0.00270102798492745	-0.00227828258580646	-2.2323365069153E-4	-8.79494017540639E-4	0.00173025307823925	2.82973818102852E-4	-5.58927998267383E-4	-6.16403060175403E-4	0.00295734343815151	-0.00138503454502765	0.0013574922645267	-0.00101401564868392	0.0018654817261458	-4.87355634912914E-4	-0.00191189429961515	4.10558791818895E-4	-5.85389404549247E-5	-0.00174454736379491	-4.41493938775795E-4	0.00146323609455282	-4.78620282341441E-4	-1.56206788999376E-4	-4.07322737147706E-4	-0.00183835472519804	0.001162953681221	-8.51103803264997E-4	9.22066689908354E-4	-6.60552762263901E-9	4.39395657747291E-4	-8.55610108305179E-5	-2.094623718201E-4	7.3714441071615E-4	0.00116233541261859	9.42056388790833E-4	8.0920142205494E-4	-0.00109620287851082	7.02231777053533E-4	-6.13727392765793E-4	3.18105897094648E-4	4.84070573471194E-4	-9.10317894594076E-4	-3.875239960935E-4	1.21445684230588E-4	6.58870309215307E-4	-3.63023006968829E-4	3.34041479436529E-4	-6.27882727081539E-4	8.48018046165866E-4	5.50737372305753E-4	7.11990047426074E-4	7.75943651869055E-4	0.00125469118710243	3.3545872246658E-4	2.4479637145912E-4	1.68900608194462E-4	4.04371437279973E-4	7.97527429486104E-4	0.0011235142854206	8.66924697388752E-4	0.00141431601175324	8.675376409224E-7	9.98805575549712E-4	-2.23190998940577E-4	4.74887374513105E-4	0.00102059208904034	4.77373282512634E-4	5.7912392704903E-4	1.84657520606762E-4	0.00257427502389608	-4.65306032550411E-4	7.62795112202119E-4	0.00111084756917738	0.00115481399727668	0.00134012242709101	5.429950996651E-4	0.00112812857336849	-2.53489954820769E-4	4.5642317937899E-4	4.6579762674266E-4	0.00167112935254879	6.01394814063648E-4	6.30093291879661E-4	0.00191315496616091	0.00155425324819437	0.00132807189619621	0.00169850834317294	0.00252851503965692	0	0	0	0	0	0	0	0	0	0	0.00134143985050323	0.00232988095984484	0.00160154161517392	0.00247871420630323	0.00186887388851769	0.00183274571502427	0.00158917534831551	0.00304220459792797	0.00331412922025257	0.00260570000791051	0.00308760425267134	0.00380417288614572	0.00457427720772554	0.0031271293558505	0.00523950607345655	0.00443622793566443	0.00384240419547087	0.00382991989092644	0.00437288234579059	0.00437772908053131	0.0045354935289973	0.00571353307145655	0.00482008384206102	0.00663164943523099	0.00609564750219454	0.00631468166487104	0.00630160026912404	0.00580000156560529	0.00617111734776314	0.00628314680719995	0.00671040143740184	0.006511588864809	0.00851167004971282	0.00817390920731858	0.00671597482737126	0.00594291493910262	0.00758715899083157	0.00736725999919189	0.00684067766511646	0.00678765721057515	0.00912918565731616	0.00671608168165068	0.00734905731637971	0.00833301809414809	0.0067798667564395	0.00596329834188365	0.00905746055573441	0.00632990791800626	0.0043575622040924	0.00989623135892289	0.00851411066389622	0.00708113621407787	0.00713453138120123	0.0038647817533577	0.00837206525444217	0.00833323659508962	0.010582823156221	0.00997422470291843	0.00642301994345757	0.00631049212957471	0.0192018935655612	0.0148281312025146	0.0160331798071459	0.0135304566274695	0.0144205145498848	0.011312316498673	0.0171040619253347	0.015634965865466	0.0109242889299989	0.00364749350787327	0.0072920233292813	7.19924236175954E-4	0.00325344328992636	0.0121245186855858	-0.00651915346559622	0.0180147579685755	0.0260075374565828	-0.0220304414660142	0.0437654520005671
798.703	-8.99021540575252E-4	0.00822771201589621	0.0068689927163691	-0.0072092417698549	-0.00360133844639418	-2.10293198490498E-4	2.00357807141119E-4	-0.00117275301655777	-9.69756818121229E-4	0.00743343255323337	0.00197248230600159	3.88925464710381E-4	0.00513112607743894	-0.00185706547350332	-7.29327918270626E-4	-7.21133523000605E-4	-0.0059967422356131	-0.00349147896358648	0.0013847751636163	-0.00188532937456196	0.00236015230395422	0.00660024676989839	-0.0043288216401371	0.00461857732785657	0.00177060589179453	0.00114546667515911	-2.87158811812936E-4	-9.98613071201057E-4	0.00480546409357193	-0.00735753674276287	-1.35797923813087E-4	0.00144893515346345	-0.00217953046495744	-0.00412821284402594	-0.00293753391259376	0.00275858468470889	-7.04109168269942E-4	-1.14633875082453E-4	0.00145633609838414	0.00451850606674684	0.0011994214048728	0.00389343121339924	0.00236149622834262	8.50165404119781E-4	0.00189697902886529	-0.00146071951810928	-0.00195538114262655	-0.00131555561348181	-0.00129226822601476	0.00350711144857549	3.81452240680177E-4	-0.00204588099519815	0.00181159494585191	-0.00229275388032394	0.00618725260081103	0.00134037915909293	0.00131371818784789	-0.00177272852626733	-0.00134615935416627	-1.57136201648839E-4	0.00176455365788448	-4.52847639224267E-4	-8.90052985811232E-4	-0.00145789316501134	0.00307905494367539	0.00288562082396364	0.00186912305899321	0.00224660713297682	0.00153733994915562	0.00216513749238089	1.92736988018909E-4	0.00132313489308211	4.33064434254761E-4	8.48364222386736E-4	8.90911902611251E-4	0.00209834023146108	9.69589511509507E-4	-0.00128567540843336	0.00180960754919468	4.31653962494084E-4	-8.45814553112047E-4	0.00155127401003136	0.00263102441055668	9.8798208825226E-4	8.1931815769163E-4	5.17061334844794E-4	1.83702117194493E-4	-6.26185155698631E-4	7.42688522650486E-4	5.96728174853149E-4	2.91427591852092E-4	-9.77097829396318E-4	0.00123522234977717	0.00128769318269153	8.04410377373927E-4	0.00169106792456794	5.14308961772363E-4	0.00240464373654794	1.40561277301602E-4	4.81297670548796E-4	0.00187672897499524	0.00160524102324198	-3.32094015182456E-4	1.13960110352383E-4	-5.57664766125324E-5	2.49080089617565E-4	0.00173683769048374	0.0016850584238628	6.66559213486935E-4	0.00123289382232922	4.76443112109138E-4	9.57696584916504E-4	8.34392396624142E-4	4.87646647103893E-4	1.51185086913065E-4	9.89450737536601E-4	4.18870420032083E-4	4.34474367964667E-4	0.00125915499574412	0.00133453320726321	7.44994435898397E-4	0.0013856470268334	6.92526543767726E-4	0.00150807503930208	4.45120430643573E-4	0.00128997363000852	4.03873279628208E-4	0.00168350558530768	9.67335030272196E-4	0.0014508557521642	0.00169847371216429	4.47595235280455E-4	2.94365833966298E-4	0.00136081795181009	0.00179005210455374	0.00112150284585626	6.16635331064375E-4	0.00113467823499836	0.00167754329313087	6.52707227868058E-4	0.00236183190222312	0.00217806724811274	0.00134071857241104	0.00218850202699599	0.00112232602275615	0.00310747692317144	0	0	0	0	0	0	0	0	0	0	0.00148077535134111	0.0017988381535134	0.00204177615597455	0.00225299244347717	0.00249385940036615	0.00188711114490912	0.002703643392143	0.00102399925673143	0.00328602581382579	0.00124275839992122	0.00302210205923811	0.00223722157001321	0.00349538045087661	0.00326030633078533	0.00316595657719592	0.00458267116608142	0.00421133796040396	0.00441859679355096	0.0035498381114853	0.00475091133929343	0.00589022667036157	0.00623667599992124	0.0054437420094138	0.00491168422816231	0.00559019670389552	0.00528685845792907	0.00504745493173736	0.00613561305720299	0.00622986559742315	0.0076690976628028	0.00624647400863343	0.00713994589979246	0.00754633474161256	0.00785492316963587	0.00695965153314641	0.00544540216147897	0.00708182136218517	0.0076660180182199	0.00795525211892485	0.00636958392119258	0.00723317665747111	0.00618599376425465	0.0074188999012019	0.00644657084594925	0.00784036783724477	0.00714875605736258	0.00656328534500584	0.00730259003886734	0.00875148746773364	0.00613779191993581	0.00577606636518501	0.00900120243605894	0.00803517158690126	0.00739495946190697	0.00664182046787695	0.00501175531621836	0.00846454492586104	0.00946833796276686	0.0130530922887455	0.00904491219921647	0.0144577067711699	0.0196777744631767	0.0118435998960639	0.0197219335356997	0.00877233450102041	0.0130619219795488	0.0158147171051833	0.00957779630027108	0.00919603666780619	0.00863989027747282	0.0128281220939664	0.0157596505385576	-3.57597602652885E-4	0.0202281139343159	0.0180837777959227	0.0307325009464811	0.00959068875691692	0.0250667551196369	0.0288608258246667	0.00263022346429501
803.471	0.0103509464573473	0.0112453973609757	0.00762770505929963	0.0100749777903079	0.00743182097532014	0.00612762292979635	0.00270748244975574	0.00131972464788927	0.00638951277553546	0.00278932600112368	0.00311064621235961	0.00102522589734637	0.00499092668231192	0.01059568424102	0.00464872442831941	0.00953487651709671	6.61656620326999E-4	0.00851403555244898	0.00870329765633385	0.00205475484571451	0.00468029279601043	0.00247621486598957	-0.00312863972554685	6.93022721058201E-4	0.00487399911501426	-8.61887822750588E-4	0.00117667608638206	0.00203019922788181	0.00254567066785118	0.00416397622047671	3.04554145645251E-4	0.00514195800170645	4.80503857306774E-4	0.00422532773305788	0.00202106548144782	0.00134977961049712	0.00483926203943476	0.00386774352867418	0.00252098715405621	0.00297716065453153	0.0032726101905024	0.0026782364261447	5.66126714637693E-4	-0.00119968490799549	9.50879626016024E-4	0.00328804360186177	0.00169784416401307	0.00303696250973057	0.00298390802482671	6.57868417443438E-4	0.00321736799445337	0.00209269854675846	0.00305829391756234	0.00304364051820539	0.0044486582337659	0.00169904505437856	-1.85438786687488E-4	0.00253739599952158	0.00344769156192645	0.00122834830047648	0.00184173820000288	0.00175600950978506	0.00239195674390423	0.00224190930876429	3.77012701978045E-4	-1.58245477789293E-4	0.002907730810573	0.00204335135985597	0.00341054216033254	0.00216557755949328	0.00115755436450835	0.00222175929487236	9.27706253080065E-4	0.00172715906086345	0.00124736295636036	0.00249294714602698	0.00282836925769251	4.62203467925301E-4	6.5861081114854E-4	0.00157714757637459	0.00114928827808581	1.93749317031317E-4	0.00201221350500607	0.00218673743806331	0.00151838996921468	0.00186909983519883	0.00185649251031929	9.39809695343857E-4	0.00121261789120165	7.67546449810992E-4	0.00171914031146763	-8.85911526188698E-4	0.00104645862363899	0.00149329832797168	0.00126459591953263	0.00112789489276485	9.37366120112971E-4	-1.3465509027243E-4	0.00110658482447573	0.00167668131343725	9.80827170986536E-4	6.26336085951353E-4	0.00212996654707108	0.001282300274469	6.24860867674038E-4	0.00188968465858105	-6.3128175148873E-4	0.0013420096204992	0.00108952373646465	4.2829418363505E-4	5.44714202959316E-4	0.00110308637526357	6.88669808957796E-4	8.15329801519755E-4	0.00135020951183781	7.77206685772677E-4	5.05121762520293E-4	0.00119862183997995	3.35915658712692E-4	4.41448749418447E-4	7.44814800481952E-4	0.001210993918177	0.00135584001643986	8.13435653373977E-4	9.08974192294032E-4	7.11307473999229E-4	5.80422717081942E-4	0.00130868550917887	0.00135800154698566	0.0016212264930435	0.00111529168580498	5.59563395949307E-4	9.71975519368706E-4	6.51968213637973E-4	0.00217474452831219	0.00119922651550246	0.00193454677829665	0.00104269999057093	0.00147583810767945	9.79533985630824E-4	0.00190095406385658	0.00105221052047389	0.00224599436162498	0.00227022811907508	0.00299672260323759	0	0	0	0	0	0	0	0	0	0	0.00133916887462031	0.00144195504765603	0.00239724473186329	0.00112053782093171	0.00216355939273882	0.00182674164722746	0.00247839528998045	0.00310917803677905	0.00252451451220816	0.00303278664223779	0.0023854323395233	0.00295869155099599	0.00333662290446867	0.00363317709146303	0.00364824907532796	0.00220433066845158	0.00454947188953023	0.00348030312730244	0.00284488962871436	0.0046616206298528	0.00503445838084173	0.00404968449249791	0.00419619971105074	0.00486171215750906	0.00489901393994693	0.00474185636883929	0.0057306846552597	0.00516023770074818	0.00528231029575695	0.005420428989902	0.00531977591163947	0.00624069493819006	0.00589861806503455	0.00571784035665618	0.00583710365304238	0.00659339845017511	0.00629194317928647	0.00604257030765721	0.00661831852797792	0.00559034300566503	0.00736252729728423	0.00526139875746068	0.00681002941895185	0.0057404663543921	0.00691528091996386	0.0064749651271952	0.00590062983884093	0.00683099094692479	0.00634452036361436	0.0076399294105146	0.00641195943805937	0.00685792443043404	0.00625000400527164	0.00496183385634964	0.00837922226670093	0.0059441564102847	0.00637279797018398	0.00709465992099974	0.011122781784928	0.0106295812694075	0.00942138939324242	0.016317482190627	0.0120948034183627	0.0136165695042829	0.00962901877922246	0.010420775885387	0.00836671106817682	0.0108119597779001	0.0156902408899175	0.00706454188180484	0.0146301015390073	0.0215529226736993	0.0177378159479462	0.0126163747999747	0.019124885225464	0.0309629183816751	0.0169975024494302	0.0484630270550176	0.0264533976449046	0.0373280225646423	0.0712067477456509
808.24	-0.00877626112833553	-0.0132326297230654	-0.0041226234858512	-0.0102609783786127	-0.00456051264491691	-0.00738600915685432	-0.00782251533248307	-0.00982259794659855	-0.00494020056303232	-1.49222577765874E-4	-0.00800060107562106	-0.00307455004508782	-0.00356546767593231	-0.00780809941770337	-0.0109408599277426	-0.00685168373055012	-0.00410508855075945	-0.00799152958687202	-0.0106537099970929	-0.00475625373786346	-0.00126520817524655	-0.00185753220190854	-0.00397053982166164	-0.00843464248583338	-0.00232614440421464	-8.64038396176786E-4	0.00181680440033643	6.39486815311762E-4	-5.30928197947519E-4	-0.00770854877100859	-0.00386397030626716	-9.93367525797909E-5	-0.00327108958975609	-0.00441088089656639	-0.00119413043952494	-0.00521946648778463	-0.00316999392179003	-0.00283703460419748	-0.00428652452809391	-0.00256424870594619	-0.00376405990162591	-0.00381596405040535	-0.0046734641518076	-0.00207706335400964	-0.00308797662525151	-0.00469736343578568	-0.00378390032623225	-0.00144336460781067	-0.00253728250677456	-0.00628737310007229	-0.00357599948220984	-0.00293078473648807	-0.00543756382016486	-0.0027133191750777	-0.0018706423006654	-0.00371488465632077	-4.31024768698635E-4	-0.00519857195191298	-7.72547606902499E-4	-0.00427149634121424	-0.00224538891461917	-0.00402286111089796	-0.00150314117418322	-8.750575298192E-4	-0.00134407925615162	-0.00216605019630299	-0.00109040240555319	-0.00189064152822799	-0.00105626623624885	-0.00334863956410258	-0.00250985423767836	-9.93269084305977E-4	-8.35667964041907E-4	-0.0024551657294453	-0.00280876746925001	-0.00336832125605708	-0.00111575658340481	-6.73257385721105E-4	-0.00156434872292265	-0.00194055161026019	-0.00230125915088001	1.16198504623775E-4	-0.00186074533444839	-7.04662070733902E-4	-0.00130184300169496	5.99577409579554E-4	-1.37281631986093E-4	-0.00187978590215711	-4.59009374716959E-4	-0.00140756430160064	6.24171081445444E-5	-0.0012526940373045	-0.00107650381747589	-0.00163988994523995	-6.03570116281024E-4	-5.3582621688278E-4	-0.00115788262647984	-3.77070144537986E-4	-0.00100128356271561	-0.00108378465387242	-2.76813544871423E-4	-8.67366088710701E-4	-6.79802017736388E-4	-7.26592119226945E-4	-5.20833058013402E-4	-2.28461569062477E-4	-9.97940163621181E-4	-0.00107293985442268	1.96739266571808E-4	-3.59830745304244E-4	-6.13063229750689E-4	7.3547270250674E-4	6.26086812672264E-5	-3.65782699332739E-4	-6.29374711315512E-5	-2.3131482146096E-5	3.36812587500016E-4	1.16335076409706E-4	2.1110321870126E-4	2.80811264243833E-4	-4.2941743385617E-4	-1.55065264885656E-4	-3.51360622609077E-4	-1.77224499645946E-4	-3.89673677778102E-4	-5.98080971726954E-5	-0.00111954448261215	-6.89262689311E-4	4.67959197148226E-4	-3.47453547407363E-4	8.64253978962882E-4	-1.34391178950174E-4	-0.00125918665722527	-0.00165097223076281	-9.16875862842287E-4	-6.31109088062894E-4	4.62799404356623E-4	-4.04669341956891E-4	-6.51334947550299E-4	-3.78453120921971E-4	2.77495638174783E-4	1.56724531503625E-4	-3.04182414108882E-4	0	0	0	0	0	0	0	0	0	0	-6.76302766921963E-4	5.78394226167589E-4	-4.79210126187207E-5	7.32770785035511E-4	-4.19152751494494E-4	-1.83001680485795E-4	0.00148776524686006	7.12995637535788E-4	6.85940917038278E-4	9.70324978249578E-4	5.92824314394604E-4	3.4947442744662E-4	0.00101942360301314	0.00114479625198224	0.0012916802213676	0.00174164654256768	0.00167407537474406	0.00252570732085788	0.00277656498401795	0.00279719144611478	0.00310209495566999	0.00221291253843445	0.00220412821813268	0.00276540515741023	0.0033179167956555	0.00284192696386887	0.00283195819264595	0.00255343229952474	0.00301631562980518	0.00236747851394786	0.00327178187040317	0.00420274233491436	0.00381116794843962	0.00379233308087127	0.00308505813152257	0.00469162336986241	0.00407236353616162	0.00353058086260836	0.00351937723766779	0.00434283302009006	0.00399031419943925	0.00448560746094722	0.00497416724582331	0.00403823578474598	0.00376132848662721	0.00438413127632661	0.00444373923359843	0.00425561339900489	0.00417711458746049	0.00337659186016229	0.00251361346263658	0.0036920419598609	0.00225777572445138	0.00366815376505588	0.00186560080408098	0.00368215753393605	0.00396382362743694	0.0016218976467482	0.00401452703917931	0.0050010748395096	0.00387642101045144	0.00668165732288943	0.00870408093793655	0.00697889237069184	0.00426545037947136	0.00406599581456411	0.00121636591992897	0.00186621550528568	0.00251041913748583	-0.00105461717560092	0.00220021519933835	0.00591398451882167	0.00240855927176851	-0.00711440418586827	-0.0115903254921817	-0.00214781293356235	0.00181876661347139	-0.00208759487142474	-8.06632598810751E-4	-0.00671583202203319	-0.0405609426983195	-0.0470211301692301	-0.0326444353035154
813.01	-4.45770083306716E-4	-0.00286664059477355	0.00948524954204435	-9.33508684844366E-4	0.00168979848956726	0.0113172746252536	6.01686792957743E-4	0.00395918251338759	0.00741057495101381	0.00146863456159711	0.00577872374665561	0.00249003429542056	0.00242491264313635	0.0034867776073827	0.00574441640378294	0.00242016465473366	-0.00397119573787552	0.00524090574025175	-0.00155920719878284	0.00270117851845229	0.00164482868442931	0.00458242288754142	0.00180546922614242	0.0020800582980384	0.00276971987412707	1.08778776485329E-4	-0.00566823996096121	0.0042778002455876	0.00424400586313881	0.00250369485180549	0.00152500147750278	0.00178041281917487	0.00548352814495267	0.00685294344905046	-0.00284722199679793	0.00279006065213559	2.64211626322479E-4	0.0057600791434961	-5.877746134819E-4	0.00157244134402748	3.28476159720455E-4	8.11389481240978E-4	-0.00217364272312272	9.58044207922144E-4	0.00300739884507579	0.00305388264023001	0.0012351248111843	0.00212687351471463	0.0022373739728842	0.00116997266350487	0.00135864126552232	0.00300131361792837	0.00591448696969809	0.00344138263411275	8.38333830059458E-4	0.00176246978008875	0.0027107742533453	0.00374844053160221	0.00249756134466342	0.00146301381481833	0.00299409510529336	0.0015297888729537	0.00189200418503932	0.00180524283448621	2.68790027267367E-4	9.51084904189948E-4	0.00218189076031328	0.00189075620710753	0.0026605911726487	7.88261809767398E-4	3.86434281163936E-4	7.09177720606268E-4	0.00102156962277141	0.00104570914970803	0.00187303779101913	0.00249386068067825	0.00162939533635257	3.77401511701782E-4	9.46485973720813E-4	-8.08758098306627E-4	0.00115120998016719	4.27657399619927E-4	5.31955999436186E-4	0.00237292921162902	0.00267613779533915	-2.47327361495108E-4	0.0014445313819857	8.39305164268799E-4	0.00222923822126049	0.00153554511477425	4.06862056320468E-4	8.2505804855008E-4	0.00140566827123786	7.90742908139456E-4	0.00175382312451904	0.00132568679689088	0.00107517071221185	5.92643813865994E-4	0.0016340349101563	0.00141957784842887	9.30771942518227E-4	6.02428908464372E-4	7.25506671841918E-4	5.98538837718489E-4	3.75463079285201E-4	0.00126711086444459	0.0014665784227207	4.4035085741637E-4	3.39586901785282E-4	0.00114819011607515	0.00148154582085826	0.00100306738479814	0.00104834298104781	6.19044017874694E-4	4.66809325643865E-4	6.49946781754092E-4	2.80748123860624E-4	7.80532629808624E-4	5.7170220523551E-4	6.00989078131882E-4	9.88406770814152E-4	2.48953049595267E-4	9.53627540051326E-4	7.08357028798465E-5	0.00193027688552682	8.10694754567897E-4	8.62607003549717E-4	0.0011032820173382	7.49571913012167E-4	4.86700008660348E-4	0.00116101482849289	4.92749168386603E-4	0.00139222040183634	0.00152095033632928	0.00149281152840603	7.36935840147716E-4	9.25788385863734E-4	9.79788043388447E-4	0.00106380061262079	0.00216010456886337	0.00102546976257261	0.00156747692653119	0	0	0	0	0	0	0	0	0	0	0.00172107377359322	9.89319800356504E-4	0.00197666025843026	0.00119596867408257	0.00182078766694141	0.00179231337337727	0.00130333045547268	0.00218694686637168	0.00256262395803003	0.00199178907677847	0.00231598838051345	0.00210806717473773	0.00227011971646022	0.00253802138126828	0.0033700701099653	0.00176540375394779	0.00268811787089561	0.00274763569275568	0.00359647664492529	0.00382389654473775	0.00367329168150785	0.00335925350839203	0.00354581212791332	0.00332822308348871	0.00326684838355598	0.00426344675990617	0.00313093520655497	0.00496793725691236	0.00332914407382067	0.00440936699914031	0.00456986368896371	0.00562318885425151	0.00514857520145389	0.00516781376972517	0.00568936605934485	0.00522374738998749	0.0061359898705819	0.00489915125193113	0.00569071339527162	0.00432547896851809	0.00604457026915955	0.00649657000777015	0.00720311454091093	0.00617016304786935	0.00546205796534813	0.00691377344192292	0.00459363552736845	0.00422934700337094	0.0051816752955934	0.00532731587411129	0.00639598352102234	0.00568706595633776	0.00691258201131532	0.00736226227749746	0.0066698811885246	0.00534478765541022	0.00747199591961729	0.00747584249821507	0.00708708776538079	0.00975353206797049	0.00757008073701015	0.00854337171118252	0.015872249023913	0.0138165420899631	0.011693928824388	0.0103218193200602	0.010878225861326	0.00446103622322701	0.0110824629042339	0.0107605006755787	0.0112107829457039	0.0112963969093262	0.00789031325301421	0.00944831203329403	0.007956041568581	0.0146676719323795	0.0128888711358031	0.0258105330785728	0.0125274674262432	0.00566122939983127	0.00671936822851416	0.0352805131340515	0.0582427158419159	0.0435109100784694
817.78	0.00743781950379661	0.0143394343757354	0.00185500845918826	0.00485061539499855	0.0158827771778225	0.00707459870622153	0.00647046019448471	0.00850739544969182	0.00421419528208469	0.00808086199068804	0.00533659830417157	0.00161133463273106	0.00813173227652733	0.00739147032901212	0.00684026863400704	0.00497611225883011	0.0062232555265098	0.00406262046059104	0.00493878072586484	0.00398675971059993	0.00493557432374335	0.00644126249808098	0.00373101402553455	0.00358301285874271	0.00476476615422858	0.00431259249569507	0.00396145669460609	0.00588276523687679	0.00360892896987102	0.00573773550622673	0.00447634163278798	0.00316673148893809	0.00519716919412292	0.00572822383608228	0.00174660557763251	0.00387077431969351	0.00642645069087111	0.00498717991758903	0.0013462346276467	0.00603980964034769	0.00442177094146643	0.00122005140042012	0.00145193111378995	0.00192000588898371	0.00372155242312695	0.00485609209591092	0.00293591677489734	0.00364668896229733	0.00365831522318582	0.00160870089132109	0.00271911847188457	0.00195489753273857	0.00632411851417362	0.00350911569667225	0.00341966445417641	4.42569977831645E-4	0.00209450654026454	0.00411268243729638	0.00249801030531227	0.00357065107616539	0.00357095406520264	0.00249375032701863	0.00233972607667822	0.00306369946584683	0.00295839584454007	0.00227285323952653	0.00213088312727017	0.00138099524099359	0.00160659865772247	0.00182252010337371	0.00371791272110233	0.00298074853521911	0.00260024078992439	0.0023653987672243	0.00214171419958951	0.00161918764928214	5.58109871850895E-4	0.00277196684020713	0.00247110762857823	2.84281176004719E-4	0.00266077599455421	0.00225276170174581	0.00330511630913575	0.00170588035583009	0.00141062616454965	0.00222250107580085	0.00151316709681486	0.00147739099110886	0.00167233131542223	0.00204772115647078	4.38050348082583E-4	0.00155867996917487	0.00116654012176283	5.85656344920349E-4	0.00129412874464347	-2.53877056614469E-4	0.00148907749377157	0.00156265511904015	0.00150256997654173	0.00123938973393173	0.00113274211336299	0.00173525803059088	0.00145052103162045	0.0013041043653734	9.38258705956629E-4	3.11666148350296E-4	7.94500907523247E-4	4.4044705033682E-4	8.92862408430437E-4	4.97093385311289E-4	7.49516120230557E-4	6.68773403147071E-4	0.00106393058992964	6.46573572233604E-4	6.05477648193784E-4	6.96548538694244E-4	6.1771711719743E-4	9.43741226743058E-4	3.49208414301377E-4	7.75601251235219E-4	9.73900196635944E-4	7.30799553173104E-4	8.04733656837749E-4	0.00134549277279778	7.62239348314225E-4	5.5491826512414E-4	6.26391797909361E-4	9.43863270555517E-4	4.69086268588096E-4	0.00132090614339379	0.00195916287030192	8.73536132088894E-4	0.00163547173490925	0.00210823117041504	4.05661258997181E-4	0.00124205557466908	0.00115720743632574	0.00142719531503302	8.47417844976229E-4	0.001536820512807	0.00147458526321107	0	0	0	0	0	0	0	0	0	0	0.00193375878905421	0.0016248818203571	0.00214796735767411	0.00166327271983482	0.00157895022635723	0.00222303983983659	0.00169961781856477	0.00201305217844678	0.00266103643870874	0.00245159142377589	0.00205859422160064	0.00297816012949381	0.0024817893540031	0.00296894858752279	0.00288554155796993	0.00339222282825775	0.0027991540420052	0.00350581805553815	0.00294120091898171	0.00357554383284462	0.00343942959801457	0.00388751837278401	0.00413017581970582	0.00376096593016586	0.00384749215432886	0.00381178534366926	0.00474763635281249	0.00357546216820973	0.00496866695746827	0.00467538050391153	0.00591909344160179	0.00461793206505553	0.00494558997025134	0.00636821170132152	0.00534733276454889	0.00537403259895003	0.00571180236432456	0.00549851880495678	0.00518468161369263	0.00557479106091764	0.005131824941242	0.00644015810594728	0.00541479188942093	0.00654098700454981	0.00801254556062004	0.00645603311405635	0.00657584746699776	0.00598623664442978	0.00605817959431838	0.00799562724623408	0.00582635353359991	0.00623835854562846	0.00593543208760643	0.00669932623980895	0.00790553834334427	0.00433650943543358	0.00544704686951073	0.00699375859434773	0.00679758168213199	0.00744891944143519	0.00637640020326711	0.0104782367224329	0.0111294120760251	0.0139749497506242	0.0114220671753503	0.0108543208106274	0.00408970982939927	0.00804014198704911	0.00892356229146722	0.017119851341847	0.011479613165137	0.00672772312249177	0.0126193345747952	0.0128206312477192	0.0222354439721372	0.0127719541666307	0.0205853449216659	0.0158451196239971	0.0182197709456218	0.0236645992533985	0.0101073036339916	0.0460773183550422	0.0294057815268329	0.0694319417503891	0.022724099719537
822.552	0.0065285911004568	0.00860564650089783	0.00515660007166987	0.0033582543043303	0.00118247453349284	0.0020442731789884	-0.0024084155084647	0.00747955789733569	0.00479524248512041	0.00220576784694583	-0.00118518074077435	0.002929883346847	7.13417828687521E-4	0.00557992473822131	-0.00136777233149283	0.00202125224390685	0.00211983136432876	2.3789901194469E-7	0.00181978949593358	0.00218552096617194	2.53129469071396E-4	-0.0017344504161446	1.20004312284524E-4	0.00265872372710822	0.00254937028056929	0.00431168471753116	0.00470770610708966	1.07793529611166E-4	-0.00137898941375717	0.00354530586678372	-8.12621708329999E-4	5.9365830574992E-4	0.00211780419912825	0.00469614685371561	0.00284920719030891	7.20124473577033E-4	0.00237842992214778	7.73920744722226E-4	0.00336408281895629	-9.62307873321899E-8	-5.73080146098748E-4	0.00122000683296928	0.00112984515557791	4.80876513239792E-4	0.00119095996408094	0.00360245664589752	-0.00169922882754869	0.0025072790008526	-5.22617236944332E-4	-0.0017554844989671	0.00143124360223993	4.19197472717137E-4	-6.78781557468079E-5	0.00205289850936172	3.87226606037256E-4	0.00126128146112824	4.31832108017449E-4	0.00114987500321374	-3.56917752178511E-4	6.4552223877704E-4	0.00184366286934245	0.00153038808335297	0.00222777536029873	0.00175095082936523	8.61076873957829E-4	6.8715073979432E-4	0.00197522477703525	1.02265614922216E-4	-7.52556837211936E-4	0.00162571170494316	-1.4449606294153E-4	4.79399527184856E-5	-3.24567852667138E-4	9.10046939045629E-4	4.46456258713305E-4	0.00223185309810694	-8.5709759148227E-4	2.09548807774333E-4	3.70859065414144E-4	0.00157765201512747	0.00139028351789588	1.16573521414016E-4	8.73948055619154E-4	-1.85292970971842E-4	0.00133859390317941	8.82025823790944E-4	9.63312888241896E-4	6.38065215076275E-4	0.00160693767258031	8.95896387473565E-4	6.57231383500206E-4	4.58494994102906E-4	0.0019146694234956	0.00128902732299361	1.43977091743381E-4	0.00115679881966915	8.54741975033186E-4	0.00140121102945317	8.17127407360455E-4	8.01001237114497E-4	9.56839498890828E-4	9.64178368422089E-4	9.06909359728387E-4	8.33955343367666E-4	5.83737895302649E-4	5.40252766323223E-4	4.68617826156E-4	1.33121451471546E-4	1.24850862784034E-4	1.20025076566518E-4	9.02910094916495E-4	4.34647476154593E-4	8.76605377618859E-4	-1.68464129340913E-4	2.02018853054304E-4	4.87554274485032E-4	8.08707623920815E-4	1.8666270106012E-4	3.78245885725844E-5	-1.06226089934368E-4	5.87871265610965E-4	1.25046245312946E-4	7.03709545608951E-4	6.20155092591153E-4	1.48976263629422E-4	8.9214249075077E-4	9.06195034406626E-4	5.52039785276959E-4	0.00133546664886356	6.48814824430334E-4	1.8264347505199E-4	0.00183758597739629	0.00128205709588338	0.0010650092985873	0.00102406862406282	8.84502940798058E-4	0.00149400299577021	0.00149099257950529	0.00145537883070421	8.01965686519397E-4	0	0	0	0	0	0	0	0	0	0	-2.24935496174552E-4	0.00212934230560457	4.12344204393382E-4	0.00142468352053726	0.00270051704759264	8.61260249518481E-4	0.0022706501810769	0.00202598142302273	0.00146427563445637	0.00119574589276413	0.00256342003840349	0.00256840350400103	0.00200772683952809	0.00281158130776224	0.00231433844889541	0.00349353893963141	0.00235549042996104	0.00273536741853073	0.00333428425809991	0.00272695093671912	0.00250534948735561	0.00320501056889081	0.00307603472964623	0.00310348000232911	0.00341771992756718	0.00408645848567634	0.00296278880953144	0.00356119388104183	0.00353168628695409	0.00458716640744117	0.0035354424666347	0.00464269411072144	0.00471336464965663	0.00453416438684831	0.00427942706986671	0.00514349468900367	0.00524305769590531	0.00473799751407488	0.00519372563128488	0.00458694539809871	0.00548808528093828	0.0055199359945982	0.00522589977323252	0.00355921121014007	0.0054675687317705	0.0063014487020641	0.00609203233819596	0.0065429479908206	0.00567463098048468	0.00491176270064352	0.00522034389685962	0.00575059191239758	0.00604057574627322	0.00338045307431417	0.00519693799325262	0.00429138978775801	0.00667202920819139	0.00443869705979711	0.00667382271721068	0.00521209397978563	0.00606858674086387	0.00790782862803059	0.00993915891221154	0.012136318281195	0.0107863745009513	0.00870753405688363	0.00673348436441673	0.00889978114281267	0.00738021486920259	0.00649073260623829	0.00307446989257262	0.00932861266391668	0.00883943592317021	0.00543170487900077	0.012164993717827	0.0105633676271837	0.00963237057869473	0.0177483814517535	0.0134299863322776	0.0133629748111802	0.0208864912868887	0.00201205817768935	0.0172795242382742	-2.53705224491923E-6	0.00371157656607139	0.0465029217206269
