Sample - Blank	700	698	696	694	692	690	688	686	684	682	680	678	676	674	672	670	668	666	664	662	660	658	656	654	652	650	648	646	644	642	640	638	636	634	632	630	628	626	624	622	620	618	616	614	612	610	608	606	604	602	600	598	596	594	592	590	588	586	584	582	580	578	576	574	572	570	568	566	564	562	560	558	556	554	552	550	548	546	544	542	540	538	536	534	532	530	528	526	524	522	520	518	516	514	512	510	508	506	504	502	500	498	496	494	492	490	488	486	484	482	480	478	476	474	472	470	468	466	464	462	460	458	456	454	452	450	448	446	444	442	440	438	436	434	432	430	428	426	424	422	420	418	416	414	412	410	408	406	404	402	400	398	396	394	392	390	388	386	384	382	380	378	376	374	372	370	368	366	364	362	360	358	356	354	352	350	348	346	344	342	340	338	336	334	332	330	328	326	324	322	320	318	316	314	312	310	308	306	304	302	300	298	296	294	292	290	288	286	284	282	280	278	276	274	272	270	268	266	264	262	260	258	256	254	252	250	248	246	244	242	240	238	236	234	232	230
nm																																																																																																																																																																																																																																												
Normalized by 10307.053																																																																																																																																																																																																																																												
245.154	0	0	0	0	0	0	0	0	0	0	0	0	0	0	0	0	0	0	0	0	0	0	0	0	0	0	0	0	0	0	0	0	0	0	0	0	0	0	0	0	0	0	0	0	0	0	0	0	0	0	0	0	0	0	0	0	0	0	0	0	0	0	0	0	0	0	0	0	0	0	0	0	0	0	0	0	0	0	0	0	0	0	0	0	0	0	0	0	0	0	0	0	0	0	0	0	0	0	0	0	0	0	0	0	0	0	0	0	0	0	0	0	0	0	0	0	0	0	0	0	0	0	0	0	0	0	0	0	0	0	0	0	0	0	0	0	0	0	0	0	0	0	0	0	0	0	0	0	0	0	0	0	0	0	0	0	0	0	0	0	0	0	0	0	0	0	0	0	0	0	0	0	0	0	0	0	0	0	0	0	0	0	0	0	0	0	0	0	0	0	0	0	0	0	0	0	0	0	0	0	0	0	0	0	0	0	0	0	0	0	0	0	0	0	0	0	0	0	0	0	0	0	0	0	0	0	0	0	0	0	0	0	0	-0.128704386710505	-0.455870993883215	-1.19829556966534
249.632	0	0	0	0	0	0	0	0	0	0	0	0	0	0	0	0	0	0	0	0	0	0	0	0	0	0	0	0	0	0	0	0	0	0	0	0	0	0	0	0	0	0	0	0	0	0	0	0	0	0	0	0	0	0	0	0	0	0	0	0	0	0	0	0	0	0	0	0	0	0	0	0	0	0	0	0	0	0	0	0	0	0	0	0	0	0	0	0	0	0	0	0	0	0	0	0	0	0	0	0	0	0	0	0	0	0	0	0	0	0	0	0	0	0	0	0	0	0	0	0	0	0	0	0	0	0	0	0	0	0	0	0	0	0	0	0	0	0	0	0	0	0	0	0	0	0	0	0	0	0	0	0	0	0	0	0	0	0	0	0	0	0	0	0	0	0	0	0	0	0	0	0	0	0	0	0	0	0	0	0	0	0	0	0	0	0	0	0	0	0	0	0	0	0	0	0	0	0	0	0	0	0	0	0	0	0	0	0	0	0	0	0	0	0	0	0	0	0	0	0	0	0	0	0	0	0	0	0	0	0	0	-0.0271913185395376	-0.10368839697161	-0.435413713856662	-1.09558315385497	-2.12000558365458
254.115	0	0	0	0	0	0	0	0	0	0	0	0	0	0	0	0	0	0	0	0	0	0	0	0	0	0	0	0	0	0	0	0	0	0	0	0	0	0	0	0	0	0	0	0	0	0	0	0	0	0	0	0	0	0	0	0	0	0	0	0	0	0	0	0	0	0	0	0	0	0	0	0	0	0	0	0	0	0	0	0	0	0	0	0	0	0	0	0	0	0	0	0	0	0	0	0	0	0	0	0	0	0	0	0	0	0	0	0	0	0	0	0	0	0	0	0	0	0	0	0	0	0	0	0	0	0	0	0	0	0	0	0	0	0	0	0	0	0	0	0	0	0	0	0	0	0	0	0	0	0	0	0	0	0	0	0	0	0	0	0	0	0	0	0	0	0	0	0	0	0	0	0	0	0	0	0	0	0	0	0	0	0	0	0	0	0	0	0	0	0	0	0	0	0	0	0	0	0	0	0	0	0	0	0	0	0	0	0	0	0	0	0	0	0	0	0	0	0	0	0	0	0	0	0	0	0	0	0	-0.00609871648866382	-0.0158639375765152	-0.0504574627374466	-0.138349473400414	-0.420119135119248	-0.718237003337817	-0.976136704588169	-1.05392265359079
258.601	0	0	0	0	0	0	0	0	0	0	0	0	0	0	0	0	0	0	0	0	0	0	0	0	0	0	0	0	0	0	0	0	0	0	0	0	0	0	0	0	0	0	0	0	0	0	0	0	0	0	0	0	0	0	0	0	0	0	0	0	0	0	0	0	0	0	0	0	0	0	0	0	0	0	0	0	0	0	0	0	0	0	0	0	0	0	0	0	0	0	0	0	0	0	0	0	0	0	0	0	0	0	0	0	0	0	0	0	0	0	0	0	0	0	0	0	0	0	0	0	0	0	0	0	0	0	0	0	0	0	0	0	0	0	0	0	0	0	0	0	0	0	0	0	0	0	0	0	0	0	0	0	0	0	0	0	0	0	0	0	0	0	0	0	0	0	0	0	0	0	0	0	0	0	0	0	0	0	0	0	0	0	0	0	0	0	0	0	0	0	0	0	0	0	0	0	0	0	0	0	0	0	0	0	0	0	0	0	0	0	0	0	0	0	0	0	0	0	0	0	0	0	0	0	0	0	0.00114422958555229	0.00591485308263293	-0.0121064734522416	-0.0610411528979692	-0.193703263438407	-0.311812753085633	-0.424319214879764	-0.394653933328011	-0.322286451802781	-0.19396645893223
263.091	0	0	0	0	0	0	0	0	0	0	0	0	0	0	0	0	0	0	0	0	0	0	0	0	0	0	0	0	0	0	0	0	0	0	0	0	0	0	0	0	0	0	0	0	0	0	0	0	0	0	0	0	0	0	0	0	0	0	0	0	0	0	0	0	0	0	0	0	0	0	0	0	0	0	0	0	0	0	0	0	0	0	0	0	0	0	0	0	0	0	0	0	0	0	0	0	0	0	0	0	0	0	0	0	0	0	0	0	0	0	0	0	0	0	0	0	0	0	0	0	0	0	0	0	0	0	0	0	0	0	0	0	0	0	0	0	0	0	0	0	0	0	0	0	0	0	0	0	0	0	0	0	0	0	0	0	0	0	0	0	0	0	0	0	0	0	0	0	0	0	0	0	0	0	0	0	0	0	0	0	0	0	0	0	0	0	0	0	0	0	0	0	0	0	0	0	0	0	0	0	0	0	0	0	0	0	0	0	0	0	0	0	0	0	0	0	0	0	0	0	0	0	0	0	6.63699243916431E-4	-0.00241485816928859	-0.0159542581651076	-0.0346888107727039	-0.0937601937083324	-0.175662985294102	-0.253622363031813	-0.245783330019198	-0.169244983370251	-0.0756708720055456	-0.0967351597280556	-0.0940574773157523
267.584	0	0	0	0	0	0	0	0	0	0	0	0	0	0	0	0	0	0	0	0	0	0	0	0	0	0	0	0	0	0	0	0	0	0	0	0	0	0	0	0	0	0	0	0	0	0	0	0	0	0	0	0	0	0	0	0	0	0	0	0	0	0	0	0	0	0	0	0	0	0	0	0	0	0	0	0	0	0	0	0	0	0	0	0	0	0	0	0	0	0	0	0	0	0	0	0	0	0	0	0	0	0	0	0	0	0	0	0	0	0	0	0	0	0	0	0	0	0	0	0	0	0	0	0	0	0	0	0	0	0	0	0	0	0	0	0	0	0	0	0	0	0	0	0	0	0	0	0	0	0	0	0	0	0	0	0	0	0	0	0	0	0	0	0	0	0	0	0	0	0	0	0	0	0	0	0	0	0	0	0	0	0	0	0	0	0	0	0	0	0	0	0	0	0	0	0	0	0	0	0	0	0	0	0	0	0	0	0	0	0	0	0	0	0	0	0	0	0	0	0	0	0	-0.00334557159240031	-0.00398600097718134	-0.0111801643478755	-0.0167461029050894	-0.0449738647277272	-0.110637578032559	-0.155310117990192	-0.140963710381346	-0.0969043442148272	-0.0360207313385204	-0.0173663553502967	-0.0360060290408348	-0.0603894356046429	-0.134643886507797
272.082	0	0	0	0	0	0	0	0	0	0	0	0	0	0	0	0	0	0	0	0	0	0	0	0	0	0	0	0	0	0	0	0	0	0	0	0	0	0	0	0	0	0	0	0	0	0	0	0	0	0	0	0	0	0	0	0	0	0	0	0	0	0	0	0	0	0	0	0	0	0	0	0	0	0	0	0	0	0	0	0	0	0	0	0	0	0	0	0	0	0	0	0	0	0	0	0	0	0	0	0	0	0	0	0	0	0	0	0	0	0	0	0	0	0	0	0	0	0	0	0	0	0	0	0	0	0	0	0	0	0	0	0	0	0	0	0	0	0	0	0	0	0	0	0	0	0	0	0	0	0	0	0	0	0	0	0	0	0	0	0	0	0	0	0	0	0	0	0	0	0	0	0	0	0	0	0	0	0	0	0	0	0	0	0	0	0	0	0	0	0	0	0	0	0	0	0	0	0	0	0	0	0	0	0	0	0	0	0	0	0	0	0	0	0	0	0	0	0	0	0.0144965490431124	0.00327036152516299	0.00354166592858492	-5.15538232558471E-4	-0.0152283493522696	-0.0432538706160724	-0.0715635552952949	-0.115207399328975	-0.110285728573867	-0.0816876600744667	-0.0271456191083263	0.00492859121735702	-0.0172443128003655	-0.0236411713319234	0.00461848017041909	-0.0340763101975956	-0.109985732535005
276.583	0	0	0	0	0	0	0	0	0	0	0	0	0	0	0	0	0	0	0	0	0	0	0	0	0	0	0	0	0	0	0	0	0	0	0	0	0	0	0	0	0	0	0	0	0	0	0	0	0	0	0	0	0	0	0	0	0	0	0	0	0	0	0	0	0	0	0	0	0	0	0	0	0	0	0	0	0	0	0	0	0	0	0	0	0	0	0	0	0	0	0	0	0	0	0	0	0	0	0	0	0	0	0	0	0	0	0	0	0	0	0	0	0	0	0	0	0	0	0	0	0	0	0	0	0	0	0	0	0	0	0	0	0	0	0	0	0	0	0	0	0	0	0	0	0	0	0	0	0	0	0	0	0	0	0	0	0	0	0	0	0	0	0	0	0	0	0	0	0	0	0	0	0	0	0	0	0	0	0	0	0	0	0	0	0	0	0	0	0	0	0	0	0	0	0	0	0	0	0	0	0	0	0	0	0	0	0	0	0	0	0	0	0	0	0	0	0	0.00434438792808625	0.00559495151116337	0.00169908392639052	-2.96959637963867E-4	-0.00481122862360596	-0.0240318440465138	-0.0698296588969127	-0.066886572000563	-0.0769495564506208	-0.0561313003739384	-0.00115828982709676	-0.00672144459073392	0.0136929376543336	0.00636535344434331	-0.00338407820128406	0.0118272779905335	-0.0336981239876143	-0.00187753734528533	-0.0401698622647223
281.087	0	0	0	0	0	0	0	0	0	0	0	0	0	0	0	0	0	0	0	0	0	0	0	0	0	0	0	0	0	0	0	0	0	0	0	0	0	0	0	0	0	0	0	0	0	0	0	0	0	0	0	0	0	0	0	0	0	0	0	0	0	0	0	0	0	0	0	0	0	0	0	0	0	0	0	0	0	0	0	0	0	0	0	0	0	0	0	0	0	0	0	0	0	0	0	0	0	0	0	0	0	0	0	0	0	0	0	0	0	0	0	0	0	0	0	0	0	0	0	0	0	0	0	0	0	0	0	0	0	0	0	0	0	0	0	0	0	0	0	0	0	0	0	0	0	0	0	0	0	0	0	0	0	0	0	0	0	0	0	0	0	0	0	0	0	0	0	0	0	0	0	0	0	0	0	0	0	0	0	0	0	0	0	0	0	0	0	0	0	0	0	0	0	0	0	0	0	0	0	0	0	0	0	0	0	0	0	0	0	0	0	0	0	0	0	0.00621159372515051	0.0031797860124673	0.00629093199955898	0.00384318816638128	0.0040293939001553	-0.0219152946407302	-0.0327357662184955	-0.0618498846443867	-0.0751944732602433	-0.0385925014230737	-0.0157281353725137	-0.0058854767420269	0.00204499133324813	0.00129329860024126	0.0023961847819565	-2.35006617810142E-6	-0.00538989655968647	4.92770826166934E-4	-0.026646615863683	-0.00536193465698	-0.0535619955038584
285.595	0	0	0	0	0	0	0	0	0	0	0	0	0	0	0	0	0	0	0	0	0	0	0	0	0	0	0	0	0	0	0	0	0	0	0	0	0	0	0	0	0	0	0	0	0	0	0	0	0	0	0	0	0	0	0	0	0	0	0	0	0	0	0	0	0	0	0	0	0	0	0	0	0	0	0	0	0	0	0	0	0	0	0	0	0	0	0	0	0	0	0	0	0	0	0	0	0	0	0	0	0	0	0	0	0	0	0	0	0	0	0	0	0	0	0	0	0	0	0	0	0	0	0	0	0	0	0	0	0	0	0	0	0	0	0	0	0	0	0	0	0	0	0	0	0	0	0	0	0	0	0	0	0	0	0	0	0	0	0	0	0	0	0	0	0	0	0	0	0	0	0	0	0	0	0	0	0	0	0	0	0	0	0	0	0	0	0	0	0	0	0	0	0	0	0	0	0	0	0	0	0	0	0	0	0	0	0	0	0	0	0	0	0	0.00465093997778278	0.00796255565751756	0.00896963483952923	0.00558730117602712	-2.6953691602974E-4	-0.0160216047915191	-0.0339224289561325	-0.0530968648762723	-0.0496403060309013	-0.0421975557029376	-0.0138016147549965	-0.00618169502618446	-5.16843312618622E-4	0.00912786336507647	0.00470927279364834	0.00306867024177954	0.0040893985036462	0.0149581613062612	0.0177649957997981	-0.00198876890333732	-0.0101589782856611	0.0076552207866965	-1.2624442334042E-4
290.107	0	0	0	0	0	0	0	0	0	0	0	0	0	0	0	0	0	0	0	0	0	0	0	0	0	0	0	0	0	0	0	0	0	0	0	0	0	0	0	0	0	0	0	0	0	0	0	0	0	0	0	0	0	0	0	0	0	0	0	0	0	0	0	0	0	0	0	0	0	0	0	0	0	0	0	0	0	0	0	0	0	0	0	0	0	0	0	0	0	0	0	0	0	0	0	0	0	0	0	0	0	0	0	0	0	0	0	0	0	0	0	0	0	0	0	0	0	0	0	0	0	0	0	0	0	0	0	0	0	0	0	0	0	0	0	0	0	0	0	0	0	0	0	0	0	0	0	0	0	0	0	0	0	0	0	0	0	0	0	0	0	0	0	0	0	0	0	0	0	0	0	0	0	0	0	0	0	0	0	0	0	0	0	0	0	0	0	0	0	0	0	0	0	0	0	0	0	0	0	0	0	0	0	0	0	0	0	0	0	0	0.0150939884718021	0.0125681666656839	0.0141867885188112	0.0143525361626546	0.0101561303892851	0.00747842869197318	-0.00455060683504368	-0.0291679808925434	-0.0396867706925278	-0.045507966534223	-0.0367286227803051	-0.0109369227379673	-2.43398929027793E-4	0.00384995331051859	0.00431011229051394	0.00953628732535305	0.00176481385763247	0.00132372802270062	0.00404716017517062	0.0121349049436929	0.012093132968675	0.00837176138308504	0.0102481798984885	-0.0207004516630668	-0.0229918620211982	0.0367555112354132
294.623	0	0	0	0	0	0	0	0	0	0	0	0	0	0	0	0	0	0	0	0	0	0	0	0	0	0	0	0	0	0	0	0	0	0	0	0	0	0	0	0	0	0	0	0	0	0	0	0	0	0	0	0	0	0	0	0	0	0	0	0	0	0	0	0	0	0	0	0	0	0	0	0	0	0	0	0	0	0	0	0	0	0	0	0	0	0	0	0	0	0	0	0	0	0	0	0	0	0	0	0	0	0	0	0	0	0	0	0	0	0	0	0	0	0	0	0	0	0	0	0	0	0	0	0	0	0	0	0	0	0	0	0	0	0	0	0	0	0	0	0	0	0	0	0	0	0	0	0	0	0	0	0	0	0	0	0	0	0	0	0	0	0	0	0	0	0	0	0	0	0	0	0	0	0	0	0	0	0	0	0	0	0	0	0	0	0	0	0	0	0	0	0	0	0	0	0	0	0	0	0	0	0	0	0	0	0	0	0	0.0172963379429751	0.0150369149676583	0.0160377985196229	0.0161768124718169	0.016425751462768	0.0126495685519104	0.00452113245947672	-0.0145496031421134	-0.0320876889269081	-0.0410230136011498	-0.0251858269587398	-0.00432592039853936	0.00530113288027581	0.00408439049517424	0.00887265008552472	-1.31135275334578E-4	0.0118091200721913	0.00836422348422948	0.00501976630835183	0.0174818592198668	0.0154595572696583	0.00312799563210783	0.0168671765607126	0.0184717143230636	0.0264361706106995	0.0191496030276829	-0.00669221797052885	-0.0266696852303487
299.142	0	0	0	0	0	0	0	0	0	0	0	0	0	0	0	0	0	0	0	0	0	0	0	0	0	0	0	0	0	0	0	0	0	0	0	0	0	0	0	0	0	0	0	0	0	0	0	0	0	0	0	0	0	0	0	0	0	0	0	0	0	0	0	0	0	0	0	0	0	0	0	0	0	0	0	0	0	0	0	0	0	0	0	0	0	0	0	0	0	0	0	0	0	0	0	0	0	0	0	0	0	0	0	0	0	0	0	0	0	0	0	0	0	0	0	0	0	0	0	0	0	0	0	0	0	0	0	0	0	0	0	0	0	0	0	0	0	0	0	0	0	0	0	0	0	0	0	0	0	0	0	0	0	0	0	0	0	0	0	0	0	0	0	0	0	0	0	0	0	0	0	0	0	0	0	0	0	0	0	0	0	0	0	0	0	0	0	0	0	0	0	0	0	0	0	0	0	0	0	0	0	0	0	0	0	0	0.0171092487337371	0.02117662037968	0.0228273779718283	0.0217322446588364	0.0258405010862295	0.0249597076202259	0.0164706409076961	0.0116241010314882	-0.0096805589827412	-0.0163874763288463	-0.00434497953060729	0.00932684010358375	0.0129119824581831	0.0176499691056053	0.0175967633657598	0.0173026815027005	0.0199101180575486	0.0217370058122905	0.0162860085957643	0.0212277584882695	0.0262912465449085	0.0148621321857119	0.0211655446215956	0.0213403704382293	0.0185983898317504	0.0298458634820063	0.0246589564971385	0.065227831147608	0.0824897138391514	0.0416450698026325
303.665	0	0	0	0	0	0	0	0	0	0	0	0	0	0	0	0	0	0	0	0	0	0	0	0	0	0	0	0	0	0	0	0	0	0	0	0	0	0	0	0	0	0	0	0	0	0	0	0	0	0	0	0	0	0	0	0	0	0	0	0	0	0	0	0	0	0	0	0	0	0	0	0	0	0	0	0	0	0	0	0	0	0	0	0	0	0	0	0	0	0	0	0	0	0	0	0	0	0	0	0	0	0	0	0	0	0	0	0	0	0	0	0	0	0	0	0	0	0	0	0	0	0	0	0	0	0	0	0	0	0	0	0	0	0	0	0	0	0	0	0	0	0	0	0	0	0	0	0	0	0	0	0	0	0	0	0	0	0	0	0	0	0	0	0	0	0	0	0	0	0	0	0	0	0	0	0	0	0	0	0	0	0	0	0	0	0	0	0	0	0	0	0	0	0	0	0	0	0	0	0	0	0	0	0	0.017874381996246	0.0201714534917532	0.0219610715457259	0.0269899093917276	0.0289760504267416	0.0288897959900835	0.0203105038542647	0.00927164270863397	-0.0021878697734752	-0.00596420130578081	-0.0031582490529349	0.0101751729157619	0.0159802156764727	0.0211874262376399	0.0234661081264885	0.0226472651424287	0.0198192051266488	0.0191871544888704	0.0138600551349203	0.0200594429853461	0.0142908085627349	0.01695233229896	0.0132855872456481	0.018461730018205	0.0279484362935974	0.0190204692582064	0.0325129326259202	0.0475050358138576	0.0330610291868771	0.037042444910848	0.088753158415785	0.0616610348752975
308.191	0	0	0	0	0	0	0	0	0	0	0	0	0	0	0	0	0	0	0	0	0	0	0	0	0	0	0	0	0	0	0	0	0	0	0	0	0	0	0	0	0	0	0	0	0	0	0	0	0	0	0	0	0	0	0	0	0	0	0	0	0	0	0	0	0	0	0	0	0	0	0	0	0	0	0	0	0	0	0	0	0	0	0	0	0	0	0	0	0	0	0	0	0	0	0	0	0	0	0	0	0	0	0	0	0	0	0	0	0	0	0	0	0	0	0	0	0	0	0	0	0	0	0	0	0	0	0	0	0	0	0	0	0	0	0	0	0	0	0	0	0	0	0	0	0	0	0	0	0	0	0	0	0	0	0	0	0	0	0	0	0	0	0	0	0	0	0	0	0	0	0	0	0	0	0	0	0	0	0	0	0	0	0	0	0	0	0	0	0	0	0	0	0	0	0	0	0	0	0	0	0	0.0127427622187856	0.0122796809403891	0.0138091499934108	0.0178093559136243	0.0225054923815659	0.0272039898216294	0.0247272616755673	0.0278607626976816	0.0216709519706761	0.00849826020489348	0.00204322051532126	0.00886242603115112	0.0160986382093905	0.0216538183173906	0.0272258541943923	0.023733955763422	0.0253933588856166	0.0267963531264184	0.0215681633743275	0.0151213997839479	0.0194016727497219	0.0179002227874934	0.0128248303915676	0.0139168211432142	0.0140069509443511	0.0106864872544162	0.017710320251445	0.0155217300419018	0.0101193621819457	0.024518991731721	0.0236900246576829	0.0418029101428243	0.00915837470643151	0.0115301724918129	0.0154819683116432
312.721	0	0	0	0	0	0	0	0	0	0	0	0	0	0	0	0	0	0	0	0	0	0	0	0	0	0	0	0	0	0	0	0	0	0	0	0	0	0	0	0	0	0	0	0	0	0	0	0	0	0	0	0	0	0	0	0	0	0	0	0	0	0	0	0	0	0	0	0	0	0	0	0	0	0	0	0	0	0	0	0	0	0	0	0	0	0	0	0	0	0	0	0	0	0	0	0	0	0	0	0	0	0	0	0	0	0	0	0	0	0	0	0	0	0	0	0	0	0	0	0	0	0	0	0	0	0	0	0	0	0	0	0	0	0	0	0	0	0	0	0	0	0	0	0	0	0	0	0	0	0	0	0	0	0	0	0	0	0	0	0	0	0	0	0	0	0	0	0	0	0	0	0	0	0	0	0	0	0	0	0	0	0	0	0	0	0	0	0	0	0	0	0	0	0	0	0	0	0	0	0.00975853329371327	0.0127245329553982	0.0147394088662935	0.0193345920201274	0.0228452992043955	0.0258573627313332	0.0297729825371691	0.0253018780947509	0.0269427378353945	0.014106208984515	0.010448687710259	0.0162317780119125	0.0261047937847796	0.0344428872805632	0.0394640947185645	0.0381726307915759	0.0368073023887114	0.0329691585708569	0.032541697843087	0.0306689515030263	0.027569416439314	0.0277179433083028	0.0296290148271427	0.0268943977807885	0.0202923641119872	0.0255681001948653	0.0145057833671925	0.0225044164377058	0.0259002108141932	0.0303044305341069	0.0255841185222241	0.0428025010028964	0.0364870968339361	0.040352940468777	0.0494294164793492	0.0429718105482475	0.00468769278027164
317.254	0	0	0	0	0	0	0	0	0	0	0	0	0	0	0	0	0	0	0	0	0	0	0	0	0	0	0	0	0	0	0	0	0	0	0	0	0	0	0	0	0	0	0	0	0	0	0	0	0	0	0	0	0	0	0	0	0	0	0	0	0	0	0	0	0	0	0	0	0	0	0	0	0	0	0	0	0	0	0	0	0	0	0	0	0	0	0	0	0	0	0	0	0	0	0	0	0	0	0	0	0	0	0	0	0	0	0	0	0	0	0	0	0	0	0	0	0	0	0	0	0	0	0	0	0	0	0	0	0	0	0	0	0	0	0	0	0	0	0	0	0	0	0	0	0	0	0	0	0	0	0	0	0	0	0	0	0	0	0	0	0	0	0	0	0	0	0	0	0	0	0	0	0	0	0	0	0	0	0	0	0	0	0	0	0	0	0	0	0	0	0	0	0	0	0	0	0	0.00909708716516738	0.0104561898133092	0.0136774650879168	0.0151860138824607	0.0173335983995944	0.0224595656036726	0.0278086645662074	0.0299484214420647	0.0238164412752703	0.015644578526404	0.0158779065763074	0.0230299494402922	0.0292271973044061	0.0356124819927556	0.041001448322255	0.0437135444073816	0.0404290936861316	0.0380385371191454	0.0345760900283474	0.035465840420407	0.0318808058594942	0.0302884588811322	0.0288948852074991	0.0263152725548903	0.029632402764393	0.0273385500647019	0.026091273008832	0.0212446023564331	0.025659235070324	0.00557310525174064	0.0245693445208424	0.0280412207874132	0.0280396515119813	0.0342317999383314	0.0324535677015458	0.0607504424500792	0.0393485948235043	0.0507179697423317	0.0925824004969344
321.791	0	0	0	0	0	0	0	0	0	0	0	0	0	0	0	0	0	0	0	0	0	0	0	0	0	0	0	0	0	0	0	0	0	0	0	0	0	0	0	0	0	0	0	0	0	0	0	0	0	0	0	0	0	0	0	0	0	0	0	0	0	0	0	0	0	0	0	0	0	0	0	0	0	0	0	0	0	0	0	0	0	0	0	0	0	0	0	0	0	0	0	0	0	0	0	0	0	0	0	0	0	0	0	0	0	0	0	0	0	0	0	0	0	0	0	0	0	0	0	0	0	0	0	0	0	0	0	0	0	0	0	0	0	0	0	0	0	0	0	0	0	0	0	0	0	0	0	0	0	0	0	0	0	0	0	0	0	0	0	0	0	0	0	0	0	0	0	0	0	0	0	0	0	0	0	0	0	0	0	0	0	0	0	0	0	0	0	0	0	0	0	0	0	0	0	0.0110813912835674	0.0115182436590165	0.0134763000612847	0.0155330040763773	0.019453642681618	0.0202771165553595	0.0239318854605298	0.0242196617904628	0.0292566525390374	0.0220029093173769	0.0216798499545887	0.0224121678403101	0.0335283989888796	0.0394814151184374	0.0459711923665205	0.0475000787458233	0.0490332307538558	0.0484207378399	0.0428413195448185	0.0476425751701069	0.0406209743467388	0.0424450126249426	0.0354251469065712	0.0346213876020418	0.0311159148291721	0.0359045131367849	0.032293211905286	0.0366991252618734	0.0302952775346515	0.0340876337895122	0.0260313973488555	0.0319740118856868	0.0278017755979851	0.0203977794714903	0.0413924578235771	0.0283912188879447	0.0388861317319728	0.0548485018735332	0.0536506452008062	0.0235985164169985	0.0219078285535675
326.331	0	0	0	0	0	0	0	0	0	0	0	0	0	0	0	0	0	0	0	0	0	0	0	0	0	0	0	0	0	0	0	0	0	0	0	0	0	0	0	0	0	0	0	0	0	0	0	0	0	0	0	0	0	0	0	0	0	0	0	0	0	0	0	0	0	0	0	0	0	0	0	0	0	0	0	0	0	0	0	0	0	0	0	0	0	0	0	0	0	0	0	0	0	0	0	0	0	0	0	0	0	0	0	0	0	0	0	0	0	0	0	0	0	0	0	0	0	0	0	0	0	0	0	0	0	0	0	0	0	0	0	0	0	0	0	0	0	0	0	0	0	0	0	0	0	0	0	0	0	0	0	0	0	0	0	0	0	0	0	0	0	0	0	0	0	0	0	0	0	0	0	0	0	0	0	0	0	0	0	0	0	0	0	0	0	0	0	0	0	0	0	0	0.0133103912643515	0.0133406639166009	0.014458459898263	0.0157989199461141	0.0187733268294196	0.0203440046440611	0.0215657654142766	0.0240118588652369	0.0244974874717317	0.0247166769013932	0.0235575387836979	0.0216109678669499	0.0244567353592301	0.0354452129942794	0.0417456677623661	0.0487741286539013	0.0543277867721368	0.0570285292663001	0.0572843193311204	0.0573562596900289	0.0510618912481317	0.0501391688397022	0.053151449812035	0.0488846006664551	0.043177178688534	0.0421137428481044	0.0447270101244622	0.0403649255251772	0.0372873855405039	0.0369529493720284	0.0379728675365322	0.0376204413661169	0.0360540570860685	0.0381996371133398	0.0330458288704403	0.0439250443291206	0.0426893176116348	0.0440175268194957	0.0402380819248074	0.0550813159533039	0.0649149440517897	0.069428967382881	0.0783924364068024	0.108318092707492
330.875	0	0	0	0	0	0	0	0	0	0	0	0	0	0	0	0	0	0	0	0	0	0	0	0	0	0	0	0	0	0	0	0	0	0	0	0	0	0	0	0	0	0	0	0	0	0	0	0	0	0	0	0	0	0	0	0	0	0	0	0	0	0	0	0	0	0	0	0	0	0	0	0	0	0	0	0	0	0	0	0	0	0	0	0	0	0	0	0	0	0	0	0	0	0	0	0	0	0	0	0	0	0	0	0	0	0	0	0	0	0	0	0	0	0	0	0	0	0	0	0	0	0	0	0	0	0	0	0	0	0	0	0	0	0	0	0	0	0	0	0	0	0	0	0	0	0	0	0	0	0	0	0	0	0	0	0	0	0	0	0	0	0	0	0	0	0	0	0	0	0	0	0	0	0	0	0	0	0	0	0	0	0	0	0	0	0	0	0	0	0	0.0121187134295253	0.0142041737208002	0.0170186081295553	0.0165897802385749	0.0165036636247944	0.0205766832702707	0.0255818384390106	0.0250180825096076	0.027123534920313	0.0273810642813	0.0254371553391726	0.0224206472784685	0.025268941458846	0.0344875965872623	0.0434757135190867	0.0501555981266956	0.0534495275186118	0.0589297963847961	0.056260676238434	0.0579185404600107	0.0568541731059655	0.0591560967735111	0.0579832365129077	0.0513946812206314	0.0518364405243787	0.0460450935108004	0.0474160108931205	0.0430384575462366	0.0422507814773056	0.0439788827228254	0.0412385875234705	0.0383497628391285	0.0442930143366739	0.035459561445725	0.0346775363301748	0.0375090294585202	0.0353797603159405	0.0420894812292084	0.0311531340142317	0.0417812320755505	0.0423548870467576	0.0556157984836929	0.074550224088828	0.0405218733406574	0.032093906976444	0.0489698768193627
335.422	0	0	0	0	0	0	0	0	0	0	0	0	0	0	0	0	0	0	0	0	0	0	0	0	0	0	0	0	0	0	0	0	0	0	0	0	0	0	0	0	0	0	0	0	0	0	0	0	0	0	0	0	0	0	0	0	0	0	0	0	0	0	0	0	0	0	0	0	0	0	0	0	0	0	0	0	0	0	0	0	0	0	0	0	0	0	0	0	0	0	0	0	0	0	0	0	0	0	0	0	0	0	0	0	0	0	0	0	0	0	0	0	0	0	0	0	0	0	0	0	0	0	0	0	0	0	0	0	0	0	0	0	0	0	0	0	0	0	0	0	0	0	0	0	0	0	0	0	0	0	0	0	0	0	0	0	0	0	0	0	0	0	0	0	0	0	0	0	0	0	0	0	0	0	0	0	0	0	0	0	0	0	0	0	0	0	0	0	0.0161361210872562	0.0173426385206068	0.0205238873910122	0.0223111655085316	0.0219119889182621	0.0254132690477608	0.0266635085554556	0.0288574207970548	0.0314288214074555	0.0321625042314755	0.0254965454129887	0.0312350949633188	0.0307259502210409	0.0346799893298961	0.0465093510944699	0.0533448000553376	0.0584100506653457	0.0585690013919918	0.0609550300988982	0.0646523569502386	0.0649704254336604	0.0632538364462487	0.060597265102053	0.0598585075975096	0.0614817720651929	0.0588706436575611	0.0564521586455429	0.0555329428863051	0.0551388078841521	0.0513895616539718	0.0503972343578887	0.0479414336582043	0.0427063539115253	0.0484337868259594	0.0448021099709407	0.0460258205894524	0.0468434174945346	0.0432562793189066	0.0465083123728754	0.0535233531187369	0.0595587098528407	0.0463867940138299	0.0611265042297372	0.0664713056190153	0.0813213502770592	0.0532374584248696	0.0632892040579921	0.049983645484303
339.972	0	0	0	0	0	0	0	0	0	0	0	0	0	0	0	0	0	0	0	0	0	0	0	0	0	0	0	0	0	0	0	0	0	0	0	0	0	0	0	0	0	0	0	0	0	0	0	0	0	0	0	0	0	0	0	0	0	0	0	0	0	0	0	0	0	0	0	0	0	0	0	0	0	0	0	0	0	0	0	0	0	0	0	0	0	0	0	0	0	0	0	0	0	0	0	0	0	0	0	0	0	0	0	0	0	0	0	0	0	0	0	0	0	0	0	0	0	0	0	0	0	0	0	0	0	0	0	0	0	0	0	0	0	0	0	0	0	0	0	0	0	0	0	0	0	0	0	0	0	0	0	0	0	0	0	0	0	0	0	0	0	0	0	0	0	0	0	0	0	0	0	0	0	0	0	0	0	0	0	0	0	0	0	0	0	0	0.0180935353561689	0.0201942395725316	0.0233815774689968	0.0249873704581837	0.027015417312232	0.0302350424218729	0.0328074306371546	0.0323325809292221	0.0356607570443714	0.0359944139968075	0.0331254594985845	0.0330028395356156	0.0362387962734237	0.0432014944596406	0.0436908169456736	0.054782845807617	0.0582379396474722	0.0623300844878727	0.0643703623152694	0.0685261313458379	0.0647451387158579	0.0699696024496487	0.0700088516556181	0.0725115163835329	0.0675305120075826	0.0682887747059015	0.0656442588382349	0.063758729296234	0.0620410706225459	0.0589292002312142	0.0608313495479192	0.0583162169819012	0.0596855843915445	0.0527493503614542	0.0551803367151558	0.0531560161748235	0.0564650202531766	0.0604170060256963	0.0555461693219078	0.0621168338983121	0.0605218308774245	0.068710126313386	0.0733114314192028	0.0763435824437706	0.0897416233207215	0.0944777469971865	0.0661529495093941	0.0679360657930066	0.115032319199712	0.0681234284104879
344.526	0	0	0	0	0	0	0	0	0	0	0	0	0	0	0	0	0	0	0	0	0	0	0	0	0	0	0	0	0	0	0	0	0	0	0	0	0	0	0	0	0	0	0	0	0	0	0	0	0	0	0	0	0	0	0	0	0	0	0	0	0	0	0	0	0	0	0	0	0	0	0	0	0	0	0	0	0	0	0	0	0	0	0	0	0	0	0	0	0	0	0	0	0	0	0	0	0	0	0	0	0	0	0	0	0	0	0	0	0	0	0	0	0	0	0	0	0	0	0	0	0	0	0	0	0	0	0	0	0	0	0	0	0	0	0	0	0	0	0	0	0	0	0	0	0	0	0	0	0	0	0	0	0	0	0	0	0	0	0	0	0	0	0	0	0	0	0	0	0	0	0	0	0	0	0	0	0	0	0	0	0	0	0	0.0201811425880585	0.0210186362862864	0.0230051861540144	0.0264780265750535	0.0282688482146002	0.0315641768530542	0.0333468861609781	0.0365639591425769	0.0401439535436219	0.0430271293224338	0.0434501301944242	0.0420438861003343	0.0448313305687537	0.0450209344731351	0.043823182874654	0.0550863983924654	0.0566592843511896	0.0615290047603382	0.0631919540604537	0.0661216849783805	0.0683097509504568	0.0699352603124378	0.0714162001010372	0.0725772576510944	0.0759245747282756	0.0703453408802898	0.0739055251434706	0.0701975344565924	0.0675450207446215	0.069521420705054	0.0675555956910586	0.070625130891197	0.0675209255412507	0.0614236326042265	0.0671437491409536	0.0655801851714653	0.0588262747029082	0.0567873894613318	0.0629467853209553	0.0610500630288371	0.0707790109366968	0.0624097494547351	0.0620023186038862	0.0665592993346996	0.0683789590576787	0.0729580674306894	0.0783144851175073	0.0852597568414063	0.108086072066953	0.0978139139952031	0.0966895066428256	0.0451802282537048	0.0739471290829396
349.084	0	0	0	0	0	0	0	0	0	0	0	0	0	0	0	0	0	0	0	0	0	0	0	0	0	0	0	0	0	0	0	0	0	0	0	0	0	0	0	0	0	0	0	0	0	0	0	0	0	0	0	0	0	0	0	0	0	0	0	0	0	0	0	0	0	0	0	0	0	0	0	0	0	0	0	0	0	0	0	0	0	0	0	0	0	0	0	0	0	0	0	0	0	0	0	0	0	0	0	0	0	0	0	0	0	0	0	0	0	0	0	0	0	0	0	0	0	0	0	0	0	0	0	0	0	0	0	0	0	0	0	0	0	0	0	0	0	0	0	0	0	0	0	0	0	0	0	0	0	0	0	0	0	0	0	0	0	0	0	0	0	0	0	0	0	0	0	0	0	0	0	0	0	0	0	0	0	0	0	0	0	0.0224269812679558	0.0247943576819953	0.028030013668163	0.0302434793960615	0.033937711532237	0.0376005030690431	0.0411367507149267	0.0425676134572047	0.0462343437377055	0.0488049216016158	0.0485311088735138	0.0505768318796754	0.050937673536713	0.0497294856711686	0.0542407114463308	0.0576493692018133	0.0640925043923201	0.0674033477164981	0.0673333717802065	0.0732100866559078	0.0744511713156343	0.0755818941714782	0.0757913931472117	0.0797530339863279	0.0801336960962627	0.0789679314149214	0.0799435936376812	0.0782671813491799	0.0803273843187606	0.0784284745721461	0.0732022812688612	0.0757512782002332	0.0754804167661487	0.0730244430239104	0.0722749059230098	0.0743917568591681	0.0745692783609007	0.0718736461051844	0.0716502699169818	0.0743584255754145	0.0645555768802915	0.0726575160917957	0.0725538765864733	0.0767417669140839	0.0803798438310021	0.0894996967151958	0.0924723676088553	0.0906231033591881	0.0852015334015505	0.121560070735994	0.0948706096947219	0.0987043540194635	0.106511917570165	0.0688563430667372	0.0333573237544523
353.644	0	0	0	0	0	0	0	0	0	0	0	0	0	0	0	0	0	0	0	0	0	0	0	0	0	0	0	0	0	0	0	0	0	0	0	0	0	0	0	0	0	0	0	0	0	0	0	0	0	0	0	0	0	0	0	0	0	0	0	0	0	0	0	0	0	0	0	0	0	0	0	0	0	0	0	0	0	0	0	0	0	0	0	0	0	0	0	0	0	0	0	0	0	0	0	0	0	0	0	0	0	0	0	0	0	0	0	0	0	0	0	0	0	0	0	0	0	0	0	0	0	0	0	0	0	0	0	0	0	0	0	0	0	0	0	0	0	0	0	0	0	0	0	0	0	0	0	0	0	0	0	0	0	0	0	0	0	0	0	0	0	0	0	0	0	0	0	0	0	0	0	0	0	0	0	0	0	0	0	0.0253978494720043	0.0291636589835884	0.0314912456269804	0.0358066060865681	0.0390340975021312	0.0426076738368032	0.0467611781473117	0.0494924690838601	0.0545069131553319	0.0587513775770999	0.0611907832073878	0.0614186644442992	0.063313003468086	0.0587300223622452	0.0643294012098764	0.0681326809886856	0.0719804586444651	0.0768307635052954	0.0793624754432683	0.0798240729467043	0.0811769788565536	0.0783743703773893	0.082951381159308	0.0837004333994011	0.0821915355940944	0.0847372017009389	0.0887380558931748	0.0844204894691232	0.0860123790383955	0.0859113918845041	0.0861328107185899	0.083739321782667	0.082438776075017	0.0852494532615471	0.0801978382684645	0.0773435624751887	0.0744371248478079	0.0798255180712676	0.0749250270998518	0.0730815481798718	0.0751316718240574	0.0806259531090214	0.0859286517797429	0.0902674196180382	0.0913281700943145	0.0928154946133971	0.0986154555156531	0.0907508836909377	0.106114794008559	0.104975351411294	0.122772065497139	0.113655486969943	0.111187911506961	0.109412975957586	0.111632783827429	0.116046323368868	0.137382487778274
358.208	0	0	0	0	0	0	0	0	0	0	0	0	0	0	0	0	0	0	0	0	0	0	0	0	0	0	0	0	0	0	0	0	0	0	0	0	0	0	0	0	0	0	0	0	0	0	0	0	0	0	0	0	0	0	0	0	0	0	0	0	0	0	0	0	0	0	0	0	0	0	0	0	0	0	0	0	0	0	0	0	0	0	0	0	0	0	0	0	0	0	0	0	0	0	0	0	0	0	0	0	0	0	0	0	0	0	0	0	0	0	0	0	0	0	0	0	0	0	0	0	0	0	0	0	0	0	0	0	0	0	0	0	0	0	0	0	0	0	0	0	0	0	0	0	0	0	0	0	0	0	0	0	0	0	0	0	0	0	0	0	0	0	0	0	0	0	0	0	0	0	0	0	0	0	0	0	0.0289466358207824	0.0282779725123056	0.0327032505281594	0.0362800115509911	0.040349096354734	0.0449596550257742	0.0494317783257052	0.0541118685100598	0.0603382669755065	0.0630140008528263	0.0650658852352184	0.0703062622427468	0.0730018348286325	0.0738013531214636	0.0757474951296836	0.0757160859130432	0.0822385370070991	0.0833945369293862	0.0890092140808681	0.0916410696542752	0.0911445328157641	0.0948340611098227	0.0962823467434726	0.0971609795609382	0.0948508039874322	0.0960548892865312	0.0976024202136742	0.0971740112844281	0.0975976401725348	0.0966129990070485	0.0975764355511691	0.0988466322660873	0.0972216667750835	0.0945065725785529	0.093426808670909	0.0892042983519312	0.0964410464493355	0.0914782133615507	0.0894236950561332	0.0902672458208548	0.0889389229108811	0.0933245586459515	0.0944946705080163	0.0978332877299832	0.0943858749972645	0.100661406965903	0.104287942577972	0.111675454004241	0.116158640634039	0.121108624247704	0.122308521007847	0.132431625492388	0.137744827799028	0.145796010136878	0.15897709229797	0.164816740175374	0.157033191718045	0.162793282945332	0.143559787774022	0.152674889829202
362.776	0	0	0	0	0	0	0	0	0	0	0	0	0	0	0	0	0	0	0	0	0	0	0	0	0	0	0	0	0	0	0	0	0	0	0	0	0	0	0	0	0	0	0	0	0	0	0	0	0	0	0	0	0	0	0	0	0	0	0	0	0	0	0	0	0	0	0	0	0	0	0	0	0	0	0	0	0	0	0	0	0	0	0	0	0	0	0	0	0	0	0	0	0	0	0	0	0	0	0	0	0	0	0	0	0	0	0	0	0	0	0	0	0	0	0	0	0	0	0	0	0	0	0	0	0	0	0	0	0	0	0	0	0	0	0	0	0	0	0	0	0	0	0	0	0	0	0	0	0	0	0	0	0	0	0	0	0	0	0	0	0	0	0	0	0	0	0	0	0	0	0	0	0	0	0.0293216104927623	0.028736070488771	0.0344490504710166	0.0389305384111542	0.0457352154153118	0.0499134234198902	0.0544764230119457	0.0607753849566879	0.0662981193951944	0.0691013566756645	0.0766572963481186	0.0785215049989272	0.0843998233922971	0.0843490285702513	0.0833116290462547	0.0874469858648339	0.094872570195136	0.0997222917327824	0.103410023740694	0.106027763226897	0.105868696993111	0.104299384781431	0.108732720528858	0.108020170407456	0.109813783741283	0.107760392891273	0.110754372851097	0.107673841643958	0.108710437734143	0.106982560522943	0.107786595436682	0.10791351769718	0.107231759191004	0.106131073732557	0.10562201217261	0.105888419383423	0.100992409514739	0.104917142216581	0.0999544907597777	0.100516550289363	0.104172494872737	0.102445332217221	0.0997406821083203	0.0997482033960892	0.102409378243154	0.112049191729426	0.113135792748581	0.11218022380051	0.121199567919827	0.11613827255902	0.136506283703192	0.143462937470029	0.149759523853963	0.145376587678703	0.162001533865136	0.166173865253876	0.17979556441874	0.180253199348389	0.148689011745137	0.202936477223003	0.192182347083331	0.150849077190449
367.346	0	0	0	0	0	0	0	0	0	0	0	0	0	0	0	0	0	0	0	0	0	0	0	0	0	0	0	0	0	0	0	0	0	0	0	0	0	0	0	0	0	0	0	0	0	0	0	0	0	0	0	0	0	0	0	0	0	0	0	0	0	0	0	0	0	0	0	0	0	0	0	0	0	0	0	0	0	0	0	0	0	0	0	0	0	0	0	0	0	0	0	0	0	0	0	0	0	0	0	0	0	0	0	0	0	0	0	0	0	0	0	0	0	0	0	0	0	0	0	0	0	0	0	0	0	0	0	0	0	0	0	0	0	0	0	0	0	0	0	0	0	0	0	0	0	0	0	0	0	0	0	0	0	0	0	0	0	0	0	0	0	0	0	0	0	0	0	0	0	0	0	0	0.0252532303697937	0.0293609694484708	0.0333935366594534	0.0388885197981509	0.044588201021222	0.050908003970789	0.0552253498739136	0.0654639495854522	0.0693610721634835	0.0754860830849266	0.082570961685924	0.0876680326686606	0.092669259858186	0.0977375889633749	0.0972206708329402	0.103520830841414	0.104956451207135	0.109149639290508	0.113962178699603	0.116047691955256	0.118859733425983	0.120625870186035	0.123184107867089	0.122597442609748	0.120567765284373	0.121911572152871	0.120985875899769	0.121912351408234	0.121225381132332	0.119684945537448	0.116655338907963	0.116839978950625	0.116100982316276	0.116848889697878	0.113371257650652	0.113699658809764	0.112808525654717	0.110013818735464	0.10907689628742	0.111489792024644	0.112937069889517	0.110925113657813	0.109008186124923	0.108569685572856	0.111161615930599	0.113838019130772	0.119044130540134	0.122833714792012	0.125689292464755	0.122403914519328	0.139146709992819	0.141018507317468	0.146466355850513	0.150411951891933	0.165006053475542	0.170363841450313	0.16841146655556	0.186484877721877	0.173087889878157	0.180304513904347	0.201819782747825	0.199458182358968	0.178146082157762	0.12222532617326
371.92	0	0	0	0	0	0	0	0	0	0	0	0	0	0	0	0	0	0	0	0	0	0	0	0	0	0	0	0	0	0	0	0	0	0	0	0	0	0	0	0	0	0	0	0	0	0	0	0	0	0	0	0	0	0	0	0	0	0	0	0	0	0	0	0	0	0	0	0	0	0	0	0	0	0	0	0	0	0	0	0	0	0	0	0	0	0	0	0	0	0	0	0	0	0	0	0	0	0	0	0	0	0	0	0	0	0	0	0	0	0	0	0	0	0	0	0	0	0	0	0	0	0	0	0	0	0	0	0	0	0	0	0	0	0	0	0	0	0	0	0	0	0	0	0	0	0	0	0	0	0	0	0	0	0	0	0	0	0	0	0	0	0	0	0	0	0	0	0	0	0	0.0271531429639781	0.0300172570048761	0.0361098124944474	0.0421835242120633	0.0469030825387783	0.0541094098408298	0.0605432603852372	0.0681847305276926	0.0750529002686882	0.0828439188131103	0.0899905671383391	0.097116886300775	0.101335190224311	0.107324838684162	0.111841962032966	0.115855028603838	0.119394099234017	0.12399042881636	0.131153110806068	0.134589140540465	0.138401469888123	0.138832185933894	0.140305539674093	0.140699996423668	0.142609991101225	0.143151611216567	0.143338178880538	0.143451703964505	0.142091710430395	0.139864932800828	0.137762688487514	0.13368980465201	0.135403004487042	0.134512733007771	0.13110172437615	0.135175962798676	0.133161397468817	0.131349879047846	0.128165895548109	0.127575261595662	0.125203400539104	0.129172415109093	0.129519488598094	0.13415779947969	0.134141748927571	0.133072842143376	0.131010435673344	0.139228499635057	0.14702530477224	0.146348139049965	0.154669805669315	0.158328252426264	0.168397604170548	0.176037408780288	0.187511438228705	0.193767779345655	0.193637658888131	0.213645084520696	0.223488465421633	0.223109069313726	0.220452161463236	0.258992584943521	0.257386956008991	0.273864051508842	0.245325403132809	0.317823813759775
376.497	0	0	0	0	0	0	0	0	0	0	0	0	0	0	0	0	0	0	0	0	0	0	0	0	0	0	0	0	0	0	0	0	0	0	0	0	0	0	0	0	0	0	0	0	0	0	0	0	0	0	0	0	0	0	0	0	0	0	0	0	0	0	0	0	0	0	0	0	0	0	0	0	0	0	0	0	0	0	0	0	0	0	0	0	0	0	0	0	0	0	0	0	0	0	0	0	0	0	0	0	0	0	0	0	0	0	0	0	0	0	0	0	0	0	0	0	0	0	0	0	0	0	0	0	0	0	0	0	0	0	0	0	0	0	0	0	0	0	0	0	0	0	0	0	0	0	0	0	0	0	0	0	0	0	0	0	0	0	0	0	0	0	0	0	0	0	0	0.0260865087258186	0.0256195250321141	0.0313005445829811	0.0355297921944351	0.0410434367421998	0.0469572135236969	0.0528723808166123	0.0601837279138744	0.0681375362245601	0.0757162108615683	0.086996902512737	0.0926177410834936	0.100247999336948	0.11016813088357	0.115630631987147	0.118915677573918	0.125638612780274	0.131890128850896	0.136114874428578	0.143090413160058	0.148115067488925	0.151034979866022	0.155026919864432	0.158206680926895	0.159317348101632	0.160073765130185	0.159685348179514	0.163992075092413	0.161673727156411	0.162939127904994	0.157169420651699	0.157665879616341	0.15710219502242	0.154239239295597	0.151812733768717	0.148614007926646	0.147669973874264	0.146733732108687	0.144325591281035	0.144938883675278	0.141803346921672	0.141558801655384	0.138513547832723	0.135562619922028	0.139763061046688	0.143485346720638	0.141459543806614	0.145088814429633	0.147884684719278	0.147590009444291	0.154164931142945	0.158909850479936	0.161238617220575	0.16336519322359	0.177501713570111	0.18695211751744	0.194271246084932	0.200671570700575	0.205795988936994	0.217119727431728	0.240492811351329	0.230318259667998	0.234215473174675	0.268416638083846	0.269965670540032	0.275964394830703	0.249716871839653	0.202648800616188	0.200153059131659
381.077	0	0	0	0	0	0	0	0	0	0	0	0	0	0	0	0	0	0	0	0	0	0	0	0	0	0	0	0	0	0	0	0	0	0	0	0	0	0	0	0	0	0	0	0	0	0	0	0	0	0	0	0	0	0	0	0	0	0	0	0	0	0	0	0	0	0	0	0	0	0	0	0	0	0	0	0	0	0	0	0	0	0	0	0	0	0	0	0	0	0	0	0	0	0	0	0	0	0	0	0	0	0	0	0	0	0	0	0	0	0	0	0	0	0	0	0	0	0	0	0	0	0	0	0	0	0	0	0	0	0	0	0	0	0	0	0	0	0	0	0	0	0	0	0	0	0	0	0	0	0	0	0	0	0	0	0	0	0	0	0	0	0	0	0	0	0.0259317368770488	0.027655259973399	0.0319284347309143	0.0360399232633566	0.0427163353735513	0.0484987036203952	0.0560664805670527	0.0631928243325327	0.0698511109402071	0.0794719992911585	0.0870076315943517	0.0976474657718436	0.106821864664481	0.114319023313744	0.123106516403527	0.130090619881618	0.136875540894931	0.138835061936377	0.150739479252636	0.156177756079149	0.164257144993775	0.167099994508566	0.171562911122787	0.175803208155657	0.175884951052642	0.17887639414586	0.182568441409217	0.181714266686378	0.184366601613522	0.183504801032854	0.183353892739071	0.182810847061309	0.17913459762528	0.177942026592537	0.173774740694053	0.176098840895978	0.169695113173542	0.1670647575111	0.169404331339719	0.162753472896376	0.162895283548979	0.159456836120941	0.160926857784214	0.160308948557781	0.160384621020328	0.157632794498722	0.159487953239945	0.161708917504322	0.159628718123186	0.161371665374128	0.170198016226764	0.172900226815582	0.177748430511107	0.184044681013995	0.192225050268193	0.196465937435773	0.207270567481634	0.214371952552255	0.221305417265766	0.238971795472535	0.242618832656796	0.267311391358858	0.268751282084091	0.291069709046136	0.293083178276693	0.307982870585632	0.313523712734992	0.322461724750751	0.30206686858556	0.290670513685265	0.381955073445545
385.661	0	0	0	0	0	0	0	0	0	0	0	0	0	0	0	0	0	0	0	0	0	0	0	0	0	0	0	0	0	0	0	0	0	0	0	0	0	0	0	0	0	0	0	0	0	0	0	0	0	0	0	0	0	0	0	0	0	0	0	0	0	0	0	0	0	0	0	0	0	0	0	0	0	0	0	0	0	0	0	0	0	0	0	0	0	0	0	0	0	0	0	0	0	0	0	0	0	0	0	0	0	0	0	0	0	0	0	0	0	0	0	0	0	0	0	0	0	0	0	0	0	0	0	0	0	0	0	0	0	0	0	0	0	0	0	0	0	0	0	0	0	0	0	0	0	0	0	0	0	0	0	0	0	0	0	0	0	0	0	0	0	0	0	0.0254223042289349	0.0277858275324919	0.0332504544252705	0.0385596728897923	0.0432138914009652	0.048894314118918	0.0561318525884336	0.0635074507469385	0.0719856649908055	0.079873199441955	0.0894234489097269	0.0963268812323585	0.106489766774515	0.117123027541023	0.125403757122583	0.133010570468095	0.141026454618589	0.147700975392161	0.156994183026967	0.164031182216031	0.173975595525222	0.179021094726134	0.183927067609909	0.190627829580614	0.195234111423481	0.196876075764672	0.200282346367083	0.203805044344964	0.202768759085534	0.205473605183266	0.204573519849276	0.205238918463059	0.202624140485761	0.201300544166031	0.200837160465128	0.198656120272844	0.194461272989348	0.190490093392094	0.189398675110265	0.185123071214671	0.184749039257036	0.180219972391774	0.176990580745383	0.175553023769196	0.175166943931724	0.172800763484937	0.172374510847931	0.176767599275998	0.177421953341972	0.178004307251798	0.178650608344679	0.185769661793275	0.188569486898633	0.193055285650873	0.201919456371094	0.205347661065384	0.215128954853355	0.215993075667978	0.225347387927806	0.248624126794287	0.263341661778213	0.268101588212083	0.287039268285292	0.298216649387929	0.312856483945635	0.328009543626074	0.334821551352259	0.35972953732499	0.35675445368998	0.357277713534806	0.357524515123907	0.348693922060691	0.371211931807714
390.248	0	0	0	0	0	0	0	0	0	0	0	0	0	0	0	0	0	0	0	0	0	0	0	0	0	0	0	0	0	0	0	0	0	0	0	0	0	0	0	0	0	0	0	0	0	0	0	0	0	0	0	0	0	0	0	0	0	0	0	0	0	0	0	0	0	0	0	0	0	0	0	0	0	0	0	0	0	0	0	0	0	0	0	0	0	0	0	0	0	0	0	0	0	0	0	0	0	0	0	0	0	0	0	0	0	0	0	0	0	0	0	0	0	0	0	0	0	0	0	0	0	0	0	0	0	0	0	0	0	0	0	0	0	0	0	0	0	0	0	0	0	0	0	0	0	0	0	0	0	0	0	0	0	0	0	0	0	0	0	0	0.0254298613097279	0.0245249745517051	0.0293981450772304	0.0325189161462877	0.0383732946810499	0.0433574980614694	0.0499043499363201	0.0571348021633217	0.0635311596801912	0.0714047555429973	0.0777870218143799	0.0866124978123386	0.0956636111913137	0.104166627533363	0.113809193341122	0.124498193768675	0.13233636317886	0.142245407560579	0.147674147977906	0.160162917330536	0.168384986974291	0.176445373740878	0.185043261941402	0.190983225093307	0.196724478297882	0.201972455373079	0.206940623635333	0.209208449847245	0.213178899565983	0.216121740610356	0.216068723122741	0.2180678192364	0.220606537367232	0.21592365305999	0.218359380843225	0.218108843415907	0.213497628354855	0.213650667379506	0.209885577906314	0.208088304064254	0.202766429253921	0.200551772111374	0.194021225561572	0.193479571925805	0.192038914915983	0.189428704498035	0.187222834424975	0.185000691107991	0.185461586135392	0.185265148051832	0.187902503525804	0.19391799084872	0.191473614232995	0.192234090208297	0.195763588300635	0.200916306936071	0.209938226495924	0.216854239037969	0.222361116662058	0.235346301950382	0.241305118448877	0.257336974036654	0.264291341327967	0.280315665880916	0.291055253205311	0.305962479333103	0.3178497229676	0.339927153907382	0.358071615838795	0.354062748925527	0.38687006844057	0.398887711698406	0.3880698758906	0.40222333491713	0.416081199109922	0.385710844977661
394.837	0	0	0	0	0	0	0	0	0	0	0	0	0	0	0	0	0	0	0	0	0	0	0	0	0	0	0	0	0	0	0	0	0	0	0	0	0	0	0	0	0	0	0	0	0	0	0	0	0	0	0	0	0	0	0	0	0	0	0	0	0	0	0	0	0	0	0	0	0	0	0	0	0	0	0	0	0	0	0	0	0	0	0	0	0	0	0	0	0	0	0	0	0	0	0	0	0	0	0	0	0	0	0	0	0	0	0	0	0	0	0	0	0	0	0	0	0	0	0	0	0	0	0	0	0	0	0	0	0	0	0	0	0	0	0	0	0	0	0	0	0	0	0	0	0	0	0	0	0	0	0	0	0	0	0	0	0	0	0.0246550538764076	0.0267035699746037	0.0297868250298952	0.0354100943735525	0.0405290874818397	0.0446602336968478	0.0505432267436882	0.0574905305077733	0.063343472293586	0.0724200099726487	0.0796164473554767	0.0871680459453735	0.0946897341103989	0.103987755483958	0.113766578124083	0.123718798183188	0.133082387865505	0.142298609680491	0.150295140156208	0.158815742378636	0.169951548271786	0.179027758361062	0.187407782346888	0.196440627077139	0.202686358074022	0.210030174953943	0.213873714312805	0.218981743159536	0.222867869137992	0.227970858089805	0.228967293749885	0.233113415998317	0.23135699438491	0.233277427160463	0.233276899154321	0.23479775726774	0.233436737265261	0.230852054853237	0.232468142844331	0.228391341832632	0.226166146704907	0.223563378944568	0.216340512991477	0.216094648480171	0.21233087675057	0.210119157140335	0.204486224256586	0.205755707282237	0.203270040982511	0.200620435131894	0.199058845618354	0.199892461133164	0.202952770519405	0.203133083263574	0.204356907219005	0.208787378898388	0.213797457965381	0.224113477151504	0.231435839887614	0.234963359058113	0.243187562787291	0.259893087358279	0.269906157678294	0.281265962510341	0.298188922805807	0.310860073725502	0.325064695811094	0.345885881773192	0.356986240082027	0.371204273880996	0.387675865259831	0.403859610472411	0.416909215338074	0.418784713881179	0.436121160657521	0.459200497719725	0.458793796685389	0.422133639539717
399.43	0	0	0	0	0	0	0	0	0	0	0	0	0	0	0	0	0	0	0	0	0	0	0	0	0	0	0	0	0	0	0	0	0	0	0	0	0	0	0	0	0	0	0	0	0	0	0	0	0	0	0	0	0	0	0	0	0	0	0	0	0	0	0	0	0	0	0	0	0	0	0	0	0	0	0	0	0	0	0	0	0	0	0	0	0	0	0	0	0	0	0	0	0	0	0	0	0	0	0	0	0	0	0	0	0	0	0	0	0	0	0	0	0	0	0	0	0	0	0	0	0	0	0	0	0	0	0	0	0	0	0	0	0	0	0	0	0	0	0	0	0	0	0	0	0	0	0	0	0	0	0	0	0	0	0	0	0.0229525848491651	0.0252489533862375	0.0290940216690052	0.033880441728769	0.037462942370226	0.0432782462733382	0.0485223390274809	0.0543599090070157	0.0602867571951903	0.0680754267591871	0.0749782020532525	0.0835461116579905	0.0926853439012703	0.100020097524364	0.107332444615717	0.115271270246037	0.125348713092883	0.132762893954129	0.140164770329647	0.153442704463105	0.159332718777664	0.172484167216097	0.180767585767785	0.18848885090698	0.198136397063568	0.201951973000637	0.210153207594745	0.215648159938752	0.221287385781562	0.226893679071713	0.228978867128745	0.231203756704278	0.234080414758619	0.238580737526064	0.238587795430856	0.238300497033217	0.238603526700918	0.23950711117336	0.237659242204616	0.235906735905996	0.232814871249308	0.229662332993097	0.226137908228553	0.223603491208334	0.22159551588325	0.215455455792749	0.214021750967892	0.211632737306846	0.207025353711736	0.207749568859815	0.205562634231075	0.202718840487132	0.203540437132237	0.204300173798102	0.206688089357114	0.204145348348002	0.208214182703476	0.213292460970249	0.220452521421247	0.224551488171463	0.235157514676085	0.242763043295111	0.252387555514357	0.262439184319144	0.279777857865061	0.2895065912607	0.30227114900158	0.316652304298535	0.332821585062397	0.347562616804809	0.360105569659556	0.377465217600753	0.392228027707337	0.40024237613023	0.417606157809079	0.437234656199343	0.419751830378746	0.451863035516654	0.412741178349187	0.408106319608126
404.026	0	0	0	0	0	0	0	0	0	0	0	0	0	0	0	0	0	0	0	0	0	0	0	0	0	0	0	0	0	0	0	0	0	0	0	0	0	0	0	0	0	0	0	0	0	0	0	0	0	0	0	0	0	0	0	0	0	0	0	0	0	0	0	0	0	0	0	0	0	0	0	0	0	0	0	0	0	0	0	0	0	0	0	0	0	0	0	0	0	0	0	0	0	0	0	0	0	0	0	0	0	0	0	0	0	0	0	0	0	0	0	0	0	0	0	0	0	0	0	0	0	0	0	0	0	0	0	0	0	0	0	0	0	0	0	0	0	0	0	0	0	0	0	0	0	0	0	0	0	0	0	0	0	0.0229926940909124	0.0231533418898036	0.0262828032214922	0.0307705607608937	0.034255497105664	0.0378505278109637	0.0441141216526902	0.0494436215094561	0.0553913915030565	0.0627295378250895	0.0699345311418408	0.0758988082768766	0.0839090065146781	0.0927800038290351	0.101572838187149	0.109426396950976	0.117372890736724	0.124609215803391	0.135539297046688	0.144366744513326	0.152719288246309	0.161303471736122	0.173487050773088	0.181872053368687	0.191869662652256	0.199519954465764	0.209295769709102	0.217435447369115	0.223874328584213	0.229963008726762	0.235443090704585	0.24061255525043	0.244274670434651	0.248388686473522	0.252180399179837	0.251427780721658	0.254503222198606	0.256076471384876	0.255815479258844	0.255985409414254	0.256093216604822	0.252209493407886	0.252008356848231	0.246965341267958	0.246804231923398	0.241982280493779	0.23752672863106	0.233911453032646	0.232306339324783	0.225575183849997	0.223186999869247	0.222121325104176	0.215821528975977	0.218967616156735	0.21528339096562	0.217564851037113	0.218804145481209	0.221999321761961	0.219468880552688	0.229492515584436	0.232010813681256	0.240203716091479	0.244948011790158	0.25751284565482	0.265681946323735	0.273873130910138	0.287187784167813	0.301647016877109	0.318259936003005	0.329617390929859	0.337543375101073	0.366425821697514	0.383078031417546	0.387538469305056	0.410550631540921	0.428868821120748	0.445237313656977	0.446902927069796	0.459697020440158	0.456535606229516	0.455105564714582	0.432539637678705	0.467957078581876
408.626	0	0	0	0	0	0	0	0	0	0	0	0	0	0	0	0	0	0	0	0	0	0	0	0	0	0	0	0	0	0	0	0	0	0	0	0	0	0	0	0	0	0	0	0	0	0	0	0	0	0	0	0	0	0	0	0	0	0	0	0	0	0	0	0	0	0	0	0	0	0	0	0	0	0	0	0	0	0	0	0	0	0	0	0	0	0	0	0	0	0	0	0	0	0	0	0	0	0	0	0	0	0	0	0	0	0	0	0	0	0	0	0	0	0	0	0	0	0	0	0	0	0	0	0	0	0	0	0	0	0	0	0	0	0	0	0	0	0	0	0	0	0	0	0	0	0	0	0	0	0	0	0.0219804770143081	0.0247715481992112	0.0282089677733508	0.0321007500395208	0.0368845498637574	0.041198258637223	0.0443297899904372	0.0504216239851617	0.0572513580579977	0.0632729863979443	0.0696675472602997	0.0772404122882172	0.0849978005272376	0.0925820414066477	0.100692885032273	0.109420453171059	0.119973085705816	0.12598044356533	0.135804771547204	0.144451134729594	0.151595476374862	0.16251947778048	0.170466821203668	0.180660607603428	0.190164871779714	0.198401588738153	0.208010642465291	0.216962835036866	0.225298878040687	0.234032571738853	0.237940649757741	0.245446148342779	0.250226501853937	0.256527229418923	0.260012123471481	0.261471903825207	0.26347190266746	0.268714487671676	0.270726584694849	0.270476002873225	0.270109412795842	0.268851342499986	0.269145374933835	0.269628505811237	0.267323307052243	0.261651489220356	0.257363271920711	0.252465098483008	0.252477895136539	0.243982895233806	0.242083485238985	0.241304465065646	0.237774297691515	0.234534392821967	0.233662790274297	0.235079657466543	0.227564093027835	0.233410442647	0.234169963629532	0.23322548205957	0.237066566829086	0.247195668975744	0.251782633186266	0.258880549427228	0.268530795817299	0.278673367041504	0.287268436810054	0.303861848508684	0.312730836450816	0.32012065681321	0.346048010764584	0.354703749383264	0.377371505165483	0.394232720182271	0.404323103940659	0.438091686257377	0.449078248094324	0.45843733192699	0.479557144022493	0.478368794541145	0.509777639429808	0.515492491743272	0.543703050779428	0.557830794384108	0.565161257413881
413.228	0	0	0	0	0	0	0	0	0	0	0	0	0	0	0	0	0	0	0	0	0	0	0	0	0	0	0	0	0	0	0	0	0	0	0	0	0	0	0	0	0	0	0	0	0	0	0	0	0	0	0	0	0	0	0	0	0	0	0	0	0	0	0	0	0	0	0	0	0	0	0	0	0	0	0	0	0	0	0	0	0	0	0	0	0	0	0	0	0	0	0	0	0	0	0	0	0	0	0	0	0	0	0	0	0	0	0	0	0	0	0	0	0	0	0	0	0	0	0	0	0	0	0	0	0	0	0	0	0	0	0	0	0	0	0	0	0	0	0	0	0	0	0	0	0	0	0	0	0	0.0220740889619327	0.0246001609959245	0.0275207377737912	0.0323801121062397	0.0350628499576375	0.0410421131783001	0.0454887420136704	0.0514225336101885	0.0567299225082006	0.0632164013518794	0.0698194959718581	0.0764301177771693	0.0842681641108281	0.0918851051470618	0.100560905954798	0.107499949916002	0.117038837009981	0.124675616365507	0.132130123083019	0.141263178171183	0.150574287606135	0.159179233768361	0.167756909958985	0.176276768307213	0.185803992446024	0.196179272992252	0.205685709319971	0.215074678448654	0.223281695543769	0.231839021344425	0.238088409665545	0.245911867345252	0.251335802142608	0.25726977039131	0.261597435265317	0.26792531121915	0.269702058154459	0.273248113650138	0.276181833391451	0.276344497341543	0.28003356884469	0.279353151476334	0.282190183909093	0.277046934090267	0.277845196129394	0.273839230679092	0.271894342225121	0.266668218265167	0.266258424187294	0.259620070056197	0.25702039920418	0.253827586346506	0.251081668528091	0.245565938474126	0.242631897063437	0.24475349048492	0.240489148661619	0.239566746045763	0.237952143395504	0.240806448132949	0.244976733596504	0.245576493562458	0.247818719496313	0.257285816799325	0.265199754744401	0.269897990576416	0.281352465326348	0.293753423285536	0.307825879409642	0.317353599273939	0.334573671136605	0.349024076079586	0.365177360360948	0.380291678447225	0.391313928601428	0.414222965251557	0.433677188086776	0.450625610258014	0.475008216915833	0.477180378899216	0.488440647168247	0.49885215116426	0.537255499363226	0.562131136218378	0.54226564689507	0.578413719398823	0.570221806086507
417.833	0	0	0	0	0	0	0	0	0	0	0	0	0	0	0	0	0	0	0	0	0	0	0	0	0	0	0	0	0	0	0	0	0	0	0	0	0	0	0	0	0	0	0	0	0	0	0	0	0	0	0	0	0	0	0	0	0	0	0	0	0	0	0	0	0	0	0	0	0	0	0	0	0	0	0	0	0	0	0	0	0	0	0	0	0	0	0	0	0	0	0	0	0	0	0	0	0	0	0	0	0	0	0	0	0	0	0	0	0	0	0	0	0	0	0	0	0	0	0	0	0	0	0	0	0	0	0	0	0	0	0	0	0	0	0	0	0	0	0	0	0	0	0	0	0	0	0	0.0202761830194156	0.0229889742298611	0.0271338058008543	0.0312324506474425	0.0353776473650064	0.0397222775315698	0.0439381112349823	0.0500422612559575	0.0556723273425863	0.0612454226993069	0.0674074671398028	0.0748572890158499	0.0810219427966905	0.0902023922547287	0.0974705302297836	0.104835923685275	0.114324854513397	0.122401946710984	0.130776015680474	0.139218350086531	0.146421037395767	0.156403005503726	0.1631572533539	0.173149497426405	0.181892296221536	0.191080193629595	0.199632016664918	0.207665013250629	0.217358634458319	0.225862801417594	0.232892141785766	0.239420835753957	0.248256568176851	0.255936546733098	0.26080560864445	0.26566457152104	0.272586418204714	0.274917195626657	0.27909462373828	0.281342397242802	0.281461637644852	0.28107738471068	0.283206855061301	0.284379073761364	0.281976308242126	0.28339358325163	0.279336009109224	0.277712055055847	0.275348945411969	0.273304189823014	0.268381163370537	0.264581483796122	0.257834612196875	0.257117188614923	0.253460693585595	0.250090160654165	0.247261812584304	0.24248635912656	0.248101418032657	0.244327823088907	0.245876280511728	0.248184912955646	0.248199428809869	0.256463669783026	0.257727834820319	0.264482421942497	0.275015260376801	0.28032761128148	0.295333144933013	0.307242715940012	0.318069210123174	0.327721054749471	0.343255086014842	0.363844861630593	0.375659228358609	0.393320529824804	0.411580088053243	0.426270734525637	0.448126699663207	0.458954243466017	0.475683886969218	0.497157557252534	0.49797090402209	0.508159272510953	0.534026018412633	0.52434511114492	0.532588166477092	0.538407406621681	0.516214073483687
422.442	0	0	0	0	0	0	0	0	0	0	0	0	0	0	0	0	0	0	0	0	0	0	0	0	0	0	0	0	0	0	0	0	0	0	0	0	0	0	0	0	0	0	0	0	0	0	0	0	0	0	0	0	0	0	0	0	0	0	0	0	0	0	0	0	0	0	0	0	0	0	0	0	0	0	0	0	0	0	0	0	0	0	0	0	0	0	0	0	0	0	0	0	0	0	0	0	0	0	0	0	0	0	0	0	0	0	0	0	0	0	0	0	0	0	0	0	0	0	0	0	0	0	0	0	0	0	0	0	0	0	0	0	0	0	0	0	0	0	0	0	0	0	0	0	0.0187755271483688	0.0200337525667465	0.0225554590847982	0.0255554506585249	0.0299508987484696	0.0346904871902779	0.039054226294274	0.0434219055108333	0.0494100759976926	0.05485634482569	0.0604874135314043	0.0676447437781042	0.0746628349737712	0.0793898138717466	0.0857436830700081	0.0948017241370984	0.102421716793897	0.108944044829385	0.119135879796795	0.127885680145921	0.135018928565891	0.142737491901808	0.152078398522729	0.159778406131605	0.169717939100858	0.176767646820503	0.187238779953961	0.194255778474677	0.200815822334784	0.207405307798238	0.218626829528183	0.226418744733742	0.23390472841055	0.240322866081512	0.249445436779902	0.258526024244172	0.26218832637084	0.26889739448174	0.273031226706092	0.278391267228842	0.280169979098848	0.284563579267662	0.284801131180488	0.286584208452205	0.288463643851003	0.287326286139057	0.289420143019798	0.286552737004435	0.283970732150089	0.282291424008103	0.279664357380776	0.278566178816363	0.274483693438782	0.271869977986317	0.264366303411245	0.264530590336326	0.261267703780252	0.255868950087489	0.254653941238832	0.250845029001699	0.247663887858969	0.249126038293262	0.250689116871745	0.253940165676185	0.255523025283565	0.258216356463853	0.263134868893612	0.268749876743815	0.276665253108133	0.287333764884026	0.294965932530354	0.304910795942583	0.313940605299338	0.326522560684251	0.344351183175696	0.352237353035473	0.376306495642671	0.390233055134825	0.410753524329134	0.421658796692496	0.434437201038309	0.455617763419331	0.468794513611899	0.480953796187733	0.486580983480274	0.50988943144816	0.526000527018805	0.552739332993931	0.548517686348616	0.568788945531008	0.547777546003554	0.548345862590529
427.053	0	0	0	0	0	0	0	0	0	0	0	0	0	0	0	0	0	0	0	0	0	0	0	0	0	0	0	0	0	0	0	0	0	0	0	0	0	0	0	0	0	0	0	0	0	0	0	0	0	0	0	0	0	0	0	0	0	0	0	0	0	0	0	0	0	0	0	0	0	0	0	0	0	0	0	0	0	0	0	0	0	0	0	0	0	0	0	0	0	0	0	0	0	0	0	0	0	0	0	0	0	0	0	0	0	0	0	0	0	0	0	0	0	0	0	0	0	0	0	0	0	0	0	0	0	0	0	0	0	0	0	0	0	0	0	0	0	0	0	0	0	0	0.0183435492917962	0.0205902963985334	0.0243981602674959	0.0268917711295434	0.0312195180283734	0.0358294665199368	0.0386977625035545	0.0436314033961002	0.0504863158333509	0.0535194790700583	0.058612182158077	0.0652861635272434	0.0722713424015678	0.0784613521311369	0.0851861141339551	0.0934026125833922	0.100232886329426	0.107802320185869	0.114453601137817	0.123696121107391	0.13195125674614	0.139580365758059	0.14786667579303	0.154118574763681	0.163301901239464	0.173301026479388	0.181483943742564	0.189770856101536	0.196925075476701	0.205888547785521	0.210204855949535	0.221502828135975	0.22812339929616	0.236634383950633	0.243521200260068	0.248628265953975	0.255735835334763	0.264594694829947	0.268140483990814	0.275161927698872	0.278642328844081	0.281430099519485	0.283540374088458	0.288331183501588	0.289119664247534	0.292397008718852	0.289469455836908	0.288681329609004	0.289507225922098	0.287717092175353	0.289659712937963	0.286367039129956	0.28109217942098	0.278604775848049	0.277158714362431	0.272593353712746	0.26875888837732	0.264680935954651	0.26165885715675	0.25987445988395	0.255527962752782	0.256943697811971	0.255779749945038	0.255433065404266	0.253520171797772	0.258762508794009	0.261040116214806	0.26794965996731	0.272860145441047	0.27800170354764	0.286323718380827	0.297430199087744	0.312768762908731	0.317579637733434	0.326805148674693	0.34053625767638	0.358384099122409	0.373583023763394	0.390143937670383	0.400996775862215	0.414960074610354	0.439406796226298	0.456283555708178	0.466551026073532	0.492604340278866	0.503556711505235	0.517395766860189	0.52375698752155	0.541906749082666	0.557304106461615	0.548720714651966	0.572815364361435	0.586065704669726	0.560913625277251
431.667	0	0	0	0	0	0	0	0	0	0	0	0	0	0	0	0	0	0	0	0	0	0	0	0	0	0	0	0	0	0	0	0	0	0	0	0	0	0	0	0	0	0	0	0	0	0	0	0	0	0	0	0	0	0	0	0	0	0	0	0	0	0	0	0	0	0	0	0	0	0	0	0	0	0	0	0	0	0	0	0	0	0	0	0	0	0	0	0	0	0	0	0	0	0	0	0	0	0	0	0	0	0	0	0	0	0	0	0	0	0	0	0	0	0	0	0	0	0	0	0	0	0	0	0	0	0	0	0	0	0	0	0	0	0	0	0	0	0	0	0	0.0182767284345368	0.020767790704093	0.024935194865575	0.0262211869960629	0.0311136064086959	0.0344969808363137	0.0382749980465448	0.0428965019758018	0.0490447011277573	0.0523526865665503	0.0578040983293051	0.0636642417629143	0.0710019369169006	0.075948116171744	0.0838106549396238	0.089159273257141	0.0963007163482974	0.103417194593453	0.110921430659334	0.119714316733005	0.12694193303499	0.13502583126146	0.143909043143723	0.150708672323623	0.159488590294178	0.167082864731643	0.175242271995492	0.182783475035011	0.190984912808147	0.200005893079935	0.208041456616327	0.213242636928595	0.220426750352699	0.228086650193918	0.236456807935507	0.244090016648236	0.251270404203673	0.258340082702655	0.263248561549971	0.267148735174048	0.272346552454749	0.27643600109566	0.280532722226014	0.284527730839015	0.289051798975182	0.290992630266872	0.290621278308533	0.290157420645476	0.291134908545487	0.29172651877343	0.288595299201571	0.288218458515793	0.286585953632563	0.28237558940856	0.281602705860155	0.27629748390056	0.275469005844963	0.270871058996545	0.26719843194825	0.263713778773543	0.25878486757824	0.259864268562577	0.259316101466545	0.257665502470815	0.257981335413451	0.258855224196289	0.259636312521167	0.261358081457866	0.265008185984183	0.272155101097026	0.278079048838097	0.285771647851389	0.295348194000574	0.306927357783439	0.319487951285141	0.319551151644068	0.340808937523765	0.349115305734013	0.370397538608124	0.377563033980771	0.394803890474865	0.408974076782898	0.426401460769992	0.451596740509377	0.459621201511004	0.480810173259607	0.491514738265112	0.495776532178933	0.537245905186377	0.531418079816558	0.55303565133202	0.555839612531934	0.55032364386078	0.57578622146664	0.557617127870306	0.591538088141445
436.285	0	0	0	0	0	0	0	0	0	0	0	0	0	0	0	0	0	0	0	0	0	0	0	0	0	0	0	0	0	0	0	0	0	0	0	0	0	0	0	0	0	0	0	0	0	0	0	0	0	0	0	0	0	0	0	0	0	0	0	0	0	0	0	0	0	0	0	0	0	0	0	0	0	0	0	0	0	0	0	0	0	0	0	0	0	0	0	0	0	0	0	0	0	0	0	0	0	0	0	0	0	0	0	0	0	0	0	0	0	0	0	0	0	0	0	0	0	0	0	0	0	0	0	0	0	0	0	0	0	0	0	0	0	0	0	0	0	0.0177365293450715	0.0178246280756979	0.0213166642855547	0.0230271585734284	0.0270386235821029	0.0302198871782804	0.0342613247388002	0.0380120407476558	0.0418983082996691	0.0480075399878129	0.052979175500947	0.0570598273484896	0.0631223145656336	0.0680961296855906	0.0738838020144092	0.0809302930540604	0.0876663332279151	0.0939657132315637	0.101697130449645	0.108600706787117	0.116094775188418	0.122632418769696	0.131414573481649	0.140623787804079	0.147851857815782	0.154704166703505	0.162928596970843	0.168375309234039	0.178326641836794	0.187364999768171	0.194228662005881	0.203889898218748	0.209697731994752	0.217271867126422	0.223483079224515	0.228924747901626	0.235791820865496	0.246152026292052	0.250455256763785	0.257670555374263	0.264891759752984	0.266451873299152	0.272710957788266	0.278369942489548	0.281652664052284	0.28318694797481	0.288810638732722	0.292907532209602	0.294370632062651	0.292422628214911	0.293906034415983	0.292421061867153	0.291995853960273	0.290043241918796	0.289099569113567	0.286697013202923	0.28664891972735	0.281857053229029	0.276955037658043	0.275625244336422	0.272706350152549	0.270264559172252	0.26716349004545	0.263147860345187	0.261713365395943	0.264034834754088	0.258062205359904	0.263009652458004	0.263483558970786	0.266726610775261	0.269916295145616	0.274349885504457	0.278096122980263	0.285080293080707	0.292877008249007	0.297708941164679	0.311010932814058	0.330864924046902	0.338009130970891	0.355089243484589	0.366420277153009	0.379921499185084	0.39163541190653	0.408299704952365	0.425063744947016	0.441173501398129	0.464076233001916	0.483804029918323	0.498930894246701	0.506632220146116	0.515253743978652	0.537272740812171	0.539837339199949	0.559612071970814	0.575154792853804	0.576905680496988	0.581589976403642	0.606124894557315	0.546988902429789
440.905	0	0	0	0	0	0	0	0	0	0	0	0	0	0	0	0	0	0	0	0	0	0	0	0	0	0	0	0	0	0	0	0	0	0	0	0	0	0	0	0	0	0	0	0	0	0	0	0	0	0	0	0	0	0	0	0	0	0	0	0	0	0	0	0	0	0	0	0	0	0	0	0	0	0	0	0	0	0	0	0	0	0	0	0	0	0	0	0	0	0	0	0	0	0	0	0	0	0	0	0	0	0	0	0	0	0	0	0	0	0	0	0	0	0	0	0	0	0	0	0	0	0	0	0	0	0	0	0	0	0	0	0	0	0	0	0.0172290224261828	0.0186746198336646	0.0209641287132312	0.0251137587261157	0.0282383788103034	0.0303257591460142	0.0346428142983431	0.0393483857206753	0.0421835881975332	0.0487090053748871	0.0522132816369711	0.0562713954221171	0.0624600869181532	0.0675712750012655	0.0736106515904102	0.0804797635308548	0.0865343605560413	0.090015919572416	0.0997093687390509	0.105345724028237	0.113951689997549	0.120094683178188	0.127934818424328	0.136211812886654	0.141124571455239	0.150121258046732	0.157407427814846	0.163138538623542	0.172938012407096	0.18094519147607	0.187320071242854	0.195749179798478	0.203515606486842	0.209144501061191	0.217296927004301	0.223112460067725	0.230472427486258	0.236135995057565	0.240946253486841	0.248011943373767	0.255371272318463	0.261669649333587	0.268335464236158	0.272105720362867	0.277664533256998	0.281825613895922	0.283306326735754	0.287244711803132	0.289596173304067	0.290482548905311	0.29129279506111	0.294914842851571	0.290585001853943	0.291473515317071	0.29035658911641	0.288943387707152	0.2872257337092	0.286462646831501	0.28399404745112	0.282031960308049	0.276934486355734	0.274437918232401	0.27025777634736	0.26949146915851	0.266657803820293	0.262585916845938	0.264789401567465	0.26345210474328	0.260373395145137	0.262110018242841	0.268168889874596	0.270302606902361	0.274186406512075	0.280056289202138	0.286962046530341	0.292177468811096	0.301380998489044	0.312214758913345	0.325657526756168	0.338110861768702	0.352171085529098	0.36120933748458	0.376679541977378	0.39054681990458	0.410741194630285	0.421925856284266	0.430318124318527	0.453046270393735	0.468142502746855	0.480735689174393	0.503549312264655	0.509478309377082	0.525967437038924	0.528258059596593	0.550188884271636	0.549053447692727	0.567520758478451	0.575520716946843	0.571994914867839	0.592645879270184	0
445.528	0	0	0	0	0	0	0	0	0	0	0	0	0	0	0	0	0	0	0	0	0	0	0	0	0	0	0	0	0	0	0	0	0	0	0	0	0	0	0	0	0	0	0	0	0	0	0	0	0	0	0	0	0	0	0	0	0	0	0	0	0	0	0	0	0	0	0	0	0	0	0	0	0	0	0	0	0	0	0	0	0	0	0	0	0	0	0	0	0	0	0	0	0	0	0	0	0	0	0	0	0	0	0	0	0	0	0	0	0	0	0	0	0	0	0	0	0	0	0	0	0	0	0	0	0	0	0	0	0	0	0	0	0	0.016644894166129	0.0187090064881379	0.0216717767193841	0.0242044747322592	0.0259681748453949	0.0307357503167744	0.0327567710525837	0.0367699851625886	0.0409859828787616	0.0449637027175878	0.0502383825774897	0.0547055411821877	0.0593695536936257	0.0649960220537695	0.0689352152001284	0.0759955244762657	0.0821973104020283	0.0880995572161394	0.0941492362930919	0.100239295431226	0.107182001839572	0.115922133638175	0.120480052861143	0.126489576761256	0.137039022783258	0.139842551431732	0.147733907014763	0.156833913434084	0.163505067053435	0.172377957088605	0.180053273927287	0.18799168440431	0.193861365642413	0.200551935326343	0.207003482495979	0.213894180877944	0.21911430107355	0.226459873107569	0.232455576645009	0.237908535438775	0.244392605131434	0.249383972183962	0.25475169801206	0.261518002449868	0.266046702933035	0.270693322437493	0.275550450169669	0.277058711699643	0.282746142636693	0.282289822766248	0.283909074938844	0.285337954294576	0.286941547531646	0.28692550211646	0.285249168698901	0.284003774801548	0.284807652585478	0.283007830092938	0.279953851963327	0.277947105912423	0.275705605531219	0.27275917369904	0.271097278871628	0.269662563753197	0.26676407166637	0.26139229760211	0.259509103132737	0.259303644266857	0.260211666287175	0.258758090580973	0.2610327404764	0.259815451362672	0.265318452451504	0.268122474695511	0.275373928675534	0.277343811667926	0.283512057432647	0.292383442015304	0.300645658361514	0.314771671568621	0.326631572334339	0.340351239282377	0.350929397427062	0.365406373444261	0.375144045998457	0.396064662708524	0.398853290157241	0.416060125486905	0.432445921850733	0.451296613561781	0.464785067497154	0.473617891221914	0.487705822235057	0.504704755189719	0.518834134645718	0.531749162740821	0.533647654502469	0.53692016286378	0.546335761537287	0.549195089798601	0.549049403438471	0	0
450.154	0	0	0	0	0	0	0	0	0	0	0	0	0	0	0	0	0	0	0	0	0	0	0	0	0	0	0	0	0	0	0	0	0	0	0	0	0	0	0	0	0	0	0	0	0	0	0	0	0	0	0	0	0	0	0	0	0	0	0	0	0	0	0	0	0	0	0	0	0	0	0	0	0	0	0	0	0	0	0	0	0	0	0	0	0	0	0	0	0	0	0	0	0	0	0	0	0	0	0	0	0	0	0	0	0	0	0	0	0	0	0	0	0	0	0	0	0	0	0	0	0	0	0	0	0	0	0	0	0	0	0.0159545738506337	0.0167948856951643	0.0198961692355644	0.0215966687512484	0.0244497574795723	0.0275120665083107	0.0306501149738381	0.0339876450350106	0.0377748706060728	0.0409806086591427	0.0456685422543318	0.0498142524233202	0.0533020145408673	0.0582360750326225	0.0621167500018176	0.0679677798788076	0.0731245693451654	0.0802114482553455	0.0849844841858835	0.0902589533192025	0.0964679839159834	0.102596931003513	0.109096742699228	0.11629525838407	0.124871312876951	0.12988088884543	0.134622513239637	0.144278501337095	0.149248233068242	0.157608689199411	0.163803799827249	0.169948408447062	0.179479850401033	0.185856516480747	0.191509631029987	0.198646312769041	0.20427401793688	0.210530038918106	0.217931459809728	0.222888338991447	0.228052433726808	0.233811116187693	0.239274334508437	0.242481319180216	0.247854195869346	0.255730334053967	0.259644735550496	0.263147662680292	0.268741301340255	0.272412648599517	0.274436274346708	0.277344680324769	0.279068331626703	0.279254084088598	0.283058669163465	0.280943624187209	0.279871664116002	0.279391470707831	0.278163403404186	0.277440511666577	0.276682637969611	0.274428360287092	0.272550569629307	0.270140255201649	0.269541600400242	0.265801904917464	0.264726571959046	0.261441787630185	0.257512784082105	0.257313894225189	0.2578067993107	0.254666701642976	0.258815588838541	0.260611020003595	0.261288851602124	0.266241811127861	0.27031810338276	0.276432215762268	0.284224093007805	0.292752993561064	0.300059756213624	0.308191640289423	0.319224820036742	0.333257906514844	0.344402953037819	0.354309533718733	0.369437893309932	0.379956459579071	0.396989246139268	0.408278738894356	0.42440927134262	0.437055349024627	0.455639780241404	0.468641281024277	0.482004371054157	0.497203218413629	0.503489544991099	0.52046997617098	0.528540747422927	0.537580915963908	0.550048880019142	0.554172091014582	0.592605506340854	0	0	0
454.783	0	0	0	0	0	0	0	0	0	0	0	0	0	0	0	0	0	0	0	0	0	0	0	0	0	0	0	0	0	0	0	0	0	0	0	0	0	0	0	0	0	0	0	0	0	0	0	0	0	0	0	0	0	0	0	0	0	0	0	0	0	0	0	0	0	0	0	0	0	0	0	0	0	0	0	0	0	0	0	0	0	0	0	0	0	0	0	0	0	0	0	0	0	0	0	0	0	0	0	0	0	0	0	0	0	0	0	0	0	0	0	0	0	0	0	0	0	0	0	0	0	0	0	0	0	0	0	0	0.0147498366990933	0.0162427443865736	0.018742980367331	0.0209866807019559	0.0234102782874902	0.0271700907016595	0.0284986338514663	0.0327058481877203	0.0357318653448786	0.0386894270769204	0.0421797588655411	0.0465058871177847	0.0518714232371059	0.0548008324730587	0.0600658578275697	0.0646804719285463	0.0707794123135584	0.0752641387309581	0.0819556531659979	0.0859790980185191	0.0924518915617425	0.0984213506499341	0.104546108619981	0.109068681912177	0.115323824968387	0.123694944284513	0.128377711926176	0.135196313206781	0.14164252385621	0.149990681013923	0.154927992827289	0.162348855109599	0.169653143561177	0.175917796374685	0.181482895667735	0.19001154862646	0.195381163980397	0.202111605844168	0.208036714125066	0.211480119471584	0.216363664711663	0.222676021401295	0.226886650845115	0.230952537455941	0.237006546340272	0.241673824401065	0.247025967586226	0.251646307826477	0.25478791163568	0.258607892950733	0.264187232242677	0.266583366919186	0.269216215566213	0.271452397808603	0.273431638100907	0.273656844725968	0.276518838492081	0.274899038925158	0.272127401869625	0.273322129508689	0.271117966897398	0.269203327574827	0.268896185183863	0.267104474954794	0.264486588916613	0.26179475910195	0.260184872832953	0.259581803251326	0.255790781910227	0.254517298629797	0.252528765029691	0.253339033804574	0.252837320104869	0.254540860812635	0.253978795082526	0.256020703619931	0.258011976117465	0.263260254914895	0.269912105410966	0.274227390046723	0.281355167922138	0.289335526981395	0.297288010118541	0.307673289966198	0.316901066950218	0.328152058247054	0.343391120442229	0.354686955184398	0.364772302238991	0.379796944327084	0.393161959653403	0.408901489416716	0.424596613706248	0.439710624221269	0.444016292608296	0.460690840164789	0.476224011817852	0.481139990060952	0.501552131127673	0.50385900913094	0.526960188228288	0.533969906254858	0.543969984501232	0.525760428875524	0	0	0	0
459.414	0	0	0	0	0	0	0	0	0	0	0	0	0	0	0	0	0	0	0	0	0	0	0	0	0	0	0	0	0	0	0	0	0	0	0	0	0	0	0	0	0	0	0	0	0	0	0	0	0	0	0	0	0	0	0	0	0	0	0	0	0	0	0	0	0	0	0	0	0	0	0	0	0	0	0	0	0	0	0	0	0	0	0	0	0	0	0	0	0	0	0	0	0	0	0	0	0	0	0	0	0	0	0	0	0	0	0	0	0	0	0	0	0	0	0	0	0	0	0	0	0	0	0	0	0	0	0.0129112236730376	0.0151714211014584	0.0171171563956068	0.0205708559540196	0.0219045287859225	0.0255201366084994	0.0288250701366894	0.0324551764236223	0.0338023424514922	0.0378410875527191	0.0413257306763328	0.0451568627923935	0.0495169456510999	0.0522673038149121	0.0577639090673758	0.0612981468053029	0.067005859069394	0.0722774878371696	0.0770382788326153	0.0824086327584032	0.0872386272538752	0.0935689228642924	0.101296139045592	0.104694566112168	0.110559762346528	0.116278420171331	0.121177140994374	0.128494361773552	0.134566380562692	0.139640839777416	0.146781111466878	0.154541615809353	0.157721719419553	0.165086559020341	0.172776182332812	0.176945104533939	0.185637102620518	0.190005615944399	0.196891886969343	0.203036969202196	0.207774469587383	0.211256363439575	0.217416423634344	0.220853516707879	0.225129835329993	0.229546119166608	0.233244269993268	0.239421815880037	0.244289220710083	0.246677087047393	0.251320113375532	0.255555786228937	0.259328744361207	0.260797932725996	0.262722843202602	0.263742116904563	0.264332429640038	0.264321595457844	0.266330208464237	0.266283966357173	0.265369257752135	0.265388318263673	0.262492892529532	0.262134324656755	0.261092516648401	0.257431476134869	0.257182481055679	0.25344597986823	0.253406711418299	0.251462778176971	0.250609100453833	0.248695830793055	0.247304584702872	0.246571200875089	0.248502773730094	0.249252581176491	0.250362516405989	0.250163412304895	0.256933291700207	0.262599739624687	0.268471291519407	0.271328325076488	0.28127691113923	0.288756240908269	0.300391471368076	0.309171408317069	0.317927451723333	0.328194311247095	0.344084398093152	0.352288003444023	0.368402160726936	0.378762648451938	0.390565867920534	0.404868839346014	0.418848385156345	0.425471205585859	0.441968885498313	0.450551194512759	0.466334335625559	0.484172827295891	0.49398830721372	0.498584201806474	0.510485089121185	0.526779132964898	0.522591898305858	0	0	0	0	0
464.049	0	0	0	0	0	0	0	0	0	0	0	0	0	0	0	0	0	0	0	0	0	0	0	0	0	0	0	0	0	0	0	0	0	0	0	0	0	0	0	0	0	0	0	0	0	0	0	0	0	0	0	0	0	0	0	0	0	0	0	0	0	0	0	0	0	0	0	0	0	0	0	0	0	0	0	0	0	0	0	0	0	0	0	0	0	0	0	0	0	0	0	0	0	0	0	0	0	0	0	0	0	0	0	0	0	0	0	0	0	0	0	0	0	0	0	0	0	0	0	0	0	0	0	0.0132638696581107	0.0123581163220529	0.0141677898764655	0.0176467827774342	0.0194326991270132	0.0214896969812854	0.02436361597757	0.0281521163021451	0.0299321111912068	0.0334234361374739	0.037151764023763	0.0393839584579153	0.0432953501656887	0.0472909746947499	0.0509447941395015	0.0550263474188633	0.0599501019691636	0.064093830660486	0.0675715844025532	0.0719855637953692	0.0773767979036779	0.0836274123123763	0.0895275395753554	0.0922768719970549	0.0988013205958131	0.104383986220682	0.108068960466819	0.11697462294991	0.121483360426339	0.1269421916604	0.129995518756653	0.137550933268408	0.144755011076239	0.148239554203374	0.15790552364666	0.161846069264464	0.167895784620289	0.173747604503529	0.179533956022758	0.184746442510573	0.191259738297431	0.19592035952183	0.200672259436102	0.205544331267696	0.208519603655203	0.212922467314615	0.219511240032792	0.2243211006993	0.226907491473914	0.228656746045594	0.234149580560846	0.238341418192648	0.23987891127011	0.245186032021419	0.24854351789101	0.250336691365636	0.252153346600927	0.254572012176811	0.25640668494532	0.257803070251009	0.256704834105092	0.257523183398853	0.256079192108416	0.257048449628234	0.255191624406769	0.254021308869624	0.251333230889427	0.250601096407353	0.251067744367383	0.247570651557021	0.244821996820832	0.244388305569791	0.244782983081459	0.242753882737069	0.241398128239074	0.241143955733856	0.241551098243884	0.240583806380719	0.242039970719114	0.245655070105035	0.249612735198034	0.255473661040227	0.254447847784945	0.263037651473201	0.271581525643439	0.277520326015121	0.287060574447299	0.293100688030579	0.30583093398755	0.318173668745602	0.335570419695749	0.340051152029364	0.350508918154412	0.362690915524698	0.378547381979451	0.387712992372134	0.39800575400924	0.41282692573899	0.425084716602389	0.435063247397677	0.447266883550096	0.460199849309473	0.475931267255745	0.488110447439815	0.493790367229341	0.510227421154466	0	0	0	0	0	0	0
468.686	0	0	0	0	0	0	0	0	0	0	0	0	0	0	0	0	0	0	0	0	0	0	0	0	0	0	0	0	0	0	0	0	0	0	0	0	0	0	0	0	0	0	0	0	0	0	0	0	0	0	0	0	0	0	0	0	0	0	0	0	0	0	0	0	0	0	0	0	0	0	0	0	0	0	0	0	0	0	0	0	0	0	0	0	0	0	0	0	0	0	0	0	0	0	0	0	0	0	0	0	0	0	0	0	0	0	0	0	0	0	0	0	0	0	0	0	0	0	0	0	0	0.0115249340306386	0.0113949722048197	0.0139439517401266	0.0148885829287396	0.0169158978288129	0.019795531221967	0.0221394826037463	0.0252077203092996	0.0270065488243674	0.0312797150924154	0.0338283348767409	0.0378014393767636	0.0407936109245385	0.0441760206219506	0.046585829362125	0.0497234757308302	0.0559107968912301	0.059178481107205	0.0621639748619584	0.0675421235480778	0.0717867391491137	0.0765768032443902	0.0817210585951758	0.085802915601214	0.0911720304634047	0.0963891022224381	0.102342430045392	0.107876486681743	0.111943389775127	0.117995372429057	0.120998153729761	0.127876403085932	0.134393139717415	0.139342201728407	0.145363085260961	0.151095234629646	0.157701604788093	0.161563744622503	0.167521912381222	0.172303557263567	0.178299980697923	0.182509987369319	0.189224887576668	0.192620304626319	0.198237403938372	0.202018799263192	0.203747462528129	0.208631658545122	0.212407451495961	0.216357796664785	0.218233102705226	0.222821865547629	0.224651776018007	0.230717266347405	0.233736162422048	0.236682560677793	0.236016119148339	0.241744898388853	0.242061245511607	0.243656470089281	0.24532979472671	0.246881252396234	0.247439433331072	0.24359034726611	0.245800193584239	0.243064469737991	0.24324257513873	0.241829517602718	0.240728946953377	0.240213398015755	0.235656199307081	0.237265729318196	0.235292669517863	0.233701281328435	0.232565399834231	0.232542662569573	0.229003040869231	0.229544148186866	0.234085655631313	0.233108602840662	0.236199048095884	0.238778671154336	0.24016734226544	0.24625058658634	0.249681741964343	0.257331492783769	0.265008168492214	0.272623301078899	0.281262108730976	0.287636394944559	0.301836828045054	0.311797756474971	0.322928023643564	0.335746519311762	0.34424783421197	0.351331451674439	0.367021593955696	0.37928008192822	0.390357486366618	0.401443596911631	0.407658215037452	0.421083539261571	0.432166240818932	0.446993675135029	0.455262234385385	0.466292433387423	0.470110237030644	0	0	0	0	0	0	0	0
473.326	0	0	0	0	0	0	0	0	0	0	0	0	0	0	0	0	0	0	0	0	0	0	0	0	0	0	0	0	0	0	0	0	0	0	0	0	0	0	0	0	0	0	0	0	0	0	0	0	0	0	0	0	0	0	0	0	0	0	0	0	0	0	0	0	0	0	0	0	0	0	0	0	0	0	0	0	0	0	0	0	0	0	0	0	0	0	0	0	0	0	0	0	0	0	0	0	0	0	0	0	0	0	0	0	0	0	0	0	0	0	0	0	0	0	0	0	0	0	0	0.0110360443913901	0.0119730618045849	0.012679462324402	0.0149094002580715	0.0168691301925	0.0189874710800668	0.0209346728100018	0.0240793622778472	0.0264185706115222	0.0291204002615326	0.0318319583423789	0.035102257763023	0.0392472068121551	0.0423779274619152	0.0464756200381512	0.0485302578991986	0.0520045395658661	0.055509081654064	0.0596656106423899	0.064494895525742	0.0681552683883292	0.0729468950770509	0.0773628580998863	0.0804072653440064	0.0857285702757407	0.0904356102402607	0.0966507929827217	0.100153291779607	0.105618346433431	0.110956072886881	0.115919602351362	0.120496653949379	0.125831057256908	0.131889172339997	0.135358896807553	0.139814251965013	0.147861509366686	0.152069953745433	0.157847920195878	0.161934246262311	0.167147316955042	0.172227491200226	0.177535963967111	0.18116601458397	0.186606214656496	0.190554116163681	0.19455566299108	0.199849994030259	0.20266704135243	0.207537192916178	0.208007200663815	0.210944954198567	0.213209098154622	0.217324747510223	0.220975478406535	0.223442025446306	0.225243114125488	0.22939713070464	0.230096263810641	0.233411521893692	0.233372754498239	0.23376214151584	0.236113538965453	0.236338573534271	0.235790899997158	0.237485316794839	0.235189970535861	0.234922311541891	0.231797439834826	0.233230056754007	0.233686564457155	0.232529666067962	0.230618698469101	0.229835746224194	0.22751829077739	0.22711032140954	0.226985969306797	0.225674383806225	0.224170936454187	0.228768637891441	0.226454165316296	0.231091788963383	0.232027643418683	0.233122085592586	0.238991728960544	0.244365766887358	0.248203563923351	0.25486199611596	0.2625709797582	0.268050746913504	0.278137999632241	0.286282344206638	0.299330310124169	0.304181717430151	0.320161038357847	0.331612808545469	0.341730013377209	0.352424472467928	0.366691509984634	0.37652512687728	0.379185877131447	0.393903549022482	0.406611860968573	0.418810487436008	0.433370784780262	0.44407689670478	0.450212560059035	0.470113060481752	0	0	0	0	0	0	0	0	0
477.969	0	0	0	0	0	0	0	0	0	0	0	0	0	0	0	0	0	0	0	0	0	0	0	0	0	0	0	0	0	0	0	0	0	0	0	0	0	0	0	0	0	0	0	0	0	0	0	0	0	0	0	0	0	0	0	0	0	0	0	0	0	0	0	0	0	0	0	0	0	0	0	0	0	0	0	0	0	0	0	0	0	0	0	0	0	0	0	0	0	0	0	0	0	0	0	0	0	0	0	0	0	0	0	0	0	0	0	0	0	0	0	0	0	0	0	0	0	0.00954730213699204	0.0112509091854525	0.0120985525269674	0.0140271237713383	0.0154909209260138	0.0172265437469148	0.0187407567725674	0.0214214205839074	0.0238694955007888	0.0274899017995678	0.0290468354376113	0.0333711974414345	0.0363422487376489	0.0389894592460314	0.0422916781521222	0.0451697631604659	0.0489895327964672	0.0524344457536272	0.0558259206356696	0.0602267021501069	0.0613057063369822	0.0669779799759603	0.0704887724584742	0.0751831702508666	0.0806776981803217	0.0837927696220991	0.0884156965062442	0.0925563854663222	0.096002931223753	0.101313319079205	0.108249937800297	0.111793034665357	0.115565155576006	0.121562795626368	0.124974341178139	0.132013834341938	0.137625573297274	0.140730722101328	0.14598126401057	0.15228807184231	0.156455786343938	0.160588002722888	0.165576772503151	0.170047197918876	0.174212903636035	0.177673549599358	0.183671064878349	0.185891645957071	0.191034052236388	0.191702431329182	0.195965968063019	0.199868792530548	0.202916146990863	0.205021842221096	0.208366430300753	0.209469829409352	0.210141938480426	0.215091168241112	0.214901784501804	0.219687007246475	0.222934982894011	0.223201536849911	0.22512396437333	0.22395551925435	0.225103514697113	0.225320140569372	0.227155243419152	0.224841262566451	0.224578277655371	0.224759435964275	0.22390423226381	0.222408858756805	0.220456797879258	0.220662163985688	0.219407196786367	0.21829640805149	0.217180572556128	0.215928311863277	0.217138767370147	0.218345378736992	0.219323567133046	0.21542683463138	0.220379836933848	0.222331973969372	0.223829146604273	0.227306222005007	0.23141242087951	0.235440818376214	0.240971434134176	0.24742340496735	0.256015255577324	0.267129565756688	0.27469534853618	0.281959625828281	0.288844712932348	0.304172742996666	0.311874943764536	0.323006074341246	0.33408816956675	0.340026638183504	0.351284607884304	0.360389867099405	0.371067537396137	0.383273671213672	0.393448363859023	0.398171000630428	0.414083473073049	0.4237634637724	0.434391890800085	0	0	0	0	0	0	0	0	0	0
482.615	0	0	0	0	0	0	0	0	0	0	0	0	0	0	0	0	0	0	0	0	0	0	0	0	0	0	0	0	0	0	0	0	0	0	0	0	0	0	0	0	0	0	0	0	0	0	0	0	0	0	0	0	0	0	0	0	0	0	0	0	0	0	0	0	0	0	0	0	0	0	0	0	0	0	0	0	0	0	0	0	0	0	0	0	0	0	0	0	0	0	0	0	0	0	0	0	0	0	0	0	0	0	0	0	0	0	0	0	0	0	0	0	0	0	0.00971470357174738	0.00985042628152896	0.0112323490964724	0.011519239614836	0.0128081711943172	0.014177665880362	0.0162623905510848	0.0179574109232243	0.0199645888327456	0.0223493562229336	0.0246119955776698	0.0266742120515945	0.029186227013167	0.032520375270436	0.0350282109607662	0.0384120563489825	0.0422915801190548	0.0448351101173872	0.0478633602169998	0.0515808243457338	0.0537091350759473	0.0584133903480744	0.0629142363049282	0.0650779414994654	0.0683025271494413	0.0732149228327769	0.077823939202392	0.0805344819823642	0.0866773200074688	0.0899452400964036	0.0944835197029229	0.099459227149198	0.103010054792423	0.107947340663324	0.111861657199562	0.115861508293884	0.12187885331609	0.126670404662692	0.130452521466651	0.133966387774129	0.139965280358876	0.144430429776563	0.149030400634062	0.155003648887258	0.157570995174249	0.161844613510026	0.166835504620165	0.169757874451744	0.174917019310712	0.177739756347878	0.181072950667772	0.186186163982211	0.188698218762588	0.189664916493559	0.192475186800191	0.193893752125439	0.198456344572874	0.199002802222548	0.201922749990097	0.20192596320493	0.20686440728096	0.207802771796957	0.211071178710888	0.212164895543294	0.214462100893274	0.21379807284248	0.213768805883741	0.215959823933354	0.216258942333741	0.217300876896186	0.215586659867498	0.215708323369676	0.212781266718559	0.210778894655106	0.213592835731108	0.211303219247306	0.212034735479138	0.208087098152333	0.20718371149631	0.209872086565535	0.207626486189331	0.208811198612613	0.207695295471535	0.20999678494931	0.210582765461252	0.211533002072954	0.214192567278529	0.217337700857987	0.220284189833048	0.222251893001115	0.229326847498046	0.238614174088139	0.24184466862291	0.249869122164021	0.260432587904407	0.261645747547902	0.272418012964422	0.280869578660862	0.291698535253094	0.303186895788017	0.319932903474401	0.328189066136878	0.332108338864318	0.339727907717803	0.349859547229593	0.359831484311573	0.373642321488845	0.382794434062099	0.386776430097734	0.397068618006189	0.40491551448821	0	0	0	0	0	0	0	0	0	0	0.419028020827539
487.263	0	0	0	0	0	0	0	0	0	0	0	0	0	0	0	0	0	0	0	0	0	0	0	0	0	0	0	0	0	0	0	0	0	0	0	0	0	0	0	0	0	0	0	0	0	0	0	0	0	0	0	0	0	0	0	0	0	0	0	0	0	0	0	0	0	0	0	0	0	0	0	0	0	0	0	0	0	0	0	0	0	0	0	0	0	0	0	0	0	0	0	0	0	0	0	0	0	0	0	0	0	0	0	0	0	0	0	0	0	0	0	0	0.00875263415038031	0.00987143410840324	0.0110595911134519	0.01175549717618	0.0129403110611055	0.0143803445038208	0.0154603704727882	0.0173073328937935	0.019073957891696	0.0202495188530786	0.0225943182991113	0.0248636595830448	0.0267985895453983	0.0297935746543841	0.0324250021565815	0.0345256201126595	0.0385014548905543	0.0417238130497759	0.0452232414247943	0.047982755665332	0.0519734744511235	0.0540492689000326	0.0569423317372963	0.0610109478393393	0.0649448164791831	0.0678864199103092	0.0707903973194053	0.0752256293043474	0.0797157276457971	0.0842543996545879	0.0888462205394871	0.0915722104882912	0.0959252861994292	0.101417677472278	0.105007760960653	0.107818076213001	0.113441909284036	0.117350886532179	0.121229167085298	0.126138896375111	0.129129075183489	0.1344429643432	0.139551283523826	0.142716368649093	0.146274182806154	0.150038897590415	0.154868883469282	0.159099550953804	0.162867249418769	0.166131991051247	0.169503010959249	0.172931214764055	0.17704554034383	0.18087895163098	0.179559652620377	0.184127607143226	0.187630846622792	0.190127986078744	0.190332585192609	0.192042582681928	0.194868204702771	0.196394262290964	0.198184898843239	0.199060503128148	0.202452913434153	0.20287679756439	0.207245453629198	0.204006594073929	0.205642873247329	0.205302030206904	0.208177327168084	0.206178862814562	0.206279181172266	0.204434056436166	0.204284294438754	0.203826196115981	0.202267700128558	0.202174259408527	0.201578989323565	0.202519281386778	0.200945751718073	0.200841722304503	0.199530381287995	0.201109165581744	0.201602713546382	0.202146319022929	0.203139705840007	0.208009450013383	0.207851606184558	0.210974259235556	0.213509299318502	0.219228155954395	0.223391854972207	0.22995185897192	0.237666906880096	0.24613831877609	0.253979165219003	0.262139539123064	0.266409566583011	0.281082432650607	0.286128013658933	0.294206862234255	0.305914447237573	0.316608221468614	0.329152825097742	0.337113766926632	0.342867135150536	0.348022481670764	0.361355894175724	0.362555136102008	0.382238952924327	0.385403609494349	0	0	0	0	0	0	0	0	0	0	0.40511536404545	0.334983336403718
491.914	0	0	0	0	0	0	0	0	0	0	0	0	0	0	0	0	0	0	0	0	0	0	0	0	0	0	0	0	0	0	0	0	0	0	0	0	0	0	0	0	0	0	0	0	0	0	0	0	0	0	0	0	0	0	0	0	0	0	0	0	0	0	0	0	0	0	0	0	0	0	0	0	0	0	0	0	0	0	0	0	0	0	0	0	0	0	0	0	0	0	0	0	0	0	0	0	0	0	0	0	0	0	0	0	0	0	0	0	0	0	0.00905934715081003	0.00970486293019895	0.0109183736589147	0.0124413947834247	0.0131719544162543	0.0143154692898901	0.0158633893689271	0.0167242293463631	0.0186085939357741	0.0200899379407008	0.0217745053820371	0.0238747312922434	0.0252870199057884	0.0278282705507311	0.0304903503959566	0.0324233422379696	0.0362460924379676	0.038829347482196	0.0420359750677573	0.0449271213657658	0.0475567899259492	0.0502411488085485	0.0542233544659424	0.0573428996380508	0.0599921953209035	0.0643611971844758	0.0676596561765715	0.0694425100163777	0.0742670040037433	0.0777611052847383	0.0819927667044587	0.0846028354880624	0.0884672668298599	0.0930141864001346	0.0973641796673244	0.101814803258803	0.104750481646958	0.109082529889182	0.113548798220399	0.117344398230365	0.122350258353322	0.124949539096952	0.128613940154602	0.133171021057684	0.137756167552632	0.140051374710234	0.144434038030937	0.150312957210776	0.151459386276945	0.155512563171808	0.15949625233661	0.162373154546796	0.166377775549861	0.169370965564479	0.172840250327817	0.173733118833874	0.176411060921234	0.178261130871766	0.180339687581412	0.182789512616421	0.183449487484202	0.186253283594598	0.187037942232586	0.187924908384199	0.191243029107914	0.192789547706297	0.194051759996962	0.193951761197972	0.192506266332515	0.196654301727611	0.196109662849998	0.196271007088087	0.196832589440511	0.196535632179218	0.196782618733069	0.198113079170049	0.194508704120133	0.195504881767055	0.193747167877473	0.194692453991827	0.194313326382126	0.19270060855647	0.192730042918739	0.192761369387884	0.192987464159185	0.193516133233636	0.19575455247937	0.196106850932191	0.198864678981464	0.20212329019871	0.201694631970873	0.206767258124769	0.21034749866691	0.214347621009798	0.220446722162814	0.22815585376369	0.232645805299142	0.241117362739205	0.248764957250178	0.2572298626145	0.26534052220488	0.27064912799625	0.282840246627797	0.293921822237239	0.302599189218858	0.311565970729099	0.320785836728926	0.323024870923365	0.337776704283859	0.342145184599614	0.355324770210526	0.358633984301569	0.36702066080351	0	0	0	0	0	0	0	0	0	0	0.415115118673744	0.392336996527176	0.272107489496709
496.567	0	0	0	0	0	0	0	0	0	0	0	0	0	0	0	0	0	0	0	0	0	0	0	0	0	0	0	0	0	0	0	0	0	0	0	0	0	0	0	0	0	0	0	0	0	0	0	0	0	0	0	0	0	0	0	0	0	0	0	0	0	0	0	0	0	0	0	0	0	0	0	0	0	0	0	0	0	0	0	0	0	0	0	0	0	0	0	0	0	0	0	0	0	0	0	0	0	0	0	0	0	0	0	0	0	0	0	0.00843358759849953	0.00832449832146717	0.00916004995322648	0.0101791773836596	0.0115027527420212	0.0124891693066664	0.0136799459239723	0.0146945729187899	0.0159195643147033	0.0170889895105482	0.0184129813846476	0.0203345561244125	0.0213910954673233	0.0231004117341673	0.0260154236223722	0.0272449726123463	0.0296400630368725	0.0318343815779643	0.0351378965844424	0.036547111515312	0.0394458530477747	0.0424485426581141	0.0469838319758973	0.048132122505526	0.051764965075643	0.0549316635747201	0.0572165712487821	0.0616845595857854	0.0648093637280757	0.0673128294400773	0.0710591208678117	0.0735626016975392	0.0772057214335344	0.0815843046450642	0.08348724994793	0.0879244516044439	0.0926450551765734	0.0948911729724136	0.0986958427323682	0.103833484832966	0.108020725121575	0.112031931996519	0.114243765193681	0.119196527689182	0.121990869047535	0.125420926380112	0.128307896302518	0.130976044116563	0.13643179167969	0.140820198735032	0.143704761036423	0.145596171421981	0.148976188225429	0.151531391191325	0.155279166375427	0.159801988856502	0.161900513402357	0.164448267322948	0.16575202258646	0.169407965382171	0.170362649874754	0.173255924411095	0.172583552057517	0.174731128077277	0.174557746762798	0.176557822502397	0.17717158711848	0.179840777589262	0.180846547585492	0.181698983713578	0.183601870703186	0.18460981276253	0.184544811994685	0.185415762243146	0.186291179999191	0.184779281704598	0.184484153672791	0.186442313688551	0.183306326013691	0.186480139946055	0.183476730568304	0.184016590676163	0.183935761049074	0.183103371317514	0.185709111469541	0.185201240523585	0.184948581436239	0.185254795884571	0.18611601365532	0.18557449496591	0.186594202430854	0.190231184839542	0.191088345830742	0.195563266696835	0.197386280967709	0.200284068489654	0.20665607491817	0.211525303486114	0.218294787189949	0.223407382574395	0.227159510711555	0.237787789701745	0.244034501089333	0.252794731047566	0.262806566654272	0.26951540241181	0.282278473700184	0.290713917339661	0.299309392485355	0.302213044559016	0.317568474649679	0.321167888409394	0.326063023479306	0.330024362643585	0	0	0	0	0	0	0	0	0	0	0.389866396458045	0.372894473766267	0.387759434621638	0.259715490882266	0.149701853337387
501.224	0	0	0	0	0	0	0	0	0	0	0	0	0	0	0	0	0	0	0	0	0	0	0	0	0	0	0	0	0	0	0	0	0	0	0	0	0	0	0	0	0	0	0	0	0	0	0	0	0	0	0	0	0	0	0	0	0	0	0	0	0	0	0	0	0	0	0	0	0	0	0	0	0	0	0	0	0	0	0	0	0	0	0	0	0	0	0	0	0	0	0	0	0	0	0	0	0	0	0	0	0	0	0	0	0	0.00793157914965192	0.00877461832220144	0.00938140626171788	0.0104296460736562	0.0121549777797443	0.0122905413738745	0.0136990868642572	0.0153727801957447	0.0164118831751121	0.0174025819868562	0.0182289213200581	0.0201149716206	0.0213303513471657	0.0229972821980026	0.0243043724879219	0.0266483962505541	0.0275719412922982	0.0298087831473712	0.0322385532791958	0.0341590716812356	0.0362233190777567	0.0396689849900387	0.0418550884543762	0.0445706938731011	0.0483615569666729	0.0507930597493379	0.0543400258306072	0.0574422673821298	0.0597449522749113	0.0636147192339524	0.0654539420316716	0.0680517873309672	0.0703610974740016	0.0745904596014754	0.0773140553371807	0.0813279028192164	0.0854784214564633	0.0888523216424335	0.0916300157110335	0.0959400227363744	0.0989478683314736	0.103776671812982	0.106395890085228	0.110235417686291	0.113392631500886	0.116481305383417	0.119711323419932	0.122902822838112	0.126593384776241	0.129964675644637	0.132173649909812	0.135612333038411	0.138642456271047	0.143297208359461	0.14501758916485	0.14761813477202	0.151332243725805	0.154422556966758	0.155635017160588	0.157329204680137	0.159784334817466	0.16100658122696	0.163329852747483	0.165145154023197	0.164881796411708	0.167368069757281	0.168567757646089	0.169842643520189	0.171147957821158	0.171516566843133	0.173053134164161	0.174079163203257	0.174940620635979	0.175241572401519	0.175695906998664	0.176089546087676	0.175869740425168	0.176149473553297	0.177718204526855	0.177296293284336	0.176515110321089	0.173590118969287	0.175868843388505	0.174143771562583	0.173772160787951	0.175086438754126	0.174784037547205	0.173111987165041	0.178179890960545	0.17613448041808	0.179094788796388	0.178609652907935	0.181830315609792	0.182039996799087	0.18624948386514	0.187022846513333	0.191290905743577	0.197202172674925	0.200140409495622	0.20586888268032	0.210110010688929	0.219387289248153	0.226163083695124	0.23239124248751	0.239126033753943	0.24782960343498	0.255268974568614	0.261841079033967	0.275674790009962	0.282800733241305	0.290841933924458	0.295089817845291	0.300587139076663	0.309345308023764	0.314969825758531	0	0	0	0	0	0	0	0	0	0	0.387104676557495	0.361389323832925	0.382900484546259	0.328417829141973	0.25485889345123	0.241376790667086
505.882	0	0	0	0	0	0	0	0	0	0	0	0	0	0	0	0	0	0	0	0	0	0	0	0	0	0	0	0	0	0	0	0	0	0	0	0	0	0	0	0	0	0	0	0	0	0	0	0	0	0	0	0	0	0	0	0	0	0	0	0	0	0	0	0	0	0	0	0	0	0	0	0	0	0	0	0	0	0	0	0	0	0	0	0	0	0	0	0	0	0	0	0	0	0	0	0	0	0	0	0	0	0	0	0.00637794197431976	0.00782458551159537	0.00843478502327595	0.00863213662679512	0.00972175781284439	0.011199374588056	0.0123755650230602	0.013290733283298	0.0151706631887879	0.015272868154193	0.0173843053078961	0.0184267581734442	0.019702858877578	0.0210247104350617	0.0225309273327692	0.0239354564407538	0.0257905663033437	0.0273702803292091	0.0288626829063126	0.0313686352256507	0.0329649676228095	0.0345943172454899	0.0375126065852433	0.0391709374880649	0.0418226407434979	0.0450042939739825	0.0485717512790178	0.0502363261671605	0.054062611823735	0.0568742126954458	0.0597306659224466	0.0620131675319974	0.0642857395433895	0.0667140372957745	0.0685957484621231	0.0721375526196411	0.0762859320704272	0.0796987695243462	0.0836499184944405	0.0856218967670172	0.0890609155223875	0.0942653464735471	0.0956138518755266	0.0987010424083765	0.102262186469919	0.105674993438843	0.1081348095985	0.111165787386869	0.114354574281374	0.117712382753625	0.120266370870926	0.122804358742511	0.127555516314599	0.129384030296317	0.134209833860701	0.13436094180363	0.136977752365467	0.139773941872887	0.14390794851971	0.143243832697216	0.148055268947854	0.149261638880027	0.15138031271827	0.153325067787153	0.153880367374021	0.155407906061564	0.157000462224151	0.15637775734764	0.156913187164305	0.160136534442406	0.158933815833486	0.161004411707778	0.162092916989806	0.162052595674249	0.162879261453604	0.163979401383383	0.164397995340355	0.164605289985421	0.165114360894092	0.163734975030019	0.163476083772623	0.163125565129208	0.165311958650982	0.164176734655034	0.163782907770034	0.164342229982007	0.162761018639929	0.163684663583457	0.164039936490441	0.164726970334941	0.165610288087038	0.166854814575017	0.166342426054939	0.169077152034792	0.170896077764469	0.172019624152114	0.174824652314913	0.177629947529384	0.180952727000421	0.185515450503806	0.188659880486818	0.195805652435162	0.199944611752175	0.205620763596853	0.21218412249457	0.221759781375083	0.227848089985849	0.234427520749329	0.24038941714159	0.248516739111613	0.255590937256286	0.266978519410189	0.273216451545685	0.277063613880423	0.286560524561371	0.291879707485779	0	0	0	0	0	0	0	0	0	0	0.342317069397886	0.337051330615227	0.336066068660861	0.304454243130092	0.239393720429032	0.206965214652436	0.173621180776082
510.544	0	0	0	0	0	0	0	0	0	0	0	0	0	0	0	0	0	0	0	0	0	0	0	0	0	0	0	0	0	0	0	0	0	0	0	0	0	0	0	0	0	0	0	0	0	0	0	0	0	0	0	0	0	0	0	0	0	0	0	0	0	0	0	0	0	0	0	0	0	0	0	0	0	0	0	0	0	0	0	0	0	0	0	0	0	0	0	0	0	0	0	0	0	0	0	0	0	0	0	0	0.00632076452230688	0.00731404856493434	0.00747448295624184	0.00798103098311779	0.0091833022823608	0.0108751879421158	0.0108972867601998	0.0126172848694184	0.0137909064179093	0.0143584106850705	0.0148791532795284	0.0157187288833802	0.0174410140488868	0.0189622830257598	0.0203787632266648	0.021561459917645	0.0229112906996147	0.0245313579871372	0.0257393806259271	0.0276550339031278	0.0286496571949463	0.0301924979770537	0.0329027890947173	0.034845453459798	0.0362563220633087	0.0386035842260975	0.0404847060361743	0.0433616382970031	0.0451934107659589	0.0469062787307972	0.0514390129128964	0.0542460835393789	0.0558821952820063	0.0583390199177484	0.061028975329435	0.063192352892782	0.066962178160103	0.0683165115381734	0.0716255051329115	0.074497174156486	0.077722017951257	0.0806149446053741	0.0842946382981365	0.0875253317893933	0.0900586731900427	0.0936367968838416	0.0958676647329124	0.0986353540140848	0.102299035610814	0.105615286125282	0.106994436538456	0.109686432754437	0.113438941166341	0.115649889633697	0.118718084991031	0.12029201669464	0.123485252492812	0.125142131886878	0.128652522260551	0.129684357744165	0.133194091404498	0.135665452172155	0.13718052186923	0.140227660913226	0.141805367281963	0.142112456171365	0.144013331017521	0.146137062680097	0.14797193855923	0.147367943111691	0.147797813652053	0.146550524925606	0.149011931593759	0.150705547068481	0.150409441097426	0.151924332676839	0.152115983056797	0.152460042724968	0.154118966770374	0.155675926303555	0.154189245371332	0.154430249716651	0.155420713332509	0.153798003135797	0.154568266380412	0.154592805034631	0.154975063075003	0.153986218607296	0.153155648887314	0.155929464087433	0.15408379194739	0.156302799444314	0.155308184128037	0.156865141378962	0.157855750708122	0.159911717230957	0.159802037430951	0.162119975578452	0.1654811673931	0.164726800785938	0.169516132358079	0.172123055104295	0.178732276110616	0.179720961694677	0.186338227083706	0.193686377224729	0.198377369168401	0.204585835691482	0.209643386386018	0.217124167504019	0.22306583836132	0.230027844547962	0.236534853252428	0.24187153333784	0.255554863999573	0.261663016306361	0.26646351980364	0.273919806604838	0	0	0	0	0	0	0	0	0	0	0.333145268307797	0.326383641334418	0.326829063476451	0.333699840176025	0.274279899455606	0.257304203074005	0.248083027858416	0.299648729985801
515.208	0	0	0	0	0	0	0	0	0	0	0	0	0	0	0	0	0	0	0	0	0	0	0	0	0	0	0	0	0	0	0	0	0	0	0	0	0	0	0	0	0	0	0	0	0	0	0	0	0	0	0	0	0	0	0	0	0	0	0	0	0	0	0	0	0	0	0	0	0	0	0	0	0	0	0	0	0	0	0	0	0	0	0	0	0	0	0	0	0	0	0	0	0	0	0	0	0	0	0.00563933914016724	0.00663626720411916	0.00759890264093448	0.00754910389241206	0.00923264205644359	0.00933274832612144	0.00994894963842818	0.0107807163503457	0.0120385119555123	0.0131101280646552	0.0140459737652639	0.0145147673913836	0.016426284864215	0.0178635537264642	0.0185947440873974	0.0203304271552011	0.0213375362360915	0.0223911349291195	0.0234298389286506	0.0248923472969513	0.0264107902240295	0.0278598795420812	0.0290761165487585	0.0310958248774485	0.0335508658416907	0.0345872612689778	0.0367051171215159	0.038870596403263	0.0402454933844817	0.0435951459821274	0.0456258519410609	0.0480125877502645	0.0505456550407071	0.0531889166442392	0.0558188410701135	0.0577578743265389	0.0605473317393256	0.0618225524860098	0.0650934836968064	0.066733296743013	0.0698373242381771	0.0731603671014279	0.0761813062042315	0.0782752338154334	0.0799231022586567	0.083058686808835	0.0862836495786225	0.089344000369066	0.0911806025926805	0.0953765980535298	0.097324782546097	0.0997205608264823	0.101483180484962	0.105777806512473	0.107590671445186	0.111126739538513	0.111759560561094	0.115836127382419	0.117516529787049	0.119334533873915	0.120601240818009	0.124896011654873	0.125419851749532	0.12756732343639	0.129919429311021	0.130758870108688	0.132478107663773	0.133924212272271	0.135828755876891	0.136114986194555	0.136087759124933	0.137649268494533	0.138004381973212	0.138428968208842	0.139541707143272	0.139904542387278	0.140720262794358	0.141311631175739	0.143158247229895	0.142386949130011	0.144293966981792	0.145031921805857	0.145344496501222	0.144393903668823	0.145293341518618	0.144650212840766	0.145148965029388	0.144690232663507	0.145706054157652	0.144224543730543	0.1445044227043	0.142783727548004	0.144818484425762	0.145143864623458	0.146024373479138	0.148008963100572	0.148646447364849	0.149543370368327	0.151260610217767	0.153518295031757	0.154357631270834	0.160425004502858	0.162092336399498	0.163946218817719	0.167622474664087	0.171803481611995	0.176418451488433	0.182555335932142	0.18681684594657	0.193563913937985	0.197802353796204	0.205263589293301	0.212856296679161	0.220148608399643	0.228451924475429	0.229715074006997	0.245456872995039	0.246694212213481	0.252641784698421	0	0	0	0	0	0	0	0	0	0	0.299842412883107	0.306266142202691	0.304674733244394	0.289310066596729	0.284910648906892	0.257763383799283	0.241023459798888	0.261931537740381	0.300938677237147
519.874	0	0	0	0	0	0	0	0	0	0	0	0	0	0	0	0	0	0	0	0	0	0	0	0	0	0	0	0	0	0	0	0	0	0	0	0	0	0	0	0	0	0	0	0	0	0	0	0	0	0	0	0	0	0	0	0	0	0	0	0	0	0	0	0	0	0	0	0	0	0	0	0	0	0	0	0	0	0	0	0	0	0	0	0	0	0	0	0	0	0	0	0	0	0	0	0	0.00554793566251854	0.00599042657823638	0.00670110621434315	0.00664308934034545	0.00875365262216875	0.00870203646058738	0.00996222258701452	0.0106997279045865	0.0116652643237072	0.0121160991745023	0.0125431253278634	0.0143411611989718	0.0151736911250307	0.0157742486124037	0.0171048731573102	0.0187549679217661	0.0197335543711358	0.0215804724393595	0.0228987953494915	0.0225683429895038	0.0244136094203067	0.025655731765009	0.0265335161450355	0.0284903099450117	0.0299729176772563	0.0311328029358835	0.0336350751135744	0.0353372802583158	0.0367153836776384	0.0382697145625701	0.0413161334450397	0.0435767290444141	0.0454113056267082	0.0478178282518395	0.0498996338209075	0.0520621710617729	0.0538128876502906	0.0562640590402669	0.059506665362148	0.0614831492037073	0.0638216359298622	0.0646671821761597	0.0674793808174638	0.0699842555282871	0.0726454429730989	0.0756100052713891	0.0777506790663765	0.080464076152241	0.0816213882012327	0.085508883982069	0.0890468447878879	0.0904133069762664	0.0928279671288891	0.0946074058091938	0.0956732046752276	0.100740874600742	0.103135431068274	0.10480173508335	0.107533298514244	0.108858386854479	0.111001847064943	0.111927211425275	0.115703250200588	0.116519826397936	0.117557123716005	0.120050520048332	0.121642269195562	0.123757807951528	0.125036861088356	0.125582625971171	0.128549270366859	0.128573312867679	0.127377746051716	0.129868358506606	0.128870851922051	0.129158638219138	0.131459570432747	0.131251270329441	0.132373290806982	0.132495718458523	0.133233098050677	0.132950695056577	0.133733556227773	0.135583456477678	0.133714474818374	0.135079358124189	0.13490802959724	0.13514878738986	0.13561603479181	0.13650169655707	0.134504399355359	0.134359643528131	0.133939853031374	0.135403519517224	0.1358850773893	0.136187776663887	0.137933635369981	0.138095858712433	0.139700225527589	0.140554252168578	0.144549185083629	0.145799621235534	0.147277709267064	0.149907378414559	0.150566154881248	0.154006289223902	0.158487383625827	0.162315263238287	0.167792132843915	0.17495133320721	0.177733288682539	0.184039795448741	0.188818264634915	0.193811538853968	0.201509267182851	0.20749436176271	0.217945975500919	0.224722507879089	0.22675539818771	0.232952272131288	0	0	0	0	0	0	0	0	0	0	0.288222303823654	0.293852666811833	0.292244159103379	0.273914183138371	0.275701236600838	0.248370265570337	0.263949637718576	0.254772447375317	0.307179099624419	0.259366185056859
524.543	0	0	0	0	0	0	0	0	0	0	0	0	0	0	0	0	0	0	0	0	0	0	0	0	0	0	0	0	0	0	0	0	0	0	0	0	0	0	0	0	0	0	0	0	0	0	0	0	0	0	0	0	0	0	0	0	0	0	0	0	0	0	0	0	0	0	0	0	0	0	0	0	0	0	0	0	0	0	0	0	0	0	0	0	0	0	0	0	0	0	0	0	0	0.00402009033579507	0.00407897472787494	0.00524625800349801	0.00614710153520795	0.00676714212141324	0.00721177987002683	0.0081802301558567	0.00841246221895921	0.00969187483080166	0.01059729547486	0.0113459798957143	0.0118336522506259	0.012582275297389	0.0145527371495885	0.0145342484729861	0.0161423778447048	0.0165938515965667	0.017393370433664	0.0187822793871392	0.0208070080338425	0.0213507930638822	0.022360820426122	0.0233942112862621	0.025202976806707	0.0254821929684098	0.0266818423066647	0.0282981706207375	0.0291380727994562	0.0310453003993914	0.0330118249422473	0.0345172541448366	0.0357009553077199	0.0375775390904743	0.0399991771628118	0.0414592222151734	0.0439786961598109	0.0446536596392498	0.0477465740407896	0.0496581358097173	0.0526903520220309	0.0550674562990436	0.0570843076534678	0.0582009373135232	0.0605946822514361	0.0620870334748911	0.0642377185007435	0.0672117054920701	0.0696274481949241	0.0708424040688686	0.0741181597209679	0.0761739631482491	0.077864726674165	0.0807710586095618	0.0839168341889375	0.0856045038187895	0.0874311673151191	0.0886750592634328	0.0908166456942905	0.0942065772399714	0.0960232429509966	0.0967922243178868	0.0996084822628386	0.101790268981616	0.1039820673439	0.104925116643061	0.106910637698977	0.10935179154741	0.109756253087368	0.112395247270042	0.11383479544034	0.115785067974519	0.116687264508571	0.117957281854829	0.118765674932484	0.120320143116301	0.118939440825082	0.120078293610665	0.11968639255563	0.120963420894164	0.121571894080322	0.120894671758958	0.123050775967514	0.123139850915529	0.12304503529096	0.123987516730089	0.124454914845827	0.124448194972889	0.12448141327523	0.124393241632057	0.124855982798264	0.125670461100193	0.125711077796047	0.125627801321263	0.125306119381451	0.126265349476913	0.124328966840445	0.126989313466562	0.127342204941019	0.126389201994464	0.128798862828471	0.129987427684443	0.129381487318758	0.131721747569041	0.134510291454433	0.136753373639455	0.135419828544309	0.1386441247015	0.144297244057769	0.146624804996043	0.149483527057295	0.153257217359427	0.158701340794658	0.163257509483493	0.167970379626197	0.173231266163408	0.176992499918078	0.183112039619177	0.191529555263847	0.196394196321312	0.200580004589356	0.205090728938526	0	0	0	0	0	0	0	0	0	0	0.255403921161017	0.261694097286293	0.25659931618966	0.272473113063904	0.260006721861619	0.249498157121507	0.252560014981224	0.257647479952439	0.240096064669878	0.246357463095494	0.270034368197959	0.213436570338835
529.215	0	0	0	0	0	0	0	0	0	0	0	0	0	0	0	0	0	0	0	0	0	0	0	0	0	0	0	0	0	0	0	0	0	0	0	0	0	0	0	0	0	0	0	0	0	0	0	0	0	0	0	0	0	0	0	0	0	0	0	0	0	0	0	0	0	0	0	0	0	0	0	0	0	0	0	0	0	0	0	0	0	0	0	0	0	0	0	0	0	0	0	0.00493064597456991	0.00587005846914456	0.00518925143942243	0.00564484526202006	0.00609449059317105	0.0069237538880227	0.00795408019241538	0.00839145338547656	0.00920052753548619	0.00995700649790449	0.0104418491598201	0.0118148157006238	0.0123693638088543	0.0126126585894701	0.0134842628220898	0.0144175820991332	0.0155858046354837	0.0165495598530649	0.017257908434185	0.0190897864267788	0.0204940278489517	0.0211238597746819	0.0221785390556311	0.0232100922713865	0.0240419952624718	0.0250784641777528	0.026251087456167	0.0270585600805208	0.028154800402334	0.0302886413070276	0.0310020084292401	0.0328988464098391	0.0348188422433744	0.0358469840470586	0.0377885085893883	0.0396789899128841	0.0414541039163401	0.0439461623076352	0.0459679360031419	0.0472769469539603	0.0494083467564487	0.0520865300475854	0.0523610955421398	0.0557412538729879	0.0571968312159579	0.0583899834982185	0.0607545024146819	0.0612496701734921	0.0641953428579557	0.066535171202077	0.067976340952321	0.0708017294229231	0.0738489238021413	0.0753507082850493	0.0765519201175122	0.0803668999174575	0.0814184638152255	0.0832924372474729	0.0861100703534054	0.0885704616742929	0.0892378646007453	0.0912041887311909	0.0922568594412851	0.0946513842360327	0.0975172627640325	0.0981709527262569	0.100584914144932	0.101901260340072	0.103440630400749	0.104441194499478	0.105194226389633	0.107319907415287	0.108187728438735	0.108869133011685	0.111370508584127	0.110532107357278	0.113030671441103	0.112071443816419	0.11295109872694	0.112735326048921	0.113000558297204	0.113544394130517	0.113677062592724	0.115015227566777	0.114918439874801	0.114617402078603	0.116620892432753	0.115644443024751	0.115984552534741	0.116587087958888	0.115988651890811	0.116986365959533	0.117116508244559	0.116888651069594	0.117706760191816	0.117248770847492	0.119105201398047	0.121029298261425	0.119489075204719	0.119410960792037	0.119935136754142	0.121580557973688	0.122042082896505	0.125796484323408	0.126435058307857	0.12644387698377	0.130452263045917	0.129567382768132	0.134188653793637	0.135769907905892	0.13826189283982	0.143054309993223	0.1448523072903	0.149515221580734	0.155269419964429	0.157913307864509	0.165152069570397	0.168238285014759	0.175943306336448	0.182220934254082	0.184700033712529	0.190403748640549	0	0	0	0	0	0	0	0	0	0	0.244003764847739	0.239133838531234	0.248507045542024	0.246722481706971	0.25752524973876	0.240489048926137	0.232570396988214	0.242032820270694	0.251782798190003	0.2467680201937	0.270273451186294	0.226237317710985	0.256485088505734
533.888	0	0	0	0	0	0	0	0	0	0	0	0	0	0	0	0	0	0	0	0	0	0	0	0	0	0	0	0	0	0	0	0	0	0	0	0	0	0	0	0	0	0	0	0	0	0	0	0	0	0	0	0	0	0	0	0	0	0	0	0	0	0	0	0	0	0	0	0	0	0	0	0	0	0	0	0	0	0	0	0	0	0	0	0	0	0	0	0	0	0.00455645912980887	0.0049750017202028	0.00528727068135062	0.00572836257835681	0.00664458953079404	0.00696192377160548	0.00757783402988423	0.00799439843949515	0.00891794634790043	0.00937316112310733	0.0103734719100189	0.0106556641837222	0.0115331958694643	0.0123416717187109	0.013129797951421	0.01367617793586	0.0150478652976226	0.0165935618336744	0.0168819566027049	0.0173904355159767	0.0183692308287594	0.0188144893469329	0.0200240023912255	0.0217466281169952	0.0228143389785765	0.0237845759202804	0.0250496824550198	0.0255429720402913	0.0263629066616135	0.026941230891125	0.0290712336301515	0.0306067676665772	0.0311622636885617	0.0332154184635471	0.0350928376750489	0.0361651209606281	0.0367795804433861	0.0386903335235556	0.0412176885828741	0.0433338392885616	0.0448106192249713	0.0470620240506053	0.0485460885199975	0.0504514155199545	0.0518128539902522	0.0536617325658283	0.054682616794717	0.0561647125717311	0.0584282345381216	0.0603703278032936	0.0634051090941801	0.065002362768837	0.0665945725051904	0.0706602061380481	0.0703639073004157	0.0722034088473409	0.0738661819011915	0.0758664570065466	0.0790844395274245	0.0807863226575704	0.0817090631331986	0.0824931573144578	0.0851466439106162	0.087283231714332	0.0889132142416738	0.0900311479908568	0.0913083206312189	0.0927063830652293	0.0936359619489907	0.0964331646444899	0.0969653761950667	0.0975989633432657	0.0994861021565114	0.101291894253827	0.102834354937667	0.101849194374142	0.10311948544416	0.106830510452129	0.10420811827522	0.106624809361525	0.105189206326205	0.10724432660406	0.106768510769436	0.106269259108834	0.108565132683142	0.107543124943551	0.107796427120544	0.108288174044489	0.109818395901624	0.108862490692995	0.109322673339251	0.109925728300455	0.109700743055722	0.109407885871421	0.111575547060103	0.109829202331191	0.110931923619548	0.111655600014764	0.111806215461437	0.11310915828603	0.111207393753503	0.11276504715613	0.113581288112242	0.115380960977217	0.11492065731208	0.116569792195629	0.120167721973923	0.119307329941946	0.121706754368254	0.124631277239855	0.127317549325501	0.129571278545393	0.130130921036269	0.135452329317506	0.13957133911613	0.144341903536865	0.147885157161128	0.152691298597856	0.155427213760207	0.158702962546096	0.168530711028905	0.172506441760483	0.17949942155652	0	0	0	0	0	0	0	0	0	0	0.224834983682052	0.229865874049924	0.23547882423734	0.239361250044994	0.240905145984723	0.23212167846758	0.232300332541813	0.236776422030593	0.237942350120632	0.244837032649626	0.240145804709548	0.239514227310243	0.236281444112922	0.244086488611505
538.565	0	0	0	0	0	0	0	0	0	0	0	0	0	0	0	0	0	0	0	0	0	0	0	0	0	0	0	0	0	0	0	0	0	0	0	0	0	0	0	0	0	0	0	0	0	0	0	0	0	0	0	0	0	0	0	0	0	0	0	0	0	0	0	0	0	0	0	0	0	0	0	0	0	0	0	0	0	0	0	0	0	0	0	0	0	0	0.0017269572732409	0.00390950592587306	0.00331088314674246	0.00404551646153268	0.00527422452080617	0.00549944225094382	0.00583826466819611	0.00695408890876915	0.00586464771458723	0.00663718021982884	0.00790760437495396	0.00862270925657219	0.00966942883149289	0.00985916889919277	0.0104768871473967	0.0119805123341295	0.0125129062054339	0.0131133121290184	0.0139718553361297	0.0148779536578537	0.0152524639636604	0.0160864863852266	0.0169445088088477	0.0182606405614435	0.0196312890111091	0.020364531212937	0.0213494964321224	0.0220895646622574	0.0236997013034328	0.0239971071761219	0.0252586588795083	0.0262631462161103	0.026863000618186	0.0284097419227022	0.0294865689751935	0.0304884614968161	0.0324389076825729	0.0333565353073238	0.0342842710445417	0.035815255379525	0.0365235538125437	0.0384412315347764	0.0416564756108713	0.0431318052020328	0.04558181415765	0.0473391262541294	0.0484054694937784	0.0504797366478708	0.0515727635790405	0.0523769740014837	0.054429318196871	0.0561126266017902	0.0573482787185122	0.0591271742370349	0.060398954789943	0.0628290314403515	0.0650345001863455	0.0651414991936976	0.0684159784489841	0.070346524466244	0.0718701198547421	0.0740691522965789	0.0752045308161776	0.0770518418690624	0.0776026037515919	0.0790658221631932	0.0813909017294799	0.0825959543310943	0.0848620782196433	0.085551229215419	0.0877863999957925	0.089347439634127	0.0904506827686109	0.0906260154983112	0.0912828654211661	0.0927854928592058	0.0940938043976561	0.0968597648250632	0.0958383505338468	0.0962548958199235	0.0977782442737816	0.0987862992039953	0.0986178291473463	0.0992066727643966	0.0988240721844266	0.0987880147864395	0.099515001122526	0.0992349196684527	0.0997286935833547	0.10009347895154	0.100683882566968	0.0998029181850041	0.102207467778055	0.103146563343944	0.101604821682634	0.101337158405357	0.101222726082952	0.102726867932543	0.103141386369771	0.10339179566657	0.103262597826715	0.104498001984928	0.105303674012106	0.104792685387394	0.105674890619043	0.106313394844755	0.10928394692724	0.108299498947124	0.110690521124477	0.110737200256934	0.111682006959787	0.115747127137861	0.116454685692183	0.118906825617993	0.122108082799395	0.123627443149495	0.124742065916724	0.132937516478158	0.133609761120077	0.138569827182632	0.143078628830354	0.148959205066362	0.15067166449569	0.156896349011954	0.160111961497302	0	0	0	0	0	0	0	0	0	0	0.203025172614144	0.211516091102233	0.208092279355269	0.21917981149493	0.213695795023334	0.212509838403842	0.218634162385579	0.20324873195994	0.221253965840255	0.21151990575917	0.224559732714897	0.2229286335783	0.209839052369191	0.201343417746845	0.21795296924417
543.243	0	0	0	0	0	0	0	0	0	0	0	0	0	0	0	0	0	0	0	0	0	0	0	0	0	0	0	0	0	0	0	0	0	0	0	0	0	0	0	0	0	0	0	0	0	0	0	0	0	0	0	0	0	0	0	0	0	0	0	0	0	0	0	0	0	0	0	0	0	0	0	0	0	0	0	0	0	0	0	0	0	0	0	0	0.00403218540604854	0.00477206155843371	0.00292326011841333	0.0040397345431618	0.00547925525420947	0.00591420203678129	0.00571886363539505	0.00650009810681584	0.0068243921960078	0.00815853457504579	0.00892613314043057	0.00884939974750754	0.00990538021806258	0.00996606055002198	0.0117725656201644	0.0120465118811478	0.012999954673968	0.0135442301808354	0.0140499548651911	0.014568961370178	0.0150275057081956	0.0157483836328571	0.0157980827723535	0.0179926804978969	0.0182434665672171	0.0192357019158355	0.0199649477017038	0.0212877743588233	0.0210711073999582	0.0231164968533008	0.0233469313180215	0.0244002398019972	0.0255439735422825	0.0267205014858122	0.0274298230066561	0.0292203108973775	0.0302619210381076	0.0310287692697579	0.0320751861238994	0.0333492509203953	0.034728508901477	0.0362088451828087	0.0375605640084013	0.0393590502560166	0.0407113157636916	0.0420553133366015	0.0439589264752879	0.0460228184155188	0.0470447299736318	0.0491881473753687	0.0496014728318603	0.0508673772432088	0.052953910811616	0.0527178433060986	0.0556086281204024	0.057032306275687	0.0583048389188049	0.061654007973269	0.0630071534019482	0.0645536698488768	0.0671867683310988	0.0676737449199967	0.0685027853455326	0.071325028469438	0.0722231762813531	0.0742745230198935	0.0747155977968138	0.0768492205722112	0.077284054479779	0.0788314254764212	0.0813456508596153	0.0822572875127557	0.083007799600279	0.0846450796686667	0.0854691033955637	0.0865378740378923	0.0884380521111894	0.0886526024294663	0.0905561521705252	0.0900571020661975	0.0909480029107085	0.0928694262173517	0.0940764159044103	0.0935855314196843	0.0938911952336625	0.0931398933857875	0.0946244290792239	0.093613520233526	0.0944840040871674	0.0946060412940498	0.0939948623907127	0.0955240589170002	0.0948251233531327	0.0953530814481004	0.0957508736639575	0.0966258186558216	0.0970546396459971	0.0977319118243732	0.0956051555926955	0.0976946072968542	0.0972381859857843	0.0987413053987949	0.0974118100721037	0.0988255329667477	0.099626738452307	0.0999573651428125	0.101063609213796	0.100789643404136	0.103513753181025	0.104181248725428	0.105652484410246	0.106893503394117	0.108532943189829	0.109973339461783	0.112579176847983	0.114697503015524	0.117513677949806	0.121325299768477	0.123140908286592	0.126980291237134	0.128996498678187	0.13319223842496	0.138023157134367	0.1413048407923	0.145466368336329	0.150227985652817	0	0	0	0	0	0	0	0	0	0	0.197278281662612	0.196780800500911	0.199102490540874	0.205542255418216	0.204296136162244	0.203281923595918	0.199183605233485	0.203847071794527	0.215025808422497	0.218418864697098	0.225709110985626	0.228936773063099	0.236859123575491	0.223492852903785	0.213259341851809	0.257621777701973
547.924	0	0	0	0	0	0	0	0	0	0	0	0	0	0	0	0	0	0	0	0	0	0	0	0	0	0	0	0	0	0	0	0	0	0	0	0	0	0	0	0	0	0	0	0	0	0	0	0	0	0	0	0	0	0	0	0	0	0	0	0	0	0	0	0	0	0	0	0	0	0	0	0	0	0	0	0	0	0	0	0	0	0	0.00197735225997679	0.00271570613330052	0.00477644523164344	0.00388633955286236	0.00428408310680619	0.00408930226987565	0.00430473610554417	0.0054936629604748	0.00573531954120495	0.00622945424036497	0.00668539627925845	0.00687036154441567	0.00804145323267197	0.00879201823204156	0.00957494031641087	0.0101976865380686	0.0101753759903863	0.0115971842910737	0.0117102846614925	0.0127609166279967	0.0130891644654886	0.0130874174309518	0.0145429253047517	0.0163920970183675	0.0169041374252405	0.0168030138624101	0.0181690270113757	0.0190584068784706	0.0192939666328298	0.0197386258208753	0.0213816377369065	0.0225965243553465	0.0238018112395157	0.0241732240471463	0.0252146704099311	0.0255840359917568	0.0260054427387937	0.0280064094161926	0.0286743881715843	0.0289054916094595	0.0307556213765182	0.0322585494806196	0.0330640378185643	0.0349065910313982	0.0358816913583924	0.0370153711731072	0.0393975168043569	0.0406259971625124	0.0421385369677626	0.0442940683895022	0.044491984253392	0.0464319058491025	0.0466152214876532	0.0493665885046856	0.0503783754091387	0.051382226288103	0.0519656472141939	0.055830331784796	0.0559993879883036	0.0572536376823251	0.0589287249881291	0.0594549178778051	0.0613769371470918	0.0628623567169399	0.0642811189783382	0.0667541127256549	0.068041677130838	0.0686715445706637	0.0702701120079296	0.0715408287952134	0.0729573030872906	0.073362006826891	0.0765017999086128	0.0755572232234634	0.0771240392294978	0.0790800101903898	0.0811465477952904	0.0793836702955185	0.0814455627652917	0.0831513384236254	0.0839015928494304	0.0842376133833448	0.0856758256763347	0.0853325514298546	0.0863068608363452	0.0871925516165998	0.0859777889242993	0.0861850229732274	0.0876166537280916	0.0865296780489741	0.0864163904509722	0.087738488013857	0.0881965890408481	0.0875631321146083	0.0900609852502107	0.0898264774491818	0.0882572697094467	0.0895412075127515	0.0901364265831379	0.0898686163230628	0.0900178171925152	0.0912824769165079	0.0908952324193973	0.0896971675196868	0.0925638153686669	0.0917786572506373	0.0918010994735879	0.0928094779882335	0.0938700474564062	0.0940049251315845	0.0969333117928228	0.0965080353691072	0.0987392395613716	0.0992608070783735	0.102960894294919	0.103765931049191	0.104378388669394	0.107542793356965	0.107896892582655	0.110737653158317	0.113791401468011	0.120305486651966	0.122001166036979	0.126572478123535	0.130439995510779	0.132029428643296	0.139489134843163	0	0	0	0	0	0	0	0	0	0	0.175724822341478	0.178682987448266	0.181059233009338	0.187370020394197	0.188986143837507	0.188134328606179	0.189655392616913	0.190339177877952	0.196494387623266	0.202641503138868	0.202289907493685	0.219774489453836	0.210883899745538	0.200639178092922	0.194627031460892	0.212342491505519	0.201661627758816
552.608	0	0	0	0	0	0	0	0	0	0	0	0	0	0	0	0	0	0	0	0	0	0	0	0	0	0	0	0	0	0	0	0	0	0	0	0	0	0	0	0	0	0	0	0	0	0	0	0	0	0	0	0	0	0	0	0	0	0	0	0	0	0	0	0	0	0	0	0	0	0	0	0	0	0	0	0	0	0	0	0.0023942196113522	0.00202221229032327	0.00262274601069874	0.0031926222017913	0.0035504350932612	0.00373668986669512	0.00388748026509386	0.00395680948385582	0.00561886447229161	0.00600311766657262	0.00515523148714932	0.00624635827298006	0.00681749929355979	0.0079441792803952	0.00852853471917098	0.00803486341197436	0.00966523433486305	0.0100176939833938	0.0100979106855428	0.011746998753028	0.0120817708648711	0.0119601952291942	0.0131436280446951	0.012738838881014	0.0142470379787938	0.0149681547149761	0.015741775311727	0.0164271796830222	0.0169677274898782	0.017600534462395	0.0183233529356187	0.0185773447976063	0.0199258652886423	0.02157571301924	0.0215550375036985	0.0228115319123852	0.0231994788070875	0.0238447352840065	0.0255099305072411	0.0258206887355182	0.0266714811138744	0.0278490466526456	0.0286865628645186	0.0299464031893597	0.0305339206948013	0.0320040249136038	0.0337090448573049	0.0343820443694452	0.0359633299311375	0.037452121450629	0.0395236015623557	0.0395874385030566	0.0414926277514076	0.0427358478991728	0.0443058002070167	0.0452681543786542	0.0463105690406199	0.0478512324917351	0.0485057477571185	0.0496540592616312	0.0515839167429524	0.0524578574721301	0.0538807548935328	0.0558818501786487	0.0571627428090983	0.0587598606595608	0.0600819173026983	0.0625098389631678	0.0616709607574531	0.0634602120269151	0.0631636422354383	0.0658625707684856	0.0668253499034656	0.0694119841512753	0.0694330633092471	0.070270463458136	0.0711815957894181	0.0725607897404154	0.0722116259164989	0.074964143772664	0.0764163728674328	0.0771643596791239	0.0760009458047955	0.077242341210136	0.0797691384521938	0.0789754139532745	0.0798138247238728	0.0802929351498009	0.0808103510399605	0.0821454030879229	0.0805007828841306	0.0805236012065697	0.0819535048283117	0.0813494273896441	0.0811789515719658	0.0811210767674817	0.0824312682991515	0.0831028110730637	0.0826738555969766	0.0829537067352161	0.0827198935616044	0.0825334941846212	0.0830683326788887	0.0843811224705842	0.0843204029416584	0.0851811710223628	0.0867579028409695	0.0855187404861953	0.0864875006069903	0.0872216911458909	0.0863626121477333	0.0883761736527273	0.0895824489931017	0.0887499147991438	0.0915453161157349	0.0940123061981976	0.0940060920829564	0.0946725615757251	0.0972413039217569	0.0976892272421046	0.102174558144444	0.102142562965748	0.106283252304163	0.108538534581614	0.111915831591418	0.112906818388833	0.1195259340175	0.123219019367685	0	0	0	0	0	0	0	0	0	0	0.158741968389555	0.159678374379674	0.161929827349915	0.166622371968932	0.17103331469888	0.175467248284387	0.174392536731055	0.173339270063335	0.177630416039881	0.177405903181199	0.191340959051947	0.192534407306585	0.19678953672206	0.195057185520574	0.201179997706836	0.186354095730111	0.204632642270229	0.174178681510509	0.178282072478552
557.294	0	0	0	0	0	0	0	0	0	0	0	0	0	0	0	0	0	0	0	0	0	0	0	0	0	0	0	0	0	0	0	0	0	0	0	0	0	0	0	0	0	0	0	0	0	0	0	0	0	0	0	0	0	0	0	0	0	0	0	0	0	0	0	0	0	0	0	0	0	0	0	0	0	0	0	0	0	0.00313416461660677	0.00316083341842651	0.0032142268259533	0.00288047668013701	0.00381449482123751	0.00312678832788881	0.00497471925463273	0.00520187490131069	0.00536684831548412	0.00620866434957797	0.00619855408681259	0.00670713918106247	0.00698990070873951	0.00681169976246104	0.00730962151405658	0.0072321766710056	0.00880590773495948	0.00882229877041074	0.00997707081392851	0.00990585413626423	0.0102879378995394	0.0108480480152562	0.0120417386909605	0.0129641644202909	0.0128636788495171	0.0131190593055537	0.0137585556704007	0.0146109996321538	0.0156185906611816	0.01632536201492	0.0179103153357972	0.0172527833280074	0.0181726446458565	0.019028678267067	0.019775198301435	0.0208186867302949	0.0211346066685236	0.022185066510777	0.0232930330426888	0.0232205867646444	0.0238689137468091	0.0249118370340813	0.0258189237322808	0.0274868276901875	0.0278519031202128	0.0288507438043302	0.0302285501850007	0.0308385577902465	0.0322741600680404	0.0338352640478254	0.0344109540350575	0.0359877371003054	0.0381494235338864	0.038759038871281	0.0402697890916065	0.0404864512656694	0.0418341763178932	0.0420133682350829	0.0436539899720271	0.0446088042718031	0.045371252603399	0.0471466243349462	0.0493069263336489	0.0501848070484133	0.0511824377570454	0.0526920600462283	0.0534706734469629	0.0557257255436519	0.0564038634452144	0.0577716866730912	0.0577035547504231	0.0587390248784834	0.0613243451380449	0.0612052659034131	0.062241399424406	0.0632230963705081	0.0649197356175059	0.0651485093281749	0.0676109970333675	0.0682658737886045	0.0687225747351086	0.0696060575705041	0.070135652725902	0.0717403039107721	0.0724135348247367	0.0722000470738315	0.0737133452005518	0.0740295249719709	0.0747136232126856	0.0748650330152719	0.0751678217202195	0.0747030737502472	0.0756618246680882	0.0742861226230011	0.0754164784588216	0.0745222774945728	0.0754339728318899	0.0757790940096154	0.0768876730695993	0.0772055869627005	0.0776658147633111	0.0773361766249628	0.0777638423688602	0.0764173645826688	0.0780740803059821	0.0786130171358311	0.077839444085051	0.0776247530500743	0.0799876171864575	0.0786775637692036	0.0804800094937209	0.080253911086039	0.0828521044822645	0.082911893748003	0.0835385769555559	0.0851407306058348	0.0857749289846795	0.0877831581045906	0.0881726120795479	0.0892319698703459	0.0921731821803803	0.0927811534215677	0.0941342372313841	0.0950490365916198	0.100637420117469	0.102235310210576	0.105021438627623	0.109468142846682	0.110112898791397	0	0	0	0	0	0	0	0	0	0	0.146711295375699	0.15290137990296	0.148540289405544	0.153418527602263	0.159033567189118	0.15663351987159	0.157990249576099	0.161971022788679	0.158254356695957	0.163326082979624	0.178530791138221	0.178334428971131	0.173680520100841	0.190324003943285	0.186932208422838	0.186957960988314	0.191539572443442	0.191002154623353	0.162435581996842	0.219328557161455
561.982	0	0	0	0	0	0	0	0	0	0	0	0	0	0	0	0	0	0	0	0	0	0	0	0	0	0	0	0	0	0	0	0	0	0	0	0	0	0	0	0	0	0	0	0	0	0	0	0	0	0	0	0	0	0	0	0	0	0	0	0	0	0	0	0	0	0	0	0	0	0	0	0	0	0	0	0.00210172979413146	0.00202763463047101	0.00131503460197034	0.00223624158985991	0.00377019362410467	0.00303771437121241	0.0031371265095055	0.0040993386145084	0.00371724812923621	0.00465742903435321	0.00510791443264671	0.00493296871307797	0.00605293201685552	0.00661496956603564	0.00725918749738739	0.00607380657969524	0.00682685510020666	0.0078005256266276	0.00762148128407594	0.00930112590017337	0.00963180598348753	0.0102403720755035	0.00943877986290538	0.011030218529896	0.0123908629127182	0.0115112075890535	0.012714980016389	0.0129860138594501	0.0132855255355117	0.0143750540299829	0.0153179992229113	0.0153580020546835	0.0165363432784547	0.0163617837364496	0.0170311484338593	0.0180192900072537	0.0189881907724702	0.0202045099086637	0.0200401798844684	0.0210935187898353	0.0215379205255657	0.0223686619352644	0.0229840876001394	0.0238052112742507	0.0253615045197019	0.0250403475439185	0.0264718208534833	0.0278431881415549	0.0280951487002654	0.02883850731932	0.0303756254231354	0.0313516875267695	0.0331728950091612	0.0336587642483091	0.0348338271666436	0.0356385192961382	0.036666404425807	0.0382110858474393	0.0399577319970547	0.0392471926562977	0.0405000824747246	0.0423680098438873	0.0426022465796666	0.0435311067376827	0.0450043767927584	0.0459177836232171	0.0474243247085662	0.0492328012211921	0.0495101426713289	0.0504551636539696	0.0524648601754113	0.0529545125898883	0.0546021417107096	0.0552196313233656	0.0569151187134978	0.0569336015580874	0.0581761232507094	0.0583886147473537	0.0585569614374026	0.0598583025809493	0.0614360068442583	0.0625196410705046	0.062933821405207	0.0642769790833892	0.0646225480301346	0.0656463622948593	0.0663068176879012	0.065894487955511	0.0668175143350937	0.0685780340853619	0.068470566366279	0.0689650093728436	0.0694384377657958	0.0682022262890724	0.0688323200623777	0.0690706152489253	0.0686685491559948	0.0704219204789779	0.0691934906958493	0.0696354661316739	0.0700193469169885	0.0699707749459009	0.0717997056555073	0.0703275031500398	0.0706551384330577	0.0715710034096988	0.0715359307730673	0.0719544290059308	0.0727954910658425	0.0733194771835126	0.0743096447159424	0.0746359024254301	0.0739008337311487	0.0766056959335765	0.0755181898627191	0.0759611052751989	0.0786778428500776	0.0780700825803153	0.0791388024008666	0.0802180856741391	0.0812599067515645	0.083070243800206	0.0834195444014809	0.0857810647836093	0.0865905847652091	0.0891240271840899	0.0929730571189666	0.0939663617138824	0.0968584590160478	0.0995039307729233	0	0	0	0	0	0	0	0	0	0	0.131150419875709	0.135053720042136	0.136692982947066	0.141663906983058	0.14381092967543	0.142529908564795	0.14272414861408	0.145942497546457	0.142597158555783	0.155512960213552	0.157338414284724	0.159874198462301	0.15815456992075	0.167188574795933	0.161318413640368	0.165037751073094	0.170818901193464	0.160220521539131	0.157436412373329	0.174901622185219	0.159527177092399
566.672	0	0	0	0	0	0	0	0	0	0	0	0	0	0	0	0	0	0	0	0	0	0	0	0	0	0	0	0	0	0	0	0	0	0	0	0	0	0	0	0	0	0	0	0	0	0	0	0	0	0	0	0	0	0	0	0	0	0	0	0	0	0	0	0	0	0	0	0	0	0	0	0	1.62583865416853E-4	0.00169331819994212	0.00200535432507013	0.00172124803226376	0.00291858205346877	0.00194579371200606	0.00352874296040216	0.00278217299670939	0.00359452300297853	0.00300200275383716	0.0040297383116013	0.00453190920159489	0.0048773599266775	0.00582295980300953	0.00468762145236912	0.00542374210332622	0.00559285640170468	0.00640342775401099	0.00713858142402384	0.00675948891818344	0.00808067815224642	0.00806033723909741	0.00886019470747172	0.0086099432521958	0.00909413889236322	0.00995851571416	0.00978001862400487	0.011380821341227	0.0115619684837806	0.0112911390074897	0.012164668116833	0.0135552322507963	0.0138758742132206	0.0141732604873463	0.0144250514113887	0.0152604111101794	0.0160067259388568	0.0169319986846239	0.0178359248174512	0.0187121972257166	0.0183757822435869	0.0194605214504534	0.0206050065602264	0.0206341730695207	0.0214833260078737	0.0219025976256635	0.0227498344728655	0.0240047692522034	0.0236891376128108	0.0257177469391078	0.0257807981459991	0.0265500925516882	0.0278883145908452	0.0280995803076587	0.0290963240335773	0.0305901998769405	0.0319606432552672	0.0323405372093581	0.0337928117628874	0.0347219927628254	0.0355229849067143	0.0368656527559406	0.038392332611834	0.0375804096082548	0.0393048186172614	0.0394549054377114	0.041507518913635	0.0427150510039627	0.0421808624632877	0.0439970514880514	0.0449313349892462	0.0464956599957809	0.0478296848465636	0.0492387723585357	0.0483630523182352	0.0507934035745964	0.0516623907620248	0.0513154744773505	0.0523067413384091	0.0536167806250859	0.0558071361764429	0.0556310811480732	0.0566198567117286	0.0570378455146066	0.0582585086930601	0.0596285534734611	0.0584376533245615	0.0589196723101304	0.0596065282631109	0.0600863300062708	0.0614788160563733	0.062725038082199	0.0629099715877812	0.0635950494094008	0.0642234854598442	0.0651515133858458	0.0640047402046566	0.0642074077136551	0.0640199451897132	0.0650015374747882	0.0636555960667515	0.0643442185775816	0.0639997103371146	0.0645315890103742	0.0647216755184899	0.0650809751061109	0.0644867576632519	0.0662129914020659	0.065115684165661	0.0660964303692733	0.0680267383364863	0.0672557400967229	0.068346357495083	0.0682732548995577	0.0686233283260437	0.0701513048157606	0.0693667607679504	0.0703480589058397	0.0707931992602138	0.0725332527669315	0.072500142698273	0.0735097723919595	0.0742500784272033	0.0764101615600971	0.0765049487139791	0.0787865729574289	0.081476820709241	0.0818098608888229	0.0835359393244163	0.0857646861845822	0.0885319605225205	0.0899622124514001	0	0	0	0	0	0	0	0	0	0	0.119420341110997	0.124222854021322	0.127956170803364	0.127188007787554	0.134056909823688	0.127701210100403	0.133969786970923	0.131859564425108	0.131061450413744	0.140173133075904	0.145236571304952	0.148547111176593	0.149077386147574	0.147149837464113	0.146233191303068	0.160311811618847	0.157711745875082	0.152812096562191	0.158899457728794	0.148621252394108	0.14691685590125	0.155719951151602
571.364	0	0	0	0	0	0	0	0	0	0	0	0	0	0	0	0	0	0	0	0	0	0	0	0	0	0	0	0	0	0	0	0	0	0	0	0	0	0	0	0	0	0	0	0	0	0	0	0	0	0	0	0	0	0	0	0	0	0	0	0	0	0	0	0	0	0	0	0	0	0	0.00331360221878272	0.00294631212260473	0.00262696061502183	0.00305878701600618	0.00454660095639478	0.00421272489999562	0.004973993950448	0.00415925297230551	0.00454753242130018	0.00414912178008631	0.00497108287976032	0.00445527744318097	0.00441151600846242	0.00446308517605431	0.00560746823261227	0.00561945990895148	0.00645377546704753	0.00598964996206794	0.00798036715864801	0.00781305033266329	0.00750502293164341	0.00780802832450521	0.0090122526583353	0.00913992640369023	0.0105172190822389	0.00997533712442535	0.0106686383582419	0.010894905556059	0.011162113494385	0.0117266184194124	0.0109955002789712	0.0125737738180073	0.0131269807769557	0.0139802609652058	0.0145902367878065	0.0153290099895666	0.0153456522787947	0.015474292223416	0.0167001760851345	0.0164601459133926	0.0169187271658183	0.0185410027909932	0.0183233903312596	0.0192220865194578	0.0200789468509372	0.020322636255259	0.0209473589357284	0.0213249277857988	0.0219357103925684	0.0224479995416584	0.0235418957921382	0.0240229306947383	0.0251562972770724	0.0260851111380536	0.0266923874853159	0.0271492029626084	0.028397897158626	0.029583068380532	0.0314036890388544	0.0312231976607062	0.032278406714466	0.033336937658084	0.0342922854432159	0.035211239781359	0.0354034134426961	0.0364676062196997	0.0371985267754923	0.0382659130697001	0.0382382222730591	0.0404320059314655	0.040378088198888	0.0422939847455263	0.0424020372584069	0.0440739186824185	0.0453140635788588	0.0448308067819033	0.0472011793363139	0.0482026680953358	0.0481318762251831	0.049218568310637	0.0503511090556185	0.0498984286837869	0.0505127164539747	0.0534403166063225	0.0529906068495185	0.0544484793444849	0.0541070033630399	0.0557739947859168	0.0560118911264969	0.056480488011489	0.0563626740640322	0.0580191996146785	0.0572573662884693	0.0577994062594362	0.0600959962491561	0.0587456586018844	0.059146375807707	0.0605061627416308	0.0584910796091698	0.060089477965542	0.0596165952380357	0.0596331171413052	0.0611234342262736	0.0602033960712482	0.0600947697042521	0.0609224213857198	0.0610522193516858	0.0616716300024628	0.0612651303431809	0.0619158723838912	0.0628298320636672	0.0617923363869315	0.063248128565055	0.0633072584811134	0.0624008283041716	0.0628167432428582	0.064961506259737	0.0649110859661079	0.0663146197882861	0.0653825571237923	0.0666036641247141	0.0674552583373999	0.0695171147623241	0.0704920031246018	0.0709236594606127	0.0739248362044247	0.0733808241615371	0.0746135643373855	0.0750926993144119	0.0780835364109325	0.0810551276824251	0.0824046017916745	0.0866808137984092	0	0	0	0	0	0	0	0	0	0	0.114391237067415	0.116170897984471	0.11875519640141	0.119801589069877	0.120602516355837	0.123560433993033	0.123138540220597	0.125918383387565	0.127701364822289	0.129012428341089	0.136667914754058	0.14187906860016	0.14055336923902	0.149840217733496	0.143877074670339	0.148669143400469	0.147535307907854	0.152962953621803	0.1717296804656	0.150391173746903	0.158771256541537	0.162680138268748	0.209625662965792
576.059	0	0	0	0	0	0	0	0	0	0	0	0	0	0	0	0	0	0	0	0	0	0	0	0	0	0	0	0	0	0	0	0	0	0	0	0	0	0	0	0	0	0	0	0	0	0	0	0	0	0	0	0	0	0	0	0	0	0	0	0	0	0	0	0	0	0	0	0.00146270222939219	0.0012557068080701	0.00109042999566234	6.92068225271915E-5	8.799201010306E-4	0.00248905057662581	0.00152973004505931	0.00156415140423834	0.00178455266259176	0.00196165518628831	0.00231223662391738	0.00223943486395999	0.0034414186924475	0.0028386299374178	0.00319682088852448	0.00307226925944755	0.00451062543670942	0.0044770213816605	0.00434162341729451	0.00548888203211575	0.00494864582279878	0.00597874563999313	0.0064773340870137	0.00727177450061369	0.00717005361139678	0.00709848147809822	0.00749878911015913	0.00855296688101152	0.00909371750723972	0.00837685733931417	0.00941327969551489	0.00964264404935728	0.0109487106109243	0.0103036667743503	0.0116744966907093	0.0118251480747761	0.0127392181399429	0.0126311444766682	0.0136514921341429	0.0137620901315972	0.0147314730513224	0.0145643367887783	0.0153499481514111	0.0165639192384191	0.0165191590386389	0.0170571266712689	0.0173234098381776	0.0179987815599383	0.0191392362473775	0.0194626676081678	0.0197640212896129	0.0207466953758634	0.0204927580500873	0.02190066962631	0.0223483092430098	0.02374977866016	0.0234206222945437	0.0243924913941214	0.0255617603342248	0.0259317271459784	0.0279630880772011	0.0279451792410527	0.0292918024689724	0.0297827452045593	0.0303202306565427	0.0314427743629436	0.0322561721393919	0.0328171325895335	0.0338703147088289	0.0334869839236854	0.0348040894236168	0.0350871305773686	0.0371661689395404	0.037630285174422	0.0391698242965598	0.0399872592468361	0.0407603761569525	0.0422013654983056	0.0413063940353039	0.0419715107943239	0.0421440683230416	0.0452367683040095	0.0445544665396947	0.0457585814126891	0.0467985842564629	0.0466295183739792	0.0469398645339242	0.0479453564079563	0.0487287068032565	0.0498699645753332	0.0496839432746938	0.0498435368590349	0.0497061179795179	0.0525602743021414	0.0515513948857799	0.0539195946811403	0.0533228447384115	0.0540401294386561	0.0546660718667387	0.0551075029965238	0.0533175284184323	0.0547136547664514	0.0536912837195259	0.0545636914367703	0.0555568199871605	0.0545520111605351	0.0544567596767245	0.0547934889611006	0.0551107247812028	0.0553311518421838	0.0556132802374117	0.0556659730873536	0.055225576405315	0.0568588888753976	0.0570994727167519	0.0581329997014554	0.0570261954712958	0.0578835116318026	0.0585865548776724	0.0592856773788515	0.058572159427598	0.0596026438728301	0.0612126319910163	0.0614333285335147	0.063769866719618	0.0634227540503445	0.0636625851807819	0.0635886062344661	0.0658583634937701	0.0677705292315542	0.0676398049363901	0.0693435577337664	0.0719585188717888	0.0737163409861978	0	0	0	0	0	0	0	0	0	0	0.0966313799184421	0.0998696658224276	0.10205356618996	0.104731369986684	0.104420262515537	0.106656501922917	0.107859126375815	0.110240802138681	0.1121499088694	0.112545005139988	0.112635313687327	0.119864032853689	0.119682033545804	0.116627820797908	0.117502217203017	0.124947711342173	0.123763615889077	0.121881873736046	0.126552840248786	0.133721050019796	0.1274248393377	0.129073029208856	0.129641127816339	0.138060617963096	0.100991967709934
580.756	0	0	0	0	0	0	0	0	0	0	0	0	0	0	0	0	0	0	0	0	0	0	0	0	0	0	0	0	0	0	0	0	0	0	0	0	0	0	0	0	0	0	0	0	0	0	0	0	0	0	0	0	0	0	0	0	0	0	0	0	0	0	0	0	0	0.00213989339819612	4.51047351536525E-4	1.48186424445069E-4	0.00177863247119665	2.84210451834716E-4	0.00150204084403311	0.00112976841709437	0.00110774642497453	0.00207402212715892	0.00164683630087776	0.00497252515727312	0.00328695679876383	0.00267357105878973	0.00348739424130886	0.00356952561668524	0.00246981503711837	0.00323404288950474	0.00409784966395621	0.00477821483086606	0.00544550562644456	0.00426470377124513	0.00552828433514544	0.00534670306535673	0.00642813388675976	0.00757187217973805	0.00733433713769876	0.00650189227507235	0.0081116599369825	0.00798905989591592	0.0082993010041198	0.00877156532427159	0.00923277274892581	0.00975707032299188	0.00943139554032966	0.0102556221648879	0.0100965671031626	0.0111490015388591	0.0112748247241004	0.0122692384022574	0.0129600331253114	0.0134513253218117	0.0135681033650211	0.0140275934866728	0.0136490694271136	0.014662445842617	0.0157842264749361	0.0154096893896646	0.0163873873511519	0.0169088157670767	0.0175442153987891	0.0185498266049228	0.0185867433270563	0.0188251891707899	0.019487865699796	0.0199590482827212	0.0204807425595043	0.021037667474011	0.0215946848474577	0.0230809725701271	0.0232022947445815	0.0236192546879141	0.0233555874202647	0.0253043998103753	0.0265471067544853	0.0273430173499771	0.0275363581219085	0.0291385005636749	0.0300725414234572	0.0298277299106332	0.0304940980891573	0.0316854386389416	0.0319509970383873	0.0326924119629321	0.0333516935162433	0.0341166886115518	0.0354387671222631	0.0357836804899266	0.0364415603058897	0.0376699138341102	0.0388957718607817	0.0386883191812091	0.0390598759216442	0.0404578874393162	0.0412301469924749	0.0409858081912619	0.0425761801260647	0.0430384052091509	0.0437277701931876	0.044154408011423	0.0452004030070982	0.0453632208807441	0.0466004706862183	0.0457557158098677	0.0467819196656285	0.0471208029961432	0.0479049427392817	0.0479821218945818	0.0494026717417083	0.0497673394874413	0.0494418088572558	0.050155894108395	0.0498845241866229	0.0495699146816634	0.0500250034903627	0.0511334691661141	0.0498886239168365	0.0499760298234941	0.0508200013547065	0.0505959200866101	0.0520993357199536	0.0522481423465478	0.0526454398975406	0.0512490767570707	0.0525620373411707	0.0515142526359948	0.0529415191072921	0.0527802418575291	0.0527698287339927	0.0534355754701882	0.0532808417965519	0.0541870819737723	0.0542430415495461	0.055509039679383	0.0549888833097785	0.0555559705946977	0.0571280190764941	0.0579771891569939	0.0579762122937793	0.0594608637317642	0.0596158135108572	0.0612156420308815	0.0632113364999021	0.0642142284355993	0.0658013123101171	0.066514800205859	0	0	0	0	0	0	0	0	0	0	0.0891418877313442	0.0936562975668242	0.0943569574739408	0.0952240330365948	0.0980505121212551	0.101515807974041	0.10095382135056	0.10158796703178	0.102630796092571	0.102545621849248	0.105580153533774	0.1055178393839	0.11305377051886	0.11425809784606	0.11484214594697	0.112157668855344	0.116662123124372	0.108335172381945	0.115344849875333	0.124440402753043	0.115149780558508	0.111114223885253	0.107027038458476	0.125652958647074	0.106090031943335	0.0913982317219861
585.455	0	0	0	0	0	0	0	0	0	0	0	0	0	0	0	0	0	0	0	0	0	0	0	0	0	0	0	0	0	0	0	0	0	0	0	0	0	0	0	0	0	0	0	0	0	0	0	0	0	0	0	0	0	0	0	0	0	0	0	0	0	0	0	0.00207024611661729	0.0017999040278016	0.00188333984151698	0.00200364325536593	0.00286421488747199	0.0018250906449593	0.00179090845727014	0.00231808227962292	0.00320134752551902	0.00259980193451101	0.00403842322072226	0.00340868666438842	0.0033440615972533	0.00361723043145709	0.00400137588540275	0.00395631576196815	0.00326570246524189	0.00418698470905394	0.00441101666673327	0.0036229509752036	0.0047773571700765	0.00387023570077202	0.00441680658026278	0.00560909025298546	0.00598727690967813	0.00651168300546533	0.00766064625455567	0.00817127794689157	0.0085838182691204	0.00824426286079785	0.00724516572894667	0.00723705186254165	0.00849229405592933	0.00964564694013951	0.00900837627918827	0.00994390821257146	0.0102567740849451	0.0101712187998013	0.0111058999361607	0.011469083226959	0.0121813629924451	0.0123659621920808	0.0132404483373658	0.0137025380645442	0.0131180405367195	0.0138584623958496	0.0143464412334875	0.0145961338711695	0.014986924993461	0.0162525820656135	0.0159513297998698	0.0163961834709428	0.0170179935041266	0.016618155952887	0.0175074565126439	0.0181934883544967	0.0184390437106495	0.0193240451398831	0.0203307904567652	0.0199980250531091	0.0216926971235777	0.0220095681559887	0.02310336449902	0.0234680164015786	0.0240421273136271	0.0252491614106319	0.0257462421518111	0.0267153584764228	0.026601403061444	0.0274980073928269	0.0285276483850282	0.0286382183411288	0.0295104825261913	0.029764482363493	0.0312370607268262	0.0306559890888155	0.0309001454424515	0.0333303638619507	0.0325406015055188	0.0357283854896489	0.0349054773466899	0.0358128560532915	0.036721054669604	0.0360431828043423	0.0377372013938995	0.0386705865224954	0.0395469133068437	0.0399062451722234	0.0397953140025393	0.0403301047248079	0.0408735666895662	0.0423549182143546	0.0427126703984275	0.0431228977751545	0.0433576009972753	0.0429820933186682	0.043939681872404	0.0439809581445954	0.044437370505465	0.0452166231932609	0.0454161741065494	0.0452744026692602	0.0460063265889682	0.0464363507138046	0.0472927102074413	0.0466598940753774	0.0465833275227622	0.046989272992389	0.0463334250924331	0.047214576607382	0.0474441370571429	0.04806757093093	0.0471880879069936	0.0485907773509609	0.0476080025708217	0.0487306390635174	0.0482708423814305	0.0487593298623599	0.0500457400115495	0.0492662940961577	0.0494525896287923	0.0501276701010498	0.0506323801560859	0.0507071891842564	0.0505692765357557	0.0523000748777421	0.0526118303243752	0.0521262983129079	0.0537983329403616	0.053218704727577	0.0547966835269251	0.0572638599704358	0.057623541577185	0.0593759362004178	0.0611951375968709	0.0628485873862681	0	0	0	0	0	0	0	0	0	0	0.0783830930402072	0.0818962206036445	0.0875690024959655	0.0866626034869964	0.0884842534423199	0.0904896021130726	0.0891927198378828	0.0955149912704833	0.0934812849134519	0.0927594865138823	0.0974554967101542	0.100869232732565	0.100506760785645	0.104882861739093	0.102991163095793	0.101356789955875	0.109341228555279	0.103765290028288	0.107646151623796	0.112271969845015	0.111327804339199	0.113077655630855	0.116733158062779	0.116962664388794	0.11021327443571	0.154197471989922	0.132582841237384
590.156	0	0	0	0	0	0	0	0	0	0	0	0	0	0	0	0	0	0	0	0	0	0	0	0	0	0	0	0	0	0	0	0	0	0	0	0	0	0	0	0	0	0	0	0	0	0	0	0	0	0	0	0	0	0	0	0	0	0	0	0	0.0038423356904484	0.00199316839275952	0.00130665690469877	0.00337059014885155	0.00224774717652518	0.00228378447159304	0.00240033817182328	0.00157469688677622	0.00169192968148858	0.0039347328822065	0.00346907068195752	0.00444075380510798	0.00279015074080034	0.0040034483825809	0.00330452350462257	0.00401230449202561	0.00364536374821018	0.00335599803336879	0.00410847964894974	0.00361763132251039	0.00488919971894557	0.00436066004348692	0.00510087222929653	0.00601212522236262	0.00583699261822342	0.00688413066515828	0.00610726570413507	0.00603424765288721	0.00584149907148839	0.00635953309763235	0.0072954615426936	0.00723921373646951	0.00815519607097099	0.00670050417628255	0.00864280500237994	0.0081655922542023	0.00889230159185703	0.00929555505942255	0.00963545586209737	0.00988321444011065	0.0102878839485105	0.0108211086339816	0.0112922286436195	0.0112729796991963	0.012631173397174	0.0122785715894529	0.0129601646653931	0.0128186626707383	0.013342724954163	0.0137815262403165	0.0138742623045957	0.0146885595606794	0.0154860025791474	0.0152119645143367	0.0166818459740412	0.0163357452426706	0.0165262812896485	0.0167237950602251	0.0171339566493859	0.0179761318596585	0.0187098939317535	0.0190678740235462	0.0198111910418224	0.0202955179410568	0.0207140065295469	0.0212436041025188	0.0219165272378754	0.0226848301020576	0.0230483565654345	0.0245749512797905	0.024495054459723	0.0255481408933657	0.0250148881772493	0.0262572756519853	0.0269768577492251	0.027372679902836	0.0277526515482212	0.028852492908776	0.0293883179612133	0.0298079412084413	0.0309088162075088	0.031109849734331	0.0323680140899174	0.0314937796647091	0.0336533823472563	0.0329233489747291	0.0340458524156702	0.0345491611822793	0.0350798612858779	0.0351522913945973	0.0365426726967192	0.0371313263189506	0.0369944577661446	0.038026248100519	0.0382320020553643	0.0391466904628841	0.0385419148649886	0.0395338313231798	0.0389768659874993	0.0408949913570284	0.0412829405597304	0.0417632773094573	0.0420825097130544	0.0427151020876694	0.0420534683039428	0.0430188046107902	0.0427318618116494	0.0430777193228822	0.0433218175168425	0.0424624738200938	0.0432108839936639	0.0431612870814819	0.0430635267503917	0.0437679605115348	0.0441032561976295	0.044097084287257	0.0442597116516737	0.0443398934022453	0.0450515550347145	0.0436190419689716	0.0451214766382749	0.0462011251964282	0.0465053147147921	0.0456474712425069	0.0459015426216637	0.046352602801761	0.0477261982416205	0.0480388717022713	0.0471878914222803	0.0471364362746419	0.0490085281758838	0.0503844208362993	0.0510536626236123	0.0519135320730783	0.053473955523439	0.0536970462411953	0.0543706604866173	0.0559532057555332	0	0	0	0	0	0	0	0	0	0	0.073970248231106	0.0748564050807865	0.0782357878483499	0.0790901735383347	0.0812345489058636	0.0832547314473159	0.0845646927104975	0.0829192727318053	0.0874004098527526	0.0860982087453876	0.0886877001135166	0.092160216862483	0.0912176134274406	0.0910071274078552	0.0983892506243673	0.0982078060357421	0.106250084993916	0.0950432315181211	0.107627714708025	0.101087323156753	0.108266579744318	0.113908258401757	0.117697076691434	0.1149829264254	0.12113358225155	0.110146865012356	0.124533265926176	0.111794531676749
594.86	0	0	0	0	0	0	0	0	0	0	0	0	0	0	0	0	0	0	0	0	0	0	0	0	0	0	0	0	0	0	0	0	0	0	0	0	0	0	0	0	0	0	0	0	0	0	0	0	0	0	0	0	0	0	0	0	0	0	0.001533945283524	0.00146790407185869	0.00101888617561983	9.60546544678773E-4	0.00168336161646555	3.6277327080585E-4	2.37804682823684E-4	3.49480118005898E-4	0.00130253894464453	0.00290245234495531	0.00125766568521651	0.001996275928569	0.00227784154333451	0.00223261563316674	0.00349011133935986	0.00318667766647197	0.00276343747771307	0.00325969127816607	0.00278084830619589	0.0032193406422016	0.00379676764119141	0.00366711315740325	0.00456484757183752	0.00383972635978697	0.00381129932447618	0.00331031778567686	0.00437534679837265	0.00507432863743459	0.00525256222512799	0.00577009173537214	0.00531762068754894	0.00507311096231182	0.00615875296439265	0.00619729633479784	0.00637013124253566	0.00706129747338852	0.00703698298611499	0.00800297561915458	0.00837210917959087	0.00779881432701789	0.00821263826552228	0.00953770872134228	0.00921378338202936	0.0099565363348077	0.0105352085195882	0.00949190464721684	0.0110727562076629	0.0109513540192039	0.0113380849225305	0.0111443736302593	0.0121943109579573	0.0123680710490662	0.0128337631234951	0.0131197798205399	0.0133580681489166	0.0145822193327581	0.0138940374358192	0.0150844333505493	0.0156745251625182	0.0150573556300729	0.0160178666390714	0.0160384058291208	0.0163770325595912	0.0172505181078172	0.0173180272521386	0.0188044098151651	0.019010158174972	0.0191780284922975	0.0196100053178463	0.0197322642074191	0.021692915020406	0.0229374926161196	0.0226551617219333	0.0230190032785865	0.0245672875589473	0.0236386010957807	0.0246333381611096	0.0249077685182738	0.0253232477674616	0.0258657202449759	0.0268531388629681	0.0278114239893582	0.0275976007725867	0.0282363924786242	0.0293838232415812	0.0292374528732872	0.0303307037314804	0.0295724377570762	0.0309364220707598	0.0309681146299008	0.032121421565047	0.0334306746829476	0.0325712841931242	0.0325521099035311	0.0336675908092217	0.0339530460644115	0.0335574155907756	0.0360872370680393	0.0360558118618957	0.0358541601792862	0.0363138689358268	0.0356215813747123	0.0374090556769499	0.0388084053627583	0.0377445220280369	0.0389476112787824	0.0388322019254646	0.0393198769904817	0.0387658460985629	0.0392839137433682	0.0391004505542051	0.0384199505282052	0.0386723734834361	0.0392385440197747	0.0392042558903571	0.0384004822309059	0.0391394615608258	0.0403897259810861	0.0388651839334724	0.0398560397487995	0.04005852746531	0.0401833599376412	0.0412775319842303	0.0415915251163753	0.0410823293529044	0.0423996340065908	0.0422625428599287	0.0431047763205712	0.0429219809179817	0.0433148220753288	0.0446720282538247	0.0444460746328106	0.0449351895903081	0.0459270971407133	0.0459451566472511	0.0484021274938349	0.0478739424953859	0.0498668791707163	0.0492876846210502	0	0	0	0	0	0	0	0	0	0	0.0642169321379657	0.0658780603056522	0.0677005380266414	0.0700142912186028	0.072286232119458	0.0740173470133907	0.0763439130894803	0.0761174775792814	0.0760313134858605	0.0769681548927298	0.0779248116918837	0.0823655917552764	0.0840236849945943	0.0841299497559994	0.0877526983062489	0.0867929756325062	0.0902606317977052	0.0901152427736743	0.0894930830982294	0.0937601683958686	0.0917296718702059	0.0911273727169563	0.0940835176350947	0.0938240380375596	0.0954045782773533	0.102899397188285	0.0981345041797319	0.122129740879866	0.127036990716318
599.565	0	0	0	0	0	0	0	0	0	0	0	0	0	0	0	0	0	0	0	0	0	0	0	0	0	0	0	0	0	0	0	0	0	0	0	0	0	0	0	0	0	0	0	0	0	0	0	0	0	0	0	0	0	0	0	0	0.00256497263616777	-0.0011235315000746	-0.00132579117607715	-3.9140873524322E-4	0.00128320656308342	0.00109411722283645	-3.72329576485732E-4	0.00272376213168997	1.99653090454687E-4	-2.35681118698164E-4	6.17557560462143E-4	-3.03724334363529E-4	0.0017145327678606	7.67461718912262E-4	-5.73686115094247E-4	7.03035475113482E-4	0.00144783819410532	0.00209571131147615	0.00228739830600129	0.00146356807122136	0.00372531286305562	0.00230838149529215	0.0037032834403239	0.0017123289739985	0.00374447124620767	0.00343582512307697	0.00423564124961162	0.00275677815129886	0.00360206142759854	0.00398551445302196	0.00498580427538167	0.00466621263507562	0.00513882644311547	0.0051829701782832	0.00499725313478139	0.0059037222587032	0.00577447186742943	0.00576586341045204	0.00634296560607852	0.00751909069755329	0.00732957785237926	0.0064372456629371	0.00667048561639164	0.0083449322241628	0.00849972217222946	0.0082966053871965	0.00957210028583847	0.00864472879446018	0.00946981861005906	0.00972161753813968	0.010518715710555	0.0113299373111654	0.0110672638562679	0.0112794066645829	0.0115155860202039	0.0121404596292178	0.0125421632508096	0.0131806594164369	0.0131105132458191	0.0131765051557197	0.0139444020597114	0.0135915398056577	0.0142291985974758	0.0145844559653723	0.0154601078897036	0.0158264393988801	0.0157840408888786	0.0169932263442311	0.0172272485489571	0.017844688122435	0.0178081819019088	0.018927161843261	0.0186116176722211	0.0199867334373876	0.0209391059757662	0.0215501328211195	0.0212341889385417	0.0220799170845727	0.0215838586668535	0.0229146166791265	0.0228208120482071	0.0231142235327243	0.0236333986673696	0.023737435456186	0.0250109767289494	0.0253343256408112	0.0265600125986062	0.0259578547277513	0.026313089539092	0.0279617130174076	0.0272010367857643	0.0289471041175939	0.0285365756314169	0.0303749056448493	0.0301821757949912	0.0291532633388514	0.0309563681551833	0.0306458687771182	0.0309694045243512	0.0323391272262335	0.0323222074669382	0.0326630422765913	0.0326796719922812	0.0331223404040131	0.0342994605533384	0.0333542138071062	0.0339946107404491	0.0346949642847148	0.0345430586109984	0.0352236016098545	0.034970445983665	0.035173802705091	0.0353931242621528	0.0358185325186647	0.0354708154166349	0.0355955382343051	0.0358598354193881	0.0350139913897661	0.0359186568791944	0.0362431488196734	0.036789140489819	0.0364380180205748	0.0362812032521923	0.0369493416962769	0.03746892888531	0.0373108806722398	0.038120277505787	0.0388092617907465	0.0382294661008878	0.0387693116452194	0.0391944747416913	0.0387551181453372	0.038430883639148	0.0401813329431518	0.0412809111838107	0.0421101483458087	0.0430404964763055	0.0441387069063668	0.0445832429023148	0.0440121205464235	0	0	0	0	0	0	0	0	0	0	0.0580588785762443	0.0588720692980976	0.0636376742474959	0.0625675161832255	0.0636245864271864	0.0671750908113054	0.0641728951263314	0.0639555140585421	0.0668571545655342	0.0665592261087766	0.0718531850993914	0.0722467714350035	0.0730604130934795	0.0796652576039183	0.0744253625686432	0.0762326053422953	0.078466450729739	0.0797221805400591	0.0756873194342548	0.0792441637762873	0.0825533947839902	0.0826034257541697	0.0690050351082854	0.0843824006993248	0.0814254658130172	0.0775572498532518	0.0743606340066898	0.0583857303400218	0.0777506617709058	0.0506278250436133
604.273	0	0	0	0	0	0	0	0	0	0	0	0	0	0	0	0	0	0	0	0	0	0	0	0	0	0	0	0	0	0	0	0	0	0	0	0	0	0	0	0	0	0	0	0	0	0	0	0	0	0	0	0	0	-9.44522361921744E-4	0.00208233755621703	0.00217469511104707	0.00185069764496398	0.00131607133849978	0.00223143950364165	0.00131838969501462	0.00289635239653213	0.00284939280119944	0.00325987599884698	0.00230018194113949	0.00141275771422688	0.00233964656549356	0.00218388268561053	0.0042973627757657	0.00335170360251647	0.00118205163433216	0.00344176967757842	0.00248562414161031	0.00257734690032866	0.00249271032946082	0.00234408168388515	0.0026611850425274	0.00257309905535875	0.00419053619111037	0.00377198926500101	0.00449144683226875	0.00417000194591088	0.00379194566950028	0.00442133583206121	0.00509512332570906	0.00442624077027777	0.00513871526057197	0.00390034888778249	0.00572213447372459	0.00558517120518159	0.00581250668466978	0.00610456643445376	0.00697332262763944	0.00704581494668855	0.00690203422853527	0.00666689541317169	0.00662246089014704	0.00839711332310697	0.00722980266623777	0.00762800644424189	0.0077917725987043	0.00862442578086978	0.00887025628343804	0.0089741815375829	0.00942448304458535	0.00992554711868089	0.0100071809561245	0.0100158773927501	0.0102830948249749	0.0108867904388237	0.0109453865171566	0.0113907794831067	0.0114756991050407	0.0118612299096586	0.0122939474221665	0.0129523909033154	0.0127115332475947	0.0132119995069568	0.0138081608497493	0.0139724368041107	0.0145526486718794	0.0148345257851589	0.0151838684191009	0.0157183180837222	0.0166493965790218	0.0160674751768961	0.0164555606413228	0.0169245184095147	0.0179328546483674	0.0177320090302858	0.0183529562744761	0.0193141435423395	0.0192549896838987	0.0203761301408011	0.0208424704488405	0.0210072658236916	0.021589861147779	0.0215282770087429	0.0218211589391659	0.0235171957447024	0.0225650700872448	0.0244681809054703	0.0239855137992357	0.0242434157694024	0.0250143028429926	0.0251950481417955	0.0272073747063599	0.0265732427420404	0.0267305893007189	0.0282841211514688	0.0273422994629877	0.0287031605190103	0.0276462282384814	0.0282400147108918	0.029500601076229	0.0293121773670846	0.0297292591131273	0.0293438722024151	0.0311615096474154	0.0308349611678251	0.030881143036725	0.0317852018708625	0.0321492011695234	0.0332293821691983	0.0323290832959352	0.0328885244601304	0.0325761003383553	0.0335348911703996	0.0331874303599592	0.0323154310842719	0.0323891079343784	0.0330631209493556	0.0335272206491959	0.0324843877505655	0.0328583475000282	0.0336369556352883	0.0331682908853425	0.0338061850520742	0.0334088080359374	0.0343620293061823	0.0344971258512438	0.0344600359163459	0.0349959191999218	0.0349589670625553	0.0358058775113319	0.0364310161122262	0.0365770603760695	0.0361965585129902	0.0368316221384261	0.0368330959926529	0.0390294060031591	0.038116791068907	0.039183308665145	0.0390173022488642	0.0403641235767436	0	0	0	0	0	0	0	0	0	0	0.0525135318844649	0.0536916189934747	0.0545940917024736	0.0557641910674745	0.0554841484711243	0.0593767582540067	0.0607795685406711	0.0625115014494559	0.0640067580705858	0.0629659034199895	0.0664043695694683	0.0645095126968472	0.0688725321616897	0.068490575196688	0.0699041809289745	0.0733417893300732	0.0755768828252933	0.0721729510047223	0.0716891627908717	0.0738773680320305	0.078323395928761	0.0779518608527303	0.0822093723964241	0.0879962051831782	0.0900769724428461	0.0784576433211727	0.0868460289345088	0.0922780390399309	0.103264294595496	0.0803899570181662	0.0972248237651033	0.0920864021971924
608.982	0	0	0	0	0	0	0	0	0	0	0	0	0	0	0	0	0	0	0	0	0	0	0	0	0	0	0	0	0	0	0	0	0	0	0	0	0	0	0	0	0	0	0	0	0	0	0	0	0	0	0	0.00343979312687416	6.18237505629122E-4	8.5290421490311E-4	0.00332456191725871	1.91489244965283E-4	7.94925817409506E-4	3.20484909970133E-4	0.00184652065559959	3.5508840574759E-4	0.00205102524268851	9.43815472164533E-4	0.00122369920662017	0.00203168168889387	0.00195613165191141	0.00392274262165287	0.00244112766198356	0.00352532938570125	0.0019768964304946	0.00108112098137307	0.00318239112186757	0.00136239127244458	0.0030241052272017	0.00372341495547975	0.00395566734539313	0.00262054146705528	0.0031501071610817	0.00461295925829101	0.00312198194089002	0.00459605671969653	0.00415034524220614	0.00391654221114026	0.00524204686939483	0.00536887555397072	0.00392064966994543	0.00427911210420976	0.00605022270268222	0.00460678863119159	0.00544031776769977	0.00548059824279846	0.00564211781917348	0.00574383294576344	0.00690941696414784	0.0065468887969332	0.00697099471034706	0.00775418211531771	0.00807990212026603	0.00717629302592727	0.00802074596750832	0.00808177900797579	0.00815486484441299	0.00862862085229249	0.00890737349126771	0.00891740989123888	0.00856943086179603	0.00875059192187929	0.00943416145609077	0.0102957263242155	0.0102210844840366	0.0106878467134378	0.0106369731151734	0.0106253139729343	0.0113122526815708	0.0114974375473165	0.0117024879008937	0.0119300462784753	0.0123879080291687	0.0124615607683	0.0135329637594191	0.0134591226904363	0.0139477242193084	0.0138970415918934	0.0148307227747878	0.0145622810222154	0.0144812301596243	0.0154769445416452	0.015750585647174	0.0160216568107878	0.0170176382340837	0.0180218534683401	0.0185719252264562	0.0182045751048097	0.0184022601981654	0.0192385110233381	0.0203564487537576	0.020335849634342	0.0200994959069451	0.0207451657868854	0.0213504340302785	0.0222612913423438	0.0224489196031407	0.0220357571142407	0.0222696914174874	0.0232148904224186	0.0227302567021624	0.0235540270181582	0.0239287098503005	0.0258080750594064	0.0252991039925988	0.0254455133184688	0.0261216919987744	0.0253722041416671	0.027053951987688	0.0266579154656467	0.0265503694366949	0.0274427941751725	0.0287562363207648	0.027649684487415	0.028725878187544	0.0288784332936493	0.0298009553277855	0.0298348786628235	0.0295813990689792	0.0302884796665435	0.0300015662968561	0.0296745737086844	0.0299941301868723	0.0302198574902479	0.0299579980693999	0.031066044340628	0.0296249628665674	0.0296870315694698	0.0306932568459949	0.0305732076105217	0.0310459747223049	0.0314105117132191	0.0306431577830905	0.0317682534082194	0.0319016693801186	0.0317047560563941	0.0328427851229686	0.0322658612515423	0.0319389769505726	0.0325381925779617	0.0319543455782685	0.0326093700819845	0.0334451588720819	0.0344637084248365	0.0345611266768086	0.0361642781097515	0.0354226132195671	0.0365890628983134	0.0387214174949955	0	0	0	0	0	0	0	0	0	0	0.045547949084601	0.0463352011891726	0.049494693900757	0.0515088420890942	0.0509769317811511	0.0514784892274854	0.0550954209524219	0.0565294010336135	0.0548960318491592	0.0586079889384922	0.0594774770267126	0.0577816820175007	0.0627740563523745	0.0641433129806522	0.0639019920763893	0.0684037924103212	0.0678606903180709	0.0674076755326649	0.0714982175575799	0.0711527898960924	0.0737494063838661	0.0707279145748986	0.0791029227765491	0.0724965522325025	0.0760963284755219	0.071742175231103	0.0785492975036731	0.0822842871687773	0.0794143890161984	0.0881770600780831	0.0912518825660181	0.10987963165403	0.107074238071223
613.694	0	0	0	0	0	0	0	0	0	0	0	0	0	0	0	0	0	0	0	0	0	0	0	0	0	0	0	0	0	0	0	0	0	0	0	0	0	0	0	0	0	0	0	0	0	0	0	0	0	-5.05009245967115E-4	-3.84274977635892E-4	-3.21677064024449E-4	-0.00151208429061436	-3.05268751468793E-4	-6.43688306616159E-4	1.93746881778112E-4	2.36815430613194E-4	0.00162120646307297	6.82965952305219E-4	7.17914327777381E-4	8.7233848982056E-5	0.00125868746214495	8.10705575126067E-4	-7.13568847297875E-4	4.11903367408262E-4	0.00121343899533112	-7.16776899369421E-4	0.00129295656359212	0.00142223666914216	-5.29568094065558E-4	0.00188652618903634	0.00159523676548577	0.00156440208466146	9.76385826287004E-4	7.52551090459339E-4	0.00231450135802194	0.0018388107446804	0.00135166966342939	0.00151563730896705	0.00173536565456983	0.0019768687763626	0.00303778908717012	0.0027382205114172	0.00230306804127519	0.00432534860350139	0.00343459150155918	0.00524776477708837	0.00324301671891598	0.00414470795553659	0.00404607507171089	0.00453106077512693	0.0034197245048713	0.0043055331132018	0.0049369336444725	0.00581583514627313	0.00572306351603681	0.0058253198217736	0.00639040574044298	0.00609299218224302	0.00643583220376647	0.00703210092611998	0.00756358311652738	0.00728891806789329	0.00746228131930376	0.00773977203138132	0.00803687786194738	0.00851082021756146	0.00925198191351981	0.00857126737762016	0.00965317876707045	0.00926972873665304	0.0099125833397906	0.0102287437630884	0.0107012095908408	0.0109357196147563	0.0112291262045744	0.0111089686669139	0.0114874671446791	0.0118567012978573	0.012822856610092	0.0121873528009003	0.0119484451188511	0.0133698483360268	0.0132503803462432	0.0132232403671542	0.0139740859397917	0.0144771203778452	0.0147084693438961	0.0147196733379667	0.0153902671455055	0.0157718648858633	0.0162508130638967	0.0162782269502478	0.0173623216590524	0.0165131670045366	0.0173486410569208	0.0182035372403787	0.0181325825400711	0.0187050872274776	0.0189575557073143	0.0191646353385428	0.0199566998480801	0.019929780015697	0.0206192548185595	0.0204539180772983	0.0206883452320564	0.0208891853872193	0.0216010964632864	0.0230621392806246	0.022199605761474	0.0215267574738849	0.0231798668137881	0.0237808484111532	0.0239410879157186	0.0241351672200254	0.0240020007702181	0.0243156379840286	0.0252357396599728	0.0256750181378879	0.0250275101388339	0.0253489124417321	0.026254886300503	0.0257489811514541	0.0272002569139353	0.0259234590807446	0.0266889936111786	0.0262095662280504	0.0264184811339579	0.0274476672377122	0.0268559542234607	0.0274344552656134	0.0270832203121382	0.0268447294480287	0.0264920253005187	0.0270033983293248	0.0281783528773102	0.0274249037425717	0.0275086136656646	0.0283328320892063	0.0283077797496544	0.0286156184287996	0.028984027934071	0.029008296798893	0.0288487089895068	0.0297215794849649	0.0301383154948762	0.0301908760028309	0.0309814888245896	0.03127420494217	0.0319496240499062	0.0329846751511029	0.0340820077485028	0	0	0	0	0	0	0	0	0	0	0.0410151249478327	0.040079498085563	0.0432660777042821	0.0439461124611297	0.0449207313677326	0.0472030670482727	0.047226937240718	0.0469765603500458	0.0476445927123229	0.0514946569103552	0.0488262413788064	0.0534328786186088	0.0527754310447506	0.0539858881657772	0.0610605318204743	0.0543827850564993	0.0542467959385898	0.0579439761245683	0.057175099245143	0.055308297275571	0.057999131301294	0.0616165622279735	0.057360653364158	0.0563716562803394	0.0573716441394102	0.0683592664919444	0.0617594033837291	0.0530219395414044	0.0608395428785563	0.0558982978511903	0.0642231021197732	0.0534206520647747	0.0558313991316352	0.0816526883848664
618.407	0	0	0	0	0	0	0	0	0	0	0	0	0	0	0	0	0	0	0	0	0	0	0	0	0	0	0	0	0	0	0	0	0	0	0	0	0	0	0	0	0	0	0	0	0	0	0.00143668527882863	-0.00129567656194177	2.8908057144548E-4	1.13446013126557E-4	0.00166342296368028	0.00113601100244157	-0.002951693202094	-0.00143665421351134	-0.00199999052070169	-4.8171797202831E-5	2.34801340422511E-7	-6.55957264802266E-4	0.00170364048365848	1.81497811407278E-4	0.00120468450902186	-3.51546836336755E-4	8.62691702594197E-5	-2.96881499564904E-4	-2.5013767414685E-4	0.00220941523500545	2.41493385313475E-4	6.337820462831E-4	8.54773044800334E-4	0.00125799908275511	9.72301253204761E-4	1.09958796994198E-4	0.00208496318668607	0.0011634257789552	8.98899468593188E-4	0.00210256051397611	0.00205815662608608	0.00178892065968036	0.00284026612639263	0.00140978445722327	0.00209080332054904	0.00225807520808124	0.00288576408833952	0.00267294593159422	0.00299942661078599	0.00177724420304137	0.00309281448446267	0.00411104020128935	0.00406330996505514	0.00446244411506005	0.0047510170595794	0.00542251927648514	0.00504754701546748	0.00403817320696081	0.00418744668335585	0.00537099438783408	0.00527089202161282	0.0051897044186923	0.00611960254279211	0.00542949846730578	0.00601851462477798	0.00671429105646953	0.00647425170687199	0.0072469060416331	0.00685694631970507	0.00767461964655796	0.00724889634537447	0.00822692656580454	0.00841723846715474	0.00884445657903028	0.00897616363628288	0.00907783812578094	0.00892418593838315	0.00979712459731551	0.0093966575996971	0.00949490380659878	0.0102409118779307	0.0106854241738899	0.0105337560849118	0.0109585382428656	0.0109143964028229	0.0114425688967437	0.0112882687016851	0.0121367201524375	0.0125217136152013	0.0120339071034077	0.0125357059446697	0.013022148564266	0.0134147198770063	0.0136621226452964	0.0144156090505603	0.0150444870730128	0.0152791328521978	0.0147680333253717	0.0155751381184689	0.0159136867143822	0.0168932036292564	0.015799947001135	0.0173851706959034	0.0185641755282542	0.0178428450326354	0.0192768982318844	0.0194801874073181	0.0185169504159729	0.0187311844969752	0.0197831127042833	0.0200039508836231	0.0205721268802569	0.0207872229143318	0.020786981654987	0.0202830972263684	0.020667765162719	0.0210230617589931	0.0223448632611664	0.0215845294308357	0.0220027791546175	0.0229659219717091	0.0226704809188865	0.0236902530956614	0.0233483737527212	0.0236101747360239	0.023401848812216	0.0229048434462157	0.0234290428529122	0.0237681994419394	0.0245748168005281	0.0252414450803552	0.0242704176908496	0.0244123409819952	0.0247086896640016	0.0244510212444966	0.0251145131494358	0.0251350309562412	0.0247921298194691	0.0248928731616347	0.0258207128410004	0.024523998628823	0.0253862771162485	0.0257900818799805	0.0265345279712116	0.0270235389609583	0.0272414650560872	0.0264879321844702	0.0265011162439305	0.0274485958770659	0.0276417379813158	0.0272529932800829	0.0285990991700745	0.0302125543705338	0.0290729980199475	0.0281676615203123	0	0	0	0	0	0	0	0	0	0	0.0364567199993396	0.0371827437919134	0.0381456104624274	0.040435934873194	0.0410923176191602	0.0408341720800969	0.041640010718842	0.0437789165068489	0.0429934216185119	0.0444261875980834	0.0428495671184655	0.0470617148057074	0.0486147651779383	0.0494340435291994	0.0509294546827474	0.0493955606098098	0.0511208170949143	0.0517859339743452	0.0559760858282608	0.0520054409253428	0.0542503236811733	0.0542896988168265	0.057675311638771	0.0563057027628016	0.0538669593980114	0.0526318487574755	0.0559101653572511	0.0636333252694613	0.0508922593843151	0.0549394684143674	0.0565192483753622	0.0611154168436155	0.054499244321063	0.054499586610501	0.0355230941129635
623.123	0	0	0	0	0	0	0	0	0	0	0	0	0	0	0	0	0	0	0	0	0	0	0	0	0	0	0	0	0	0	0	0	0	0	0	0	0	0	0	0	0	0	0	0	0.00291191940922293	-4.90044941523905E-4	7.24792405668361E-4	0.00279220528204534	0.00116681615870049	-2.8631032820026E-4	1.11333061538808E-4	1.08941433844902E-4	8.50823496722644E-4	0.00160424697533307	0.0024714611152711	4.93562780901984E-4	0.00154184446957583	0.00118153697710905	0.00106851393351413	0.00119021948784184	0.00193656871580062	0.00323327688764517	0.00265535471345197	0.00248095650528247	0.0014292551938709	0.00132135054847492	0.0016653551662463	0.00275766500366418	0.00207881646067274	-8.47983860136269E-4	0.00226420643571125	0.00207123681111817	0.00377266776468978	0.00174292077068376	0.00369701114570685	0.00362705262124219	0.0027472303276737	0.00246159533563349	0.00280193880937245	0.00388796374446133	0.0040019602260598	0.00452634443339629	0.00439741267930607	0.00287108113797449	0.0038749902208384	0.00408325053833187	0.00371267273759816	0.00375480291941075	0.00538162400822879	0.00517846975344515	0.00425751524935671	0.00382382000765426	0.00495279352716598	0.00533415863381446	0.00613549162526999	0.00623600254959306	0.00540629857177421	0.00673266536926525	0.00578430521041459	0.0070105988779912	0.0075865404348145	0.00634249491671747	0.00656865814977594	0.00646099742875247	0.00636578206100114	0.00725726092938232	0.00782435540094666	0.00810778888402219	0.00835454702722367	0.0084833391125671	0.00873863298075183	0.00886021537848182	0.00922603291008557	0.00948020327388811	0.00948261667675327	0.00950883164825336	0.00952771250419148	0.0100825110648117	0.0103085216303189	0.0105676050191539	0.0104990498648862	0.0107580235383909	0.0110505491183781	0.0118468291565017	0.0111139898276834	0.0116949153641402	0.0117087729543346	0.0122801452747344	0.0130621749837549	0.0137856756869174	0.0133404330441845	0.0136439936866593	0.0144533228844665	0.0151727121225981	0.0152515470418428	0.0141068769084179	0.0148995527292454	0.0161752346847792	0.0167634866041246	0.01679032664661	0.0166083031478907	0.0163297089690572	0.0180728705045796	0.0174638587473996	0.0177454985752216	0.0184061403445503	0.0185188680094415	0.0187908294549439	0.0201058907177613	0.0192049913988378	0.019904985554687	0.0201910785982729	0.0204054580635171	0.0208783793330402	0.0208273762592876	0.0213486282798631	0.0215246665831298	0.0211266475568793	0.0216712332335657	0.0216933529739621	0.0225483534969574	0.022055263406046	0.0223458171061147	0.0223863254282662	0.0227192159905898	0.0234076516820225	0.0229356159309654	0.0232774139767118	0.0228759811478099	0.023080334706565	0.0223973516813166	0.0228414807169055	0.0234885365273569	0.0240623670373945	0.0237478584868591	0.0238453502259651	0.0246631462263968	0.023625832054714	0.0237238777397111	0.0244483326707698	0.0250476448565987	0.0249464352516484	0.0250787981535834	0.0251472717007401	0.0253032412594554	0.0255085353949261	0.0267969506972449	0.026834663460936	0.0272690776755564	0.0279043046560485	0	0	0	0	0	0	0	0	0	0	0.0347117515893074	0.0336580138175681	0.0350296474186142	0.0359719413302487	0.0362384951018881	0.0378601287574939	0.0367627443498365	0.0404293919850325	0.0402165508998553	0.0423240545253751	0.0414127982516384	0.0446648247419804	0.0453696987652563	0.0468650053851115	0.0483577469100192	0.0481251525701345	0.0445917111905283	0.0473604707966333	0.0499417414909484	0.0492742912825399	0.0541848497161953	0.0535945066668388	0.0544911294575326	0.0534317458800137	0.053903228099231	0.0488815175440986	0.0552782606706676	0.0618574456382205	0.0562084891394006	0.0661950176642563	0.0535821971410371	0.0762690809997592	0.0562741139398403	0.0639131961465668	0.0610243114758842	0.0716963301225757
627.84	0	0	0	0	0	0	0	0	0	0	0	0	0	0	0	0	0	0	0	0	0	0	0	0	0	0	0	0	0	0	0	0	0	0	0	0	0	0	0	0	0	0	0.00357999852259389	5.71206042588867E-4	-0.00100425810953704	-1.8635661043319E-4	0.0034301440416087	0.00108395974546964	-8.87423380952389E-4	0.00295879570129318	0.00204192975776665	-9.96750374911291E-4	0.00242608834216908	0.0019939786716756	0.00255662881479733	0.00119889159903192	0.00161287598247612	0.0033546988444209	7.05949875163519E-4	0.00204215194511991	0.0021454947479653	0.00336838074520052	3.08953212526328E-4	0.00277555881627958	0.00268547212619653	0.00288885473500393	0.00131783457983712	0.00129669589990821	0.00210747242658691	0.00323893479865084	0.00176008560665941	0.0027374939478281	0.00349441902746803	0.00191159008365207	0.00353642189100898	0.00270634278126356	0.00309135062204608	0.00309489336024698	0.00195944039646593	0.00333316429195168	0.00267390678001573	0.00381978797946897	0.00274185233693379	0.00217646953953463	0.00407242093802167	0.00349681085079943	0.0041737770647797	0.00396710857204262	0.00420932611729984	0.00436279932526793	0.00496259689421368	0.00407096317751991	0.00492699182063213	0.00538535460685689	0.0037828364704747	0.00529542730869986	0.00585400223707231	0.0047997270390086	0.00559359459145242	0.00549434215600639	0.00556002580528086	0.00637357667258487	0.0059780061421558	0.00650064920835346	0.00714759761571204	0.00678225483182515	0.00711090873467329	0.00727991318714431	0.00748067130385674	0.00792319304130766	0.00814559393953941	0.0078855286635941	0.00835083963178101	0.0085770010400517	0.00866602496514356	0.00863129049192707	0.00905610725720593	0.00913499203397856	0.00922123776235263	0.00963644793824591	0.00952352193800528	0.0104288442412335	0.0106211509032143	0.0101363114727501	0.0111211097133063	0.0104824638953603	0.0118186356246234	0.0118512022938537	0.0123917447163739	0.0132634546715486	0.0131126876826473	0.0128955359403113	0.0138336838203397	0.014147912181933	0.0137795836347746	0.0142196674019253	0.0142264981757376	0.0141973047382496	0.0152312862287149	0.0154410990898162	0.0149185754919474	0.0157966034040066	0.0160531233912633	0.0166204458720747	0.0166253429720758	0.017363917371234	0.0176771835112855	0.0173448575351963	0.0168756724815825	0.0187661867934842	0.0187660612883154	0.017391071798488	0.0181727506504561	0.0174229586038408	0.0192219533901392	0.0186537847309859	0.020634881276218	0.0200856867854355	0.0193839286157269	0.0205092241155783	0.0209558790259852	0.0218934522378175	0.0200800985526203	0.0202373484173757	0.0207613611648027	0.0206078314000752	0.0221897211350187	0.0212584784077922	0.021428670562788	0.0210533228036325	0.0211543032320939	0.0208902556751256	0.0214642759585482	0.0219596426903967	0.0219841982849509	0.0211113357574743	0.0222226247755899	0.0221071201624194	0.0221363381112278	0.0219570170564926	0.0231091217293177	0.0222831737492058	0.0233874535844946	0.022978111245381	0.0241132834113254	0.0241991907393856	0.0250488629925965	0.025239575243284	0.0257600324125808	0	0	0	0	0	0	0	0	0	0	0.0304836289756373	0.0309342079596856	0.0328041297672865	0.0324133230346388	0.033917715902481	0.0361515223966937	0.0361456058815043	0.0382927302055742	0.0387670333520337	0.0385456126382594	0.0396852008592377	0.0391620689159254	0.0414171116099579	0.0418567712443475	0.0444267040540044	0.0467376071912928	0.0451213483400501	0.0455943587548884	0.0456079194710366	0.044094413402373	0.0461528528372316	0.0511514583185676	0.0508441862026625	0.0510005027444472	0.052747307900674	0.0555160380572479	0.057891635749804	0.0562053151514223	0.0584621173101689	0.0547585690229584	0.0638767281021624	0.0599785742726734	0.0360897975701863	0.0539254178346705	0.0572684608150168	0.0503035173882597	0.0294319516961241
632.559	0	0	0	0	0	0	0	0	0	0	0	0	0	0	0	0	0	0	0	0	0	0	0	0	0	0	0	0	0	0	0	0	0	0	0	0	0	0	0	0.00325043902401066	0.00203390047533732	0.00293007980451548	0.0047807561619893	7.0494757231561E-4	0.00393600874003106	7.53145827298705E-4	0.00148596287391199	0.00231439470744577	4.18584517113396E-4	0.00246307404281109	0.00384198735676888	0.00419649581200694	0.00114491317722004	0.00175074437650931	0.00274012470279055	0.00186756878439673	0.00207417166493533	0.00261610301228508	0.00295415958397376	0.00211099934127309	6.46061256581893E-4	0.0023609168813761	8.03039690058127E-4	0.0011835887967092	0.00236980972523922	0.00372488519850231	0.0031637929148945	0.00298994643298068	0.00108529090811631	0.00276118846410522	0.0023977464071962	0.00227431446193924	0.00386675214185761	0.00389979235619752	0.00321670740012715	0.00319106653724092	0.00391450333563176	0.00396849945898267	0.0039602116870826	0.00259151188636806	0.0034658131394633	0.00264669125743574	0.00344024720612581	0.00505218496528978	0.0040294924187527	0.00443937627160978	0.00408093427780256	0.00395601131460248	0.00470116983317247	0.00502518358387229	0.00511570122247376	0.00526537087730511	0.00474138784247666	0.00518551067536803	0.00485968677957975	0.00591788914671294	0.00518898538429364	0.00558536139549696	0.00525323973683166	0.00561628896655595	0.00644565331502894	0.00682849812753528	0.00693214501405307	0.00689606279271875	0.00685748768102675	0.00670543868282256	0.00699237317689301	0.00674588288025384	0.00759106874674379	0.00691159518115031	0.0079334725770726	0.00770337353212451	0.0076896406920791	0.00829975850213053	0.00863923185430727	0.00839956268928453	0.008363227020039	0.00849715061102994	0.00903019865523038	0.00922572942568352	0.00923541574366367	0.0090985873066309	0.0100371633243154	0.00962224542726673	0.0104831662412302	0.0105142970959792	0.0108428901801231	0.0115367844582522	0.0115512170725019	0.0119618414739888	0.0122172958992825	0.0127118603417258	0.0124114098850201	0.0130506680903829	0.0125318852418403	0.0134647290776288	0.0131865856536864	0.0142140430786816	0.0137997770582178	0.0135809717886668	0.0142776894133935	0.0150544310913704	0.0155905157141878	0.0150851734334945	0.0155999781199087	0.0167835779402108	0.0167559785131326	0.0158062425909235	0.0163100598408789	0.0166229802877309	0.0169801667330535	0.0165271621109442	0.0173273185843152	0.0172837527338207	0.0175707198054227	0.0175229086149645	0.0181891856543802	0.0180836489291267	0.0185024671533952	0.0195499247881882	0.0193606312813708	0.0186169383118607	0.0192130030745268	0.0196557383172301	0.0189972833557503	0.0199028135264844	0.0193861073097759	0.0192384452190234	0.019636625321395	0.0200259723569774	0.0202502561181806	0.0193956219679467	0.0200606420701357	0.0198839446407684	0.0202397734291851	0.0199595137601836	0.0204542028640121	0.0211004313608792	0.0205585563085553	0.0204444561197887	0.0201673108446436	0.020537596492573	0.0209262165002587	0.0219143636031481	0.0228931703485999	0.0220759400909485	0.0229480156097225	0	0	0	0	0	0	0	0	0	0	0.0264523637640846	0.0270480059948924	0.0273892602226201	0.0282533930195599	0.0281370029730039	0.0300559203041722	0.032146588535666	0.0306348512163484	0.0323161993178992	0.0327203301868607	0.0349148837495807	0.0331722126149879	0.035239445637859	0.0384307004541666	0.0392238762199647	0.041635588777262	0.04112312912798	0.0412134292386681	0.0404321946672154	0.0423053299478343	0.0390621827010744	0.0451473175329903	0.0470359561238818	0.0482046264313062	0.047766302889111	0.0481536066410256	0.0443184846353732	0.0496403159067504	0.0500946406737598	0.0480832056739412	0.0439994707521986	0.0526910765643663	0.0545125981154319	0.057910000852016	0.0616893639868591	0.0600576066047455	0.056363369620546	0.0591002912918716	0.0347538439585272
637.28	0	0	0	0	0	0	0	0	0	0	0	0	0	0	0	0	0	0	0	0	0	0	0	0	0	0	0	0	0	0	0	0	0	0	0	0	0	-5.55255074560757E-4	-0.00440861423910991	-0.00300340815111576	-0.00131933270520625	-0.00360258468098488	7.80783700656643E-4	0.00161242854181322	0.00114993887097616	-0.00442048680500437	0.00105916137425467	-7.96916161704432E-4	-0.00186504717985218	-0.00182913755637079	-0.00132721626329468	0.00129435218571305	7.12590720799235E-4	6.3988451036996E-4	-7.28648032754324E-4	-7.60744048940404E-4	-0.00129120241749013	-6.82833942507878E-4	2.86348558534064E-4	2.36089818490775E-4	-0.00185844285569171	0.00141472507313451	4.03958369106281E-4	-0.00185316871098975	8.66833130959309E-4	7.23142602142633E-4	0.00100506897060633	8.26022887614827E-5	-2.83525325607891E-4	0.00174579334803327	-2.33231009767849E-4	5.72228161637533E-4	2.99095838202881E-4	0.00117392059677062	0.00129516849184658	0.00105865200712728	0.00207258671552835	0.00230138583108976	0.00185981367281384	0.00166237433783938	0.00105601230052911	0.00288242921853228	0.00171627039054141	0.00281179213234906	0.00341281966870984	0.00253216433766166	0.00380099789480009	0.00154437317707155	0.0036199817040891	0.00389502064953019	0.00194515777633089	0.00275983591875854	0.00327674652592943	0.00245503702009183	0.00407833808359589	0.003499297071807	0.00426492024243911	0.00488123096224687	0.00390536481142871	0.00440355211423206	0.00498550025392659	0.00409445801329238	0.00538562435299508	0.00518178023704566	0.00500271992420031	0.00617747957808883	0.00688729429774014	0.00552094012503248	0.00611168171384521	0.00630519907870055	0.00540386882900959	0.00626981684890726	0.0066397816174046	0.00649337796229723	0.00673108689076871	0.00722749577744359	0.00703149834734816	0.00775334278600391	0.00743450095885472	0.0077459025513215	0.00766738387744436	0.0079418133062281	0.00845514157575611	0.0080729551744093	0.00857651144254533	0.00941817601615571	0.0099735630530586	0.0103147423252255	0.00928748178306405	0.0103210851200541	0.00942064169577064	0.0103940310646311	0.0110839591162456	0.010808745698393	0.0106898777634937	0.0120083574021995	0.0115942660537563	0.0112396816970548	0.0116529529613469	0.0120728886342927	0.012411342504	0.0127901901609051	0.0131691277227023	0.0132395031641618	0.0133309782850044	0.012618993510185	0.0134622286934165	0.013726007896711	0.0152200213739534	0.0152675056014791	0.0141630735999654	0.0140430814327495	0.0149127415449382	0.014855596033063	0.0147474221805971	0.0146822082802303	0.0165419381173869	0.016705405916923	0.0164209720561122	0.01680785002174	0.0161168682029364	0.0163803456871047	0.016673932984557	0.0167653159273277	0.0173044869478773	0.0171561610793775	0.0170276105998594	0.0166984399815193	0.0173616783864171	0.01781041092807	0.0169551093185795	0.0178845071256451	0.0169095372542917	0.0169654729471848	0.0164776764810517	0.0183679905060013	0.0181452766080505	0.0178009668321853	0.017643664355018	0.0184535645044448	0.0186493168468136	0.0183156146011456	0.0189973109571432	0.019849272320728	0.0201899809804149	0.0196098044122233	0	0	0	0	0	0	0	0	0	0	0.0233514932106662	0.0231108847570548	0.0230178805487777	0.0246707685633368	0.0251896899024053	0.0251988024729578	0.0260296433237717	0.0283965649253894	0.0281524545835036	0.0290383911733539	0.0288935902323123	0.0285253160884749	0.031100663159649	0.0315576672281813	0.0334727139736565	0.0337631878663259	0.035489240102548	0.0360772143469988	0.0349906173693514	0.0358377820466216	0.0358552840000747	0.0332318000904142	0.0330524773857644	0.0342330000562417	0.0358530260319572	0.03465357679532	0.0371900249992801	0.0362089156487749	0.0390574196849488	0.0360031109819577	0.0400749493543465	0.0411872006617649	0.0358806271728722	0.0287075263164298	0.0298101500602452	0.042231180903495	0.0349651130112566	0.0163471724753062	0.0317960110256369	0.0469022275690558
642.003	0	0	0	0	0	0	0	0	0	0	0	0	0	0	0	0	0	0	0	0	0	0	0	0	0	0	0	0	0	0	0	0	0	0	-0.00164544987356166	-9.5268131119889E-4	2.86596253213725E-4	-0.00132994833135835	-0.00239526847202353	-8.75609544747411E-4	-0.00139936660801212	0.00198298881406143	0.00118043403023033	0.00143118298004513	0.00122444313730041	-5.09820894405793E-4	0.00402293213233521	0.00105154103752584	-1.21436049931228E-4	-4.76346681690702E-4	0.00163016689463957	0.00125000121942306	4.98300736723767E-4	2.15541371245355E-4	0.00167933484638731	0.00220351159579061	0.00195583872162669	0.0027053897808909	0.001209013920991	0.00233387086317663	0.00121860166877988	9.2181411133511E-4	0.00163070194126932	0.00186981814189373	0.00122493729515567	0.00159033520014373	0.00283192286290191	9.9808582668649E-4	0.00163281464533755	0.00312460064074808	0.00286641799624635	0.00207820196248593	0.0033220366785784	0.00196173114923437	0.00232282045053783	0.00267043420692212	0.00195232006639943	0.00112713590793516	0.00247974917685362	0.00243405645322946	0.00203398356233667	0.00338235265391362	0.00275181776626981	0.00428528855168414	0.00279683224496502	0.00235449260399033	0.0035840051943652	0.00360738366413018	0.00503998583332611	0.00281142072996345	0.00346180448487917	0.00382875981148749	0.00437767308438085	0.00390714315573512	0.00418576968902225	0.00373806938889212	0.00479790364761004	0.00380935164419658	0.00430553393494514	0.00377340518791793	0.00519470577510266	0.00517055369052959	0.00401634391342649	0.00474306108256989	0.00430313439542054	0.0051018760587338	0.00471643251630649	0.00624300127748007	0.00583448015325225	0.00555559465260403	0.00541170575307512	0.0065045007156972	0.00647246985984502	0.00655388993411315	0.00612736392867891	0.00633266203173439	0.00759762593229978	0.00757759806106276	0.00720826250014134	0.00746810444932373	0.00766663719857922	0.00792477876244008	0.00785177754073764	0.00823286090513025	0.00782518041923638	0.00831556873533519	0.00833212772983006	0.00876760600633542	0.00893429408960886	0.00919359220883706	0.00991278800831233	0.0101982544462877	0.0109165777078085	0.010220055100356	0.0103729155235576	0.011299006825116	0.0111378111531838	0.0099265081295041	0.0105974683694832	0.0119123715299585	0.0119359659336377	0.0117094132571906	0.012322556331774	0.0129882596531386	0.0132728077839974	0.0135754294371226	0.0128538641185219	0.0129653759167887	0.0143477926376365	0.0139163536409598	0.0140306581560831	0.0141516936156434	0.01293624612622	0.0143667948427478	0.0143771169431437	0.0149904527506772	0.0144234211971517	0.0142868715215165	0.0151507600169972	0.0148736661550845	0.0149720552527566	0.014997142561411	0.0155138441216614	0.0154534381562453	0.0148307811779087	0.015552667785199	0.0160035894110743	0.0164883753368273	0.0165198321683857	0.0173202169959568	0.0159096800859433	0.0152920102597692	0.0170477248055988	0.0156643696213341	0.0166463948231879	0.0167901632609039	0.0163079329658921	0.0162083856234489	0.0179653332517687	0.0169006088838183	0.0166544650314414	0.0177067028331549	0.0178129540620561	0.0176962543409106	0.0185554766678635	0	0	0	0	0	0	0	0	0	0	0.0211934170343803	0.0220491510977185	0.0216095282139455	0.0222946205858078	0.0234567636725184	0.0241972264203912	0.0249485631391207	0.0254877816824228	0.0238004957811548	0.0266936537037466	0.0266498708033872	0.029419187035325	0.0274831770823027	0.0300902974026644	0.0303888046993231	0.0314871862313409	0.0332283942740859	0.0301434140583128	0.0317321473075388	0.0336645168451135	0.0340659368930158	0.0360571772110469	0.034230897773598	0.0310209200967873	0.0380650264783364	0.0381248896239539	0.0394801211981883	0.0370240624777082	0.0359751717138758	0.0425705666301087	0.0340523275663686	0.0310972753862313	0.0366571999231244	0.0387173978479182	0.0429945605556679	0.0345026719003016	0.0268790629099865	0.0449308123152508	0.0531031215709504	0.0579348419196092	0.0151349655647677
646.728	0	0	0	0	0	0	0	0	0	0	0	0	0	0	0	0	0	0	0	0	0	0	0	0	0	0	0	0	0	0	0	0	0.00769962284962035	0.00883324434524782	0.00583877366932239	0.00676265911661981	0.00632052048905286	0.00397436769329628	0.00409380890957829	0.00614530465207222	0.00635050587374244	0.00408804381578759	0.00651718712154733	0.0070573737087003	0.0063375608951899	0.00394103081696855	0.00382351979906474	0.00213134020270096	0.00695515797419561	0.003440635822988	0.00472196806667514	0.00524089053048768	0.0037590031042418	0.00491507869409454	0.00399078975550085	0.00555860550384045	0.00289759568004216	0.00428819420552958	0.0065225939577711	0.00579424646666699	0.00565298617531638	0.00439269057237738	0.00376555818238756	0.0039717626267835	0.0051448239881717	0.00518577179191558	0.00475633405392676	0.00396295083260126	0.00409678032850674	0.00475111324199859	0.00413985090496111	0.00358936626721906	0.00501341564054647	0.00487706494000487	0.00386289491287766	0.00299607663334891	0.00395874097622826	0.00477740585869355	0.00468767341083144	0.00416807338450327	0.0042546917962026	0.00557636236676657	0.00476470103924338	0.00385613264762757	0.00411888094536387	0.00439504278461491	0.00465490871655027	0.00440459567320005	0.00605570550949479	0.00393225949905452	0.00549435038326506	0.00461237345010157	0.00579387404217478	0.00557922503386761	0.00488353508912819	0.00462675246893006	0.00493245237297682	0.0049722323660597	0.0050598239758155	0.00518618737817503	0.00582607568277065	0.0053608804886226	0.00610822202638473	0.0056543376496416	0.00668063894731643	0.00772349808350896	0.00609005767339682	0.00669216350740409	0.00591491868068662	0.00645099858726668	0.00641211359523929	0.00664910558716664	0.00714219478567581	0.00708464204862359	0.00713737932934317	0.00691669839495045	0.00674989866567802	0.00707706960024522	0.00711214014799947	0.00715315663254527	0.00755961865365984	0.00780406237255229	0.00845540938737617	0.00866546431377352	0.00871190209658674	0.00825010691172049	0.00957983211676734	0.0103426116062347	0.00957732703581264	0.00956756804482753	0.0107973927698779	0.0105045815673062	0.0105762620763139	0.0107895002667715	0.0111992230648222	0.0104506363395116	0.0116706815112102	0.011864964921125	0.0115807535397314	0.0117102875031008	0.0125207651047944	0.0116124901016439	0.0136061583800951	0.0128891271917146	0.0135368468867374	0.0132217188927136	0.0142596632512245	0.0129303276987204	0.0143953225402637	0.0136669486083726	0.0132620597603043	0.0134247825260607	0.0143040079555369	0.0143666067125329	0.0151276166840836	0.0148049865399565	0.0153377362054754	0.014959659493727	0.0145176151061471	0.0156677371280829	0.0158879117360637	0.015583372221881	0.0161235426069236	0.0149502911559582	0.0160308644215295	0.015802310737364	0.0152562396922615	0.0158034797863908	0.0160124304935336	0.0155518926626176	0.0166336488938642	0.01581551433605	0.0156862115511309	0.0158974994698224	0.0169108452497418	0.0164259194708755	0.0164970519818896	0.0171439280227801	0.0171880748644591	0.0164604592999478	0.0177876707345678	0.0175195592577544	0.0188615486327156	0.0172162014652706	0	0	0	0	0	0	0	0	0	0	0.0209922940102899	0.0216146202577031	0.0209476052302825	0.0225046145129696	0.0234101699443	0.024697244233957	0.0231122142661288	0.0245276567906256	0.0259022807603446	0.0263935867554416	0.0250804131631766	0.0270535671932262	0.0278205939265063	0.0311360991888499	0.030291588505085	0.0308515120393318	0.0306397827913337	0.0327304732479893	0.0346044857132345	0.03674168169699	0.0355015963863812	0.0319029707679864	0.0368189024434559	0.0368645568213371	0.0388497316139351	0.0377974035927444	0.0389047970801278	0.0422626353017588	0.0409275153763853	0.0403565786088324	0.0430275100171252	0.0397180604335054	0.0521064469725117	0.0519591486547132	0.0411567976895778	0.049127163963315	0.0582102559429279	0.0704853056030459	0.0736170040966036	0.0700380092558772	0.0870460007537762	0.118692201697132
651.455	0	0	0	0	0	0	0	0	0	0	0	0	0	0	0	0	0	0	0	0	0	0	0	0	0	0	0	0	0	0	-0.00196715610544859	-0.00233033211274978	-0.00388402527613901	-0.00173803891732488	-0.00262814893673541	0.00159080889183529	1.48065747121319E-4	-6.50300419685679E-4	-0.00106086052546602	-0.00180987228947282	-0.00330570651477084	-3.418642168436E-4	-0.00142400222637795	6.72121017449454E-4	-7.99510522242752E-4	-0.00151490097771343	-0.00129930894827331	0.00108640812223124	0.00119226057826336	-0.001599932050845	6.00671781740442E-5	-0.00182022743179737	-0.00188730982557588	-0.00178154055994283	-4.33786178403972E-4	-0.00111166170226008	-0.00259137155378347	-8.13412456889562E-4	3.00216137901197E-4	-7.27006998325525E-8	0.00140429998481008	0.00100058900018555	0.00308982676006039	-1.37955081254529E-4	8.13886427920591E-4	0.00235424672950714	-4.36856064111474E-5	9.88571004551285E-4	7.16971739489043E-4	0.00128317573142502	0.00109570062757833	0.00155121269326971	8.58212808081643E-4	0.001453402301867	0.00228773799930248	0.00283359790831396	6.48514179956365E-4	0.00116474662960335	8.66361607489916E-4	0.00285556959248897	0.00203560418699056	0.00157000762745516	0.00278163406088634	0.0030895029947921	0.0022219379975513	0.00270032728135646	0.00159170621131123	0.0027674193362818	0.00264583323644685	0.00244831906275757	0.00357683692855608	0.00215858686867587	0.0033179131807117	0.00322556147653477	0.00367351430273064	0.00355537359050136	0.00342912345300798	0.00300950401341283	0.00338718505031167	0.00405191029469187	0.00445990075557552	0.00463548008948887	0.00407508307355583	0.00389642018946281	0.00348435949612979	0.00405083489539748	0.0042757530891999	0.00489098508932358	0.00579072214828922	0.00489272360708813	0.00480633623707888	0.00486956360916299	0.00557222695085785	0.00527517167527096	0.00581435805809196	0.00588262458901809	0.00605180861955467	0.00600305621236474	0.00593442425572216	0.00599141785513642	0.00590425064698505	0.00650797841252539	0.00677850723181473	0.00641535732533569	0.00687191068868392	0.00688589863189234	0.00756063495666482	0.00730666744591834	0.00789773526105119	0.00777258401965333	0.00820383658381455	0.00819160711110664	0.00839245335729209	0.00874166214001498	0.00916601250550689	0.00785003088610515	0.00874319688906842	0.00890307828783751	0.00987880582982979	0.0100728106178942	0.00954740393465381	0.0100190766047856	0.0107761680534135	0.010856598370025	0.0112310103228469	0.0109996082100744	0.0109733299395769	0.0101044676623497	0.0110401385985077	0.0107871676431346	0.0116007271035797	0.0122973433638386	0.0119334257258228	0.0113179754663775	0.0122049240705692	0.0125778402537162	0.012146336202319	0.013815044295382	0.0126069480735607	0.0131761450085626	0.0124125807182364	0.0118690454340894	0.012529590216744	0.0126857042881259	0.0132779900070113	0.0121455453740019	0.0137234647070946	0.0134110961831765	0.0140406059935988	0.0129179421592247	0.01364025689465	0.0138223797820965	0.0137627294351141	0.0134262356015795	0.0143430189288766	0.014761536770846	0.0134330922747963	0.0145012102119175	0.0136918587063686	0.0141664983309511	0.0149363540465878	0.015374522231521	0.0148800911861245	0	0	0	0	0	0	0	0	0	0	0.0180001763345733	0.0168001436293792	0.0181517259579463	0.0188143733827159	0.0187083534846681	0.0188084845540124	0.0185468997411589	0.0215128442331804	0.0215430642174889	0.018690545905881	0.0201149147804679	0.0209717646033369	0.0212158298502358	0.023390789844355	0.0242040166273827	0.0238185927592869	0.0273895522907089	0.026787950477742	0.0273722207239729	0.0268660382599617	0.0247405868608625	0.0253640494704356	0.0279873396457066	0.0273088338162704	0.0316147495247704	0.0298729197775938	0.0310203875803288	0.0281319380783194	0.0288193170852766	0.0268379895492249	0.0317017875968812	0.0249395115931885	0.0325415215698612	0.036135721192013	0.0409072177710317	0.0367902043266752	0.0395252555876373	0.0259599994277704	0.0335434178158416	0.0331635743225248	0.0127878791951269	-2.24953998661056E-5	0.00520992079343394
656.183	0	0	0	0	0	0	0	0	0	0	0	0	0	0	0	0	0	0	0	0	0	0	0	0	0	0	0	0.00146009084525477	0.0044348192560816	0.00213377371567367	0.00338496159731382	0.00489764246449968	0.00147743622471299	0.00336604965626505	0.00407740975539327	0.00491773684144558	0.00443288841551274	0.0016144127564559	1.03185754346728E-8	3.53004529613973E-4	6.98855539042512E-4	0.00270335553569687	0.0052955191839864	0.00388820233328655	0.00432479248274127	0.00454309528685342	0.00164745830557975	0.00161982260867301	0.00528303200545037	0.0042446366295272	0.00183081539097985	0.00434799549324075	0.00336467792827164	0.00282355324692347	0.0037964587043243	0.00333073085424402	0.00247064481666624	0.00366122614326328	0.00542602081563955	0.00344550457970034	0.00338993580130346	0.00227065670502931	0.00455894613030516	0.0030333749370102	0.00343972127094049	0.00414509445680455	0.0023042454982044	0.0028340292840215	0.00303803813950141	0.00365302234656489	0.00461054450856931	0.00334877075175947	0.00174122811585161	0.00349189284437197	0.00353841409363838	0.00350905854063155	0.00467847123692934	0.0031508010912581	0.00460243023927895	0.00358652597586884	0.00355405966876766	0.00444382710825914	0.00385912792214895	0.00256429204713926	0.00302474527258604	0.00165559091635601	0.00355142794415307	0.00383812072523985	0.00374628635270804	0.00493985438818744	0.00405534989647815	0.00398791096871387	0.00407933770157088	0.00522014287489738	0.00328509642276323	0.00425567419735536	0.00307879242252445	0.00447641685858154	0.00435677998683992	0.00465947872341614	0.00538180879539615	0.00468151158226735	0.00486753808757475	0.00526419357112442	0.00381852450703749	0.00568510049736058	0.0046148188846016	0.0052225715078439	0.00550825317855473	0.00566389897767778	0.0051656255165742	0.0050250760593849	0.00582588440935525	0.00511133825393206	0.00568312599110003	0.00530531710197318	0.00582331486751437	0.0057031628039256	0.00633763369396878	0.00603156930113978	0.00634255326570642	0.00629734842902558	0.00698991074278652	0.00685302315143378	0.00716058581179206	0.00710184651205496	0.00798131847938911	0.00719719235722634	0.00715501477909044	0.0069581968267413	0.00859266209699801	0.00830949109817341	0.0090392646973515	0.0080544084040144	0.00891726709315404	0.00948344107946589	0.00933391432547153	0.0092663100309598	0.00937509245503078	0.00953665678331062	0.0100109135809897	0.0103533072693426	0.00910299969954616	0.0107866424996274	0.0110142222580445	0.00993244865817268	0.011766470910847	0.0109805449654824	0.0113092520720272	0.0128308973534165	0.0115982997428774	0.0121218721134436	0.0112230137748278	0.0126469558971604	0.0116257922398358	0.0131636632284428	0.0116010338882724	0.0126163984339869	0.0131558711556237	0.0126041225866363	0.0127604120129287	0.0129184466280523	0.0130822933804036	0.0127943884938224	0.0139471325405945	0.0134170462269121	0.013156602992825	0.0128966116300427	0.0138082414303906	0.013176536519517	0.0126668070870676	0.0130158282893215	0.012901965193669	0.0138708166752371	0.0137920540719977	0.0132877144785761	0.0144664719597251	0.0133105363007633	0.0141677321078186	0.0146336155930695	0.014464346565434	0	0	0	0	0	0	0	0	0	0	0.0165016324151126	0.0168309372282082	0.0167952069281531	0.0172779606499387	0.0177161410051738	0.0180978408570922	0.019033696178968	0.0202609186508501	0.0201767956767474	0.0201708425436205	0.0194474896001597	0.0209241904706139	0.0202340539943678	0.0229665916648974	0.024863356109368	0.023844472935391	0.0247169824850891	0.0261701398295708	0.024450206869168	0.0278110326618165	0.0269331199970453	0.0268118824478474	0.0298253066702865	0.0312214655201058	0.0293621935476395	0.0310459244764608	0.0325016964184213	0.0345902465242777	0.0320402371749738	0.0319920699255538	0.0368558252568287	0.0292445626980296	0.034405267777552	0.0374795517715511	0.0356983855931565	0.0363179270122871	0.0317336877744108	0.0423426627585427	0.0443278979202534	0.0344379076708413	0.0292177712582097	0.0487905354309106	0.0702663815329596	0.0614553125540116	0.0952372834665156
660.913	0	0	0	0	0	0	0	0	0	0	0	0	0	0	0	0	0	0	0	0	0	0	0	0	0	0.00308067842286741	0.00333656890768749	0.00268884250855799	0.00211324088302458	0.00162466846064384	3.53296031723985E-4	2.56961126166299E-4	0.00575020302277693	0.00268388485714579	0.00103462721257935	0.00444602183499895	-3.81350878004847E-4	0.00208629227515684	9.47034827729751E-4	0.00279554091770802	5.67642990868315E-4	0.00126669227587902	0.00188492624307707	0.00207737739966491	0.00274370610348078	0.00298422426593441	0.00334508710358757	0.00144779095152502	0.00226155452589842	3.16668485939703E-4	8.67386907092662E-4	0.00205553415437782	0.00223806605912512	0.00321062089037786	0.00206659646003986	7.6358870702492E-4	0.00192112878510607	0.00146549521265796	0.00231589635093174	0.00131806260707786	3.99018570653398E-4	0.002305086565852	2.89248470761433E-4	0.00322169393206032	0.0016762008630502	4.56232630699269E-4	0.00193430931445003	0.0029654034178869	0.00238902990068289	0.00426285857776902	0.00263287612752712	0.00237563561004089	0.002088932152564	0.00263896673800442	0.00181556928275837	0.00238746276298515	0.00281975421427678	0.00265362962030659	0.00310367202762895	0.00245096387921525	0.0028523096992461	0.00326600681023239	0.0026342481275696	0.00285909475626467	0.00219298334762738	0.00201663703723699	0.00312835149262504	0.00331487321902723	0.00266779846452962	0.00368481218991339	0.00265409359936661	0.00433939332067981	0.00411553212095358	0.00200298209957917	0.00306115325194189	0.00305080026408064	0.00429502087249171	0.00347219153850081	0.00294079530101466	0.00356950485428313	0.00383081870496959	0.00437710718618946	0.00388236974358911	0.00416039907348206	0.00484982742915646	0.00444079604908092	0.00394509591172689	0.0039100276630256	0.00502039347098969	0.00466778709264988	0.00441903144228371	0.00514472112232505	0.00473633229860313	0.00471467881601031	0.00470011283263317	0.00501460238732568	0.00544558874017426	0.00524543969560184	0.00513191659663183	0.00578759769658279	0.00553512976988487	0.00595003629439047	0.00612607632984791	0.00652891841009517	0.0063057795245008	0.00596293423998405	0.00624031381209819	0.00593647163643467	0.00746510287178615	0.00728363643255448	0.00789761720730166	0.00710043224819827	0.00679207898014882	0.0073889426733888	0.00794848450968915	0.00755712568332336	0.00805975517630822	0.0077534968117337	0.00856127407719543	0.00801021016791014	0.009002978333823	0.00867536372550337	0.00926094474123136	0.00901440949944301	0.0094314016182653	0.0101483112918918	0.00878650321975341	0.0106974115012885	0.0101806229441495	0.0113945183499953	0.0105063435820243	0.0104546184736218	0.0103097766859512	0.0111976213009924	0.0109530209762255	0.0109785308219465	0.0105990582854607	0.0107094421715292	0.0104681053695468	0.0119059562259987	0.0112916241961415	0.0113491229835039	0.0111077991927005	0.011803942483727	0.0112259847011795	0.0112265143912372	0.0116748959382488	0.011913498892897	0.011739343641141	0.0119466523600196	0.0118543015140465	0.0120281441914043	0.0114579184526304	0.0114909838122772	0.0120425622149275	0.0122379741903503	0.012720523771281	0.0130449813036153	0.0128346168638025	0.0141869603472495	0	0	0	0	0	0	0	0	0	0	0.0135719224446866	0.0148144105591389	0.0154720842469375	0.0149376851332085	0.0160224901744877	0.0164335006542511	0.017314270646041	0.0170420434601086	0.01752482007987	0.0165714175836006	0.0194822002671912	0.0165299298219454	0.0180166601969316	0.0200227953893753	0.0200496616925354	0.0195515028781858	0.0230149993455504	0.0218191031417073	0.0235073582921065	0.021295080387953	0.0220585051340686	0.0250184948313184	0.0236969365025731	0.0235216205752882	0.0273095604076178	0.0241483120232805	0.0270826625799503	0.0267000518302917	0.027110373692872	0.0286157373098552	0.0277104542356523	0.0238005270517612	0.0285000725297703	0.0310861438959441	0.031191428639958	0.0326016358546287	0.0327523835216673	0.0310561843049922	0.0381021864785759	0.0366522943101044	0.0390717773900282	0.0390857953904922	0.0426906837824322	0.0378597614480388	0.00963450952803418	0.062205278839247
665.645	0	0	0	0	0	0	0	0	0	0	0	0	0	0	0	0	0	0	0	0	0	0	0	0.00364964485497796	0.00233386201490704	0.00217441970785827	0.00215872954820438	6.58311905656531E-4	0.0040030855071536	0.00338185937555596	0.0012485758833387	-0.00190997724797627	0.00236286395860907	0.00140052355103688	-2.41978727287279E-4	6.31492785819379E-4	7.72319969333704E-4	0.00256513001616421	-0.00125411790645714	0.00391981636630404	5.74418191790552E-4	0.00313514115288631	0.00233408971351624	0.00175309828831976	7.63579141773389E-4	0.00391498370803221	-5.06652248199123E-8	0.00286522695855374	3.92577071868376E-4	0.00166842654508739	0.00225883843549363	-6.73723326498969E-4	0.00131232086070429	-1.74433582762563E-4	2.82634672705675E-4	-7.18392292245308E-4	5.94645611606524E-4	-6.36244995160419E-4	7.8189004588502E-4	0.00118073237226288	6.5620216482124E-4	0.00223507927093614	4.88192517668092E-4	3.83577427465442E-4	0.00226311361856812	0.0013892013093935	0.00141213530435186	0.00304776161765157	0.00237536839048775	0.00155452731388641	0.00177738897359854	0.00219842324562678	0.00122042368956452	0.00335045136672284	0.0034815609803424	0.00272491712819001	0.00187814123156653	0.00173056685464737	0.00148207401843798	0.00244655827061258	0.0017751210970422	6.50057094810496E-4	0.00249970881881936	0.00305750353902866	0.00361609416055859	0.00284668279264753	0.0030472982060635	0.003238990035595	0.00235670555587307	0.00398404409754122	0.00186539182635435	0.0026795886955696	0.00243733283273887	0.00267034397411523	0.00199103896864661	0.00464682499782573	0.0036242089642537	0.00332727077699263	0.00424797734847096	0.00472250676954921	0.00405570635612319	0.00320831357379255	0.0027203590167268	0.00380137519678717	0.00350574001611795	0.00407840932762132	0.00419112988407448	0.00379180378816661	0.0036445211921869	0.00459197879864727	0.0045048657105127	0.00441982445206935	0.00446781915171942	0.00424539697419964	0.00443954549611379	0.00484458285691238	0.00471845154192953	0.00516913375262992	0.00504493375703483	0.00526447939834764	0.00501588895248337	0.00523623117379363	0.00544144741352808	0.00560525675252934	0.00609365898378235	0.00596853021991636	0.0050194559196448	0.00492565278317111	0.00682222006403485	0.00611940429171229	0.00706263311745922	0.00681817839709518	0.00709022712647229	0.00767232333804552	0.0068940578758222	0.00781759021776794	0.00704044288925858	0.00764681838184055	0.00762714687695837	0.00881183246352528	0.00827832139007066	0.00835455022250649	0.00786652985817019	0.00910751935587697	0.00754142022022187	0.00974670606834211	0.00860491051486013	0.00912593928322793	0.00958224990344025	0.00932956950304699	0.00887716367976721	0.00964980838967472	0.00936460094289688	0.00969861373782778	0.0095192631505437	0.00953552293024281	0.00896512006292762	0.0103191514808157	0.00952681940060869	0.0102366265041203	0.0106220833270306	0.0101092369568352	0.0107321579643986	0.0110780742412324	0.0113493751604103	0.0104668482872767	0.0104947045432636	0.00984556442512373	0.0112184336325809	0.0108362119974534	0.0104137322653337	0.00957835023705953	0.0112342812896029	0.00999279067219072	0.0106198232639026	0.0105666811576604	0.0108536587752643	0.0117908196912283	0.0117358216359793	0	0	0	0	0	0	0	0	0	0	0.0126396169889984	0.0133200637817701	0.0128369543158638	0.0133593603774021	0.0137015371580553	0.0141232584272263	0.0155122479696232	0.0154477687208768	0.0156707365908928	0.014102510661209	0.0147701073327532	0.0167744732263733	0.0151799352715383	0.0168988403804591	0.0191245547724414	0.0189587845769244	0.0191888778797605	0.0207350715335827	0.019674380711871	0.020929908613548	0.0202798043907719	0.0185059122768461	0.0216480743304027	0.0221865071111635	0.0243001918768343	0.0237229170412469	0.0223881572325106	0.0255315354721642	0.0249657761596239	0.0254096669377057	0.0279676505281046	0.0229597054717507	0.0260859434461466	0.0243791243744907	0.0261321092088007	0.0242367516597143	0.0273326590771481	0.0312577208964905	0.0241685116279136	0.0253497460582456	0.0276450983168531	0.0261801448759235	0.0332177393734218	0.0315619818601976	0.0172250234713849	0.0375781546520557	0.0336235543443072
670.378	0	0	0	0	0	0	0	0	0	0	0	0	0	0	0	0	0	0	0	0	4.49023089460348E-4	-0.00230233233371801	0.00117342964226414	-0.00214829411203661	0.00245419562018484	0.0038148082581443	-9.4679377729638E-4	1.88260462281276E-4	-0.0012196854531415	-0.00258205988610303	-0.00278925400955358	0.00245246390685035	-9.36232843397106E-4	0.0027413833362395	-1.6255047600243E-4	0.00111621596458669	0.00101280422817754	0.00243613397906758	-0.00193435001651489	2.93016393685537E-4	9.40280836819393E-4	6.46591561867751E-4	-0.00292448184586449	0.00417329501385424	0.00119094265324274	-0.00263289566236762	0.00184521999827003	2.69819132607413E-4	-0.00118822442536304	7.12377787796123E-4	1.97081618398667E-7	8.65206216418604E-4	1.80668567720334E-4	0.0021092821098791	-1.13731441541122E-4	-3.34327289334712E-4	-9.27064186078811E-4	0.00240683928658136	-1.0496891865154E-4	9.83858657584949E-4	-0.00173200067728916	-2.00961428173653E-4	0.00157604252525535	5.80866067854394E-4	-7.6098387874361E-4	-4.66714020553235E-4	0.00151661703491882	0.00248669290208475	9.76327911181284E-4	7.83800361194433E-4	0.00149429501771907	0.00234316361319224	5.33518505070738E-4	0.00164993308957318	-2.36368670506247E-4	0.00251681171407237	0.00121237203242971	0.00386204249998762	0.00120297037187176	5.01144510862446E-4	0.00179027202656336	0.00137501950369949	0.00157959942063745	0.00144331452707557	0.00230382917760652	0.00134223046699553	0.00280021825458848	0.00234671260314881	0.00139175251486362	0.00314182665340357	0.00182607229679966	0.00224363139602872	0.00301469953493975	0.00326393563985436	0.00305093156158266	0.00206965451691092	0.00221833859939305	-0.0062897727940059	0.00302789407503058	0.00353358912630075	0.00280174203368004	0.00317293187324423	0.00318552827630335	0.00253121607696522	0.00355491255865446	0.00378372953226277	0.00311307444477126	0.00365664567607398	0.00389829689180694	0.00355774995663451	0.00406297738367827	0.00417849629599085	0.00337367310887283	0.00327775641715679	0.00372149862439368	0.00377059152939916	0.00380813034982744	0.0039802492699619	0.0040557425004745	0.00451971844537211	0.00461645058249166	0.00495257974100746	0.0049406231081381	0.00540458073393202	0.00470495994962575	0.00577602343108335	0.00532750933680587	0.00563723077438355	0.00564231977066801	0.00459969503153926	0.00565989630238653	0.00559356598779419	0.00561310866874677	0.00645646980475508	0.00560158448644436	0.0058648127953246	0.00613782967758871	0.006531538568437	0.00706227506181245	0.0070057087765732	0.00679043477621737	0.00748066012447964	0.00797670030474618	0.00669956511025791	0.00773865512403897	0.00820517755004734	0.00824890320704631	0.00851815953989446	0.00840690472249317	0.00803847215908574	0.008494716918124	0.00859600362713665	0.00710686091878381	0.0089349970964727	0.00926510615149893	0.00907355987567449	0.00916878239018472	0.0081651115062004	0.00914955252114675	0.00959654534873821	0.00907636405409463	0.00920978856950386	0.0102483162273053	0.00887170677319075	0.00887335910257322	0.0100286090638429	0.0100213051755659	0.00974447652005922	0.0094970464637915	0.00952854399894615	0.00947965428988403	0.00875118272891746	0.00910041592985106	0.0095221447475624	0.00970421407494248	0.0103404740460467	0.0109873567869058	0.0111123762410233	0	0	0	0	0	0	0	0	0	0	0.0116179567734035	0.0123584978622895	0.012305636967088	0.0120514980398927	0.0119863747989392	0.0126245334078048	0.0126439616896158	0.0143425692022179	0.0128256043889495	0.0135381165585922	0.0148250310064503	0.0134870189384378	0.0144513403740055	0.0140366541974661	0.0145693381267209	0.0161951062433808	0.0171099755110188	0.0175504119479601	0.0168239698252352	0.0203603576488071	0.0174896559857874	0.0191136064565001	0.017091974742218	0.0197354277142247	0.018442673932662	0.0194909146016762	0.0198373491943659	0.021915379154524	0.0212998049873384	0.0225723137081244	0.0213487176786558	0.0237107459442464	0.0238948556662768	0.0214132382124003	0.0217270268062226	0.0203537173108627	0.028566615824627	0.0257133030629523	0.0220734654117606	0.0226039503019407	0.017426784656222	0.0183390732224832	0.0192075206386992	0.0285349679316038	0.0301004217421364	0.0184992663153688	-0.00988583501633258	0.0581268576141901
675.113	0	0	0	0	0	0	0	0	0	0	0	0	0	0	0	0	0	0	0.00418006056137509	0.00482421866376449	5.65998612432281E-4	0.00475929421738249	0.00139730217087519	0.00144536173289158	0.00277323472241345	7.69687859398153E-4	5.73461062778342E-4	0.0015278762743706	0.00691779504269733	0.00232702233857034	0.00272553395958726	-0.00220881465050466	0.00266372167727184	0.00201210436414394	0.00443207845780542	-0.00176907765669703	2.35828827531472E-4	0.00230427753479157	0.00337981999696261	0.00251277201828974	0.00255842164061963	0.0029738927148597	-7.92085513914333E-4	0.00271275402456818	8.49248670252846E-4	0.00153839967253738	0.00131031101349101	0.00149264572055308	0.00193197435278969	0.00411592702041488	0.00236397049791683	0.00336630961064645	0.00340099730634301	0.00230524626989429	0.00345563090633291	0.00292395678431649	0.00297076768736396	0.00377813719777077	0.00228265788491931	0.00120189044145983	0.00246810148719465	0.00146717285488062	0.00233605697492662	0.0039568768790233	0.00225636346396312	6.1214567172542E-4	0.00241172824082599	0.00127775173377947	0.00259774509978839	0.00237332668949451	0.00176649165179464	0.0032515887668059	0.00144969036028516	0.0028833212486059	0.00195196471899539	0.00218826887283756	0.00210311741603144	0.00168678553906829	0.00242721750296746	8.30204721596784E-4	0.00198379468343465	0.00218506987474274	0.00369668459125753	0.00334359350935613	0.00226057447413862	0.00270909836532192	0.00307158538648038	0.00296767505818676	0.00204828097204698	0.00334206464934599	0.00298729329222924	0.00267340772115205	0.00253524690359759	0.0029801590466698	0.00223231247535162	0.00319590952401374	0.00369030180467636	0.00168134688549945	0.00293812818152089	0.0033125996425817	0.0040393575169203	0.00397585519326301	0.00303270611593832	0.00383213542293774	0.00360614417491999	0.00368866102389523	0.00426748951705748	0.00300691034690487	0.00363150136296079	0.00359038271708771	0.0039180763413328	0.00330766672144635	0.00411644820507505	0.00397183242536283	0.00413804352513087	0.00375350974931708	0.00367291979866087	0.00384016637663455	0.00415908185748178	0.00418077676010845	0.00445411359186066	0.00426468562751485	0.00519469948938999	0.00433522078907702	0.00562403281136299	0.00480756801693158	0.00487863386257524	0.00511622574950024	0.00598589346340852	0.00577606545073039	0.00540795265026207	0.00610373759364195	0.00590081593333605	0.00580051633901247	0.00739806599355738	0.00632999758098002	0.00587646836730362	0.00714087278104599	0.00650912965525454	0.00764358512129504	0.00772487388624567	0.00715089316181923	0.00798766480342749	0.00819850054300134	0.00763375002107551	0.00688540077316171	0.00729272430229649	0.00815621988823361	0.0086228389453873	0.00813469875259356	0.00857269597157834	0.00821934653842574	0.00796687249482707	0.00867442694944271	0.00909398857901744	0.00913511359479377	0.00801781871122059	0.00894050576360682	0.00842359266624545	0.00898718913478955	0.00858844364525611	0.00858991855824267	0.00843358703863913	0.00751905558538095	0.00837713605473235	0.0097571683289617	0.00944669163740484	0.00850504439181755	0.00939479762082845	0.00906820724779431	0.0099623220681564	0.00881269604106733	0.00899607957424567	0.00947783646554021	0.010000906201812	0.0107011389998718	0.0102280026400791	0	0	0	0	0	0	0	0	0	0	0.0111336203712691	0.0102257166801438	0.0114552491636546	0.0119616342152447	0.0134079023253469	0.0121753262091151	0.0125793048416571	0.0141321672317972	0.0121463101306394	0.0122546263963793	0.0130155768692823	0.0149308767291977	0.0126804652093449	0.0142970833263851	0.0141997362096515	0.0139835725425475	0.0150647422022108	0.0156778547643968	0.0188775102624445	0.0175509442606925	0.0169140789823654	0.0181991501812915	0.0195312953412808	0.0195078068738654	0.0190461109544865	0.019706717673246	0.021686043957338	0.0196963992133052	0.0206238344408365	0.0192819660859407	0.0224001239307314	0.0208251068947183	0.0205836894963438	0.022074735325709	0.0258503398256841	0.0292723199655204	0.0221486066813461	0.0232861969693532	0.026574279280936	0.0263423817860525	0.0226147163038346	0.0260415390401367	0.0276306892246717	0.0242332468884053	0.0277107448271735	0.0272946640837018	0.0265885857901641	0.0114841161744385	0.0576115369936715
679.85	0	0	0	0	0	0	0	0	0	0	0	0	0	0	0	0	0.00287254865836504	-0.00343455360957613	-1.18455879702164E-4	-9.28318047727794E-4	0.00125652991872956	5.58754496215904E-4	0.00119493047252308	1.0288480285074E-4	-8.02969208735494E-4	-2.91722257805375E-4	-0.00173978574147576	-0.00386321160649938	-0.00134252181474075	-0.00254129524257437	9.14199806984981E-5	-6.26228949873178E-4	3.46805459972285E-4	-0.00296680469560403	-0.00224114668489547	-6.51265125857856E-4	-0.00278302806647514	-0.00101095999296682	-0.00364577973066734	-4.48534010833161E-4	-2.95476846424612E-4	-7.33173034654089E-4	-0.00131000743607006	-0.00180437158791615	-0.00293070355711919	9.19216346911964E-4	-1.39204027551745E-4	9.59952025904255E-4	-0.00168438277343712	-7.26908428160914E-4	-2.01137367493221E-7	-1.26393796524762E-4	-5.53225344731031E-4	0.00113516383356427	0.00215426707849274	-4.53636548492689E-4	-7.78762917122181E-4	9.82227564064976E-4	-0.00134267780005256	-0.0013740067190962	-2.60511425491101E-4	0.00137967832954522	0.00120634572366599	-0.00168055817747806	8.25242180101933E-4	-1.43781525353958E-4	-0.00150099825933838	0.00124611874260348	4.07383792084257E-4	0.00155468013251925	9.15326486365485E-4	7.68943872827514E-4	-3.35711116811918E-4	-8.61129396838141E-4	0.00233728512825911	0.00126486573012544	0.00139177752343197	6.0716430967931E-4	6.32886665060312E-4	0.00178867415087761	0.0011823493245403	0.00122920383171374	2.06815287197908E-4	0.00180828646290818	0.00133945934821109	0.00223008566580031	9.63347852089139E-4	0.0020920873676722	0.0020121779836189	5.1994380157089E-4	0.00189295673612674	0.00140713326561104	0.00118683146419711	0.0019562910174705	0.00207597762371401	0.0016537569496971	7.45698017622647E-4	0.00152995924526412	0.00199653594891509	0.00335003104098504	0.00258730320668859	0.00306427164948436	0.00194185754367187	0.00221656249836072	0.00282001436770489	0.00288722506800862	0.00323155807653913	0.0024172389687324	0.00304361534638288	0.00253383226767378	0.00258034786624216	0.00242546116382749	0.00256737532319339	0.00311617437817153	0.00366089738793474	0.00335669174280573	0.0037144778161171	0.00329646413469122	0.00322105351989095	0.00367517844228572	0.00340897907074098	0.0030967041614423	0.00388158276398824	0.00328534742156253	0.00416687093017891	0.00329733491605866	0.00439069472074758	0.00471991382547987	0.00466237544831893	0.00546621894350761	0.0043428396726418	0.0050835385421087	0.00479414351326734	0.0061593754242641	0.00575526907882085	0.0048303813500069	0.0049025012223244	0.0052877861573778	0.00556826859103731	0.00616894887635739	0.00543309635343014	0.00570179427911086	0.0064584041038667	0.00592638258615189	0.00616299236446611	0.0070086498270965	0.00681880305466602	0.00609183503164531	0.00598579786990395	0.00797406362491158	0.00629493165890569	0.00662396078225843	0.00638515255550258	0.00701852245243748	0.00701610123555889	0.0068598006814737	0.00734633008720125	0.0070621871151376	0.00726961272975907	0.00747652525918303	0.00669362952777984	0.0067873542655064	0.00781935678353806	0.00813306197888283	0.00771267045937462	0.00851302430099286	0.00758888077119453	0.00756439887607346	0.00747053232501108	0.00855879272539703	0.0076937836011672	0.0083416062328748	0.00742628423384658	0.00808259196004017	0.00925487210156209	0.00849939736090608	0	0	0	0	0	0	0	0	0	0	0.00887353210276002	0.00913555867722439	0.0103411338066589	0.0100799045860105	0.0101440072539621	0.0102798435210525	0.00985433826377498	0.0100024015869821	0.0110446966698228	0.0122843690878253	0.0102446826196538	0.00983389376748275	0.0106760324063754	0.0131379087936169	0.0117738315801313	0.0123851665875388	0.0125123113451678	0.0131153349169414	0.0143600120361012	0.0145723069440794	0.0140674643744794	0.0136069649173125	0.0160014991849249	0.015096572619041	0.0170811017517049	0.0173915612356677	0.0166663823956328	0.0158753730899238	0.0150852578927302	0.0163258936741958	0.0171870710692194	0.0144877445094938	0.0149016171211194	0.0200352900113372	0.0164169381014729	0.0196076173030353	0.0201483626773628	0.018898501173613	0.0186461673942736	0.0207133008587301	0.0225285918033468	0.0204307109434286	0.0193950743605323	0.0284609066330646	0.0137781847181959	0.0258208698483131	-0.00358228034417951	0.0343257002486318	-0.0380506397460882	-0.0179982386960495
684.588	0	0	0	0	0	0	0	0	0	0	0	0	0	-0.00383441090466951	-0.00112786514190369	-0.00381715533514117	-0.00557809523821879	-3.60208716876255E-4	4.76562955547886E-4	9.42387234846591E-4	-9.26626303053728E-4	-0.00374395560110318	-0.00198370259869266	7.414521588083E-4	-0.00132041394496438	-0.00256499366581182	-0.00146948596495207	0.00244859593695203	-0.00291397932172661	0.00104903197751073	6.51302839400852E-4	0.0016305739944855	-0.00184919760244615	-0.00421143143520417	0.00286007147362861	-0.00222673048881481	-0.00282094833208452	0.00149640425157527	-3.8495382534058E-4	0.00113625805723043	-0.0011243849613142	-0.00178407191075905	-0.00272957864311204	8.78357979263137E-4	-0.0023924185905257	3.58310538371232E-4	0.00190907236119188	-0.0027125026051936	-0.00177544017214357	-0.00167409601832042	-0.00517309477148508	0.00153336890099941	-0.00174294336453562	-0.0014540233224564	-8.85794017708647E-4	-5.18384403247166E-4	6.77269419204707E-4	6.63575708074603E-4	-1.09309381514176E-4	7.4719259733392E-8	-0.00142280795791823	0.00139971397270405	0.0021906663159377	0.00135138422477113	0	7.24177092375548E-4	2.85173108426671E-4	0.00159039393999964	-6.43407750387688E-4	-7.24409925190666E-7	0.00132521143449645	0.00121232285813165	0.00203739398744609	-0.00108109413589418	0.00122582298627261	4.40955072689027E-4	0.00176402833266366	6.91643887532257E-4	0.00154526211985823	2.96094826006216E-4	5.08412144345461E-4	0.00106618476897792	0.00139052951444887	3.3961653744926E-4	9.26731247255573E-4	6.45828577822574E-4	-3.14638020411931E-4	0.00169012357260304	0.0013496301173301	6.44130897477577E-4	0.00111655867694331	0.00167776039982525	0.00194185605422522	0.00144687630498419	0.00123615615709839	7.73419353100794E-4	0.00163860897623861	0.00169891713331622	0.0019996458058182	0.00226373155326152	0.00181722811253579	0.00244486596865717	0.00223785039452799	0.00121101408349484	0.00278179753361676	0.00247039241761891	0.00333158374365539	0.00203056789390434	0.00259516224575049	0.00241160256955145	0.00203920861496243	0.00195436250966178	0.00347546251722703	0.00354458544572069	0.00342262726664959	0.00302061441577207	0.00288256404026566	0.00341533439289393	0.00320659141307074	0.00372367972675884	0.00363752268226819	0.00343567765377466	0.00405515080607206	0.00337759818196396	0.00376496440348838	0.00341331009664082	0.0037410236977419	0.00356714921494677	0.00459669522753668	0.00355275507566265	0.00450533486643015	0.00413001519607529	0.00500000809080178	0.0046574219376207	0.00367496859885906	0.00385919240472853	0.00427816757120791	0.00411694747903043	0.00528634005630912	0.0048518582512021	0.00571974282890621	0.00545197472733047	0.00535176284680911	0.0050825513516859	0.00561500335199707	0.00641168377760052	0.00531277540835153	0.00607974353889935	0.00511888802563891	0.00666117670467052	0.00565363130675077	0.00535752239174761	0.00664713826726392	0.00656421821248494	0.00608281178569887	0.00645293101217518	0.00583652840535257	0.00709460846523022	0.00753409765697461	0.00655653215670398	0.00625922911851672	0.00611712740766568	0.00550976564934346	0.00653499948052995	0.00777763976500214	0.0062947621971348	0.0064032015536765	0.00729712949778734	0.00865890015566781	0.00712574590000911	0.00621517353307394	0.00693324898090423	0.0072766137957037	0.00838478440685544	0	0	0	0	0	0	0	0	0	0	0.00756420540704812	0.00880731621346473	0.0079575999212791	0.00870354760688969	0.00835008065226444	0.00920014603282359	0.00908448298219826	0.0101270612553864	0.00996172987428599	0.00928384258125629	0.00987232283025775	0.00917401276353043	0.00964807382863048	0.0114432412710027	0.009831543978899	0.0103291126412524	0.0115411946381872	0.0117395039021834	0.0107145305556408	0.0128554692726589	0.0132654311842023	0.0150886850723736	0.0110708116790194	0.0157850649744342	0.0136864993631543	0.0118733617225657	0.0152073746503019	0.0167339438091832	0.0160059018111436	0.0123337203783485	0.0154226390943994	0.0140445693333494	0.0155906433760271	0.0149964085481426	0.0146939340939013	0.0133619758026927	0.0159730563968228	0.0163540708726048	0.0159718737717181	0.0195326822992436	0.0244362660372452	0.0169872837725907	0.00688667846416191	0.0174303694781437	0.0170883019570129	0.0178959970000762	0.0229718311816697	0.0132723206800907	0.0216594548275889	0.0191351256669581	0.0195783015603913	-0.00459216152728431
689.328	0	0	0	0	0	0	0	0	0	0	0	-5.42974980158624E-4	-0.00105928415937724	0.001940360033403	-0.00469797841667759	0.00436779959230766	0.00798701296777509	0.00279686349451661	0.00180894824347663	-1.19445328052373E-4	-0.00211339497496023	2.29344508707038E-4	-0.00178813463309368	-0.00150125804887299	3.08324295134119E-4	-2.00036191142509E-4	-0.00148849671137875	8.9381206855018E-4	-9.85908911216108E-4	0.00135270715728316	-0.00273589082018646	-9.2380133499859E-5	-0.00214152868659571	0.00139313140728178	1.70329362834645E-4	0.00116887927039813	-8.16570721427803E-4	-3.99505500078729E-4	-0.00202779506310416	0.00122802302612192	-7.60244289799975E-5	-6.77859088864272E-4	-1.49281272650827E-4	6.67788840719172E-4	0.00183638625231405	0.00123451562548722	0.00114628344151072	0.00317099158307827	4.84199578945284E-4	7.4615225024561E-4	0.00119375362108099	9.05775522547551E-4	0.00126102390287017	0.00282360637158861	2.98287126403373E-4	2.34415184647198E-4	-0.00177053396676734	0.00100864994183613	-6.38027589097747E-7	0.00135715464151663	0.00218921792051317	2.10266212228768E-4	-0.00129043936979076	-0.00167484249781482	3.98681173042523E-4	0.00132172866169654	0.00115588354796887	-4.73721937420257E-4	0.00199953640304197	1.35491885969585E-4	0.0016112466937621	2.19669753299737E-4	0.00270954679095405	0.00185634140588609	3.72985933187454E-4	0.0016231649970212	-9.93853432784495E-4	0.00190693656676377	0.00122197417508514	8.99623603095825E-4	4.78329632211623E-4	0.00162140405030875	0.00172620637897745	0.00134138580155315	6.37480842934003E-4	0.00245370213556694	0.00130800314926422	0.00258396565718225	0.00237025924251015	0.00183919306394085	2.90474756177718E-4	0.00121834244906473	0.00235559824410943	0.0026876773240605	0.00319765806101777	0.00143701469482353	0.00212016448716387	0.00254460732163422	9.7628087423329E-4	0.00250816986932234	0.00158482778089723	0.00167373841054101	0.00144844415972084	0.0026531359682655	0.00193058620352577	0.00211768187329586	0.00182900486706654	0.00317513275324796	0.00213287888838803	0.00263380687497925	0.00269694397651655	0.00312575262549336	0.00231814818918335	0.00287531892954003	0.00307059851816384	0.00231949977147201	0.0030660784455783	0.00277110313194766	0.00369797915533001	0.00341422869566896	0.00348574196532099	0.00348061460847909	0.00379923656112717	0.00363472898160428	0.00345348180893668	0.00323914403346027	0.00420772758547922	0.00418734910739713	0.0043320520763909	0.00383486177835592	0.00405987981439125	0.00397737048975107	0.00377920559009285	0.0041567781652621	0.00429479981125152	0.00490154142788735	0.00445114548190986	0.00395454476347527	0.00421257241848438	0.00479279060905357	0.00484992487868296	0.00564738182640326	0.00468844895624191	0.00543879822023918	0.00623717605363591	0.00469700753758813	0.00495409469536659	0.00471600553752416	0.00612272344144768	0.00523894521633259	0.00607327260422151	0.00614883476138111	0.00633343328637997	0.0052495968090568	0.00653994832426919	0.00658181250250267	0.00580479692253673	0.00613989867130381	0.00683439648765074	0.00629120624357282	0.00542124927929553	0.00591331115503224	0.00584544684666392	0.00551410915727574	0.00630000273124966	0.00558304475899386	0.00634921860363408	0.00579642090988072	0.00710113584250297	0.0064346889956449	0.00680574866664576	0.00686861956414763	0.00706052865298797	0	0	0	0	0	0	0	0	0	0	0.0072349520698033	0.00766425742054895	0.00778758718546911	0.00837315345793685	0.00830420262206725	0.00851056443167537	0.0081368319933793	0.00904585876805005	0.00834818517907173	0.00935245430305155	0.00943416447626379	0.0101162594927818	0.0101694578637741	0.0109080132697804	0.0114726139515352	0.0107445897450759	0.00969317791631328	0.0117932690163383	0.0111720216290037	0.0107490953706372	0.0126930557391169	0.0127487711970678	0.0127863091533026	0.0138933064792323	0.0144206674665532	0.01343874278066	0.0121809385843634	0.0141280772973487	0.014525353193869	0.0152598255274837	0.0170649148204133	0.0140828878382153	0.0162025145210237	0.0127551565450684	0.0150370482625643	0.0129752144270627	0.0159431555461	0.018879999355231	0.01394784638163	0.01676064634855	0.0197910633838807	0.0108000400710452	0.0168860755120358	0.019095189385899	0.0195301109180871	0.0296575831196042	0.0113659405160133	0.00723194816335445	0.0339936454413298	0.0223922049283966	0.00528701883066814	0.0405597337630137	-0.012731446887682
694.069	0	0	0	0	0	0	0	0	-0.00218376319281121	-5.53291686692225E-4	0.00431481930723555	0.00275059087774658	-0.00147293683643733	-0.00143934161416438	0.00218417105713239	3.73487452863441E-4	-0.00174168114454518	0.00652458782194163	-0.00146327365246123	-0.00229459946191663	0.00427978417061094	0.00116426728515005	0.00214912226480655	-0.00227857359001355	-5.19786615209003E-4	-0.00111315352008153	-0.002410675440681	0.00170599492731403	9.96702891470509E-4	0.00185896981172159	-2.85894097175606E-4	-0.0017641246519051	4.51859900570463E-4	0.00158571992697266	0.00129417389319798	9.30139498312228E-4	-0.00223204643856014	0.00323060141479884	-0.00213120388821788	-0.00132072400916441	8.4497279147164E-4	0.00251592715481349	-0.00287584682837466	0.0013499467896395	-0.00111577112873452	0.00227885032560203	0.00333517887884563	0.00142701487867736	2.10132613594083E-4	0.00178587071161757	-0.00376051021785185	0.00183522014836944	3.82808565879543E-4	7.46741642549323E-4	-9.68162441135389E-4	7.67327264004831E-4	-8.09899269385074E-4	-3.40178316708353E-4	0.00133989068042817	-3.29752290242007E-4	-2.15951006797384E-4	-0.00106275049792942	0.00235125395100127	0.00205423963267318	-3.5309783095217E-4	-1.98501944148605E-4	-0.00126766724131582	0.00110326988553996	9.41273985855708E-4	0.00110805576588693	6.79592260308618E-4	-5.32572447392201E-4	5.65867073724062E-4	-7.68148737627326E-4	0.00138125220547164	0.00143735863761062	-1.60556271716629E-4	-2.75627625137723E-4	0.00112073003512427	9.10594582057969E-4	0.00234578699651613	0.00247862387678775	3.52464682303098E-5	0.00167006712216381	1.35637573953915E-4	0.00192064046681129	1.29135495754828E-4	-9.46200501159967E-5	0.0013842212318916	0.00183173162841149	8.21912643393063E-4	6.02328145356386E-4	0.0020199880803739	0.00186877995873039	7.55247968369099E-4	0.00174616403115962	0.00266414510475876	0.00222315516780393	0.0015814100859565	0.00198320085887285	8.72921266070289E-4	0.00183002337235291	0.00138145689053315	0.00138280938671881	0.00199315733512637	0.00173426636409426	0.00187098269695433	0.00220920920251241	0.00169070970752414	0.00253766913264798	0.00209139995745018	0.0027413008894165	0.0022297150148739	0.00184362029522313	0.00264807505855857	0.00209791140120161	0.0028615795182544	0.00320752892186352	0.00260009081218542	0.00232949974657215	0.00283075360760832	0.00269213648205796	0.00345221065622162	0.0028499487760316	0.00276509909206191	0.00270299150291582	0.00296674322485123	0.00303352271977223	0.00361736691980222	0.00377321721706281	0.00278947061939073	0.00455010260519464	0.00504477236367572	0.00363798211957593	0.00448688188485704	0.00456705162554755	0.00342314733249826	0.00436077795270553	0.00410145273087826	0.00453829293150645	0.0040507979683877	0.00496192643243134	0.00625335710276224	0.00426427363557198	0.00631329396475763	0.00399755601903498	0.00515904533357063	0.0046278692328634	0.00500574367366083	0.00558961485343604	0.00500662758502128	0.00604141074419515	0.00469522355603615	0.00542614817318828	0.00493705341369953	0.00434504726759252	0.00563372935565001	0.00560882287684297	0.00674780357873156	0.00586550248102068	0.00501124843224235	0.00565661848713463	0.00585601791779707	0.00568373107279669	0.00595176190466925	0.00591291934892389	0.00610656427360257	0.00628650123549563	0.00567480896186147	0.00657357007320624	0.00633509476113052	0.00697275293735379	0	0	0	0	0	0	0	0	0	0	0.00633393319746499	0.00703404287758614	0.00652603745287336	0.00734402496303048	0.00804149892342379	0.00798476047594362	0.00726817567106844	0.00779362620427204	0.0080627473184082	0.00825993146035009	0.0091061572081099	0.0091541314808969	0.0102114823796388	0.00805244426368032	0.00959382018765422	0.010316416160461	0.00846648461142278	0.0106606042255353	0.0106264595121297	0.010474394599734	0.0109169608928724	0.0119145386059602	0.00952355856273894	0.0125766145869225	0.013117200845274	0.0135974465801117	0.0123055696121979	0.0119728483543452	0.0112252071265268	0.0139579061194695	0.0125389610713214	0.014641420671739	0.0126950334893653	0.0141924277022042	0.0130625890260283	0.0119706628240156	0.012630082472659	0.0134338438041136	0.0158929454742697	0.0123142259560481	0.011349382441698	0.0213311133096436	0.0161722837789273	0.0106811815647515	0.0118946535048873	0.0174709302043074	0.00719955155375994	5.47418791082691E-4	0.0127391921098345	0.0223242644607524	0.0286963944020995	0.00594706683600783	-0.0177494669661569	0.00235834366445097
698.812	0	0	0	0	0	0	-0.00256908505908525	5.57950165599823E-4	0.00289329374561783	0.00209006206633223	0.00126509957585028	-0.00263893172168865	0.00338153818354485	-0.00423382432214733	-6.48075640782667E-4	0.00395115074616202	-5.02016984482166E-4	0.00472238329979184	2.46689232599661E-4	7.31221319803854E-4	6.00891248238314E-4	0.00141003723767564	-3.43538978963211E-4	0.00208136642991361	0.00157557848489097	6.13022709530473E-4	-0.0022312344915327	-6.07313470636194E-4	-0.00191013976963021	-6.9138036199763E-4	6.75054096174828E-4	0.0012192816253154	0.00273532259704364	0.00338194252479572	8.71056400578888E-4	-8.65098442543449E-5	7.51155342318122E-4	-5.12051582204354E-7	3.9845816929863E-4	0.0020392639455235	0.00186288991315773	6.93275449664257E-4	0.00221536368089243	9.09613576788316E-4	0.00142629092498724	0.00170685415447752	-0.0013908902274229	0.00129594252303217	-2.12085084740426E-4	-0.00138678571875774	0.00169485155412547	4.62603565639439E-4	0.00122413594254807	0.00307400039225234	0.00360623299456657	9.548888843329E-4	5.84163761603467E-4	-2.29009845658158E-4	0.00118224521207793	-8.31928063053347E-4	4.36273412412258E-4	8.57954579298231E-4	3.164994228474E-4	-1.55800577406781E-4	8.14954532876877E-4	0.00245042339313054	0.00216558130035655	0.00164692119027266	1.41661161516668E-4	0.00158448068978041	-3.19794749281926E-4	0.00219622862798377	0.00145066678631244	5.60692642897477E-4	0.00105670459836327	5.80490403960217E-4	0.00133955350107928	6.3617160005482E-4	7.02515818148152E-4	0.00114893783193823	7.51998519698771E-4	0.00268665309566327	0.0029163144917959	0.00168662151096097	0.00123378731080904	-1.67126174180193E-4	0.00110847343732708	5.41026518264653E-4	3.72623336015572E-4	2.72832249745925E-4	0.00145203522893772	9.8445614667465E-4	0.00209592990958824	8.59967631238854E-4	0.00174285486677615	0.00165569099795432	8.34939884090248E-4	0.00158055051895659	0.0015964679412328	0.00195289081089688	7.62263233214081E-4	0.00157362769400695	0.00158754598282231	0.0016184205059451	0.00189396889431139	0.00175111689095333	0.00248607430337186	0.00166744601236884	0.00248479739361746	0.0020429649850149	0.00204692072890054	0.00218221082259417	0.00180606474963303	0.00219361517042733	0.00241011685909437	0.00263375433068509	0.00244293868218018	0.00204965272406783	0.00231947757584599	0.00265487815326778	0.00266951305961795	0.00296818179333376	0.00258334558595224	0.00289483086209838	0.00326561301152929	0.0032338935289487	0.00269066203641779	0.00319338158347549	0.00347562517237124	0.00286854416952931	0.00331064063217959	0.00372592207861811	0.0038410976810151	0.0032833217095774	0.00338224021337078	0.00337900591848128	0.00363486128840549	0.00307624921138877	0.00412011466106758	0.00453991359908504	0.00356614484967404	0.00441847259935681	0.00432672524967211	0.00505654013651593	0.00443608059352598	0.00513421796741798	0.0037728046486311	0.00496729335906624	0.00554457332575679	0.00364168600534739	0.00409061763648212	0.00490274593971086	0.00565169370444579	0.00500076883226879	0.0041232770053049	0.00587121830144021	0.00533214866269938	0.00590291147842923	0.00479229005882422	0.0054140306333086	0.00489199284183638	0.00539920193380056	0.00498143759388416	0.00491537415389113	0.00607019803902835	0.00517757266533688	0.00612456491164345	0.00539968241976425	0.00578942523001857	0.0068767848769599	0.00623547939379966	0	0	0	0	0	0	0	0	0	0	0.0060112328998872	0.00573521917928357	0.00653964882963958	0.00723361537065864	0.00748524870259785	0.00650886959170127	0.00758514568879297	0.008338144653661	0.00705210554145133	0.00819325849473612	0.00817317187876733	0.0082950967038365	0.00798538142827756	0.00876542634214839	0.0101531118536091	0.00770569649836223	0.00922998446454779	0.0095078016182032	0.0105644582515203	0.00869049276730371	0.00871195696425321	0.0095663127552484	0.0102189365446801	0.0105955924490235	0.0126547980079147	0.0109851654465701	0.0108355562521961	0.0114048302149507	0.011573423713404	0.0130214988216519	0.0114936193960387	0.0111914869847106	0.0136140122960932	0.012884970111508	0.0155515269203266	0.0105340395318994	0.0142476679622743	0.0135999623621797	0.0137440374524871	0.0137828083601715	0.0148965667223341	0.0119306215799015	0.0164146226363721	0.00500596132480463	0.012444314099906	0.0123840801551165	0.0180436882866844	0.0179343457686622	0.0165955105812058	0.0176789626138357	-0.00115859328021395	9.24791466566037E-4	-0.0114072695336122	0.0129530574858397	-7.95898268487458E-5
703.556	0	0	0	0	-0.00341340330298775	6.02289096634284E-4	-0.00144786998466028	-8.43751062631864E-4	-1.39506594154073E-4	-0.00296295206210803	9.97388867628603E-4	-0.0015470385437218	0.00466160462376388	2.66139219975008E-4	0.00131639660412705	0.00671846679637612	0.00114567017205819	-0.00314930794032692	-0.00462404509959314	-8.64270591337292E-4	-0.00170487466640776	0.00416662968086823	-0.00324146209412571	-0.00277905768671199	-1.32756950989889E-6	-0.00310554270687343	-0.00452308439790789	-7.18538230099397E-4	-0.00153185953759477	-0.00320409596063	-1.96678832662292E-4	-9.53893765134905E-5	-0.00166377484203669	9.93353586217665E-4	-0.0015013322911982	-0.00199193043114206	-0.0037217573418596	-8.37116267159646E-5	4.03613399744149E-4	-0.00111315250155022	-0.00141397916959829	7.85511297528395E-5	3.10894676806369E-4	5.37603237218153E-4	1.0258868078053E-6	-0.00135404310880662	-0.00252214409687151	-0.00109518583467473	2.14961131705645E-4	1.40359309252666E-4	-7.55962350861905E-4	-0.00207947746475613	-0.00182944324296616	-0.00114522306339748	-0.00105433854289408	-4.82252275035776E-4	0.0011842752615367	-8.7123330220261E-4	0.00194063990743111	9.55958489260613E-4	-0.00160539708996726	-7.08813191156294E-4	-0.00449128003539852	-7.8880969254468E-4	-0.00185942236618231	-0.00132284713180388	4.96652641638889E-5	-0.00181583062284593	7.21506698606996E-4	-4.93823716700714E-5	6.49196551488733E-4	2.86955882903362E-7	-0.00115871208369104	8.73992789384639E-4	-5.98543995463115E-4	4.24006632017482E-5	-4.53069689784173E-4	0.00201577439352719	-1.58027328976041E-4	-6.59737318857243E-4	6.86129216359819E-4	4.12152799608171E-4	1.46063922026022E-4	1.43299697832788E-4	5.56079104157148E-4	5.7618479592572E-4	-4.29357464857838E-4	9.03287196862652E-4	4.09128799752452E-4	0.00101398768438561	9.13297658152915E-5	0.0011447067037294	0.00126257069387849	1.40535487347581E-4	7.72949053714454E-4	0.00159702996632766	0.00174642224619921	0.00113666252864185	6.3194465227222E-4	0.00222672904673279	5.79609867288698E-4	0.00145602438664044	0.0018049314332626	0.00135319423291507	0.00163981459139936	0.00155569604417074	0.0019723362752324	0.00128441473092584	0.00176389738723113	0.00207077747681377	0.00133982030083718	0.00198728289399268	0.00163547222078076	0.0019536215732548	0.0024431778823954	0.00181307586908454	0.00215323509030059	0.00207763774986023	0.00223267894580333	0.00203863101046492	0.00258249391015857	0.00189334013079836	0.00237846316792904	0.00230720208594168	0.00176290003726039	0.00223774204522658	0.00202703434982622	0.00180750503789367	0.00141394578446705	0.00301816900250712	0.00315965383298896	0.00300419510786344	0.0024127017425207	0.00339068122156966	0.0031426010557169	0.00320408668248102	0.00225557367815604	0.00354663377014246	0.00330479127883492	0.00351546752026047	0.00285969656499178	0.00263649408636859	0.00371513318213029	0.0025642883766551	0.00355003560337684	0.00399396321752012	0.00434212152137519	0.00299051111580714	0.00420317426508258	0.00447352772569117	0.00352672692139434	0.00363996472852513	0.00425077275371231	0.0037101375945087	0.00374298499698009	0.00348907699012012	0.00414369740629932	0.00458700945176281	0.0038990939049568	0.00392285970064585	0.0048314690779594	0.00418876052454943	0.00433690517623978	0.00439844775960709	0.00482722314752117	0.00479524825744121	0.00483524112776603	0.0051055782339262	0.00507355749356539	0.00562867016119559	0	0	0	0	0	0	0	0	0	0	0.00610187912889813	0.00583078894319048	0.00541267294725136	0.0065147793746595	0.00590713795375232	0.00698597202049135	0.00753665141116815	0.00728186522544585	0.00611047354362602	0.00493393479535498	0.0068558095514804	0.00739062838881726	0.00769643363325752	0.00604075269740288	0.00794016858698287	0.00733395724751108	0.00728592881257321	0.00641596587953308	0.00769024531332509	0.00820581509925389	0.00887740718959145	0.00989910892711522	0.00822165661904936	0.00821769969307657	0.00779735973179714	0.00797949516689126	0.0104305492900438	0.00982003438841957	0.00983940901437383	0.0116786779596005	0.00673814652832813	0.0110653038400591	0.010413965650949	0.012484702536162	0.0121560906668489	0.00999542900796022	0.0111371720943168	0.011436310966167	0.0176628761719073	0.00950242284037312	0.0139697651003492	0.00956003725489245	0.0118535242831687	0.0158425810658409	0.0125284063458468	0.0148000631494338	0.0125528079751019	0.00558417148428006	0.0132592236511242	0.00223317595882691	0.00618610803208982	0.0228211182334344	0.00992567880434561	-0.00608669679214323	-5.941208095041E-5	0.0022970281045328
708.302	0	-0.0112522639332595	-0.00323787205513477	0.00384437702607689	-0.00198816745495014	-0.00770898824047619	-5.91126883093295E-4	-0.00618356371638107	-0.00413188224522159	-0.00345646268156748	-0.00101672926646222	0.0010059568184783	-0.00363902656713428	6.8519148029608E-4	-0.00174392146842391	-0.0027641514524585	-0.00454508130180814	-0.00565553977052724	-8.92492846587894E-4	5.04665107233612E-4	4.95996110018842E-4	-0.00109349785089585	-0.0018887775902591	-0.00555370116150587	0.00195591172337306	-0.00285201949307573	3.14434688768494E-4	-0.00272539028557274	0.00208013254627715	-0.00418859338056643	-0.00129688471715109	-0.0029111380813797	-0.00603529634374083	-0.00147254815708345	4.5027796268045E-4	-7.06351626006401E-4	-0.00345209784264553	0.00168525369315615	-0.00173103673993027	1.62170746582131E-4	-0.0017655630187757	-0.0044584561980631	-7.85534453815725E-5	3.91960450236653E-4	-0.00217285765402781	-9.97757611675068E-4	-0.00181685474583307	-0.00327665406095538	0.00182798334766145	-1.07401349711301E-7	4.90642234019471E-4	3.41898786383033E-4	8.66339621868539E-4	6.48460355650447E-5	-0.00113823809929866	1.85913510887681E-4	-1.80944532007043E-4	5.32948970134494E-4	-0.00151510226553454	-5.73595476288657E-4	-5.7361751257436E-5	-0.00222190396723766	0.00103651074685041	-5.90938455111104E-7	-9.48790567087034E-4	9.80510966793594E-4	-9.67393346930173E-4	-5.50673044686634E-4	-0.00118045781807376	2.39834229078247E-4	-1.41718187138086E-4	0.00101975552756358	-0.00159139553584168	-5.34711699403411E-4	-7.86220994921648E-4	1.07136613838972E-7	-4.20141108147892E-4	-0.00106899793991294	2.82822574525284E-4	-1.58114755916292E-4	3.49958867803755E-4	-2.6581237289656E-4	-0.00200947450675897	4.72836031264028E-4	9.92609932129097E-4	-4.14809532039541E-4	6.76249084158508E-5	-5.25997766363482E-4	3.85397249307425E-4	0.00125407223877057	4.90284475530286E-4	3.59527356125117E-4	0.00134725395709434	0.00177892786922027	0.00197140557387252	0.00190579328689122	5.12691188765493E-4	-4.49004284264906E-4	0.00203810561960633	8.32932517990091E-4	7.63695110581173E-4	0.00122627022008969	0.00126482943191818	0.00152750409787916	8.36701017318516E-4	6.72020072228538E-4	0.00133485577742841	0.00166821077310452	0.00152017580213564	0.00110673953927244	0.00185027206738925	0.00217512086196304	9.64434911318062E-4	0.00151201769591673	0.00155452011936122	0.00195207668371293	0.00164775923390919	0.00167588298147878	0.00161963060364836	0.00202749653191107	0.00203209014426482	9.296953140417E-4	0.002408750592688	0.00122956199696524	0.0019798546943418	0.00135535106399101	0.0024032081964471	0.00269668601580866	0.0019694615478531	0.00203813397122687	0.00166772502850727	0.00271488452142447	0.00142553569201936	0.0024195761535194	0.00245691517719511	0.00285767066762256	0.00326635825468091	0.00293145884785789	0.00258750245914044	0.00399949973346092	0.00318757263217482	0.0033674346762939	0.00287702212072088	0.0031806665630406	0.0027770488006026	0.00424793646287203	0.00395200087056148	0.00205951999536548	0.00347674225330274	0.00341698153760795	0.00337957435474346	0.00330903240651816	0.00332343048286953	0.00310358219856587	0.00417057155632631	0.00332690760018006	0.00369942573616543	0.00481599280910841	0.0033337814365465	0.00437439680154954	0.00356752210615691	0.00393022337878869	0.00461740785245329	0.00412638319086259	0.00439679831597916	0.00367477202470205	0.00522616935906549	0.00456337660685625	0	0	0	0	0	0	0	0	0	0	0.00495524262845725	0.0059204444213167	0.00526122062601543	0.00528092790789746	0.00515877861634374	0.00539214891841039	0.00514575208339314	0.0058540995545253	0.00539505993992988	0.00644647794609794	0.00567766815846139	0.00525198490874531	0.00666095753933186	0.00608889629594114	0.00651923252879357	0.00504289062459915	0.00608373581009071	0.00822109415260316	0.00730803241062184	0.00735285285851241	0.0083431818204625	0.00731745761730078	0.00660015142250477	0.00890127790876733	0.00820070495092381	0.00943738028465121	0.00819874774652384	0.00916548076618442	0.006152168300679	0.0099715715561241	0.00788079101938212	0.0107987634181898	0.00963564483300862	0.00985583056799292	0.00853831559320151	0.00905051703290729	0.00815035219144563	0.00930684768813557	0.00862088640470027	0.0116702522491684	0.0110762402777468	0.0121433359074077	0.0120138634529646	0.0111948120163456	0.0147820880710261	0.00842333981068044	0.0106511937663155	0.0125260816665151	0.00873258010075215	0.00877560063664978	0.00876973275418677	0.0017121154350336	0.0176165933583798	0.0284358902163218	-0.0323962487361837	0.0291829667218355	-0.0303326116343663	0.00117064401810248
713.049	0.0212530497519413	0.00197209143523791	0.0143594211233466	0.00371576477400121	0.00890767980307487	0.00312540027500692	0.00523684049781557	0.00350016647845627	0.00505666316359634	0.0100796554196879	0.00221035753648858	0.00480674578082421	0.00397233639231906	0.00804745196975694	0.0066690610015851	0.00614534581199113	0.00763618360408135	0.00821080635204478	0.00348889233550918	0.00332360869901803	0.00641798872607104	0.00443458640161848	0.0114897131987636	0.00425196595907435	0.00297624636834341	0.00685498261024276	0.00414773501468192	0.00446618602120276	0.00632857879351204	0.00673279239905303	0.0078863660958796	9.83782740433297E-4	0.00229506879783383	0.00111951830714925	0.00575491282002476	0.00152156459396258	0.0031506474063007	0.00188064476580188	0.00234022084452138	0.00197404418159188	0.00398691593320346	0.00330979837349541	0.00384526136607337	4.76825361777905E-4	0.00243915560179683	0.00357992460412457	0.0064478176749923	0.00294499689750554	0.00311403003341401	0.00741670936916991	0.0026306155977292	0.00221993434399437	0.00290624768293785	0.00263167930458026	0.00448676280422669	0.00275305188442737	0.0023266903342328	0.00294328183575109	0.00307099139666864	6.39929548758275E-4	0.00377657949653983	0.00399624061958875	0.00282118445400823	0.0033700673109447	0.00192316661919354	0.00325319725519922	0.00268400207038076	0.00187915952930991	0.00104696321881306	0.00317956894414383	0.00158240164618529	0.00211478937556757	0.00253564977849852	0.0027114385633788	0.00385543434518709	0.00186966760518126	0.00276802530008312	0.00225188120886389	-1.2267968176534E-4	9.23884801115428E-4	0.00244417590891999	0.00243116982673667	0.00169875139187945	5.52716469880069E-4	0.00294701721605833	0.00231385831654084	0.00283734671203141	0.0015346945741728	0.00143292265403561	0.00356063536222687	0.00111870666297475	0.00239847340418259	0.00175243828121115	0.00238573651509421	0.001370679346166	0.00254880060930013	0.00257417238718413	0.00270121742229182	0.0027468653346776	0.00168990123612971	0.00277222542708266	0.00157867309730573	0.00236289983160165	0.00256775067689322	0.00200664824186208	0.00231027741163907	0.00256696538463079	0.00254847249049498	0.00237547183138783	0.00265275121290314	0.00233248215321806	0.00265348824174023	0.00246907881300336	0.00248235122410015	0.00247829028168488	0.00216353566625005	0.00211625366028265	0.0024712248954637	0.0026041095237012	0.00222715020289339	0.00264180518603808	0.00289623607317064	0.00277396661115973	0.00303480674441354	0.00318474566012461	0.00225365605985748	0.00269198045295548	0.00378068160282549	0.00427090904568735	0.00323701597381591	0.00410258787503653	0.00304138143608922	0.00398381970393884	0.00357209905027387	0.00363129116172162	0.00358463275043409	0.00327028415726974	0.00366835226239111	0.00369693357178068	0.00392296020949105	0.00437255960619213	0.00401245274065714	0.00412045820793302	0.00336840274182004	0.00472526414249961	0.00355606620737447	0.00347105737680129	0.00412614734488959	0.00365319252222138	0.00495653348836452	0.0049307448638416	0.00487537519431069	0.00573534356340845	0.00522002141528007	0.00472801224925945	0.00608589523572385	0.00440348433540974	0.00616744292923778	0.00437202040430578	0.00532272251990237	0.00537106140172039	0.00511760651303734	0.00466047472245128	0.00465874126560104	0.00492952512601063	0.00521670669403335	0.00451500556099855	0	0	0	0	0	0	0	0	0	0	0.00624059902995798	0.0062807923206073	0.00606901487187818	0.006245697306986	0.00576185087935097	0.00656718768515487	0.00714063503879048	0.00616061161109363	0.00705521565331776	0.00651933196659789	0.0069829671714166	0.00715697819827099	0.00794721721723258	0.00717775833826242	0.00776193995699565	0.00746405342099676	0.0070593508940006	0.00882625979718093	0.00927209488434937	0.00983807874638729	0.00941810250638959	0.00923226224370946	0.00945687941788337	0.00975546620070446	0.0097628935501769	0.00945991332652065	0.0102810610203498	0.00954696103759635	0.00955347672790635	0.0112464001545007	0.010928694710054	0.0118575982767771	0.0105720682877339	0.0135978525805894	0.0119311466785316	0.0116716788988235	0.0123056303398691	0.0125785814625593	0.0103440122646115	0.0120807310016671	0.015194714292252	0.0134600076319749	0.0130771664423979	0.0152756944781589	0.0140483561772412	0.0149888083418415	0.0242359529652345	0.0202073802217777	0.0236612608062169	0.0220374104648441	0.028524604600558	0.0155062963390779	0.0223394117865831	0.0101099414545844	0.0120119725724188	0.0367451818738494	0.0220366635728597	0.0622318350846726	0.0973787984400696
717.797	-0.00838263031625919	-0.00621639757318973	-0.0076803954080638	-0.00563298698280614	-0.00697224888477917	-0.00617039842762602	-0.00424068076512152	-0.00531592328678578	-0.00277874156242625	-0.00739528900709253	-0.00611733600544559	-0.00751968676348868	-0.00603110660790172	-0.00912646818460473	-0.00399538071071993	-0.00676470123545633	-0.00679753021976129	-0.00751872586253938	-0.00418442397284702	-0.0134586630173857	-0.00381986638796903	-0.00797997531461771	-0.00496468709045431	-0.00581490678198268	-0.00758341393642756	-0.00542142367955159	-0.00452093950521277	-0.00613534198957802	-0.00426739583347533	-0.00482161471622024	-0.00163669104841956	-0.00607243729569616	-0.00464527690379526	-0.00406389340242471	-0.00379028433016715	-0.00108764953673428	-0.00292324043359444	-8.6496588820071E-4	-0.00211474157063984	-0.00141524755069583	-0.00313084161727148	-0.0029421533475602	-0.00251377452055488	-0.00225196695158606	7.95148540194138E-4	-0.00252061747520176	-0.00341914699498795	-0.00267503391818939	-0.00427760802628872	-0.0027965418342979	-0.00259074807931472	-0.00308939935320595	-0.00328305253567487	-0.00199741587838908	-7.77824769108458E-4	-0.00209072580896	3.71392126950438E-4	-0.00376948992705127	-0.00215241936215985	-9.42007802934986E-4	-0.00202760808818159	-0.00267913158507685	-0.00207165399590124	-2.2070478142412E-4	-0.0037315177973603	-5.32150497295957E-4	-0.00141067721087688	-4.62594971341739E-4	-5.5466941824402E-4	-4.94863368901122E-4	-8.7382294549565E-4	-0.00180770962947147	-4.66559303634948E-4	-0.00384249895368905	-0.00201851271277397	-0.00114425640796743	-0.00163772251356382	0.00118174567739602	-4.17993339915385E-5	-0.0026017996923514	-0.00115725705188487	-0.00125015902936255	-8.40767655084158E-4	2.23982508781734E-4	-5.09285812131739E-4	-0.00152583012582655	-6.92102624536697E-4	-0.00111418424187584	-9.88873083886841E-4	-6.75751962494961E-4	-1.25699415671799E-4	-2.76655727764434E-4	3.00540353889665E-4	4.71208063140541E-4	-8.67027881289799E-5	-6.23695739686009E-4	-6.09689461593157E-4	-4.32980870448192E-4	-2.11826631282589E-4	0.00114031609371964	4.80210441691939E-4	3.63130662239632E-4	4.09778839067385E-4	6.6585296312422E-4	-1.67427097229014E-4	5.42789376275749E-4	5.93165085165412E-4	0.00144389777293317	3.58474882197667E-4	0.00104986367550557	0.00155667223691978	9.90088962112662E-4	0.0012101114032046	9.17767611573112E-4	9.75387336994022E-4	0.00114151768582786	0.00124012610662859	0.00132124039582988	0.00119943231746864	0.0010470725149665	9.63541493835453E-4	7.49056248018291E-4	0.00185006918398926	0.00179371228468124	0.00100705850392559	8.93860766042897E-4	0.00164424058924149	0.00191368582130033	0.00232565626162361	0.00130123481131905	0.00116385012953114	0.00184251369247228	0.00144037375880063	0.00119813317857654	0.00143175393130734	0.00187753702603699	0.00128602312955659	0.00174977293946936	0.00219741897274929	0.00153917364288624	0.00168942604115241	0.00231106988286438	0.00173415413349929	0.00261145804546752	0.00235428469317256	0.00253472233161313	0.00302270970076368	0.00169635515231742	0.00177102857103812	0.00186878316068231	0.0025702250223188	0.00222308064233718	0.00261251202843729	0.00299174158807567	0.0025490355072251	0.00248323999050148	0.00313648378259829	0.00264542990042951	0.00255476760091576	0.00237947700245386	0.00230785662301003	0.00385734715779645	0.00320325142056231	0.00366741950536639	0.00316753446313637	0.00381464588563856	0	0	0	0	0	0	0	0	0	0	0.00282144898466016	0.00371167858759905	0.00352929426864369	0.00399176674475612	0.00368975544029811	0.00427656129496867	0.00492126530514758	0.00505689112983084	0.00491491406451141	0.00427424862202619	0.00473503477322257	0.00427773260948947	0.00492793664409536	0.00474758154301333	0.00514761144529518	0.00554841304597799	0.00466974359904058	0.00557093969202543	0.00584226029270186	0.00524565858616421	0.00572236613398038	0.00532885744864402	0.00747565023350731	0.00454079605081568	0.00493631715221891	0.00701092078641743	0.00598429873458705	0.00620385797134627	0.0076223059463751	0.006694128444011	0.00755820107026055	0.00526433663251756	0.00762352388599572	0.00693385930802455	0.00375949182477531	0.00649805228498252	0.00545277430954765	0.00522922599555612	0.00720219999587526	0.00473724250495143	0.00691789567621857	0.0044180514705203	0.0033380275082772	0.00956471742121794	0.00438995347880896	0.00511904675519989	0.00727180950031869	0.00682996277938597	0.0046836826929766	0.00123291531168874	0.00338595717466431	-0.00225646468095215	-0.00489977305681552	-0.00440610832222272	0.00614228007977481	-0.00323619733972545	0.0148771356619751	-0.0216672583100588	-0.0120809125162212	-0.0585685082879398
722.547	-0.003908331177756	-0.00315573829865735	-4.1943907046945E-4	-0.00476649784159306	0.00345517394769533	-0.00642339322130123	-0.00415081527949216	-0.00329712690343977	-1.48475678641107E-4	0.00285126629016939	-0.00484606215866827	0.00284284361051314	0.00291619679716165	-0.00270691683321861	2.78408028615885E-4	4.10541909970376E-4	-0.005952313399867	0.0012051542265471	0.00106221257281673	5.25262781156965E-4	0.00232792474039234	-0.00278399803007687	-0.00221209447204386	0.00177165815367793	0.0021515888984184	-0.00385182021624008	0.00316858640055794	-3.28139024023069E-4	-0.00346651970117944	0.00149007317855737	-0.00519315121398528	-1.00524740264474E-4	-0.00108056701225725	-0.00220549698616344	-0.00290896253126812	-0.00119524338309757	-0.00179833589005951	-0.00526883739241238	1.71822473949481E-4	-0.00101406597337807	-5.85751113311332E-4	0.00149259733783679	5.75145693215335E-4	-5.71605815885109E-4	-6.47713394077868E-4	0.00383779370781087	-0.00126167726687703	-0.00209403645862405	0.00205671899083925	0.00418330148686434	5.11313452322508E-4	0.00270830061775636	0.00159693821699997	-0.00243279232756952	9.87641924725089E-4	-4.49811579323565E-4	3.15026524084089E-4	6.16998538893035E-4	-0.00182127375259861	7.17177642493707E-4	0.00176257860328756	-4.06897098377706E-4	5.11468861513291E-4	-4.4710045810916E-4	-3.84336837977623E-4	0.00150930266542556	-0.00143177762647863	2.60815789596939E-4	-0.00107532617964241	0.00185994893479968	0.0024630605445328	-6.75904452726816E-4	-8.05312143519862E-4	-4.17848207339452E-4	1.82541666395081E-4	0.00129541368055189	4.37206846480353E-4	0.00124238716026871	-0.00231200147025066	-9.07820029545338E-4	-4.45540321967574E-4	-3.56764461819557E-4	0.00104719738524578	-3.78351994511253E-4	0.00121835927304528	6.36617826295379E-8	8.77963154846717E-4	2.39891683140542E-4	5.68759229114165E-4	-4.57240523425691E-4	0.00108568191711523	-1.21118946620131E-8	0.00152559869372785	9.565167610813E-4	0.00167219966006236	6.90607475499517E-4	0.0014910314861789	2.69452381569944E-5	8.8688610101442E-4	7.8931159305827E-4	3.59274511444722E-4	0.00115495895441459	0.00113271440985398	0.00106819046984155	3.40114533775469E-4	6.57258444740165E-4	0.00180662295412345	6.44102007910933E-4	0.00131119158998093	0.00122290498536776	0.00102463048857933	4.93730413382477E-4	0.00169116950658693	0.00164792216737546	0.00113132949451037	0.00125322466020517	0.00112143604360733	0.0011985126843352	0.00156024871506521	0.00182360679943771	0.00179484495588604	0.00166260273675319	0.00134937954682732	0.0012078995690061	0.00204247310952225	0.00159068186948546	0.002458921676604	0.00187103363701274	0.00112078981664738	0.00226440203015575	0.00113503240913317	9.123490411145E-4	0.00206929553301066	0.0019453111217486	0.00149668094606963	0.00188439950610025	0.00254629253243093	0.00223054405095281	0.00154597098480198	0.00219663271359225	0.00364610141258587	0.00296058971360712	0.00285399927814856	0.0016937569411758	0.00354660979612985	0.00385923739518357	0.00332995114310277	0.00331176188913976	0.00222087681846876	0.00316969113848572	0.00319133549666409	0.00215754709914994	0.00316713892328678	0.00215522377269312	0.0029534151621901	0.0035625136439433	0.00320744573407249	0.0028264681954138	0.00247733040876773	0.00303036080571479	0.00292809796357422	0.00404945676927952	0.00354087671398216	0.00376678790635683	0.00270864707636695	0	0	0	0	0	0	0	0	0	0	0.00373159017374874	0.00485248371842598	0.00462664870005956	0.00489507211944226	0.00427674959472254	0.00401928240312097	0.00499096825267681	0.00518454877528594	0.00452761004287123	0.0051125224641533	0.00541022617417988	0.00462238704757496	0.00453038930976131	0.00602469133041951	0.00569756706534746	0.00452782683848562	0.00613710470088213	0.00531447319002252	0.00654604822592639	0.00536509033157645	0.00628626617194907	0.00679283615731033	0.00540872215540417	0.00658758824721233	0.00829694143459519	0.00823007746058495	0.00715346828727078	0.00862151388839361	0.00755620069362194	0.00731426080984698	0.00794940629337408	0.00795226943647902	0.00816094364646166	0.00669225330544895	0.00454463297832934	0.00909812992034408	0.00640880537801617	0.00961913596714586	0.0092896703274944	0.00575876708183571	0.00961798310299106	0.00743010407790111	0.0121611787028225	0.0131882163749496	0.00588356544598318	0.00901558952910527	0.010506481385361	0.0120898505781837	0.00481192694629641	0.0126754867966578	0.00572104825154897	0.00889436423321538	0.00800238914301978	0.00939785384783849	0.00238222419339742	0.0103880682620164	0.0160410297729449	0.0141040210649856	0.0168174743746241	8.72090763829504E-4	0.0354572631027279
727.298	0.00349892675519424	-0.00228990637264716	-0.00214147105181733	-0.0025185457848579	-0.0103324589280726	6.50861315962432E-4	0.00311714350231494	-0.00653420733648203	-1.50556103403187E-4	0.00198069471330632	0.00291875883766973	-0.00318682538434754	0.00162598240334657	-9.33294446628886E-7	-0.00113337209192397	-0.00125312335862535	-0.00356729904204337	0.00583977471330454	-0.00457881847852785	7.99573308991292E-4	0.0047200358158849	-0.00218252360232197	0.00186757667783572	7.1719895569767E-4	9.16818427958737E-4	4.47213887722337E-4	5.54100749363838E-4	0.00155301969173569	-0.00285908209960359	0.00172668369843302	-8.4414289717723E-4	0.00174210249385692	-0.00308917925873741	9.72918095164899E-4	-0.00247512013133522	0.00354304403007317	4.56029626200097E-4	-1.78236374459131E-4	9.57931225784058E-4	8.56548671496369E-5	-3.38414100976862E-4	-8.41276567018919E-4	-0.00191967996463371	-2.48123554113039E-4	-9.82713375652566E-4	-0.00259535672555068	0.00159997334580453	0.00141612408264626	-0.00108174164321663	8.33329525934617E-4	-2.22692146936702E-4	0.00137316554549459	0.00246464077225269	-0.00102874107984032	-1.34552416649388E-4	0.00156569313935127	-6.26707267767688E-5	-6.26731736948967E-4	0.00104447629724055	-4.24085162789787E-4	2.96389364477032E-4	-0.00123304041306353	4.61160916348099E-4	0.00311564604662963	-8.91079472553097E-4	-8.77161432093688E-4	1.07543764553978E-4	-3.17405156170421E-4	-7.79508658981066E-4	5.09137552195015E-4	-0.00199874726736451	0.00200817905609388	-4.32670254142503E-4	7.54007436850007E-4	0.00240179462662572	6.34407510771029E-4	7.98302942415529E-4	6.52114412404733E-4	-7.24779766144894E-4	9.62813273051309E-4	3.28913799097731E-4	0.00136843492649308	6.69339614512653E-4	0.0010754895398546	1.87600863473029E-4	-3.65215383988913E-4	4.63269092605001E-4	3.507124628608E-5	0.0011199143754168	5.96317118289759E-4	6.53095395965298E-5	0.00110744071608274	0.00111403294923719	3.94097530032741E-4	1.19083259814431E-4	0.00157581613462636	0.00105545197471698	0.00214562653307941	6.26970944033385E-4	3.19492547707775E-4	0.00101513196066198	4.73229710274028E-4	6.09537314511773E-4	0.00106089649342197	0.00146602227920522	0.00146193139086243	5.26149865854078E-4	7.91265728442764E-4	9.96852872006589E-4	0.00113392491336059	8.27884012747468E-4	5.52620456832717E-4	7.43638869130184E-4	0.00108932561229599	0.00119918839863024	0.00123524960029104	0.00111433785385922	0.00130109555938516	0.00187909743833536	0.00128530290679338	0.00143709391629096	0.00144644506361066	0.00174915750800356	0.00192063099676436	0.00142080048856387	0.0018780879681791	0.00115979218075351	0.00152045618668391	0.00249158668325419	6.7057969050834E-4	0.00183250623706437	0.00203595000747043	0.00118683613393344	0.00174953174532108	0.00184818609134746	0.00202015496812728	0.00260479252623978	0.00158299083197566	0.00165792539779221	0.00225146376739428	0.00220257877866551	0.00226426647212025	0.00147231649159843	0.00341065571370725	0.00204136648756009	0.00169648712305909	0.00167594986800751	0.00182707695951279	0.00286930584578081	0.00282023939138424	0.00351977674772924	0.00281713178834819	0.00328777129630544	0.00265834234292712	0.00272338759686978	0.00263089502927323	0.00308356670796466	0.00291474212104791	0.00241899176193111	0.00316633309315057	0.0035412829149268	0.00333607141836624	0.00356887711267711	0.00195511442797322	0	0	0	0	0	0	0	0	0	0	0.00367653786693743	0.00321220816253424	0.00332647671273755	0.00386618845635535	0.00422053302767452	0.0037902230733413	0.00416968970566617	0.00477983222578483	0.0046588362227177	0.00424896261761148	0.00561394768109849	0.005616290584987	0.00591397394604569	0.00418442693598438	0.00498892138865548	0.00546327087309379	0.00468185289818043	0.00580428765064119	0.00535990192969355	0.00604751954883101	0.00620603031575723	0.00478321209642126	0.00629105144835423	0.00756538646542902	0.00538765178544319	0.00532274284213843	0.00563868711661293	0.00587338522982665	0.00600225269375089	0.00601654508182619	0.00720554007731206	0.00621637049528332	0.00578908748384399	0.00436652783421976	0.00694834634508008	0.00725145768344478	0.00660951758655523	0.0100354637181375	0.0112277576103082	0.00510044984233163	0.00786403454951282	0.00747431487416997	0.00778444451974718	0.00760918949181566	0.00919547502253052	0.0086539650623363	0.00215262307065419	0.00456848508076904	0.0105855642377607	0.0066022640588428	0.00771913936147554	0.00725469228166941	0.00922749407183215	0.00369873520517647	0.00714458587778114	0.0120853285629956	0.0133453950819744	0.00916415303127588	0.0199024881537813	-0.00196871161671914	0.0141850000301398	0.0295153760836299
732.051	-0.00945645651807063	-0.00788250501474463	-0.00845688147752436	-0.0113820163350735	-0.00923472600006345	-0.00446006709035643	-0.00442928974125838	-0.0073967725118064	-3.05191588606454E-4	-0.0109622024235856	-0.00140169330172268	-0.00200134342099803	-0.00404864113057828	-0.00542537146532239	-0.0064704040804186	-0.00465920666278019	-0.00500988933496501	-0.00592310279035454	-0.00177740972339866	-4.0528262499507E-4	-0.010508310440929	-0.00911283462411763	-0.0044276008423613	-0.0069248041816293	0.00116448860828875	-4.52486168500447E-4	-0.00382174139527068	-0.00314529826745234	-0.00301194484363046	-0.00361268726585845	-0.0044876267358095	-0.00353494841533089	-0.00394136103488328	-0.00276150318394624	-0.00434423877501987	-0.00293301211162807	9.24795672323865E-5	-0.00325330997435938	-0.00282688955766222	-0.00130397010839188	-3.43926395487026E-4	-0.00307120116739407	-0.00143879415508346	-0.00470219409074953	-0.00257811627673017	-0.00567539944376834	-0.00251492244682441	-0.00143606882383622	-0.00133218451131862	-0.00238224547507725	-0.00368204741380763	-0.00351991936836483	-0.00321453979330148	-7.03695649339632E-7	-0.00128797747798644	0.00178602597762717	-0.00161722097127538	6.9782127950272E-4	-9.3890117759561E-4	-3.68756238528433E-4	-0.00199644789664724	-0.00273681039963552	-0.00163698760153692	-0.00178137398885566	-0.00197635682311255	-0.00366184386228764	-7.09249437574557E-4	-0.00332775103387422	-0.00242356882813966	-6.20593013963969E-4	-0.00369934496190224	-0.00109267880523288	1.94788851149091E-4	-0.00114616906816358	-0.00182631431620822	-6.89270898408407E-4	-5.40324148202703E-4	-0.0014982402016542	4.75837742043948E-4	-0.00110355437019004	-0.00149986593264007	-0.00163124593058973	-0.0011965661329697	-3.50114426363542E-4	-6.0748720015485E-4	-0.00155616912380218	-0.00140895928659102	-5.28836152931937E-4	-0.00134236763669847	-0.00154558996722843	1.64511477664194E-4	1.6062034458152E-4	5.64942840418278E-4	-3.07576078457947E-4	-0.00141836183312726	-6.21811918980705E-4	-5.79396126404561E-4	5.64865944281444E-4	0.00127170088473768	7.03018441024094E-4	-6.86222493181066E-4	0.00103616455442202	1.89956943422502E-4	9.6378046896307E-4	4.15640263142216E-4	-2.8287869830702E-4	4.05897887689645E-4	2.39660657896884E-4	5.80454511448267E-4	-4.13528369493778E-4	-1.78379894510259E-4	4.20196237624454E-4	5.08225511455919E-4	9.72180240976316E-4	9.78316155948894E-4	8.39221628506583E-4	0.00100065325830543	0.00100230033541077	2.48980783094569E-4	9.80697659775131E-4	4.07054387569686E-4	5.71287857148712E-4	6.15934220397082E-4	0.00155794600358465	0.00107020286314408	0.00126524780085887	0.00257441498761451	7.71350497039159E-4	6.1406643701616E-4	0.00128639921365791	0.0010007742959416	0.00124374690997883	5.79001151182919E-4	8.41924309205747E-4	5.58007501640675E-4	8.38206520154131E-4	0.00193751926581073	4.24519470136627E-4	7.50891752664709E-4	3.7396294353668E-4	9.60884018079093E-4	0.00290551997228255	0.0012242406488928	0.00108634946374363	0.00124215049799738	0.00129715501821682	0.00248194139646526	0.00117149504050108	0.00233924709953724	0.00168406305471397	0.00216265077329534	0.00127580739388422	0.00166718970716405	0.00211660113697401	7.28047519771173E-4	4.74374161546758E-4	0.00300415032519971	0.00152635774776725	0.00278671955230588	0.0024611672938605	0.00173797226374546	0.00299206620238875	0	0	0	0	0	0	0	0	0	0	0.00165675565266413	0.00249960239785375	0.00221919010600529	0.00263319031834401	0.00301367570466045	0.00330904812884787	0.00331897574775595	0.00465441056592244	0.00312509478798203	0.00420287363007324	0.00270366230070622	0.00401031738379245	0.00336962733514318	0.00375292240822859	0.00459235800376337	0.00341092665781473	0.0050030482076057	0.00440364996002405	0.00439027860428018	0.00393418502787144	0.00369602186690813	0.00499478567027823	0.00442191688668755	0.00607155132722156	0.00462474456939269	0.00552950329814446	0.00290930345234431	0.0072587601225174	0.00500387746483186	0.00681379459559914	0.00584544395622337	0.00555867560482723	0.00582832616440701	0.00580162147283129	0.00726662641963676	0.00575053048474695	0.00575577437126266	0.00444734963978887	0.00326136162865029	0.00576128126921564	0.0015591487542697	0.00768842777709742	0.00508811978314521	0.00726061306552184	0.00722360369112719	0.00691872918141886	0.00470888317631005	0.00464039717612956	0.00632915383910712	0.00748322889123432	0.00667697151528065	0.0024760288949445	0.0035901695205457	0.00938031527542123	-0.00602972527037206	0.00281567735038328	-0.00162239263395608	-3.65341442530937E-6	0.00854993679815712	0.00380336632999364	-0.0155420702225063	-0.0212939427302955	-0.0495893532935498	-0.0846742356234256
736.804	0.00119460088619346	-0.00422039477557068	4.43517056538958E-7	1.98777277867442E-4	-0.00556927628654006	-1.67473432500314E-4	-0.00368047657848116	-0.00452351117415626	-0.00200801595519727	-0.00156201960428974	-0.00362417362221063	-0.00264767357844635	-6.07614765332858E-4	-0.00608152347254397	-2.90933999622935E-4	-0.0028594714734195	-0.00168927221253763	-0.0030654823336709	1.37799636778861E-4	-0.00109395100433294	0.00228701583342903	-0.00592666175782279	-0.00396521359647222	-0.00331678009537061	-0.00259169974185362	-0.00183238370776986	6.82380162421825E-4	-0.00466079979259494	-0.00620178215127996	5.53606234024958E-4	-0.00648573167392454	-9.47155273589367E-4	-0.00337394233335727	-0.00159729717672682	-0.00371072624610314	-0.00133990469981479	-0.0048654239272932	-0.00219382152105745	0.00116186407352579	-0.00325386689664514	-0.00147962422225954	-0.00267601623364701	-0.00137058004300195	-0.00475696631913426	-8.41360803827799E-4	0.00133133755336686	-3.28191878481302E-4	5.6481127742175E-4	-0.00190246852984792	-3.10933485768213E-4	0.00357281159843699	3.70512567112326E-4	-0.00209579846692281	-0.00196971937971272	-0.00171405241100745	-2.66320307216479E-4	-0.00163630604915425	-0.00115650106676583	-0.00183271661248996	6.2190799735445E-4	-7.95563177047867E-4	5.42499839365808E-4	-0.00147855903691808	5.83736419934988E-5	0.00142795004169678	-0.00134786959884779	-0.00115893087868008	0.00103160817912639	-0.00143916576071148	0.00156918710466842	-0.00133294427794715	-0.00175852514942783	-0.00142942038923318	-0.00309220946414507	0.00142162969904467	9.76247468932997E-4	-0.00118339951663638	1.78333291136685E-4	-6.12404108931816E-4	-9.87635428134487E-4	-9.69370679786395E-4	0.00173288580375835	4.06277091484117E-5	1.18120534004878E-4	1.53790925890029E-4	3.37319509072238E-4	-9.13770352999538E-4	-6.06325237574404E-4	3.48006449118077E-5	8.15735001399604E-4	2.65616368256563E-4	-4.21898441732704E-4	1.90207912892349E-4	4.97675734614221E-4	2.74876855186042E-4	-5.39005840880188E-4	0.00105367873705095	4.00477960880293E-4	-8.39422280315172E-5	0.00131400768609227	8.0151422831715E-5	-7.70194505123616E-5	-7.22123417773094E-4	-2.49891666976565E-4	8.1845436713965E-4	2.6505525723368E-4	1.0796755703508E-4	3.25147594591215E-4	4.73424131450043E-4	3.45303896809186E-4	3.61471091106808E-4	2.6579291933886E-4	0.00180971067228134	3.57551372251946E-4	0.0012979364112552	8.36656146122666E-4	0.00113134347689981	0.00149458286882927	6.99758910535546E-4	8.50956204649398E-4	9.11380233197048E-4	7.09305493449457E-4	0.00110099840615345	2.63613657762648E-4	0.00129963784103785	7.97310488222038E-4	-5.46499611758956E-4	4.15824584861521E-4	5.96191791608191E-4	0.0010066461592997	2.1722418105906E-4	0.00102074542950923	1.17633021504349E-4	1.84365176888585E-4	0.00169290834684032	8.69581235617954E-4	9.58165405347983E-4	0.00117238203361753	0.00204531024345439	0.00143728825263709	4.74951612260782E-4	0.00154093846437742	0.00230184206093563	0.00130253186843654	9.94771405847767E-4	6.15967622681589E-4	0.00283816445300055	0.00187478028323056	0.00165026165039497	0.00129809612293265	0.00181872536627956	0.0021418530684437	0.00232513245681626	0.00137656375913826	6.60323732536004E-4	0.00128657934406407	0.00134519149939632	0.00259828317449032	0.001132454448076	0.00196806356434119	0.00171122554698198	0	0	0	0	0	0	0	0	0	0	0.00288414163228187	-0.0130968315654237	0.00279708465914002	0.00278407004845277	0.00261875920541138	0.00182025946414026	0.00243028783397697	0.00340383255963738	0.00217856207602044	0.00330347192233939	0.0035991709182703	0.00322773729961381	0.00400642848191195	0.00436448099666423	0.00507160118175019	0.00352502771910405	0.00457388085748934	0.00494694969303086	0.00578252583271251	0.00459289530730831	0.0047518863946158	0.00380161070145018	0.00489346222730751	0.00447325312350187	0.00504007370917744	0.00614696663649184	0.00545395581421322	0.00610172281678989	0.00594085833545841	0.00441479279374126	0.005749938429823	0.00489381480973519	0.00596112518057004	0.00690754083757321	0.00415908875561855	0.00671794292671771	0.00586819088993266	0.00745417164491646	0.0057669727518181	0.00586433404308627	0.00557026132458897	0.00665071127335566	0.00479665277438652	0.00568526466200756	0.00282405847646274	0.00713792042625534	0.00987283396731283	0.00962619825289792	0.00714367629329184	0.0078377812688726	0.00985280640408707	0.00145690860622112	0.00309388395084668	-0.0016449555170495	0.0120916223549036	-2.09611546631261E-4	0.00547090834595653	-0.0116997242029397	9.28516696024348E-4	-3.6436807160949E-4	0.0119887830503387	0.0240958202058987	-0.00740483972856858	-0.0337432826303208	-0.0198212239972371
741.559	0.00924034901645587	0.00452919654563525	0.00111409695647293	-0.0040406317114431	-0.00201121643284342	-0.00118912074536957	0.00585631263913592	0.00317000753256523	-9.4222938480415E-4	-0.00428662767563797	-0.00144051316203606	0.00554182765209285	0.00370088014038204	0.00376943344468503	0.00222011363788214	-0.0011618011029711	-2.85739147175351E-4	0.00538272845307065	0.0040738042098809	0.00333491244097999	0.0025984665732887	0.00495443057891078	-0.0042918709178243	8.72419654615016E-4	0.0010771699336022	1.16693858125094E-4	0.00138698794132449	0.0021958904392966	0.00595972226912759	-0.0229675793203701	-4.786904300795E-7	0.00352801436290149	-1.03712674151895E-4	0.00131922074558829	0.00575810150314655	0.00116552701590915	0.00133157286823526	-0.00222964965103501	0.00299793602736095	0.0030395257223413	-0.00132647166873723	-8.77732326124131E-5	0.00191563337363705	9.49858063512794E-4	7.70309509919465E-4	0.00203008007286284	-0.00166844466241203	0.00205156441033096	0.00273987563270672	0.00347725447670591	7.69499832520165E-5	0.00203605072156545	8.07329307311209E-4	2.85217487217107E-4	9.05288402741807E-4	9.52644588409612E-4	0.00179686454918912	0.00228475492441499	0.00128297844955105	0.00145412239931078	0.00136848977719368	8.56729468921443E-4	9.01853926211513E-4	0.00194985436946017	1.16095007716625E-4	2.28016896285174E-4	5.04857145861335E-4	0.00193200439538458	0.00119178155484645	0.00276503002887326	0.00312711640611833	8.6836385850332E-4	-4.51219087402951E-4	0.00250516938212937	-9.63851274623046E-5	0.00302464227138439	0.00240673972588096	9.06479158139332E-4	6.22517801934524E-4	-0.00104752720767921	8.14165344195619E-4	0.00230649103512424	5.33397657132059E-4	0.00124142973497811	0.00140662532444538	-7.61516472177479E-5	-3.71263438908318E-5	0.0016680293014331	3.18548216802946E-4	1.72759829519266E-4	-4.05227555450538E-4	-4.28952119966858E-4	7.74705335075382E-4	0.00164434313319582	0.00102423139138406	0.00191789693408043	3.56953706550628E-4	0.00148237042290255	0.00261582576287736	0.00133557118045308	0.00111305829329755	2.59837213376584E-4	0.00178541327444488	6.6849725061664E-4	0.00101187670354151	3.81208595852554E-4	1.97360447623212E-4	2.88612218588198E-4	4.42639239913341E-4	0.00114582866967917	9.1846871492683E-4	0.00120757484051424	0.00106341290556506	8.33396365358439E-4	0.00131931254184143	0.00181368239556435	0.00129534296967792	9.92412723227231E-4	0.00138197831542225	0.00138320024240761	0.00126637766934234	0.00115545248817026	0.00115562998954712	9.34931253885783E-4	9.01348912752614E-4	0.00106585110168532	0.00130075965525976	0.00111516366509277	0.00206891662775798	0.00127257543664262	0.00142116867144886	0.00123053741146858	0.00135623786281741	0.00219838664219291	0.00197337294012707	0.00197076511704335	0.00246716189012707	0.00171857232729742	0.00175214545107299	0.00158118696445509	0.00186012317368684	0.0018790823786952	0.00284334851184379	0.00332260564526458	0.00162338976292695	0.0015515048552399	0.00230246756384534	0.00308320264092611	0.00145452086299003	0.00247393385715453	0.00238482493997106	0.00264943500227653	0.00314254320380059	0.00217609843919781	0.00258232269663632	0.003153567934441	0.00240570953249952	0.00276600956521249	0.00276785458463159	0.00269977309539177	0	0	0	0	0	0	0	0	0	0	0.00366771755986022	0.003409365872582	0.00245354580594005	0.0035486615686516	0.00422282435655614	0.00341981525829597	0.00400062827621689	0.00370603090462111	0.00449607536008456	0.00400064550036339	0.00512148802272347	0.0038799639876876	0.00418270815914928	0.00417523693717924	0.00383280562105841	0.00561407188110879	0.00538989470001783	0.00564910153389069	0.00497097527751093	0.00488880606068357	0.00540635043378988	0.00605415012775737	0.00597398761295854	0.00562458223800218	0.00587529887719486	0.00570043550010286	0.00506849090935454	0.00799706660395221	0.00525429203466514	0.00633958668010192	0.00917134652962678	0.00672719133634969	0.006218827378909	0.00730645736066201	0.00881067062694358	0.00606068297573678	0.00653260976769144	0.006698534973596	0.0075774881015641	0.00785590100610541	0.00608590910526199	0.00737260932324081	0.00927045611764473	0.00738916030572682	0.00453018504772131	0.00648303120324503	0.00768810743811097	0.00547257953903791	0.00842876902902906	0.00695099553666039	0.00908921927021596	0.0103820619368035	0.00848221499793369	0.0115266558511014	0.0134112291830959	0.00208281140033357	0.0209587486812437	0.011852904017963	0.0115998822043125	0.00441391901691005	0.00732626264332542	0.0104463629800227	0.00265548857309437	0.0082117012258433	0.0175786735917635	0.0629535644658149
746.315	0.00297544523158632	0.00145755419804102	2.27327030479235E-4	0.011111651299173	0.00931406245088206	1.72928950815383E-4	-0.00348429956930152	-0.00129274948451469	-1.60396242575399E-4	0.00777281207251989	0.00751520054765225	0.00565106999378375	0.0034606499371306	-1.53139233166188E-4	0.00331875976112328	0.00681324433000887	0.00291876883181418	0.00967980395521904	0.00372428038414125	0.0017003682877745	0.00348770241029394	-0.00150167503819504	0.00318482401148686	3.81936631954708E-4	-0.00244310601503304	0.00510582805064774	0.00695563812601823	0.00506755182304379	4.66956625900761E-4	1.14987204214057E-4	0.00369787294927305	2.17904613587448E-4	0.0049819087552212	-0.00341458190502964	0.00243026752674413	0.00148869612499544	1.93971965061108E-4	8.52541945744712E-4	-7.41122406595451E-4	3.85733980877581E-8	0.00360732455532011	0.00143183430936422	0.00488362259893538	0.00519585673317483	-9.60343639510897E-4	0.001035384303404	-9.35991269081135E-4	-8.37027751171734E-4	3.2874645608442E-4	-1.61153666998006E-4	0.00149755426262978	4.6116963811533E-4	0.00374550132196982	5.82867249108298E-4	0.00163388509802704	-3.46754494313817E-4	0.00393709886471411	-0.00179808024998676	0.00157136014524069	0.00103167877312684	0.00431434313213409	4.37476888496023E-4	9.19821398333001E-4	0.00247095750295024	5.92206645515524E-4	-0.00110564519834356	0.00154492535788503	-1.1242487422481E-4	3.86648387913739E-4	-0.00178961976912842	0.00175430822479991	0.00213607279185531	5.62287296183983E-4	0.00155290794732658	2.45762903888113E-4	9.15777241999112E-4	8.02374774590323E-4	0.00161813984705302	0.0014059527288283	0.00124661566703106	-5.68062231649805E-4	0.00230988012131659	0.0014647455711364	0.0016743250203752	0.00103594690510593	0.00314798504600272	3.79000168755061E-4	0.00140531757420078	9.74722636724878E-4	-2.81944950929101E-4	3.41773179536367E-5	0.00151438466372135	0.00164643390090356	5.16040884792668E-4	0.00136123315760046	0.00105557618905095	0.00127474542541566	0.00115592790259147	0.00150804231849073	-8.51736008659443E-5	6.92178090196976E-4	0.00230690755283476	8.73096916765299E-4	0.00129391911477678	0.00100905333895169	0.00125791433030072	0.00112030333998727	0.00156004795456611	0.00113992382063006	3.20402783212164E-4	0.00119899042601216	9.19020378649967E-4	0.00173922148904043	0.00115943878812815	0.00105461223477505	9.31271799790677E-4	0.00123467757415869	0.00137019825436995	0.00135479776412944	0.00142538280980663	9.92248581590635E-4	0.00155495870476262	0.00139947648963009	0.00155544294492998	0.00163254464287369	0.0022372694932076	0.00144390635341673	0.00222135395332975	9.26189463357445E-4	0.00114530619151815	0.00177411740410445	0.00238708613603651	0.00167428511164076	0.00193217083346705	0.00147442197386632	6.7042436661677E-4	0.00124678001459385	0.0017524623734409	0.00250132751829933	0.00185669213709596	0.00182663961614544	0.00257997014817561	0.00218127243851624	0.00230335377335792	0.00322970956778376	0.00305359499014476	0.00175411151083573	0.0025159847776938	5.70934956053574E-4	0.00148585408540305	0.00319755846715384	0.00254178845871479	0.00177547436111013	0.00232528822994584	0.00292352538938895	0.00418382379847255	0.00222115739139546	0.00216024401750922	0.00237331297876882	0	0	0	0	0	0	0	0	0	0	0.00326311181597446	0.00250921149859795	0.00287443164150235	0.00189999671625531	0.00269134418495399	0.00423718929813624	0.0048927529681416	0.00370287397551867	0.0036609831153094	0.00360128674025463	0.00400748167478196	0.00349915449246652	0.00355635190485262	0.00528782574367384	0.00530352621127861	0.0049536587490541	0.00545099125261534	0.00459065034609587	0.00599477660248449	0.00542827841937804	0.00547586659370178	0.0052950909994163	0.00556690949734643	0.00619110678992367	0.00596926924631184	0.00507828945650952	0.00449925895748878	0.00520501668812247	0.00565513110618895	0.00547063705000147	0.00627451282040035	0.0065519980289386	0.00829089733809433	0.00651192028401091	0.00692579332878334	0.00634022316859541	0.00666069351685439	0.00570370086665345	0.00907252793014885	0.00620508254921557	0.00849062955271429	0.00652346476188122	0.00772101987988101	0.00433665644635745	0.00844094890652867	0.00701167853240598	0.00736585286705935	0.00801883361434138	0.00958649492178729	0.00790498741322909	0.00973500601026873	0.0140741031160839	0.0114613778858133	0.0048063860136148	0.0087019421699146	0.0111146937393518	0.0181282129174943	0.00894340175787785	0.00961977601428602	0.0157778996259406	0.0147901381681214	0.0168175753427434	0.0301977607279288	0.0075969087620103	0.0488567191031062	-0.0236614434147625	0.0724456856807169
751.073	-0.00579167034059385	-0.00173009182191954	0.00761772077582363	4.16083904249961E-4	-0.0018917048328797	-0.00140651079970417	-1.5918190847868E-7	9.84315714967094E-4	0.0035764034419937	-0.00180815621585739	-0.006965959599811	8.19708450562918E-4	-0.0041508644842098	-0.00171677712579883	-0.00474847379876092	-0.00210847860688061	0.00103666889832085	1.46511835112822E-4	-0.00217935423269804	-0.00345253231256322	-4.81623829515969E-7	0.00235596723813627	-0.00350044121479809	-0.00711008596920255	-0.00136310654256952	-9.64493127769391E-4	-5.98265366099994E-4	-0.00658078660013317	-1.19117437021748E-4	0.00291407218451942	-0.00227477621811496	0.00110770801648671	-0.00365825948168167	-0.00115560789904762	0.00246694111737791	0	0.00137860186910899	-0.0010577858318305	-0.00216309659803778	-9.25474987497481E-4	0.00109934745141801	0.00181691354746256	0.00162248384125107	-0.00223499570115301	-3.54397400382283E-4	7.00619250121253E-4	3.4534161641645E-4	-0.00365401776438199	0.00108454305355567	1.63437479614912E-4	-0.00240028002332153	-0.00171825301156953	-7.6086562680349E-4	-9.62840461092494E-4	-0.00201997633905653	-6.31718149899964E-4	-0.00158425454231643	-2.70015817152684E-4	3.32461971917255E-4	1.96292452042231E-4	-0.00109469250894212	1.90459391940477E-4	-0.00105815149814933	-0.00232474205035248	0.00120234154126201	-0.00118142757611954	8.71222084940936E-4	4.5715168624989E-4	-7.85170639415163E-4	-2.29461934816586E-7	6.47414947070093E-4	-0.00121635941954895	-8.818033755787E-4	2.54362077966666E-4	5.98212227964901E-4	5.87052681420309E-4	-9.58038427911354E-4	0.00159518954307589	6.44613319619327E-4	3.16370109329743E-4	7.09753731817821E-4	0.0010861329649339	7.64686665029704E-4	2.07337974661551E-4	-0.00157720890821965	-9.46736809797969E-4	4.23159485275435E-4	0.00112608180918336	5.13048891692608E-4	0.00214631646508573	8.38877109927823E-4	0.00116146184923518	-0.00147055393225626	5.56579195837146E-4	-3.85548465010588E-4	4.8162113335556E-8	7.70122156869792E-4	8.12220600537373E-4	0.00147176255887166	2.30457265286181E-4	3.65476553357513E-4	1.88405559990572E-4	-2.02746694876408E-4	3.82002506356399E-4	0.0013035774855157	2.55302928521581E-4	4.09418207514079E-4	8.56340740742634E-5	3.98822787105302E-4	9.75939754676618E-4	7.98788190169654E-4	7.64966814128542E-4	0.00134580649541757	7.2217811453705E-4	4.08060129371413E-4	0.00112658753932659	7.52015529159844E-4	0.00118220403225979	9.99109153630838E-4	5.82030029451168E-4	4.16345446231429E-4	8.14798084279659E-4	9.53257912947657E-4	0.00114484602223271	8.2770004880511E-4	7.72141636734867E-4	-2.15645631378015E-4	0.0013066574461551	2.35376640814179E-4	9.04247504821932E-4	0.00149642197974793	0.00127386751025921	0.00157629071196518	0.0010655498077046	0.00178168133333233	0.00154780647236047	0.00121874935925015	0.00104389887431108	0.00205466182119133	0.00195899083405419	0.00163964210272059	0.00181994662712709	0.00109455625784132	0.00134387843741401	0.0020937924722134	1.69163306944002E-4	0.00178058044950813	0.00243790738198318	0.00306821506196603	0.00184972659303687	8.59968138177836E-4	0.0015211982009996	0.00129092829254382	0.0020117192516471	0.00152373589587667	0.00132740480166719	0.00183515634335068	0.00196062352041285	0	0	0	0	0	0	0	0	0	0	0.00256180321766596	0.00236563026588015	0.00219324190113299	0.00275313676795516	0.00225788851210776	0.00299076011601564	0.00290651279230033	0.00313662568558669	0.00277702521919713	0.00284740212509272	0.00385041976485701	0.00374731361877297	0.00450176464017083	0.00422039547975416	0.00427867753883702	0.00429627710634242	0.00483776631124306	0.00416333886229605	0.00529285848936354	0.00502151751761873	0.00432917144878987	0.0052477253050859	0.0041026446112376	0.00522867149865858	0.00598695712796397	0.0055201653223512	0.00432999942457126	0.00484803670318743	0.00366591989472038	0.00548254872015517	0.0052507268858809	0.00555349730131879	0.00480740599906638	0.00476681025735263	0.00708209377915705	0.00440488714747831	0.00426005258789916	0.00588555111122864	0.00681414858968778	0.00817941733127128	0.00681426860563794	0.00643311441289499	0.00424320028286953	0.004974462215036	0.00952511234244446	0.00550793054313148	0.00622671382219593	0.00756207058695973	0.00608142136481275	0.00406116637084909	0.00812430067773337	0.00741097213210295	0.008827122117194	0.00644952568789728	0.00264838732848595	0.00496038105591193	0.00781229831007757	0.00626621475998605	0.00929937968695949	0.00199896428502893	-5.77622459200106E-4	0.00783558195197028	-1.34831733422205E-6	0.00314815769372989	-0.00772573167421745	0.00141706032700521	0.0182323080136148	0.0360725065103342
755.831	-0.00309849996478572	-0.0154561904713077	-0.00710706674749905	-2.2400215173709E-4	-0.00465827441966392	-0.00325248584131451	-0.00985319183340901	0.00455009754023874	-0.00200195881177161	0.00506157899328761	-0.0017016494743217	-0.00100791125893153	-0.00573645893836189	-4.80931853494118E-4	-4.70457465330936E-4	-0.00585975322082059	-0.0066906122572345	0.00210664564149554	-0.00328513082163457	-0.0026569695036873	-0.00261752131739044	-0.00384179690829856	-0.00525354531719779	-0.00398288645941913	-0.0016546874842261	-0.00136050265464645	9.82280574797686E-4	-0.00208714202218584	-0.00645790448513663	-0.00610032389950492	0.00280102323395832	0.0013622084202184	-0.00143616579039768	5.40797645983773E-4	-3.16823996816158E-4	-9.3119150321685E-4	-0.00464858326907654	-3.95603814576605E-4	-0.00193063154114206	-0.00237465696108798	-2.80879125502245E-4	0.00372947415957333	-0.00721534042194022	7.34512661567614E-4	0.00427277432439252	-0.00125827365298488	2.66428665183326E-4	-0.00174477698511225	-0.005565615879767	8.37413447602052E-5	-0.00115027396076691	-3.21285059959321E-4	-7.81077324018048E-4	-0.00121648035999363	-0.00140710571609031	-0.00108148798264581	0.00205035805394129	-0.00242813134097928	-6.83152697522089E-4	-2.68460626109981E-4	-3.97075455789901E-4	-0.00123692538233176	-2.55530446172624E-4	-0.00144468700567071	-0.00160424280199881	-5.46232367916033E-4	-0.00196718452321764	4.10583566442346E-4	-8.64032910756802E-4	-2.26546671688484E-4	7.75257662343063E-4	0.00108556113553043	7.98452402464726E-4	-0.00140899947288741	-5.11433504182505E-4	-9.03736632388397E-4	5.89323350822961E-4	-0.00173329568678933	-8.50023900121436E-4	-0.0017159566716068	-7.28239528381505E-4	-0.00120235992289074	-3.04552876350104E-4	8.08730905656185E-4	-0.00178406502254544	2.83503884799778E-4	-0.00134197109304315	1.1591628034314E-4	-6.76967406557216E-4	0.00190904404573565	4.67293497646789E-4	-3.48989489077303E-5	-8.23546265292663E-4	5.37509471967512E-4	4.94717543858506E-4	-2.26975646532257E-4	-5.06773510045951E-4	-1.23972413349292E-4	6.04072391975089E-4	-4.73954017558596E-4	4.32714694266745E-4	-1.93767888447962E-4	-5.20107265011351E-4	4.40909167843536E-4	2.39454975715687E-5	-3.33176810545057E-4	-2.10392867137888E-4	1.74475625712524E-4	6.13378434101661E-4	5.69475629464187E-4	4.68616554759548E-4	4.40119564842688E-4	6.09368294392452E-4	-1.67114021623734E-5	4.03787935913355E-4	1.72749083414078E-4	4.24507993985296E-4	6.9434023512503E-4	7.27997185774087E-4	0.00110270396443858	5.75288980845737E-4	7.48593427795039E-4	5.96569473264117E-4	5.68228655193745E-4	8.30359988186359E-4	4.678645103392E-5	-4.17439274671457E-4	8.16553304119398E-4	6.70961199856054E-4	0.00129925894736405	6.51223365452155E-4	-5.09790017964475E-5	0.00123917119861225	0.00161537236470091	4.39058986792023E-4	0.00151685396469803	7.94230561000396E-4	0.00112023949111259	0.00161436084768049	0.00124754577191989	6.59939785191149E-4	9.48092595216276E-4	0.00181800735517405	4.15100074762837E-4	0.00124436398963676	0.00133039495368194	0.00197512292765619	2.97307342251938E-4	0.00151546450379183	0.00146030041204341	0.00202138227928104	6.69392564512755E-4	0.00154604060696612	0.00132171311329648	0.0016735500314479	0.00179846357996322	0.00247543081174959	0	0	0	0	0	0	0	0	0	0	0.00209840195163098	0.00194753741542752	0.00235489277274309	0.00198463491438502	0.00164165832646493	0.00224480087337914	0.00108781238063706	0.00232795865234752	0.00231623109697337	0.00176964072865065	0.00247633097954932	0.00262606092722858	0.00369408479609497	0.00354295028504363	0.00320856280195734	0.00322067706044627	0.00400114351624291	0.0034583503082983	0.00232174726888478	0.00366038825697246	0.00445584787529744	0.00351038149633657	0.00376013103282241	0.00401406619954127	0.00513228192203586	0.00464958624473316	0.00525065429262853	0.0034560686906966	0.00389479041281546	0.00542210310774372	0.00468235048721379	0.00461333490209867	0.00549974782363254	0.00448108872254617	0.00455146681268607	0.00532986353251622	0.00333395758839666	0.00608358079332781	0.00574049989665886	0.00157778522784041	0.0052272587238191	0.0029406450390348	0.0050460228635352	0.00475087601989685	0.00482723249864149	0.00436985417285843	0.00643755235329324	0.00481293747055151	0.0078464662090154	0.00357627924995568	0.00658885059893318	0.00658590992111125	0.00275525537468571	0.00608172307092633	0.00765761999057182	0.00901215987620945	0.00525129526099973	0.00427982022750527	0.00683410136515316	0.0152244579290278	0.00951052739137655	0.00704028699223503	-0.00134469840715409	-0.0112948340307313	0.0120152222254621	5.51786571693794E-4	0.0058162280823956	-0.0246796361029509	-0.0313251121917494
760.59	-0.00635155062507769	-0.00674375860072316	-0.00145549938317183	0.00548870165387444	-0.00774611073229989	-3.70440038082531E-4	0.0072553857699105	0.00637995560892758	-0.00529599284388139	5.18589741312926E-4	0.00243939562427206	-0.00447810387471092	-0.00419429344737598	-0.00229745830041379	-0.00482757855560593	-0.002688844467537	3.11577850051905E-4	-0.00554811512478883	0.00336243145819027	4.53311370753649E-4	-0.00104232115516845	1.45274747964592E-4	-4.25771556217436E-4	-0.00271804251586387	0.00143422854519139	7.59677157408402E-4	2.51566488188193E-4	0.00452627628411919	0.00361749445954304	-0.00477633033003726	0.00286920098598586	5.80744571495682E-4	-9.04696504648544E-4	3.29715295355459E-4	-2.15878777410958E-4	6.34695148532296E-4	2.06823901163391E-4	-0.00161758176534311	8.89335652122301E-4	9.73278805333036E-5	-0.00144421102215666	1.90431450358804E-4	0.00104217824228732	-9.34293959361514E-5	-0.00297773449396238	-1.83991313965319E-4	2.72209966031501E-4	0.00115982028138912	1.75299672741475E-4	0.00257935801036823	4.20457831744823E-4	-0.00114881145107116	7.99019475757855E-5	0.00451165302137595	6.81670125213912E-4	5.91369427231978E-4	0.0026787425851528	-1.73679466424304E-7	-0.00132708330189062	-3.43935766695229E-4	4.05376487118581E-4	-4.65948210118805E-4	8.50319397216731E-4	6.42556437769726E-5	6.31699764704073E-4	2.48278387091248E-4	0.00207514454386045	1.19991255049469E-4	-0.00253433387944586	-2.88486913163833E-4	9.07135795669699E-4	-3.89074792764291E-4	7.08636004522069E-4	-3.20582948969327E-4	1.56927319370414E-4	0.00102830991245854	-6.5476550759483E-4	7.89038784170631E-4	-2.41841164916797E-4	8.55038766282899E-4	-9.32212721416688E-4	-4.10837293103366E-4	8.94479417998806E-5	-3.04850843107387E-4	1.27442652164372E-4	-1.24309342348824E-4	0.00105099658905596	-1.57635446963167E-4	7.70330999933439E-5	-8.2700863833337E-4	2.57209822253297E-4	-2.51141923729849E-4	-0.00105385773413583	4.1282534369003E-4	8.77890156467393E-4	0.00102678803590753	0.00161909812157961	-4.11445558327795E-4	7.73346926663224E-4	4.54595585680798E-4	0.00109252325214685	7.0681771073454E-4	7.96840784585886E-5	8.52999174352243E-4	-4.89875630996753E-5	4.6370404456039E-4	-1.67523313659784E-4	-2.32186504201416E-5	1.25446930753624E-4	0.00152817697569528	6.19448840406886E-4	0.00143155823257766	6.61029013652277E-4	0.00130270109373675	3.25195239084995E-4	0.00134716209455469	0.0010140946312941	5.73979943683018E-4	7.2970645918077E-4	1.72536164192389E-4	0.00127656544144984	0.00118417556750849	6.8749737733909E-4	7.26389806381199E-4	0.00128328814765021	0.00155283621495507	9.84340980664531E-4	4.84849929108924E-4	0.001207746703666	5.43193178666685E-4	9.59672008315391E-4	0.00173237296232874	8.28571550209024E-4	9.92739616756158E-4	0.0012233388506138	0.00160152263901398	5.17299354084427E-4	9.47565989489952E-4	0.0016516286003123	0.00145925178976548	2.00531282336457E-4	0.00256853402183824	4.65401555757429E-4	0.00149645371345357	0.00112910370373787	0.0011252770771123	0.00105638301821619	0.00207367811709727	0.00142958025515086	3.29065258841244E-4	7.57939408873339E-4	0.00208338531380789	0.00180885650294766	6.20369405902054E-4	9.55034275976736E-4	0	0	0	0	0	0	0	0	0	0	0.00269396160804719	0.00112792826550042	0.00192371387126657	0.00341490638725547	0.00238646042922868	0.00260232664798987	0.00259656957838444	0.00217497438884891	0.00321720040013915	0.00158914417640311	0.00224708158214352	0.00289338792947205	0.00311891113057949	0.00299623845448731	0.00230582573061573	0.0034961094277719	0.00451456592081549	0.004060395256801	0.00395739042931846	0.00425606699540238	0.004346908837519	0.00495769055071305	0.00450113715707189	0.00439019357933823	0.00450307326448467	0.00397630531857114	0.00474342101720533	0.00378790867791674	0.00470440660669127	0.00505557232396026	0.00638584226991938	0.00453219872653388	0.00630281196115414	0.00492226901555972	0.00416196686473278	0.0069041468501894	0.00644750400460045	0.00532227884312878	0.006031567787698	0.00491478725601512	0.00613379324353334	0.00689127881877353	0.00540838525947007	0.00589743672298037	0.00535743699525098	0.00553979211028228	0.00279351102369002	0.0058388554535036	0.0083608666736253	0.00713926936197848	0.00330205911182759	0.0040401209461981	0.0050628773860403	0.00389939689076826	0.00846495033339176	0.0051266872241663	0.00518312330549272	0.00615201240284937	0.01042181751364	0.00474562801720643	0.00761333242062099	0.0125639750245456	0.011062745820168	0.00841162350796575	-0.00514748570280379	0.0239198713350553	0.00853218762575676	-3.04678515284689E-6	-0.0201007702483176	-0.00400904969666336	-0.0319759877779795
765.351	-0.00861043826592143	-0.00607172221142434	0.00172570608855818	0.00647586577740403	0.00505488110690862	-0.00620627255996827	0.00161928305363327	-0.0063169302717741	-5.21552194146092E-4	-0.00597354995479029	-0.00318957585666802	-0.00245238463912036	-0.00221848511643399	-0.00300382573475699	-8.17694654522457E-4	-0.00257044391668343	-0.00506849838985776	-0.00313553331195284	-0.00528594237778223	-0.00292163499346128	-0.00454267780859326	-0.00266816377411768	-0.00604696095424995	1.38057472690796E-4	-0.00172470671929121	-2.5764484549411E-4	-0.00460587549916261	0.00486072699853043	-1.02216162322892E-7	-0.00236771888652927	-0.00194656926746783	-0.00449650692216347	0.00126494140301973	-0.0039297255163701	-0.00208752576020084	-0.00204597181705476	-9.47516513748693E-4	0.00401004112168731	0.0022116971948102	6.80207560902688E-8	-9.78753223014908E-4	0.00359341805069204	-3.85592496370434E-4	1.9129788169386E-4	9.57291117340211E-5	-0.00252777471781482	7.39074010018742E-4	-0.00336133383093297	-0.00178392782505061	0.00113683651409602	-0.0029084662108375	4.17204201786921E-4	-0.00121972371831584	-3.95742171722157E-4	3.85466287083108E-4	9.04061544481864E-4	-4.42003120095285E-4	-0.00101191042380437	-0.00284240797994831	-6.29808165234351E-4	-8.2627567466154E-4	-0.00291257315276372	-8.65083923764356E-4	-0.00222380663277088	-2.57168955500107E-4	3.15431907313581E-4	0.00136601939626726	6.11153049769047E-4	0.0019788701438999	0.0017065842029377	-9.22938091559453E-4	6.21942285072593E-4	-1.10995151657067E-4	5.43985243665144E-5	-0.00175927752172067	5.22560377085349E-5	-0.00143450907329768	-8.02601394593582E-4	3.93822823541022E-4	-7.72959901819341E-4	-6.63917523415962E-4	-7.8901497524273E-4	2.72948399747413E-4	3.10165357057783E-4	4.32526044498973E-5	-0.00156039755648257	6.16994007455155E-4	2.81093546300359E-4	0.00180211254965874	3.82267144495336E-5	-4.11216586134737E-4	0.00142450370366192	-4.64738868239566E-4	-8.39983927718907E-4	7.55840934708941E-4	3.70461198771898E-4	-5.27492687462405E-4	8.685020926338E-4	-9.45950155106314E-5	0.00135493914673459	6.02290133856258E-5	-8.34850932929987E-4	0.00110981926206664	1.78530118202876E-4	9.70657134647337E-4	-1.48664293049254E-4	1.70044957792217E-4	3.65407595834976E-4	4.68512815468204E-4	3.27247402896427E-4	4.26992563609215E-4	-1.99820772763336E-4	0.00140121930391835	0.00117500992468219	7.52611079356994E-4	2.90705935216547E-4	4.55578553773269E-4	7.08765723465801E-4	2.68278286655867E-4	2.40303559618866E-4	0.00189600256772313	6.12902098041605E-4	8.8034099771093E-4	1.89780138095244E-4	3.99127253949268E-4	9.48765154081841E-5	0.00166980579082469	5.520026277081E-5	0.00134069713615638	0.00102181828258423	-1.0809550015561E-4	4.00536664478701E-4	2.63611667897022E-4	5.17952459260914E-4	0.00152388200589271	1.51013632130242E-4	0.00132770126208941	0.0013698698017039	0.00118993910436176	0.00108757613373494	0.00221022657889768	0.00127951209653322	2.78819939438017E-4	0.00103494259145809	7.65855152367049E-4	7.8338637926583E-4	5.83633712767765E-4	1.23980275392453E-4	8.67159022977872E-4	6.08843620373955E-4	0.00169047219428224	7.55191679948069E-4	0.00152384937635535	6.6021950352811E-4	0	0	0	0	0	0	0	0	0	0	0.00167598739465728	0.00130631211818928	8.67034003370292E-4	0.00134713031885993	0.0028655828728993	0.00144131030612045	0.00224367709538103	0.00130794877878846	0.00231330294354794	0.00292053537401996	0.00295572998021604	0.00281950588357843	0.00271331970154498	0.00188305954157878	0.00255318814979117	0.00318923413700227	0.003744234841919	0.00358728400596554	0.00390879794550978	0.00357235159524191	0.00473688937621463	0.00475124966801542	0.00295198907578337	0.00416851242285469	0.00346273065818816	0.00351865195540542	0.00680048134764652	0.00381858998835956	0.00516261639691059	0.00320224339709083	0.00462910242199249	0.00435669878895387	0.0043033293738741	0.00354024321785315	0.003513340452145	0.00361146213461011	0.00385379464556002	0.00616004351973474	0.00582759550120752	0.00480463233717923	0.00623764972598948	0.00431523181780542	0.00728491182921953	0.00556021144827667	0.00404078934542534	0.00538591965559403	0.0071483744060326	0.0040813204100232	0.00509166540620836	0.00417055043883271	0.00449515716990485	0.00672085455627875	0.003632767905037	0.00403563190814526	0.00965130635497279	0.00436331065618695	7.4648967854256E-4	0.00892332376240343	0.00342761536201446	0.007126400287966	0.00946895016835139	0.00649054478260554	0.00260418409880088	0.00722868659520096	0.0192700570828851	0.0125615698580405	0.00324288650800833	-0.0188039639888612	0.0159064538285543	-0.00302961024406288	0.0307686308189866	-0.0445244876058771
770.113	0.00109153970879216	-0.00427979786092677	0.00349977005673787	-0.00113435664667634	0.00327160458207109	-3.82651696798985E-4	0.00255296998952318	-0.00408689165094934	-0.00616204588294302	0.00427459220159315	-0.00359211815490302	-0.00124225777591057	-5.19806155776743E-4	0.00253468460119871	0.00447654383972901	-0.00276519742226841	-0.00256700937714903	0.00238178558798935	-7.89150175811348E-4	-0.00249225298537588	-0.00444779645732661	0.00315165900260704	-0.00539854802354101	0.00532139972558948	-0.00483594013245712	0.00430833413330732	0.00116631710883984	0.00285134486065154	-0.00360055104894027	0.00378662714692076	-0.0048047943563742	-0.00143939225106974	-8.16357319818724E-4	-0.00261601108153692	-0.00233773996308652	2.17739176487152E-4	-0.0025594558961675	-1.04765634515763E-4	-0.00336137793773852	-0.00270644064454572	-0.00208208952769738	4.92099788880235E-4	6.84860923310105E-4	-5.8052660224942E-4	0.0014397874350168	0.00312959276343474	8.42865172861795E-4	0.00101131122397102	-1.6164593804105E-7	0.00150626198073347	0.00147231646172114	8.3871154203133E-5	-0.00156528331951595	9.61573249101691E-4	-0.00523381656796254	4.58007926632273E-4	0.0012688290012355	8.0495570304228E-4	-5.75875803016535E-4	0.00113428351579134	0.00397427665423053	-1.38140815731569E-4	0.00148303857132257	1.32340143568724E-4	2.60260511594032E-4	0.00115027554284267	-6.29038951169962E-4	0.00148544694641017	-0.00206578739143827	-0.00125301678295865	0.00216221673412287	5.73215865073402E-5	6.17854539921455E-4	-5.46856820247079E-5	0.00232242241637033	-7.94554210804914E-4	1.03472136952555E-4	0.00188076618133567	2.4916717987579E-4	6.36435023961727E-4	0.00129719533630853	-1.4102470364972E-4	0.00101269539959698	-4.48652500269046E-4	1.75681224317968E-4	-4.27167431544774E-4	2.08419805626386E-4	4.08027068692337E-5	0.00134933432911808	9.68522944642897E-4	2.65784325604499E-4	0.00173896870420115	-5.79516834259753E-4	-0.00166652736183015	-1.73875206745006E-4	9.21216917165933E-4	0.00133451349766007	4.88093733036638E-4	1.59286541086731E-4	5.92347718305088E-4	7.91333734715512E-4	9.9069384504429E-4	-3.84449347591067E-4	0.0013705587706573	2.01686527849099E-4	0.00145822095758202	3.1981915833696E-4	9.1255209563284E-5	0.00112332773881444	0.00109823680315454	9.88756810319419E-4	2.42344123788243E-4	0.00124915543429788	9.85932660111605E-4	3.50728510636503E-4	9.11565857151218E-4	0.00118091647311248	0.00143602014066876	0.00115834117921354	0.00106527779959345	0.00128182552981679	2.45876102644092E-4	9.52079529886598E-4	0.00111242814110396	8.98226153774198E-4	5.01928423345579E-4	9.64269820238748E-4	5.55917805392069E-4	8.77270391437886E-4	8.43272305852559E-5	-2.69946150359644E-5	0.0014610370393918	0.00112079417215083	8.65636767877953E-4	0.00213542020230804	0.00116889392266097	6.35171170320419E-4	0.00156733129612107	1.57917788714254E-4	0.00110142297937511	0.00121082630271688	0.00148627294611468	0.00118501699013827	8.73474522092959E-4	7.75959514547804E-4	0.00204476048575864	0.00127530663103115	0.00135094589070125	0.00100398254720417	0.00141784619214626	0.00243353472230946	0.00135330342823918	0.00180599842319141	0	0	0	0	0	0	0	0	0	0	0.0020762834508655	0.00143679247216342	0.00119358118438808	0.0025314611683309	0.00195688910019055	0.00115607318146898	0.00289520308683273	0.00257962939967827	0.00293073163400044	0.00160466839232289	0.00364725714709122	0.0027893367269753	0.00362831379668758	0.0031633159252351	0.00405071344461203	0.0039060585990356	0.00421869421431753	0.0047680098623118	0.00421224947214119	0.00454939356079415	0.0049972593418259	0.00382695830112095	0.00423727654510843	0.00482899444474315	0.00310261052190483	0.00475355535700713	0.00410228172733693	0.00437343394372385	0.00566250704845349	0.00544464583917395	0.00426487583013317	0.00669918965237483	0.00544031808402791	0.00369759862858415	0.00414424050263471	0.00544116877417902	0.00500477889119526	0.00533616324618228	0.00529734962669835	0.00502019114456885	0.00520443747169755	0.00411265017236023	0.00405580036706516	0.00460565609909094	0.00422478469839826	0.00428033033753077	0.00795361633875243	0.00849452042967178	0.00730594159578072	0.00640856255179763	0.00828517405682444	0.0042903812497894	0.00515247237320173	0.00900748866085767	0.00460241809504542	0.00390899992864836	0.00104641797859196	0.00691952084494003	0.00547978342561692	0.00679320301923267	0.00956830503914897	0.00207159543556134	0.0112373859634343	0.016784909060765	0.0113873080895021	0.012078657744547	0.00883194235633368	0.00903742914204152	0.00926344489028436	0.017302231059745	-0.00306935940125238	-0.0239503909189476	0.031496129426124
774.875	-0.00223803247355983	0.0205915825700196	0.00205091942291802	0.0116160236293677	0.00840944408501365	0.00567561723820269	0.0091766949587886	0.00237374377099469	0.00831831114681618	0.00932606894973716	0.00295269075788288	0.00838611986160212	0.00994468499921642	0.00538263658326874	0.00442872949276619	0.00418718283818504	0.00955948015153471	0.00946109234401671	-0.00323558787449325	0.0033609023254891	-4.73428512385328E-4	0.00786323404983227	0.00659046719708246	0.00388163771824574	0.00868832200121045	0.00335205959441832	0.0051914949530482	0.00292756558309006	0.0108216560215821	0.00972217252195328	0.00265628015601687	0.0040630403580731	0.00215350728126494	0.00829478967951763	2.28402247714375E-4	0.00425624359638686	0.00273877088317617	0.00449358308471767	0.00324260574960544	0.00720649699588534	0.00336156308349055	0.00252639845998551	4.02508188393995E-4	0.00358030035481223	0.00236656444481901	0.00155840037278556	0.00326730560066864	0.00245726176414701	0.00807363566921201	0.00327613452431167	0.00400414217480174	0.0025179612633078	0.00380580765199537	0.00362328866038812	0.0035295071011407	0.00391620264277468	0.00168669507527465	0.00518746032005907	0.00310500396419005	0.00524174146156536	0.00107367025090984	0.00112675420041559	7.61614262056149E-4	0.0019049324050963	0.00488147471613579	0.00197118867111634	0.0020673337696652	0.00286049318447281	0.00299465361636679	2.18779344306168E-7	0.00120052012737372	0.00329420629375346	0.00225021552776235	0.00339359781741332	0.00277389462069551	0.00228591733963677	0.00218516165502323	0.00292333304790376	0.00235582689349729	0.00110613739350111	0.00103650553584267	7.24920747950718E-4	0.00155942624912666	0.00119909857844774	0.00247435320852413	0.00254513604014672	0.00252452913576938	0.00225497085386391	0.00285329701332643	0.00210890953396786	9.72592501484326E-4	0.00296395807374598	0.00141262968515844	2.54830634921848E-4	0.00164429580873948	0.00112174596056753	0.00174773910224339	8.69893202851257E-4	-9.84029144718604E-5	0.00157023636627471	9.37764026681874E-4	0.00248504112038755	0.00115459489941029	7.69890961255483E-4	9.58103834590118E-4	0.0012910224540044	4.3000400445291E-4	0.00145204438011662	0.00164155259859342	0.00114929378663592	0.0012058170233286	0.00190974564892426	0.00130230516354861	5.58031217314688E-4	0.00167662401187858	0.00146922673867636	0.00100378023829808	0.00119988222030312	8.96549729901884E-4	5.14528600512483E-4	0.00135064135330361	0.00144560559141672	0.00172605287334522	1.32568657665927E-4	0.0017048305180001	8.59794934744565E-4	0.00165839919761996	5.13500305617827E-4	0.00241121020723041	6.61492806414479E-4	0.00124128285572369	0.0013893822465939	0.00156180687679202	0.0014273609990231	0.00240467555301805	0.00211286465770844	0.00159004376541427	6.8621078903242E-4	7.26898264753009E-4	9.38713285892388E-4	0.00137499479564044	0.00266295029913962	0.00142000863338387	0.00230138972362601	0.0034628060067165	0.00125384053861092	6.39233928107727E-4	8.38832884521945E-4	0.00157832143660713	0.00170925551392443	0.00148116805648928	0.00277930416227016	0	0	0	0	0	0	0	0	0	0	0.00260464000747426	0.00126872382023423	0.00185129897334556	0.00317143792958385	0.00191026342235394	0.00253876277142091	0.00348284450821537	0.00342101509437246	0.00343668546174109	0.00240815790713167	0.0035842272779048	0.00340549998440627	0.00354849197249333	0.00330346203270851	0.00386166064658164	0.0040261074606217	0.00403899029210501	0.00474432184364026	0.00492469756247467	0.00376134157142784	0.00447062446705687	0.00368728000106922	0.00562430384236347	0.00422801544892091	0.00476764584347301	0.00611167860219599	0.00643182311458427	0.00645896911217789	0.00735884209261795	0.00632136145479638	0.0061071041628386	0.00572869029874267	0.00523689526765309	0.00664275905088197	0.00559710168375738	0.00519810266282686	0.0071853550000399	0.0061772384266151	0.00507975971989561	0.00659412000266937	0.00701841294440724	0.00668196220320278	0.00664479929719133	0.00616811751894277	0.0100300780560974	0.00596622383857647	0.00834421744008255	0.00634623959523877	0.00665079021388801	0.00720256934197594	0.0110768810203483	0.0072335805333426	0.0122352753265011	0.00585816439772997	0.00755968579389221	0.00882443053128362	0.00658218383116285	0.0105136019580474	0.00736856772819109	0.0150516000844611	-1.54258044093708E-4	0.0105161557092229	0.010623643412859	0.0117596293263839	0.0189634559954008	0.016166294959453	0.0108129314694331	0.00616622679928427	0.0223622701582059	0.0195407003411844	0.00612410117467474	0.0291576073195362	0.00636242415395524	0.0307654366907455
779.639	0.00684404075665232	0.0092231583795616	0.0104513902913606	-4.73473180361432E-4	0.0066388500060772	0.00697072454267625	0.0041955828284166	0.00539057764261696	-0.00460152062517006	0.00576902772945141	0.00150208276627524	-0.00222570769307532	0.00813445655346257	0.00618483832879282	0.00242714888719998	0.00289330477199816	0.00922756320038276	0.00846820310069011	0.00197446009159501	0.00114008400522896	0.00833649921317522	-0.00455145305716745	-0.00137415721954359	-1.47701772369728E-4	0.00308786487600186	-0.0012283410135845	-0.00162601917973793	0.0023031668266111	0.00550907021275741	0.00171550014537338	-0.00206139139858011	-0.00188054822363435	0.00268041543646082	0.00547027419513435	-6.98322798882333E-4	0.00250916165055033	0.00267613452085736	0.00359316543854799	-9.58614448284431E-4	-0.00115281226513795	0.00145282669294332	0.0042170931472243	0.00132792083283594	0.00202427138214607	0.00471332791653431	0.00426345597041031	5.87207928573943E-4	0.0037515632166086	0.00670673047689418	0.0042610391819555	0.00289846013578953	6.1848665756341E-4	0.00180776230681031	0.00410638897420107	-8.17055510908053E-4	-4.77405233035772E-4	7.79696391492383E-4	0.00505076673562637	0.00338577007626976	0.00303840941281949	0.00174964092128182	0.00186425925436621	0.0010571270893997	4.14870682955837E-4	-0.00108912782438709	-0.00127191684150104	0.0023016512959214	7.11826051960409E-4	0.00165101976006383	0.00292862334207214	-0.00152735220477421	-5.38874497394413E-4	0.00246664181090593	3.4556453614146E-4	-6.77210519499736E-4	0.00332388755101926	4.33633743920345E-4	-2.65375060863441E-4	8.86269923027248E-4	-1.02155208148796E-4	0.00175789587324242	0.00147462391286821	2.89296364115553E-4	0.00309850739923669	-1.37360115272335E-4	0.0010272901712574	5.22507334767902E-4	0.00208272022270115	0.00116169525377223	9.72046913659166E-4	0.00114809244273592	0.00127654147142083	9.08231474052295E-4	3.70192738939231E-5	9.82284918434636E-4	0.00221242203629916	9.76802957423127E-4	0.00122624762563544	-5.68185390204689E-8	0.00130477697886375	-5.72587208678335E-4	0.00234689650065414	0.00169143482489459	9.73278965011605E-4	0.00110698613306674	0.00155026316998674	0.00234317632730443	4.84160192556441E-4	8.80784731107693E-4	8.0150412560413E-4	5.81486022936401E-4	0.00147901754262407	0.00132555242464315	4.62218400917384E-4	7.81688056407561E-4	0.00133421296051363	8.65613797681462E-4	7.65198898688968E-4	6.45099528102093E-4	0.00108053800351722	0.00141058096402376	7.85330981603059E-4	1.0681770835336E-4	0.00125234429112963	1.65254837505066E-4	0.0014231081729646	0.00146999902034245	7.83511163788375E-4	-8.88340877235782E-5	0.00137460563984365	6.31657230101185E-4	0.00124443167028337	0.00139435512397688	0.00246697010421469	0.00172142966327704	0.00122142546511069	0.00188374393955401	0.00118140387593934	6.85780549340957E-4	0.00185306314745952	0.00209892877809268	0.0015532327784168	3.83652019720902E-4	0.00179538803258837	0.00199648882891763	0.00252038030194503	8.45170273794237E-4	0.00223433546829804	0.00203142928558529	0.00177199783435221	0.00182173659236766	0	0	0	0	0	0	0	0	0	0	0.00202534479415203	0.00312075298647653	0.00230813173855501	0.00322195748167662	0.00206166293040625	0.00178240207438394	0.00215347446963438	0.00268569247492944	0.00222328776130472	0.0029908723761722	0.00319752177996454	0.00370158534581604	0.00303975957200229	0.00307678782838659	0.0037124864902171	0.0036869643422307	0.00499974034380403	0.00446992319001931	0.00468956566820386	0.00430472005059187	0.00535427215203433	0.003963485412294	0.00453370236331025	0.00464734510409597	0.00458947922389139	0.00596083255553957	0.00501689145707297	0.00421587524701453	0.00544945858569982	0.0068780206139213	0.00672922702991208	0.00681554010836246	0.00609799840501818	0.00606987781674569	0.0058870276257905	0.00659246724190209	0.00499949126933767	0.00709996961164825	0.00668356905819385	0.00571492856630553	0.00553860761263056	0.00607454107725666	0.00634771008281715	0.00864855206354749	0.00693944893243508	0.00736696972236175	0.00441675159975353	0.00855693077212988	0.00948307810993727	0.00633275021658808	0.00416736393806673	0.0073533071941338	0.00692928698337562	0.00805800290549895	0.00606047968665331	0.00880950109322349	0.0123005866527501	0.00510845633010836	0.00997176650897435	0.0123622955277766	0.0064440399536972	0.0089957349784911	0.00456389425783781	0.00766570943263659	0.00177459232593445	0.0105288247291866	-8.59434440801754E-4	0.019758101209367	0.00702161041570557	0.012451987637298	0.0352127245455126	-0.0093703381171772	0.0264702140456041	0.0619087442969288	0.0815789555070553
784.404	-0.00665967606956674	0.00596348214423429	-0.0029179393443382	-0.006959373690131	-0.00543200747157348	-0.00384216213009872	0.00232498950454284	-0.00150926737992297	-0.00691573647593772	0.00207860787317007	-0.00514925697973869	-5.65359249646361E-4	-3.66086359228353E-4	-0.00269193202223237	8.78553799791042E-4	-0.0126230380140826	1.69469008770631E-4	8.43054641766232E-4	-0.00585071328713639	-0.00297753887401638	-6.50564455602161E-4	-0.00446164093840821	-0.00448746330838595	-8.89294249607614E-4	0.00228235453910901	-8.31807317405767E-4	-0.00495288313578826	0.00123611164479606	-0.00613788896985701	-0.00495739839948241	-0.00248536368122089	-7.63451335286944E-4	-3.70549298345209E-4	-0.00193230285547394	-0.00141798687041993	-0.00162027110862917	-0.00543452715909995	1.10956722489278E-4	-0.00259494329391107	-1.06399261201264E-4	0.0028417277292983	-0.00240230500458006	-0.00207229233288663	-0.00174765959166984	-0.00448092313543689	8.05628555606811E-4	-0.00208544436479897	-0.00214896727939987	-0.00441211812534965	-0.00291607364797518	-0.00303521701151773	-0.00143587968115163	-0.00393418084054286	-2.54714356624958E-4	-6.63021271804554E-4	-0.0031575432174211	1.57351384925948E-4	-0.00271979393985913	-6.87319810130194E-4	-3.76358249825498E-4	-0.00236878421666958	-0.00123820866483572	-0.002862488730379	-0.00337656138549979	1.38438419720936E-4	5.44216132434054E-4	-0.00393975879133336	-2.62904378483232E-4	3.86941528789746E-4	-0.00158234762512112	-0.00142686230640787	-0.00170233715702181	-0.00101383202930998	5.25764074468032E-4	-0.00183527600995933	-0.00179995565066824	-0.00121182516455789	-0.00194240952476297	-0.00105910941131212	-0.0014549601016476	-5.09949080596358E-4	5.98637851709798E-4	-5.37414895866989E-4	-0.00123946060054941	-9.3123216740117E-5	-2.67215071148354E-8	-0.00114981189536386	4.28613505176657E-5	7.58354673301179E-4	2.05640414165238E-4	1.20427541446969E-4	-1.9652267613552E-4	-8.83865049441321E-4	7.90390315001415E-4	-0.002364326760814	-3.25934187019385E-4	1.42039677986786E-4	-0.00214482435493663	-8.45871334366268E-4	2.65093692506549E-4	-7.75494811925358E-4	-3.71301873684664E-4	-8.44345551513994E-4	7.13895435199358E-4	0.00165902061169432	-6.40889047434206E-4	1.56985039442077E-4	-1.97120750946158E-4	-2.52002287278249E-4	-5.0589054097141E-4	-2.18647565083608E-4	3.86321630634851E-4	-3.61886252521238E-4	-1.80635221300753E-5	-2.43327528382417E-4	8.93313772889209E-5	-3.02562974742057E-4	1.34482323837724E-4	6.43742472027175E-5	6.16810976128972E-4	7.36865885518418E-5	1.18961700116995E-4	-3.43282047328689E-4	-6.81625517501536E-4	3.56777514962896E-4	-3.54837058553972E-4	-5.80767823590434E-4	-8.86448673716881E-5	3.0029754261545E-4	3.85809436520779E-4	-1.16678940382506E-4	-5.74152681378402E-5	4.81090410221304E-4	0.00108546347689524	6.28054208728575E-4	-9.96916535934973E-4	6.46496419453142E-4	-2.18474455363708E-4	-1.10922229284923E-4	9.11861238044609E-4	2.77872338787057E-5	2.29443351617018E-4	0.00140713296683596	1.85203104635965E-4	0.00136196844579852	0.00168439554431394	-4.29173754898672E-4	6.0069217240296E-4	0.00206306998366646	0	0	0	0	0	0	0	0	0	0	0.00123370663425772	6.80669767825117E-4	7.60645207939184E-4	0.00106556347140715	0.00181364915840484	0.00152486815755645	0.00195574159523135	0.00128881634001649	0.00317069395001475	0.00218169614902392	0.00220348599398345	0.00124732585500717	0.00243515834782293	0.00129793247757818	0.00238267059424008	0.00217340815199604	0.00355147616216882	0.00198245716227594	0.00260765179524425	0.00313794031856453	0.00328797331744268	0.00310579547715539	0.00415106034274016	0.00521673811184427	0.00368886127800356	0.00296892183779531	0.0030205215308737	0.00281110026919258	0.00295463671072327	0.00504743581272202	0.00389129201906549	0.0033273141209428	0.00504056207563116	0.00269935330150413	0.00425682025987476	0.00292367033895371	0.00516968641161363	0.00516530513201641	0.0036805326045963	0.00317032063409759	0.00160741351965267	0.00391535858572489	0.00233502433390923	0.00355299901122359	0.00511548409304005	0.00393944965384049	0.00369049170768004	0.0050067220299683	0.00467062558997784	0.00217335475466941	0.00425597158429738	0.00628219810327193	0.00203708447619385	0.00564137646958704	0.00747683355922791	0.00381255454291301	0.00820617960233249	0.00401104963855481	6.49887821745271E-4	0.00218949393120778	0.00382765464289466	0.00707964070691214	0.00392590219908382	0.00160251146926177	0.00890750256729584	0.00418865554689209	0.00607632361140615	-0.0045816150341028	0.00605493580972516	0.00789424944661567	0.00863072907801779	0.00697886619585283	0.0026041790980635	0.00380050583365083	-0.0171048014893523	0.00552517991320781	-0.0701966899706396
789.169	0.00263252727983678	0.0111705068469064	0.0123250819236191	-0.00315045153049472	-0.00307616188691145	8.15367346440823E-4	0.00918748227907199	0.00781143560918355	-0.00528387520985275	0.00858788439536501	0.00616045872672454	3.80310526442052E-4	-0.00148359134531586	7.24148783616944E-4	0.00480166272481259	1.78891510733087E-4	-0.00189196380124816	-0.00306436781134774	6.74403816873232E-4	-0.00283850636658169	0.00279254103114195	0.01029815281878	-0.00234594805823542	0.00330159423155756	0.00402908481658828	-4.19935709855539E-4	0.00125011711923196	0.00138878969939674	0.0045466417436636	0.00473515633712045	0.00422610642817078	6.42369934333142E-4	0.00337235900223782	0.00146397040910151	0.00644257793835604	0.00420854601124897	0.00205787951557077	0.00446569622551147	0.00229247989914286	0.0040827960426744	0.0012764748147472	0.00147713841214117	0.0038728431264352	0.00217986566125642	0.00442210754417114	0.00528623339753495	1.00450366514521E-4	-7.89368357927454E-4	0.00358339410838545	-8.55139816861608E-4	-6.50409960417729E-4	0.00317124017684847	0.00176549123503539	0.00326521862952393	0.00569277282702268	0.00114612904819153	0.00327969080494943	0.00125543992233623	6.16767559353626E-4	0.0029632750240014	0.00545679054174305	2.94456053885755E-4	-6.50330693297655E-4	0.00170442099365434	0.00481539926495845	0.0020555764490511	3.37145254142284E-4	0.00411308483334563	0.00468785403174957	0.00153347303420504	-4.38476576253543E-4	0.00159633853076159	0.0013247409299782	8.85512117574035E-4	3.47824415225672E-4	-5.66261192233509E-5	5.51020092725201E-5	0.0017431612284847	5.3741288358726E-5	0.00125918086458788	0.00102996696842118	9.58222834113738E-4	0.00138074518304885	3.85238211953092E-4	0.00145548083183471	5.03769122362397E-4	0.00120577644680215	-9.15097721326757E-4	0.00119110788726429	-8.30696635363561E-5	7.71237168428207E-4	0.0018639414576724	7.75709779777258E-4	0.00171025611001127	8.20590807627147E-4	0.001865825543559	0.00157399611456243	5.58803581085596E-4	0.00228957285832716	6.02129008033745E-4	0.00254465392694625	0.0017494984348711	8.22902740786664E-4	3.04763806148127E-4	7.02731827179419E-4	-1.61400912565787E-4	-2.64196753543246E-4	2.2317976758406E-4	8.56985016734755E-4	8.21831129420497E-4	0.00112594312207519	0.00106127082388403	7.09996923159507E-4	3.642223678777E-4	7.35372722388792E-4	8.71887038279012E-4	-2.90903417550537E-4	9.65249179660588E-4	6.61134421953367E-4	1.72851227035142E-4	7.98206314798526E-4	0.0020923723677327	9.76937291337903E-4	0.00105443318167842	6.01572273291489E-4	0.00123016313712262	0.00111667124518091	8.93126139981356E-4	7.27688523775588E-4	7.80131038551401E-4	0.00129565165153022	0.00136287328524065	3.71807133505961E-4	7.8692177992712E-4	0.00179250689052878	0.00133395734611647	4.35686048864855E-4	0.00154170014577597	0.00146084854751462	7.77530806796582E-4	7.45830020257509E-4	0.00141895009871652	0.00102794989566775	0.00168482059324353	0.00166312462726848	0.00150491755256471	0.00103362419732802	5.72365431844434E-4	0	0	0	0	0	0	0	0	0	0	0.00170739006751466	0.00263627377093382	0.00240555744734843	0.00110941623625543	0.00325621841889096	0.0023948059468937	0.00307919974953503	0.00205819223576765	0.00135681167779733	0.00309114389819654	0.00319423511803042	0.00304874841740401	0.00194353392590244	0.00278618687994213	0.00371333514965656	0.00319871399826597	0.00296252413676518	0.00328180564456415	0.0031414897264854	0.00274492047863923	0.00271580631123594	0.00329135315013215	0.00455860842213858	0.00395476510662228	0.00454519834370402	0.00421744850755956	0.00388131274134588	0.006360108607674	0.00591092747404234	0.00593271374305937	0.0061151719916828	0.00533497541486858	0.00609230643443649	0.00467517834479609	0.00522144655073278	0.00527472927153303	0.00446796034343968	0.00513836475723265	0.00421400757244842	0.00717636308893198	0.00451676657816212	0.00712298559275425	0.00464991582628146	0.00437890858866853	0.00667674501791603	0.00594012477433116	0.00387118706966047	0.00440350229399998	0.0058883436086971	0.00641516565162389	0.00299258571623732	0.00380538663926351	0.00514967795978052	0.00862384335989642	0.00477518233467921	0.00808149967622245	0.00431822630560557	0.00769328704908939	0.00840953590708074	0.00547932563859405	0.00931403864874165	0.01159551126697	0.00660962139649299	0.014826864552551	0.0100323977070571	0.00485822126378835	0.00544208634270485	0.0190894624276219	0.00693964404355123	0.0116300426361474	0.00364506762115773	0.00909243944774302	0.0233385537348392	0.0141239138515031	0.0275200905987892	0.0197380558236044	0.0278359912434586	0.0660000786869339
793.936	-0.00962172138132319	-0.00530961929410788	-0.0107449255417254	-0.00298645785620128	-0.00451607466208357	-0.004622115535256	0.00261286287525988	0.00999569335882815	-0.00232983083256911	1.94225493682361E-4	-0.00297023244467405	-9.78689355497131E-4	-0.00533777750673501	-0.00335475799981429	-0.00438836061268262	-1.84198939878925E-4	-0.00353852500291802	-7.00450185258111E-4	0.00451615763730315	0.0015450442889703	-0.00422613260556605	-0.00264877868995192	0.00289344622997259	-0.00231492211388403	0.00296253364095073	0.00446164955950795	-0.00285791854925117	0.0024293191271777	1.37007604022188E-6	-0.00417465072462148	-0.00108635360411242	-0.00317118225648946	0.00244139569383667	-0.00526715481967332	4.91098272034964E-4	0.00144394911368393	0.00246947600229034	-0.00654741186051446	-2.24662261506745E-4	7.73708134872642E-4	7.64500870464905E-4	0.0034707642463459	-0.00172238169958162	0.00149414511760441	-9.51733517472681E-4	-1.04615808172605E-4	-0.00629153858618219	0.00152182841688247	-0.0013947388093702	-0.00283343715950155	6.68866578504726E-4	-0.0019578724575836	-8.17591856213524E-4	8.8440839157232E-4	-8.6152418240701E-4	-8.41862366141297E-4	0.00180977536166359	-0.00161408472314711	-0.0011104128570829	-3.12740706576766E-4	-0.001384182040583	7.55126262279684E-5	5.94623817900018E-4	-0.00314114472334489	-0.0042353485689284	1.41805358392009E-4	-2.0797121274882E-4	-2.04702242327884E-4	0.00227781065322011	-0.0019069965384947	0.00103078052803999	-7.57756849525984E-4	-8.05032427567121E-4	-5.46424196379319E-4	-0.00339411607875395	-7.01086064098548E-4	7.44000892277743E-4	-3.36106142443682E-4	-0.00181463501677205	-5.40262304929244E-5	-9.00513981552283E-4	7.78018346650496E-4	2.53549636612892E-4	-0.00113848183949902	0.00101366612855921	-0.00221406765957744	5.51100323806824E-4	-8.96441944431901E-5	-4.37583040532927E-4	-2.13573261957409E-4	4.17753904388466E-4	1.22248279500843E-4	-0.00107733176338457	1.17313355668839E-4	-7.67445540411052E-4	-4.89381224835365E-4	-1.4685788481728E-4	-6.47146109773261E-4	1.05415216454205E-4	2.22691047156492E-7	-3.35528418164427E-4	-7.07074569474152E-4	-5.74471632802093E-4	-1.42525831367112E-4	-1.66729409603341E-4	8.8689868829146E-4	-4.89256059611177E-4	2.56446526032071E-4	-7.11352965390909E-5	2.28396961302129E-4	4.76861907360542E-4	6.24259467437271E-4	2.50348695861999E-4	-2.81269123258916E-4	-1.51667521216832E-4	-2.16483260173375E-4	2.39452466591474E-4	2.16978532771927E-4	4.30816114814085E-4	1.59299463289556E-4	9.62271655736046E-5	3.30503735606697E-4	-6.46066839582143E-4	-7.03506511245625E-5	4.20484280287186E-4	6.84905757895741E-4	-2.86430018189833E-4	2.75287834245887E-4	0.00162146334298579	-6.47192062812531E-4	9.38927921219965E-4	9.54422767514308E-4	0.00129388899416296	5.80416917807263E-5	6.8078940001824E-4	6.15918151770222E-4	-4.75378285013634E-4	3.11216385969988E-4	-2.30788431201124E-4	-4.35497794614026E-7	6.53040612547828E-4	-3.57078100269671E-4	2.79493640572742E-4	1.60715371282795E-4	0.00108568430750836	0.0014467623304557	-4.11637896485232E-4	0	0	0	0	0	0	0	0	0	0	0.00166351016296018	0.00109012298140754	7.74805442345115E-4	0.00123729786145894	0.00128749076106236	0.00116516610419642	9.27198679962157E-4	0.0012383829473322	0.00131607299045349	8.54504687443089E-4	0.00136271483070771	0.00158622104584363	0.00302346996438485	0.00132350648081021	0.00289455455598493	0.00219069363298579	0.00168743684962969	0.00268044751075405	0.00295021144399851	0.00311720176682857	0.00391884406911942	0.00430692447755421	0.0038860497383101	0.00325534974342381	0.00309677915400297	0.00396328156303577	0.00408478454135578	0.00366779397329168	0.00443909291068826	0.00422521104558474	0.00423297012258887	0.00455531974093453	0.00463525341139672	0.00501329677176073	0.00442077610756682	0.00446281161332854	0.00345666186936213	0.00381639164167486	0.0036497709149136	0.00321890154440699	0.00531676967087149	0.00428538675462917	0.00440547913937662	0.00530988673961861	0.00301969913304204	0.00415152647072902	0.00563192727467475	0.00204627766942724	0.00255530495313035	0.00256952202731532	0.00291108290292714	0.00437601842823791	0.00717510562832319	-0.00115081795232766	0.0058591468390214	0.00637647639087005	0.00228361563390275	0.00338069344996637	0.00416060331728762	7.45328088113179E-4	0.00902607079452015	0.00730449217134123	0.0043604901801331	0.00499496268313409	0.00860673793477354	0.00832229839855352	0.00425486088353868	0.00227722926670298	0.00467508444519078	0.00449481788136675	-0.00538465695675986	-0.00444691258950041	0.0151986880118956	-0.00679441183878823	-0.0140095801426054	0.0125206391264111	0.00338417635858592	-0.038977135227556	0.139061146168532
798.703	0.0059787154071012	0.0120140322805166	0.00712570985649071	0.00346816414254441	8.96865720861762E-4	0.00939524083292851	-0.00119965151882567	-3.89994613982485E-4	0.00578935014059849	0.0113170131764714	0.0055118628150625	0.00680893613231584	0.00663316126933331	-0.00111077630758442	0.00618041587905815	0.00463992130616462	0.00123171622188307	0.00835525867130029	0.00310726288555634	0.00751389461742206	0.00487360991928325	0.00674607035883114	0.00447420314779554	0.00568148890207374	-2.95736959565699E-4	0.00586602110277931	0.00426167323475554	0.00326660882319783	0.0071863930119917	-5.54120264244903E-4	0.0043206746096453	0.00591255053272555	0.00395896835068372	0.00311791749509836	0.00231780285997791	0.0071733333125322	0.00339004749103495	0.00273998075742427	0.00424202852678153	0.00384530178469935	0.00445717465565185	0.00398956454186182	0.00470851694558895	0.00488167540655541	0.00578240508104393	0.00322240209854468	0.00194834784230994	0.00383183437654901	0.00128740104940422	3.88690763892763E-4	0.00123434093849382	-3.70809354302172E-4	0.00126371948050547	7.02554692233364E-4	0.00573603347676548	0.00459697507964075	0.00327206816725002	0.00104295475732806	-0.00126288479694745	0.00178689146431936	0.00191081550290209	-3.34837286483578E-7	0.00103442272419894	0.00261431947402967	0.00520948833110229	0.00245527887080081	0.0032403860074118	0.00169578457497044	0.00233034081562444	0.00405035675130225	0.00230583291294819	5.02130371587639E-4	0.00129302450091728	0.001328174135658	0.00224939741691631	0.0025554573850167	0.00409494745522229	5.57415286584988E-4	0.00388017186915197	0.00187794242862692	6.84699784072993E-4	0.00273141265623915	0.00287347596636922	0.00157507872945944	2.40437680707222E-4	0.00131119342498212	0.00278541303330426	5.34777079297007E-4	7.8295207335297E-4	0.00123143692449627	9.1285600510416E-4	7.30041832465128E-4	0.00122973216816158	0.00112698762979189	8.39120770453513E-4	0.00194531229055583	0.00248684268392017	0.00210803123763367	8.73500947673596E-4	0.00150479434209559	0.00166782314809122	9.26526284667504E-4	0.00102186185852305	8.21916370024838E-4	9.3943666873379E-4	0.00121252733031075	0.0015657908418634	0.00121961061114872	0.00142083894509585	0.00106764357456074	0.00112875846326122	7.75286814522086E-4	0.00128642744457009	0.00162125574062126	4.1764800250834E-4	5.99498708786467E-4	9.81917057517668E-4	9.41290897571469E-4	9.05781516672401E-4	0.00114971320477356	6.83531192162367E-4	0.00133653216195197	2.8899220730133E-4	0.00117068778902026	9.34237941751139E-4	0.00159579443420899	5.43771689201623E-4	8.20380168323567E-4	0.00189111095349677	1.53383572918643E-4	0.00270973263117887	0.00201642712162432	8.18612713962362E-4	6.89674165167185E-4	5.92088374661498E-4	0.00167017798213281	0.00180831032668412	0.00191431472415064	0.00140599517148261	7.65388897060429E-4	0.00152323741223289	0.0023386229807573	0.00247327279928759	0.00181822096094789	0.00117747026064466	0.00227450932801356	0	0	0	0	0	0	0	0	0	0	0.00245847994159557	0.00238860510739498	0.0014448788775095	0.00148116276172545	0.00304534533129202	0.00203615287591987	0.00332980075661983	0.00276547100124643	0.00220431964638615	0.00253121027870002	0.0020101916917781	0.00225775301969369	0.00399832124208174	0.00221842230910278	0.00307958920914809	0.0035477310285004	0.00360161336573007	0.00355043460755586	0.00451587046581341	0.00386378539911062	0.0043484913072689	0.00535655880201589	0.00549642008517132	0.00380448205601418	0.00430499016118242	0.00389315752155355	0.00492480442990238	0.00478455890849163	0.00513081848009766	0.00647044750220522	0.00536132350224968	0.00596119574116012	0.00539068627848926	0.00549222421605728	0.00332191337918346	0.00373847418372058	0.00526103481464216	0.00727258976156355	0.00815869516821498	0.00662995964037243	0.00477835782590983	0.00567831414199239	0.0066814385091142	0.0053934064644491	0.00603963988112655	0.0049702078120457	0.0053497802903727	0.00575727256239346	0.0085737122885162	0.00548532126232867	0.00529112015985495	0.00720178537092198	0.00686506856936356	0.00569210944797502	0.00595271446836551	0.00258960996225446	0.00976497694362987	0.00871786554168093	0.00902571110067896	0.00927823212739444	0.00711144539280881	0.0109862419278661	0.0101189734313626	0.0117297629466127	0.0079980462848231	0.00795575470511041	0.0147255941011589	0.0112213464498952	0.0160726436386716	0.00790236206686474	0.00998680947344789	0.0101117606358429	0.0122185160915218	0.0189882836015902	0.0454806427748021	0.0299588363910279	0.0209382660797967	0.0479356874406921	0.0751684540599255	0.0789244392778825
803.471	-0.00515899661367046	0.00308010099203459	3.11796656790135E-6	0.00837232983806518	6.77887514053231E-4	3.15686249866889E-4	-0.00299799668004672	-0.00599438322326765	-1.45013560716134E-4	-8.7916696465393E-4	0.0020679461460841	-0.00569298742886845	0.00327121917841106	0.00278194504562327	-0.00245711091391221	0.00294177672306314	-0.00329933863046624	0.00404917404337817	0.00388711033643216	-0.00115384316703057	-0.00189053468481331	-6.16524008567859E-4	-0.00827661596304861	0.00126809499038197	0.00143718155098761	-0.00139566054934947	-0.00362361445680475	0.00202431760586739	0.00158614989848302	0.00456756297909343	-0.00313996149381425	6.90943927041309E-4	-0.00306599964430607	-0.0040229819977439	-0.00274601647729644	0.00188370843114368	8.74580110378594E-5	9.42466258139664E-4	-1.672951150901E-4	0.00123647804867731	-0.00285568782150404	-8.09538303269752E-4	-0.00192624861918169	0.00135349951627239	-0.00141966502797531	-0.00101387365922184	4.61372031031416E-4	0.00143838576841204	-9.65913093921534E-4	-0.00204022427128704	4.27851238633044E-4	0.00187762690290133	-0.00162489320523391	7.91501788556733E-4	8.35863679044741E-4	-0.00169406920095797	6.11230694792907E-5	0.00276927167219209	-0.00106488079478045	6.41155389463261E-4	0.00298268062918794	-1.68791526924259E-4	5.5437590169941E-4	4.90696596507787E-4	-0.00358721820155424	-6.84224426423475E-4	5.69122739306167E-4	-1.28051334254558E-7	0.00189865726372537	-2.93076470226057E-4	0.00148966167499037	-2.82788082408211E-4	8.31662567032365E-4	0.00131320895565982	7.0998563576432E-4	3.48445125834266E-4	0.00102444068006612	-6.68676800823965E-4	-7.38286613692901E-4	-8.05051983223463E-4	0.00150108874890849	-1.16620867563066E-4	-1.52151794464219E-4	-7.43851475606538E-5	3.95991423079869E-4	5.26951416900065E-4	-7.88114016825776E-4	6.01609845146044E-4	3.26587464811333E-5	-1.27433197379529E-4	8.71255679921294E-4	-3.95476571518745E-4	6.25217000282849E-4	7.87277092077471E-4	4.29179722141502E-4	3.65090135150465E-4	7.96052349680644E-4	-0.00125962586755628	-2.0965041577729E-4	2.05916621603081E-4	1.25066046727849E-4	-2.374791085053E-5	4.96417511781849E-4	6.16898858407634E-4	2.90123241689745E-4	6.19689335189584E-4	-3.44673739303739E-4	9.35262038237573E-4	3.20269589872964E-4	-2.8964747161233E-4	2.70897405948926E-4	3.49316042884174E-4	2.49346765937082E-4	-1.11631549547483E-4	7.78112951449601E-4	3.57532959658758E-4	7.81274539755288E-5	1.49820956737426E-4	1.36038092223505E-4	-9.26339448515572E-5	7.10643936616623E-5	-6.25231532346455E-5	9.8704739440289E-5	1.70712455108179E-5	5.71099318894859E-4	1.36807974436164E-4	9.40882814052813E-4	0.0010488385246614	2.5538894373259E-4	-4.14373206678129E-4	-2.48635258598031E-4	-4.22526082510217E-4	-5.92427134021502E-4	-1.50852414850842E-4	5.92333638532061E-4	3.34017015574942E-4	0.00131425436699346	8.44215969690106E-4	0.00152885570074765	-3.53516839244923E-4	-4.02142509399829E-4	7.10672470123554E-4	5.33114573226991E-4	0.00102923732811366	0.00120212812933073	0	0	0	0	0	0	0	0	0	0	-1.65454546672187E-4	6.07083305659139E-4	9.42130264146344E-4	2.03261003425562E-4	0.0017780566686014	2.19731255350387E-4	8.29299953521456E-4	8.47387815229707E-4	0.00116719740318346	0.0015033380160463	0.00206984054877561	0.00138072807397693	0.00146100016060568	0.00181681656352789	0.00149631979031222	8.6115741608341E-4	0.00197049195538903	0.00226234782784053	0.0023072717004588	0.00208347317743691	0.00272984715693577	0.0025800232778374	0.00214911517019371	0.00299525163320181	0.00239329608123135	0.0027174122039576	0.00326097376754697	0.00263246058356385	0.00337720406872961	0.00355936091532118	0.00296285338172819	0.00315164529519724	0.0032888612613756	0.00299310312698348	0.00298678010721774	0.00419243056386878	0.00297918760892703	0.00271002684414101	0.00359759731916213	0.00333612393906012	0.00403524608265318	0.00348918794287542	0.00353944495522588	0.00285971947154245	0.00294012902642382	0.00278339876515071	0.00372947418163635	0.00363164026301549	0.00348713121822854	0.00387594954343111	0.00333617850738462	0.00360463283796681	0.0030874028436159	0.00229449169561205	0.0050265717695483	0.00114508123457183	0.00200285701422011	0.0016708199905266	0.00476997033536559	0.00583561480872713	0.00453967447085927	0.00923983442817232	0.00319383660716923	0.00670050545129716	0.00392197986753799	0.00134372969367075	0.00168917199401243	0.00372425034579808	0.00841632487171769	-1.54809016538713E-4	0.00313598996629803	0.0183380589420129	-2.22542311954656E-4	0.00662833430742683	0.0136663805564472	0.013179397372501	0.0124538279201226	0.0152376859351145	0.00946480625836195	0.00687054254007267	0.0506770940759031
808.24	-0.0047092276177837	-0.00461704018891246	0.00534529647434275	-0.00186065925242853	-0.00117788903892284	-0.00282173191237781	-0.003599554922453	-0.00570030484733027	-0.00275135546562036	0.00263441230185758	-0.00324996538305588	4.37990109912329E-4	-0.00170610775057545	-0.0045883735408517	-0.0042279971528333	-0.00455277918739313	0.0027709444792897	-0.00169813801161021	-0.00298061366959292	-0.00102502543700149	0.00189188842249726	0.00296302208627959	-0.00167856875725159	-0.00103647159520634	0.00143557888437057	0.00354261963094157	5.33116788127184E-4	0.00319636674378949	-6.33171892223406E-4	-0.00851213899579197	-0.00151961707827365	0.00108481179057524	9.58435246613623E-5	-0.00224438516936522	0.00109840724338955	-0.00215298213343942	0.0020173144717871	1.71649733417609E-4	-0.00234562966194038	2.47273001746548E-4	-0.0047304513260819	-0.00137532858911081	-0.00224799195886334	5.57825241754898E-4	-3.15572130061396E-4	-6.2401710901788E-4	-0.00269274771709303	0.00121101194287944	-6.6874385903305E-4	-0.00422668314811284	-0.00121133394761975	-0.0034071722624562	-0.00237126534539169	-0.00197801763243958	-4.49549093089031E-4	-0.0018816569949552	-7.97793870948182E-4	-0.00301015380606533	-3.55559951555832E-4	-0.00192363652740919	-5.16597484560843E-4	-3.94890899225983E-4	-3.88079926053606E-4	-1.02949330092595E-7	-0.0016598480030498	4.72912336781624E-4	-8.79475106933531E-4	6.6177894374756E-4	0.00244826378180443	6.86350937641002E-4	-8.65052256433502E-4	-7.06530533476102E-4	8.3164360254944E-4	-0.001585194516085	-0.00106558906687891	-0.00122010956390567	0.00119496622085418	6.26699091419281E-4	-0.00102514349896217	-3.62201477875985E-4	-0.00173828970285242	1.5433375096447E-4	-0.00113470359705611	-1.48104954221628E-4	4.32125260438157E-4	5.62187899256473E-4	6.50936746944366E-4	-0.00123711119627536	-2.61092744509645E-4	1.5928832299934E-4	-3.11655622785138E-4	-5.47531482728934E-4	2.9763247918734E-4	1.74925494625609E-4	-9.15770352291051E-4	-3.93147560883477E-4	-6.86188728074809E-4	5.36256120908186E-4	-5.5064065958117E-4	-7.72463021705579E-5	-2.00256181779404E-4	-4.07521769636353E-4	3.15681067941632E-4	6.38994140658471E-5	-7.4634263888273E-4	4.13577202902974E-4	-3.03902183242238E-4	-3.24375871595524E-4	5.33240220007847E-4	3.74910806261693E-4	1.35464091751944E-4	3.99012972981349E-4	4.9804232434932E-4	2.75178725067224E-5	5.26965417379621E-4	-4.6139763822781E-5	1.00473287033557E-4	-1.27485945798413E-4	8.2855988710005E-4	-6.63402997080222E-5	-3.98319166649604E-4	3.71051402819121E-4	2.00400205275864E-4	6.50440188261396E-4	3.7260077595619E-5	-1.37899127150219E-4	-2.76641143546912E-4	2.28671370509232E-4	2.78688103709289E-4	-5.06191504473047E-4	8.12986668137393E-4	1.78008325087036E-4	-5.9186988092807E-4	-4.09227994918404E-4	-2.96161245536311E-4	-5.42735205518643E-4	7.51498786654669E-4	2.53458988952064E-4	8.62624405340327E-5	1.54830470027417E-4	6.98545084856242E-4	1.99971361065167E-4	3.25121707762318E-4	0	0	0	0	0	0	0	0	0	0	1.67476057262498E-4	9.15281158037148E-9	4.73004228093084E-4	-6.99992783237519E-5	-3.44754295376384E-4	7.90518182652748E-4	0.0014669953062195	0.0011645658754623	5.01991579768892E-4	0.00149895942614546	0.00116717739380541	9.88344419112347E-4	9.17609014809238E-4	0.00129588589729006	0.00135523965834319	0.00137329222500064	9.05971674004415E-4	0.00153328935929031	0.0016556007273239	0.00234623768693211	0.00293665922065881	0.00210460852686336	0.00160830350515061	0.0014503708193084	0.00300896206693405	0.00193182978845049	0.00265699415369529	0.00160426355360953	0.00283061415367954	0.00263300921397519	0.00278706135245394	0.00355939378657455	0.00331098830285167	0.00240854511556397	0.00118358046816077	0.00245385364325262	0.00279335608387044	0.00229388742431584	0.00248747655380959	0.00359401816336164	0.00155884184667981	0.00355057650771309	0.00200238093544575	0.00233685467960273	0.00206472181656628	0.00235517727314608	0.00235188583577909	0.00378252128633974	0.00494815353436875	0.00347881656792481	0.00174393689164656	0.00268084410725041	0.00229603182050824	0.00324007461423977	0.00183398592913645	0.00351914152975034	0.0042705439457275	0.00194721979617856	0.00540119737336056	0.00173548382113474	0.00231626394336362	0.00324102115551667	0.0067343372594343	7.77086595076026E-5	6.68253329318597E-4	0.003662429013198	0.00373069657159804	0.00186376245329972	0.00563189753242491	-6.20396551958182E-4	0.00179425025850099	0.00587356586186292	0.00523188053199965	-0.011634350418933	0.0031198421052704	-2.47898222971312E-7	-0.00261927391599858	0.006756635496094	0.00201085684393042	0.00589375327455326	-0.017038012850024	-0.0128262705188765	-0.0580446289184992
813.01	-6.71287854692242E-4	-0.0022012249035357	0.00637332434606535	1.84484359866837E-4	0.00724194328078322	0.0104971084464264	1.49181624825969E-4	0.00774927303317065	0.005502911980804	0.00380735421685257	0.010489785840805	0.00219081199080154	0.00767931558807127	0.00375468941278858	0.00722886284020173	-9.38039325778921E-4	0.00593987379585633	0.0092742743035834	0.0031070293723958	0.00115373999459526	0.00668457281428743	0.00827200974427665	0.00875519348940322	0.00483674395494235	0.00474845846146828	0.00343612822944736	4.26086477019826E-4	0.00554309931158482	0.00729386375247482	9.33987208829374E-4	0.00273577510463109	0.0047318418038324	0.00440841114053925	0.00664204729996517	0.00109822006365248	0.00421555788857297	0.00298245074315173	0.00496951452989046	7.53670858392972E-4	0.00197845827839883	4.78544707103079E-7	0.00436966798728618	-0.00192615540971232	0.00286672985395206	0.005049007715729	0.0028080525771862	0.00407794537969021	0.00287557846308122	0.00505325896033451	0.00408111121897079	0.0029217769406696	0.00319863270612713	0.00392898757867612	0.00514308147602814	0.00250530482336585	0.00225787879099201	0.00380535312072651	0.00403359045525827	0.00343322267595694	0.00425592341805451	0.0044166117535995	0.00428779168882718	0.00227319512394481	8.71659893179747E-4	0.00214184445016762	0.0020511913926585	0.00274196314781603	0.00152700692886706	0.0011489963001793	0.0026466379866361	0.00235512483592655	0.0014131367026975	1.84766393564251E-4	0.00208360702867275	0.00297622344525376	0.0017868446613149	0.00264575983077976	0.00129569792616549	0.0031987573392445	0.00237535676625124	0.00165956345329848	8.13184403226924E-4	6.05762782363381E-4	0.00155102660684583	0.00147675522141202	4.92067752892054E-4	0.00209010566291091	7.02246395983571E-4	0.00192582742312582	0.00121082139850556	8.72563418796459E-4	0.00197803066657079	0.0015183306200855	0.00224534834849661	0.00200347427484599	0.0023018826703033	0.00117996932686114	7.2377497413433E-4	0.0010750758128894	0.00143722072676831	9.7620407879741E-4	9.1078071104051E-4	0.0019623217704615	0.00123342677028786	4.56318959390518E-4	8.88948725469133E-4	0.00101283750357991	7.04728756744803E-4	8.7075862335629E-4	4.26129333949893E-4	0.00116876548704591	0.00123010165349414	7.4708481611093E-4	0.00144008410718053	0.0010659096038218	7.38203722292255E-4	2.45632630419189E-4	2.2015398577722E-4	7.16834690885175E-4	0.00120855020008237	0.00109615241559211	3.71112086678805E-4	0.00114759310700412	8.08987496056702E-4	0.0017147485078674	0.00100158745700852	0.00154224587897047	0.00214590070446476	0.00139585110329623	3.45405425788091E-4	0.00196556330877915	0.00144633337271257	0.0017993376259425	0.00109955473005801	0.00177738446975058	2.09449657367695E-4	0.00106475311488186	5.70608434301951E-4	0.00135689937370966	0.00154632431636151	9.52863338518705E-4	9.77722483672666E-4	0	0	0	0	0	0	0	0	0	0	0.00143718879337988	0.00183992499221021	0.00331010421734351	0.00120604780759533	0.00175139499585787	8.50146614460395E-4	5.19530984875903E-4	0.00177829010288971	0.00254880022156647	0.00150606716625762	0.00193365964009365	0.00166450873272158	0.00152529626824119	0.00142986335713733	0.00237945515166037	0.00218123905079229	0.00234529859166057	0.00261293520455833	0.00252069456317622	0.00339551361433969	0.00324724741445289	0.00318863324744066	0.00395729704883981	0.00247604580068194	0.00268703893474626	0.00339606794061739	0.0026048564776348	0.00371119616573235	0.00260689669311667	0.00362356177857102	0.00371842594756877	0.00434603302509873	0.00370478217736292	0.00423278896378902	0.00466363373011147	0.00320987061193713	0.00474641596271731	0.00326358839879824	0.00464609630415078	0.00376022862623763	0.00453729457418236	0.00467743413673378	0.00495896969686579	0.00481866434068759	0.0040338006104328	0.00589989534558796	0.00289370323067513	0.00380494616223454	0.00424623270035647	0.00391403204679442	0.00596425807031957	0.00507292571621111	0.00490793572076003	0.00532951689604731	0.00556763223076335	0.00497046086327139	0.00453913447022743	0.00508171905830818	0.00503928534046952	0.00789163607940722	0.00392086095126032	0.00572331694559472	0.010878000002589	0.0093072020914437	0.00804534896949293	0.00866560652002797	0.00813113727629667	0.0058357524133588	0.01044938483067	0.00912404443501588	0.00720099473374087	0.0106284833158374	0.00324916799184913	0.00889312178959278	0.00631137825167332	0.011384451278898	0.0122295782913852	0.0229720009670586	0.0219615754258542	0.0148435916640618	0.0274960344730459	0.0448047565751682	0.0717960586101817	0.0370256348387412
817.78	0.00269453523897299	0.00439873701522543	-6.19666274251462E-4	0.00520355627274221	0.00151675790079671	0.00752018507361177	0.00509887310075	0.0071650208621547	0.00289641831449611	0.00278265089387315	-7.38114067996105E-4	0.00730112639723822	0.00455029297522271	5.56145735059874E-4	0.00177354585110836	0.00388681773953433	0.00382755395305015	0.00195933189499252	0.00259046490567468	0.00474193478400879	0.00378361548476438	1.23396396458706E-4	0.00191851750622997	0.00161115839476012	0.00706821521328065	0.00397328199184711	8.52559936817426E-4	0.00373102344553664	0.00929985544344856	3.1103433821462E-4	-4.05873573351494E-4	-7.89403916207314E-4	5.7488245125823E-4	0.00364864400243799	0.00219709443808848	0.00287067860402829	0.00403505984515487	0.00248513424195706	0.0034344582629643	0.00535894893545227	5.70935660742901E-4	0.00169995108084102	0.00329320454662363	0.00103569813544618	0.00291916950051115	0.0032762468366628	5.38626805070467E-4	0.00280008700067472	0.00148627323874977	-0.00189514998206054	4.98557516376369E-4	6.95371339684701E-4	8.80470438237896E-4	7.25169943856704E-4	0.0017986299101473	4.40018824318528E-4	0.00141140596701399	0.00168574370788775	0.00112474867512571	0.00396460763529189	6.88418020213458E-4	0.00231310750564523	8.87147486293755E-4	0.00228867343755899	0.00198130737458774	8.40620963436783E-4	0.00284557544038422	-3.05331801401376E-4	0.00244798589640664	0.00323540765493912	3.84523909476332E-4	0.00296784575271443	6.93082014187373E-4	6.34323486853399E-4	-5.77314989906452E-4	8.71746913847808E-4	0.00106671659141041	0.00200640153896243	0.00139464364990052	-0.00120765599372679	0.00102737704612991	0.00131533157604233	0.00109720145121794	0.00184685244717229	0.00190933647322864	0.00119480670221242	0.001610601900939	0.00130428959490596	0.00127306071512233	0.00251738911805809	0.0011527507013994	0.00112599638892538	-3.87282085991162E-4	-1.75047525646009E-4	8.8734568117282E-4	4.20789213341038E-4	0.00118021694144598	0.00174229523775236	5.76927221568273E-4	0.00143707066852688	0.0010765046880254	5.75338314562471E-4	-4.96318985828137E-4	7.01806698510662E-4	7.46594776669281E-4	-3.51241836310565E-4	-3.24244944632444E-4	4.7615641914211E-4	8.70371178590471E-4	3.23723636171689E-4	1.86415326612437E-4	6.15029043125894E-4	4.35648815094298E-4	2.0921201897423E-4	3.25582488970559E-4	3.34515285509465E-4	1.45181573676814E-4	3.82291350370701E-4	4.46134855028771E-4	1.46228129313254E-4	5.4052588108674E-4	6.18349635061462E-4	-1.16349813847019E-4	8.08987767190823E-4	3.88023830185019E-4	4.72206424119317E-4	8.57606487075201E-4	6.93741811502808E-5	6.51852598281246E-4	8.51599405689568E-4	2.93817768193826E-4	-4.22669235311887E-4	7.67958206625301E-4	0.00140170421734648	1.69457098869496E-4	7.52287913131245E-4	2.92039760389043E-4	5.28270097717739E-4	0.00103497888810989	0.00150232225066003	9.74327540498484E-4	0	0	0	0	0	0	0	0	0	0	6.77503046229992E-4	1.67972227490089E-4	5.26035809710409E-4	9.04888539082974E-4	0.00127706351465664	5.60494047787358E-4	0.00126392622295591	0.00135534952454472	0.00186733105084968	0.00175792140056359	0.00139701559251169	0.00173826001670166	0.00114562822162945	0.00191202508390776	0.00170740771065223	0.00280457024610596	0.00103775348099766	0.00219752838651626	0.0018963265842223	0.00157524078691991	0.00203284696669094	0.00251416459116887	0.00243361977636704	7.99709983892792E-4	0.00220100986865268	0.00140792487041109	0.00333179197556934	0.00243132489674726	0.00353580312915576	0.00296335727808032	0.00432615071968336	0.003533974824419	0.00307093259336538	0.00496445104166588	0.00256413955077226	0.00271622283989702	0.00242068828424424	0.00312811062790206	0.00370642694397879	0.0031726590259877	0.00381813515840738	0.00441919263137538	0.00395783329270482	0.00287752971766997	0.00494392225540099	0.00493053249411784	0.00478555938454907	0.00262460722361729	0.00283659072056924	0.00492505222702781	0.00402485023403317	0.00359401218864808	0.00257650965695728	0.0032175508637822	0.00554659761716048	0.00273850484396547	0.00183471953925898	0.0038772489824164	0.0040012925789057	0.00257722364154556	0.00461453746115403	0.0040498160017845	0.00504223071686071	0.00525808723750054	0.00862647900779586	0.0053372893184468	0.00235198424124776	0.0061645130508112	0.00688867859756902	0.00858662308569871	0.00653372242706884	0.00533924714423378	0.00745461140882957	0.00819536910259847	0.0127305048780184	0.00335309521891042	0.0124965425161675	0.0106971310718246	0.0200622440121868	0.0128374297707017	0.00158843045253034	0.02013546715718	0.0429142232282036	0.0341877644816889	-0.0136391020832417
822.552	-0.00291708903787547	4.38750657769248E-4	-0.00102688265583993	-0.00390798659039336	-0.00235982205776292	0.00187986052589302	-0.0063018080657807	0.00453134533785391	0.00405513242954647	0.00219793478887333	-7.38332771804077E-4	0.0026288441943568	-2.84405655601751E-4	0.00653588491889521	-0.00231802679809278	-5.33375891059298E-4	-2.63636805907749E-4	-0.00365806410262899	7.77349177128497E-4	-1.28490485090609E-4	6.3075004136663E-4	1.234970301152E-4	-2.41757854048063E-4	0.00299404251043121	7.74153862767092E-4	9.66393413543794E-4	0.00330488469875639	0.00138653113553419	-7.42135221999973E-4	-8.30394179664754E-4	-0.00334457879516092	-1.97043304171536E-4	8.62483641565384E-4	9.29887018195997E-5	0.00375384467821112	0.00206289950832333	7.89620633536853E-4	0.00368421092818675	0.00226207187407482	0.00140164289075888	1.19651425822257E-7	1.62233953782999E-4	0.0027312836249025	7.96827686978769E-4	0.00110647976359929	0.00249641782345804	0.00284753360471412	8.32821186077603E-4	2.97287591856492E-4	0.00145747297840011	-0.0012828602027155	-0.00125181237275161	-8.80725842022377E-4	-0.00145068549839712	0.00128479199235685	-8.77707822465348E-4	-5.52385734295762E-4	3.00899190691475E-4	0.0026047636306521	0.00104968042975681	0.00114647183536828	0.0010158133509011	-2.77253339746839E-4	1.63607224996037E-4	0.00155296121530498	-1.57789945976047E-4	0.0013452830194161	5.09101750332504E-4	-0.0010993497942464	0.00230418689257728	4.80746290193365E-4	-2.35488003848601E-4	5.54409808764989E-4	4.9848256187866E-4	-1.77550135176696E-4	0.00204851130864987	-4.29677096355729E-5	9.61433301091789E-4	-1.2294423307712E-4	6.44191135696472E-4	7.9011977704168E-5	8.12702619069058E-4	-3.7848395546917E-4	-5.16933350400252E-4	8.64820796039414E-4	5.27168558356474E-4	7.53866574872659E-4	1.00314714071334E-4	8.81418573438391E-4	-3.18677143015398E-4	-1.55434570186045E-4	-3.95577378430637E-4	4.76514612312727E-4	4.9579210770175E-4	-3.43432736040603E-4	9.82722148955949E-4	3.01734326635797E-4	3.21737707416721E-4	7.34304882013682E-4	-2.59500283043679E-5	-1.50174059338882E-4	1.43906145175779E-4	6.99320671349475E-4	8.72090366089987E-4	5.80635178997883E-4	5.79073040386643E-4	1.61918318316417E-4	-0.00101106075858204	-3.73293112769483E-4	-3.06895795045618E-4	4.40522781019524E-4	-4.98935252173681E-4	9.18497746375778E-4	6.85347843676511E-4	1.00433309014067E-4	1.96113799033395E-4	3.90788535889508E-4	5.81440374488367E-5	9.94791233373787E-5	-1.05612661849571E-4	5.70967351445994E-5	3.25218289493914E-4	7.65925202422942E-4	4.75244902510751E-4	1.2949623513752E-4	-2.1509031371295E-4	7.06940585852802E-4	5.48079368316662E-4	0.00141904713491	3.68061435474876E-4	3.39098818656126E-4	0.00124598453956516	8.55808451461843E-4	9.91985494903431E-4	3.38590080565275E-4	3.97462742152955E-4	8.76501806723489E-4	0.00122520436353978	0.00105585189212616	8.83844101573355E-4	0	0	0	0	0	0	0	0	0	0	1.72994223932822E-4	0.00195954255174933	4.55250433547463E-4	0.0010991913372305	0.00126234893774544	1.65812085475011E-4	9.57579567955917E-4	0.00137896367631426	0.00121989097803965	-2.00069628397929E-4	0.00164816272563462	0.00113513015936489	7.82147432000003E-4	0.00136213287773858	0.00174023759103433	0.00153676753805305	0.00189109841621806	0.00177908455947112	0.00194410681364549	0.00164363919347972	0.00151222627693677	0.00197018996818974	0.00205332356791756	0.00237078532020742	0.00202086287634189	0.00239203612554034	0.002324950019535	0.00268706115634154	0.00147626257934938	0.00245982748773486	0.0019165187343587	0.00244613525274938	0.00293355725320384	0.00207894789548109	0.00276052262486257	0.00313714139951543	0.00269064492091606	0.00326313490721011	0.00237334832111882	0.00348553260743065	0.00322991997462236	0.00361645194789565	0.00338841636895531	6.89048461156353E-4	0.00266337081778933	0.00328594378012183	0.00419454757234233	0.00327809463753888	0.00474504724911909	0.00373648184299896	0.00185543074805083	0.00251107313200789	0.00328835606329082	0.00305233732860625	0.00243379560837698	0.00164607161284847	0.00219084509186717	0.00284776601656696	0.00454011902386085	0.00481222139020041	0.00263489727047389	0.0030363405256534	0.00302169213088072	0.00367965144632831	0.0054743319687608	0.00287513187420601	0.00414338128880025	0.00462689228425554	0.00536165145373313	0.00153071945106643	0.0012431656598031	0.00360514525173821	0.00596022886640195	0.00248647707958875	0.00463905155206094	0.0083713196415731	0.00848139412879277	0.00581032876362406	0.00407696305008135	0.00378023676062453	0.0192634379368317	0.00479685547293241	-0.00245727624633317	0.0183027912065534	0.00594310650532697	-0.00119726985029892
